// /qt/qml/liphis/src/qml/FileView.qml
#include <QtQml/qqmlprivate.h>
#include <QtCore/qdatetime.h>
#include <QtCore/qobject.h>
#include <QtCore/qstring.h>
#include <QtCore/qstringlist.h>
#include <QtCore/qtimezone.h>
#include <QtCore/qurl.h>
#include <QtCore/qvariant.h>
#include <QtQml/qjsengine.h>
#include <QtQml/qjsprimitivevalue.h>
#include <QtQml/qjsvalue.h>
#include <QtQml/qqmlcomponent.h>
#include <QtQml/qqmlcontext.h>
#include <QtQml/qqmlengine.h>
#include <QtQml/qqmllist.h>
#include <type_traits>
namespace QmlCacheGeneratedCode {
namespace _qt_qml_liphis_src_qml_FileView_qml {
extern const unsigned char qmlData alignas(16) [];
extern const unsigned char qmlData alignas(16) [] = {

0x71,0x76,0x34,0x63,0x64,0x61,0x74,0x61,
0x49,0x0,0x0,0x0,0x0,0x0,0x0,0x0,
0x0,0x0,0x0,0x0,0x0,0x0,0x0,0x0,
0x58,0xf3,0x1,0x0,0xcc,0xf2,0x55,0x7d,
0xe1,0x4c,0x92,0x7d,0xd1,0xdd,0xea,0x53,
0x6c,0xe0,0x30,0x6e,0x0,0x0,0x0,0x0,
0x0,0x0,0x0,0x0,0x0,0x0,0x0,0x0,
0x0,0x0,0x0,0x0,0x23,0x0,0x0,0x0,
0x50,0x2,0x0,0x0,0xa0,0x2,0x1,0x0,
0xbd,0x1,0x0,0x0,0xc8,0x0,0x0,0x0,
0x0,0x0,0x0,0x0,0xbc,0x7,0x0,0x0,
0x0,0x0,0x0,0x0,0xbc,0x7,0x0,0x0,
0x41,0x0,0x0,0x0,0xbc,0x7,0x0,0x0,
0xc3,0x6,0x0,0x0,0xc0,0x8,0x0,0x0,
0x1,0x0,0x0,0x0,0xcc,0x23,0x0,0x0,
0x3f,0x0,0x0,0x0,0xd0,0x23,0x0,0x0,
0x2,0x0,0x0,0x0,0xc8,0x25,0x0,0x0,
0x0,0x0,0x0,0x0,0xe0,0x25,0x0,0x0,
0x0,0x0,0x0,0x0,0xe0,0x25,0x0,0x0,
0x0,0x0,0x0,0x0,0xe0,0x25,0x0,0x0,
0x0,0x0,0x0,0x0,0xe0,0x25,0x0,0x0,
0x0,0x0,0x0,0x0,0xe0,0x25,0x0,0x0,
0x0,0x0,0x0,0x0,0xe0,0x25,0x0,0x0,
0xff,0xff,0xff,0xff,0x0,0x0,0x0,0x0,
0x0,0x0,0x0,0x0,0xd8,0x59,0x1,0x0,
0xe0,0x25,0x0,0x0,0x38,0x26,0x0,0x0,
0x88,0x26,0x0,0x0,0xe0,0x26,0x0,0x0,
0xc0,0x27,0x0,0x0,0x18,0x28,0x0,0x0,
0x70,0x28,0x0,0x0,0xd0,0x28,0x0,0x0,
0x30,0x29,0x0,0x0,0x90,0x29,0x0,0x0,
0xf8,0x29,0x0,0x0,0x0,0x2b,0x0,0x0,
0xc8,0x2b,0x0,0x0,0x68,0x2c,0x0,0x0,
0x38,0x2e,0x0,0x0,0x48,0x2f,0x0,0x0,
0x38,0x30,0x0,0x0,0xb8,0x30,0x0,0x0,
0x38,0x32,0x0,0x0,0x40,0x33,0x0,0x0,
0xc8,0x36,0x0,0x0,0x30,0x37,0x0,0x0,
0xe8,0x3a,0x0,0x0,0x48,0x3c,0x0,0x0,
0xa0,0x3c,0x0,0x0,0xf8,0x3c,0x0,0x0,
0x58,0x3d,0x0,0x0,0xb0,0x3d,0x0,0x0,
0x8,0x3e,0x0,0x0,0x60,0x3e,0x0,0x0,
0xd0,0x3e,0x0,0x0,0xf8,0x45,0x0,0x0,
0x68,0x46,0x0,0x0,0x70,0x47,0x0,0x0,
0xc0,0x47,0x0,0x0,0x58,0x48,0x0,0x0,
0xf8,0x48,0x0,0x0,0x68,0x49,0x0,0x0,
0xc8,0x49,0x0,0x0,0x38,0x4a,0x0,0x0,
0x90,0x4a,0x0,0x0,0xe0,0x4a,0x0,0x0,
0x40,0x4b,0x0,0x0,0x90,0x4b,0x0,0x0,
0xf0,0x4b,0x0,0x0,0x58,0x4c,0x0,0x0,
0xc0,0x4c,0x0,0x0,0x20,0x4d,0x0,0x0,
0xe0,0x4d,0x0,0x0,0x50,0x4e,0x0,0x0,
0xa8,0x4f,0x0,0x0,0x18,0x50,0x0,0x0,
0xb8,0x50,0x0,0x0,0x98,0x52,0x0,0x0,
0x30,0x53,0x0,0x0,0x98,0x53,0x0,0x0,
0x40,0x54,0x0,0x0,0x18,0x55,0x0,0x0,
0x68,0x55,0x0,0x0,0xc0,0x55,0x0,0x0,
0x38,0x56,0x0,0x0,0x90,0x56,0x0,0x0,
0x0,0x57,0x0,0x0,0x58,0x57,0x0,0x0,
0xc8,0x57,0x0,0x0,0x20,0x58,0x0,0x0,
0x90,0x58,0x0,0x0,0x0,0x59,0x0,0x0,
0x70,0x59,0x0,0x0,0xe0,0x59,0x0,0x0,
0x38,0x5a,0x0,0x0,0x98,0x5a,0x0,0x0,
0x20,0x5b,0x0,0x0,0xb0,0x5b,0x0,0x0,
0x10,0x5c,0x0,0x0,0x90,0x5c,0x0,0x0,
0xe8,0x5c,0x0,0x0,0x48,0x5d,0x0,0x0,
0xc8,0x5d,0x0,0x0,0x30,0x5e,0x0,0x0,
0x80,0x5e,0x0,0x0,0xe0,0x5e,0x0,0x0,
0x38,0x5f,0x0,0x0,0xe0,0x5f,0x0,0x0,
0x30,0x60,0x0,0x0,0xd8,0x60,0x0,0x0,
0x28,0x61,0x0,0x0,0xa0,0x61,0x0,0x0,
0xf0,0x61,0x0,0x0,0x60,0x62,0x0,0x0,
0xd0,0x62,0x0,0x0,0x28,0x63,0x0,0x0,
0xa8,0x63,0x0,0x0,0x8,0x64,0x0,0x0,
0x68,0x64,0x0,0x0,0xf0,0x64,0x0,0x0,
0x48,0x65,0x0,0x0,0xa0,0x65,0x0,0x0,
0xf8,0x65,0x0,0x0,0x78,0x66,0x0,0x0,
0xe8,0x66,0x0,0x0,0x40,0x67,0x0,0x0,
0xc0,0x67,0x0,0x0,0x20,0x68,0x0,0x0,
0x98,0x68,0x0,0x0,0xf0,0x68,0x0,0x0,
0x48,0x69,0x0,0x0,0xb8,0x69,0x0,0x0,
0x10,0x6a,0x0,0x0,0x60,0x6a,0x0,0x0,
0xe0,0x6a,0x0,0x0,0x40,0x6b,0x0,0x0,
0xb8,0x6b,0x0,0x0,0x10,0x6c,0x0,0x0,
0x80,0x6c,0x0,0x0,0xd8,0x6c,0x0,0x0,
0x30,0x6d,0x0,0x0,0x80,0x6d,0x0,0x0,
0x0,0x6e,0x0,0x0,0x60,0x6e,0x0,0x0,
0xd8,0x6e,0x0,0x0,0x30,0x6f,0x0,0x0,
0x88,0x6f,0x0,0x0,0xf8,0x6f,0x0,0x0,
0x50,0x70,0x0,0x0,0xa0,0x70,0x0,0x0,
0x20,0x71,0x0,0x0,0x80,0x71,0x0,0x0,
0xf8,0x71,0x0,0x0,0x50,0x72,0x0,0x0,
0xa8,0x72,0x0,0x0,0x18,0x73,0x0,0x0,
0x70,0x73,0x0,0x0,0xc0,0x73,0x0,0x0,
0x40,0x74,0x0,0x0,0xa0,0x74,0x0,0x0,
0x18,0x75,0x0,0x0,0x70,0x75,0x0,0x0,
0xc8,0x75,0x0,0x0,0x38,0x76,0x0,0x0,
0x90,0x76,0x0,0x0,0xe0,0x76,0x0,0x0,
0x60,0x77,0x0,0x0,0xc0,0x77,0x0,0x0,
0x38,0x78,0x0,0x0,0x90,0x78,0x0,0x0,
0x0,0x79,0x0,0x0,0x58,0x79,0x0,0x0,
0xa8,0x79,0x0,0x0,0x28,0x7a,0x0,0x0,
0x88,0x7a,0x0,0x0,0x0,0x7b,0x0,0x0,
0x58,0x7b,0x0,0x0,0xc8,0x7b,0x0,0x0,
0x20,0x7c,0x0,0x0,0x78,0x7c,0x0,0x0,
0xc8,0x7c,0x0,0x0,0x48,0x7d,0x0,0x0,
0xa8,0x7d,0x0,0x0,0x20,0x7e,0x0,0x0,
0x78,0x7e,0x0,0x0,0xe8,0x7e,0x0,0x0,
0x40,0x7f,0x0,0x0,0x98,0x7f,0x0,0x0,
0xe8,0x7f,0x0,0x0,0x68,0x80,0x0,0x0,
0xc8,0x80,0x0,0x0,0x40,0x81,0x0,0x0,
0x98,0x81,0x0,0x0,0x8,0x82,0x0,0x0,
0x60,0x82,0x0,0x0,0xb8,0x82,0x0,0x0,
0x8,0x83,0x0,0x0,0x88,0x83,0x0,0x0,
0xf0,0x83,0x0,0x0,0x60,0x84,0x0,0x0,
0xa8,0x86,0x0,0x0,0x18,0x87,0x0,0x0,
0xb0,0x88,0x0,0x0,0x48,0x89,0x0,0x0,
0x98,0x89,0x0,0x0,0xe8,0x89,0x0,0x0,
0x48,0x8a,0x0,0x0,0x98,0x8a,0x0,0x0,
0x0,0x8b,0x0,0x0,0x58,0x8b,0x0,0x0,
0xd0,0x8b,0x0,0x0,0x28,0x8c,0x0,0x0,
0x98,0x8c,0x0,0x0,0xa0,0x8d,0x0,0x0,
0xf0,0x8d,0x0,0x0,0xb8,0x8e,0x0,0x0,
0x10,0x8f,0x0,0x0,0x68,0x8f,0x0,0x0,
0xf0,0x8f,0x0,0x0,0x80,0x90,0x0,0x0,
0xe0,0x90,0x0,0x0,0x60,0x91,0x0,0x0,
0xb8,0x91,0x0,0x0,0x18,0x92,0x0,0x0,
0x98,0x92,0x0,0x0,0x0,0x93,0x0,0x0,
0x50,0x93,0x0,0x0,0xb0,0x93,0x0,0x0,
0x8,0x94,0x0,0x0,0xb0,0x94,0x0,0x0,
0x0,0x95,0x0,0x0,0xa8,0x95,0x0,0x0,
0xf8,0x95,0x0,0x0,0x70,0x96,0x0,0x0,
0xf8,0x96,0x0,0x0,0x80,0x97,0x0,0x0,
0xf0,0x97,0x0,0x0,0x60,0x98,0x0,0x0,
0xb8,0x98,0x0,0x0,0x10,0x99,0x0,0x0,
0x90,0x99,0x0,0x0,0xe8,0x99,0x0,0x0,
0x40,0x9a,0x0,0x0,0x98,0x9a,0x0,0x0,
0x8,0x9b,0x0,0x0,0x68,0x9b,0x0,0x0,
0xb8,0x9b,0x0,0x0,0x40,0x9c,0x0,0x0,
0x98,0x9c,0x0,0x0,0xf0,0x9c,0x0,0x0,
0x48,0x9d,0x0,0x0,0xa0,0x9d,0x0,0x0,
0x10,0x9e,0x0,0x0,0x70,0x9e,0x0,0x0,
0xc8,0x9e,0x0,0x0,0x28,0x9f,0x0,0x0,
0x88,0x9f,0x0,0x0,0xf8,0x9f,0x0,0x0,
0x50,0xa0,0x0,0x0,0xd0,0xa0,0x0,0x0,
0x38,0xa1,0x0,0x0,0xa8,0xa1,0x0,0x0,
0xf0,0xa3,0x0,0x0,0x60,0xa4,0x0,0x0,
0xf8,0xa5,0x0,0x0,0x90,0xa6,0x0,0x0,
0xe0,0xa6,0x0,0x0,0x30,0xa7,0x0,0x0,
0x90,0xa7,0x0,0x0,0xe0,0xa7,0x0,0x0,
0x48,0xa8,0x0,0x0,0xa0,0xa8,0x0,0x0,
0x18,0xa9,0x0,0x0,0x70,0xa9,0x0,0x0,
0xe0,0xa9,0x0,0x0,0xe8,0xaa,0x0,0x0,
0x38,0xab,0x0,0x0,0x0,0xac,0x0,0x0,
0x80,0xac,0x0,0x0,0xd0,0xac,0x0,0x0,
0x28,0xad,0x0,0x0,0x78,0xad,0x0,0x0,
0xd0,0xad,0x0,0x0,0x28,0xae,0x0,0x0,
0x98,0xae,0x0,0x0,0x8,0xaf,0x0,0x0,
0x78,0xaf,0x0,0x0,0xd0,0xaf,0x0,0x0,
0x40,0xb0,0x0,0x0,0xe8,0xb0,0x0,0x0,
0x40,0xb1,0x0,0x0,0x98,0xb1,0x0,0x0,
0xf0,0xb1,0x0,0x0,0x48,0xb2,0x0,0x0,
0x98,0xb2,0x0,0x0,0xf0,0xb2,0x0,0x0,
0x58,0xb3,0x0,0x0,0xb8,0xb3,0x0,0x0,
0x18,0xb4,0x0,0x0,0x70,0xb4,0x0,0x0,
0xd8,0xb4,0x0,0x0,0x40,0xb5,0x0,0x0,
0xb8,0xb5,0x0,0x0,0x10,0xb6,0x0,0x0,
0x68,0xb6,0x0,0x0,0xd0,0xb6,0x0,0x0,
0x28,0xb7,0x0,0x0,0x88,0xb7,0x0,0x0,
0xe0,0xb7,0x0,0x0,0x50,0xb8,0x0,0x0,
0xb8,0xb8,0x0,0x0,0x30,0xb9,0x0,0x0,
0x88,0xb9,0x0,0x0,0xe0,0xb9,0x0,0x0,
0x48,0xba,0x0,0x0,0xa8,0xba,0x0,0x0,
0x0,0xbb,0x0,0x0,0x70,0xbb,0x0,0x0,
0xd8,0xbb,0x0,0x0,0x50,0xbc,0x0,0x0,
0xa8,0xbc,0x0,0x0,0x0,0xbd,0x0,0x0,
0x68,0xbd,0x0,0x0,0xc0,0xbd,0x0,0x0,
0x20,0xbe,0x0,0x0,0x78,0xbe,0x0,0x0,
0xe8,0xbe,0x0,0x0,0x50,0xbf,0x0,0x0,
0xc8,0xbf,0x0,0x0,0x20,0xc0,0x0,0x0,
0x78,0xc0,0x0,0x0,0xe0,0xc0,0x0,0x0,
0x38,0xc1,0x0,0x0,0x98,0xc1,0x0,0x0,
0xf0,0xc1,0x0,0x0,0x60,0xc2,0x0,0x0,
0xc8,0xc2,0x0,0x0,0x40,0xc3,0x0,0x0,
0x98,0xc3,0x0,0x0,0xf0,0xc3,0x0,0x0,
0x58,0xc4,0x0,0x0,0xb0,0xc4,0x0,0x0,
0x10,0xc5,0x0,0x0,0x68,0xc5,0x0,0x0,
0xd8,0xc5,0x0,0x0,0x40,0xc6,0x0,0x0,
0xb8,0xc6,0x0,0x0,0x10,0xc7,0x0,0x0,
0x68,0xc7,0x0,0x0,0xd0,0xc7,0x0,0x0,
0x30,0xc8,0x0,0x0,0x88,0xc8,0x0,0x0,
0xf8,0xc8,0x0,0x0,0x60,0xc9,0x0,0x0,
0xd8,0xc9,0x0,0x0,0x30,0xca,0x0,0x0,
0x88,0xca,0x0,0x0,0xf0,0xca,0x0,0x0,
0x50,0xcb,0x0,0x0,0xa8,0xcb,0x0,0x0,
0x18,0xcc,0x0,0x0,0x80,0xcc,0x0,0x0,
0xf8,0xcc,0x0,0x0,0x50,0xcd,0x0,0x0,
0xa8,0xcd,0x0,0x0,0x10,0xce,0x0,0x0,
0x70,0xce,0x0,0x0,0xc8,0xce,0x0,0x0,
0x38,0xcf,0x0,0x0,0xa0,0xcf,0x0,0x0,
0x18,0xd0,0x0,0x0,0x70,0xd0,0x0,0x0,
0xc8,0xd0,0x0,0x0,0x30,0xd1,0x0,0x0,
0x90,0xd1,0x0,0x0,0xe8,0xd1,0x0,0x0,
0x58,0xd2,0x0,0x0,0xc0,0xd2,0x0,0x0,
0x38,0xd3,0x0,0x0,0x90,0xd3,0x0,0x0,
0xe8,0xd3,0x0,0x0,0x40,0xd4,0x0,0x0,
0x98,0xd4,0x0,0x0,0xe8,0xd4,0x0,0x0,
0x40,0xd5,0x0,0x0,0x98,0xd5,0x0,0x0,
0x18,0xd6,0x0,0x0,0x98,0xd6,0x0,0x0,
0x8,0xd7,0x0,0x0,0x78,0xd7,0x0,0x0,
0xe8,0xd7,0x0,0x0,0x58,0xd8,0x0,0x0,
0x0,0xd9,0x0,0x0,0x58,0xd9,0x0,0x0,
0xb0,0xd9,0x0,0x0,0x8,0xda,0x0,0x0,
0x60,0xda,0x0,0x0,0xb8,0xda,0x0,0x0,
0x18,0xdb,0x0,0x0,0x90,0xdb,0x0,0x0,
0x20,0xdc,0x0,0x0,0x80,0xdc,0x0,0x0,
0xf8,0xdc,0x0,0x0,0x58,0xdd,0x0,0x0,
0xa8,0xdd,0x0,0x0,0xf8,0xdd,0x0,0x0,
0x98,0xde,0x0,0x0,0xe8,0xde,0x0,0x0,
0x88,0xdf,0x0,0x0,0xe8,0xdf,0x0,0x0,
0x38,0xe0,0x0,0x0,0xb8,0xe0,0x0,0x0,
0x20,0xe1,0x0,0x0,0x80,0xe1,0x0,0x0,
0xd8,0xe1,0x0,0x0,0x30,0xe2,0x0,0x0,
0x8,0xe3,0x0,0x0,0x58,0xe3,0x0,0x0,
0xb0,0xe3,0x0,0x0,0x8,0xe4,0x0,0x0,
0x60,0xe4,0x0,0x0,0xe0,0xe4,0x0,0x0,
0x40,0xe5,0x0,0x0,0xa0,0xe5,0x0,0x0,
0xf8,0xe5,0x0,0x0,0x50,0xe6,0x0,0x0,
0xc0,0xe6,0x0,0x0,0x20,0xe7,0x0,0x0,
0x78,0xe7,0x0,0x0,0xd0,0xe7,0x0,0x0,
0xb0,0xe8,0x0,0x0,0x58,0xe9,0x0,0x0,
0xa8,0xe9,0x0,0x0,0x0,0xea,0x0,0x0,
0x58,0xea,0x0,0x0,0xc0,0xea,0x0,0x0,
0x10,0xeb,0x0,0x0,0x60,0xeb,0x0,0x0,
0xc0,0xeb,0x0,0x0,0x18,0xec,0x0,0x0,
0x80,0xec,0x0,0x0,0xd8,0xec,0x0,0x0,
0x58,0xed,0x0,0x0,0xa8,0xed,0x0,0x0,
0xf8,0xed,0x0,0x0,0x50,0xee,0x0,0x0,
0xa8,0xee,0x0,0x0,0x0,0xef,0x0,0x0,
0x68,0xef,0x0,0x0,0xc0,0xef,0x0,0x0,
0x18,0xf0,0x0,0x0,0x70,0xf0,0x0,0x0,
0xe0,0xf0,0x0,0x0,0x38,0xf1,0x0,0x0,
0x90,0xf1,0x0,0x0,0xe0,0xf1,0x0,0x0,
0x48,0xf2,0x0,0x0,0xe8,0xf2,0x0,0x0,
0x88,0xf3,0x0,0x0,0xe8,0xf3,0x0,0x0,
0x50,0xf4,0x0,0x0,0xd0,0xf4,0x0,0x0,
0x40,0xf5,0x0,0x0,0xe0,0xf6,0x0,0x0,
0x30,0xf7,0x0,0x0,0x80,0xf7,0x0,0x0,
0xf0,0xf7,0x0,0x0,0x30,0xfd,0x0,0x0,
0xb0,0xfd,0x0,0x0,0x90,0xfe,0x0,0x0,
0xa0,0xfe,0x0,0x0,0xb0,0xfe,0x0,0x0,
0xc0,0xfe,0x0,0x0,0xd0,0xfe,0x0,0x0,
0xe0,0xfe,0x0,0x0,0xf0,0xfe,0x0,0x0,
0x0,0xff,0x0,0x0,0x10,0xff,0x0,0x0,
0x20,0xff,0x0,0x0,0x30,0xff,0x0,0x0,
0x40,0xff,0x0,0x0,0x50,0xff,0x0,0x0,
0x60,0xff,0x0,0x0,0x70,0xff,0x0,0x0,
0x80,0xff,0x0,0x0,0x90,0xff,0x0,0x0,
0xa0,0xff,0x0,0x0,0xb0,0xff,0x0,0x0,
0xc0,0xff,0x0,0x0,0xd0,0xff,0x0,0x0,
0xe0,0xff,0x0,0x0,0xf0,0xff,0x0,0x0,
0x0,0x0,0x1,0x0,0x10,0x0,0x1,0x0,
0x20,0x0,0x1,0x0,0x30,0x0,0x1,0x0,
0x40,0x0,0x1,0x0,0x50,0x0,0x1,0x0,
0x60,0x0,0x1,0x0,0x70,0x0,0x1,0x0,
0x80,0x0,0x1,0x0,0x90,0x0,0x1,0x0,
0xa0,0x0,0x1,0x0,0xb0,0x0,0x1,0x0,
0xc0,0x0,0x1,0x0,0xd0,0x0,0x1,0x0,
0xe0,0x0,0x1,0x0,0xf0,0x0,0x1,0x0,
0x0,0x1,0x1,0x0,0x10,0x1,0x1,0x0,
0x20,0x1,0x1,0x0,0x30,0x1,0x1,0x0,
0x40,0x1,0x1,0x0,0x50,0x1,0x1,0x0,
0x60,0x1,0x1,0x0,0x70,0x1,0x1,0x0,
0x80,0x1,0x1,0x0,0x90,0x1,0x1,0x0,
0xa0,0x1,0x1,0x0,0xb0,0x1,0x1,0x0,
0xc0,0x1,0x1,0x0,0xd0,0x1,0x1,0x0,
0xe0,0x1,0x1,0x0,0xf0,0x1,0x1,0x0,
0x0,0x2,0x1,0x0,0x10,0x2,0x1,0x0,
0x20,0x2,0x1,0x0,0x30,0x2,0x1,0x0,
0x40,0x2,0x1,0x0,0x50,0x2,0x1,0x0,
0x60,0x2,0x1,0x0,0x70,0x2,0x1,0x0,
0x80,0x2,0x1,0x0,0x90,0x2,0x1,0x0,
0xb3,0x6,0x0,0x0,0xb3,0x6,0x0,0x0,
0x0,0x17,0x0,0x0,0x13,0x2,0x0,0x0,
0x13,0x2,0x0,0x0,0x13,0x17,0x0,0x0,
0x13,0x17,0x0,0x0,0x13,0x17,0x0,0x0,
0x44,0x17,0x0,0x0,0x34,0x17,0x0,0x0,
0x24,0x17,0x0,0x0,0x33,0x2,0x0,0x0,
0x3,0x3,0x0,0x0,0x54,0x17,0x0,0x0,
0x33,0x2,0x0,0x0,0xa7,0x2,0x0,0x0,
0x33,0x2,0x0,0x0,0xa7,0x2,0x0,0x0,
0xb3,0x6,0x0,0x0,0xb3,0x6,0x0,0x0,
0x0,0x17,0x0,0x0,0xa7,0x2,0x0,0x0,
0x93,0x0,0x0,0x0,0x64,0x17,0x0,0x0,
0x53,0x7,0x0,0x0,0x74,0x17,0x0,0x0,
0x63,0x1,0x0,0x0,0x63,0x1,0x0,0x0,
0x80,0x17,0x0,0x0,0x63,0x1,0x0,0x0,
0x80,0x17,0x0,0x0,0x94,0x17,0x0,0x0,
0x77,0x3,0x0,0x0,0xd3,0x1,0x0,0x0,
0xd3,0x1,0x0,0x0,0x63,0x1,0x0,0x0,
0x63,0x1,0x0,0x0,0xa0,0x17,0x0,0x0,
0x63,0x1,0x0,0x0,0xb4,0x17,0x0,0x0,
0x63,0x1,0x0,0x0,0xc0,0x17,0x0,0x0,
0x73,0x14,0x0,0x0,0x63,0x14,0x0,0x0,
0xf0,0x17,0x0,0x0,0xe4,0x17,0x0,0x0,
0x63,0x10,0x0,0x0,0x53,0x10,0x0,0x0,
0xf0,0x17,0x0,0x0,0xe4,0x17,0x0,0x0,
0x63,0x1,0x0,0x0,0xc0,0x17,0x0,0x0,
0x73,0x14,0x0,0x0,0x63,0x1,0x0,0x0,
0xc0,0x17,0x0,0x0,0xd3,0x14,0x0,0x0,
0x63,0x10,0x0,0x0,0x77,0x3,0x0,0x0,
0xd3,0x1,0x0,0x0,0x63,0x1,0x0,0x0,
0x14,0x18,0x0,0x0,0x20,0x18,0x0,0x0,
0x33,0x18,0x0,0x0,0x40,0x18,0x0,0x0,
0xe3,0x1,0x0,0x0,0xd3,0x1,0x0,0x0,
0x63,0x1,0x0,0x0,0xe3,0x1,0x0,0x0,
0xd3,0x1,0x0,0x0,0x54,0x18,0x0,0x0,
0x33,0x18,0x0,0x0,0x60,0x18,0x0,0x0,
0x63,0x1,0x0,0x0,0x74,0x18,0x0,0x0,
0xd3,0x1,0x0,0x0,0x63,0x1,0x0,0x0,
0x84,0x18,0x0,0x0,0xd3,0x1,0x0,0x0,
0x97,0x3,0x0,0x0,0x77,0x3,0x0,0x0,
0x87,0x3,0x0,0x0,0xd3,0x1,0x0,0x0,
0xc7,0x3,0x0,0x0,0x93,0x6,0x0,0x0,
0x90,0x18,0x0,0x0,0x93,0x6,0x0,0x0,
0x93,0x6,0x0,0x0,0xd0,0x12,0x0,0x0,
0xd1,0x12,0x0,0x0,0x93,0x6,0x0,0x0,
0x91,0x18,0x0,0x0,0x93,0x6,0x0,0x0,
0xd1,0x12,0x0,0x0,0x63,0x1,0x0,0x0,
0x63,0x1,0x0,0x0,0x80,0x17,0x0,0x0,
0x63,0x1,0x0,0x0,0x80,0x17,0x0,0x0,
0x93,0x6,0x0,0x0,0x90,0x18,0x0,0x0,
0x93,0x6,0x0,0x0,0xd0,0x12,0x0,0x0,
0xa4,0x18,0x0,0x0,0x13,0x17,0x0,0x0,
0x73,0x14,0x0,0x0,0x80,0x5,0x0,0x0,
0x73,0x14,0x0,0x0,0x80,0x14,0x0,0x0,
0xb4,0x18,0x0,0x0,0x13,0x17,0x0,0x0,
0x34,0x17,0x0,0x0,0x63,0x1,0x0,0x0,
0x63,0x1,0x0,0x0,0xc0,0x18,0x0,0x0,
0x20,0x18,0x0,0x0,0x63,0x1,0x0,0x0,
0x80,0x17,0x0,0x0,0x63,0x1,0x0,0x0,
0xc0,0x18,0x0,0x0,0xd4,0x18,0x0,0x0,
0xe3,0x18,0x0,0x0,0x64,0xe,0x0,0x0,
0x20,0x18,0x0,0x0,0xf4,0x18,0x0,0x0,
0x20,0x18,0x0,0x0,0x13,0x19,0x0,0x0,
0x63,0x1,0x0,0x0,0x61,0x1,0x0,0x0,
0x13,0x19,0x0,0x0,0x24,0x19,0x0,0x0,
0x63,0x1,0x0,0x0,0xa0,0x17,0x0,0x0,
0x20,0x18,0x0,0x0,0x87,0x3,0x0,0x0,
0x63,0x1,0x0,0x0,0xd3,0x1,0x0,0x0,
0x14,0x18,0x0,0x0,0x20,0x18,0x0,0x0,
0x63,0x1,0x0,0x0,0x44,0x19,0x0,0x0,
0x54,0x19,0x0,0x0,0x20,0x18,0x0,0x0,
0x77,0x3,0x0,0x0,0xf3,0x1,0x0,0x0,
0x20,0x18,0x0,0x0,0xf3,0x1,0x0,0x0,
0x3,0x2,0x0,0x0,0x3,0x2,0x0,0x0,
0x63,0x1,0x0,0x0,0x64,0x19,0x0,0x0,
0x54,0x19,0x0,0x0,0x74,0x19,0x0,0x0,
0xc7,0x3,0x0,0x0,0xa3,0x4,0x0,0x0,
0x54,0x17,0x0,0x0,0xf3,0x1,0x0,0x0,
0x63,0x1,0x0,0x0,0x64,0x19,0x0,0x0,
0x54,0x19,0x0,0x0,0xf3,0x1,0x0,0x0,
0x74,0x19,0x0,0x0,0xc7,0x3,0x0,0x0,
0xa3,0x4,0x0,0x0,0x54,0x17,0x0,0x0,
0xa3,0x4,0x0,0x0,0x54,0x17,0x0,0x0,
0x87,0x19,0x0,0x0,0x63,0x1,0x0,0x0,
0x63,0x1,0x0,0x0,0x80,0x17,0x0,0x0,
0x77,0x3,0x0,0x0,0x13,0x17,0x0,0x0,
0x44,0x17,0x0,0x0,0x63,0x1,0x0,0x0,
0xc0,0x17,0x0,0x0,0x73,0x14,0x0,0x0,
0x73,0x14,0x0,0x0,0xa0,0x19,0x0,0x0,
0x94,0x19,0x0,0x0,0x73,0x14,0x0,0x0,
0x13,0x17,0x0,0x0,0x73,0x14,0x0,0x0,
0x80,0x5,0x0,0x0,0x34,0x17,0x0,0x0,
0x73,0x14,0x0,0x0,0xa0,0x19,0x0,0x0,
0x73,0x14,0x0,0x0,0x70,0xa,0x0,0x0,
0x94,0x19,0x0,0x0,0x13,0x17,0x0,0x0,
0x13,0x17,0x0,0x0,0x73,0x14,0x0,0x0,
0x80,0x5,0x0,0x0,0x73,0x14,0x0,0x0,
0x80,0x14,0x0,0x0,0xb4,0x18,0x0,0x0,
0x34,0x17,0x0,0x0,0x13,0x17,0x0,0x0,
0x44,0x17,0x0,0x0,0x63,0x10,0x0,0x0,
0x63,0x10,0x0,0x0,0xa0,0x19,0x0,0x0,
0x94,0x19,0x0,0x0,0x63,0x10,0x0,0x0,
0x63,0x10,0x0,0x0,0xa0,0x19,0x0,0x0,
0x63,0x10,0x0,0x0,0x70,0xa,0x0,0x0,
0x94,0x19,0x0,0x0,0x13,0x17,0x0,0x0,
0x44,0x17,0x0,0x0,0x63,0x1,0x0,0x0,
0xb4,0x19,0x0,0x0,0x87,0x19,0x0,0x0,
0xc4,0x19,0x0,0x0,0x20,0x18,0x0,0x0,
0xe4,0x19,0x0,0x0,0x7,0x1a,0x0,0x0,
0xc4,0x19,0x0,0x0,0x20,0x18,0x0,0x0,
0xe4,0x19,0x0,0x0,0x7,0x1a,0x0,0x0,
0x13,0x1a,0x0,0x0,0x90,0x6,0x0,0x0,
0x13,0x1a,0x0,0x0,0xb0,0x6,0x0,0x0,
0x63,0x1,0x0,0x0,0x63,0x1,0x0,0x0,
0xd0,0x6,0x0,0x0,0x73,0x1,0x0,0x0,
0x20,0x1a,0x0,0x0,0x73,0x1,0x0,0x0,
0x30,0x1a,0x0,0x0,0xc3,0x0,0x0,0x0,
0x40,0x1a,0x0,0x0,0x63,0x1,0x0,0x0,
0xd0,0x3,0x0,0x0,0x33,0x18,0x0,0x0,
0x60,0x18,0x0,0x0,0x50,0x1a,0x0,0x0,
0x33,0x18,0x0,0x0,0x60,0x1a,0x0,0x0,
0x63,0x1,0x0,0x0,0x74,0x1a,0x0,0x0,
0x81,0x1a,0x0,0x0,0xd0,0x3,0x0,0x0,
0x33,0x18,0x0,0x0,0x60,0x18,0x0,0x0,
0x33,0x18,0x0,0x0,0x40,0x18,0x0,0x0,
0x50,0x1a,0x0,0x0,0x33,0x18,0x0,0x0,
0x90,0x1a,0x0,0x0,0x53,0x7,0x0,0x0,
0x74,0x17,0x0,0x0,0x81,0x1a,0x0,0x0,
0x50,0x1a,0x0,0x0,0x33,0x18,0x0,0x0,
0xa0,0x1a,0x0,0x0,0x63,0x1,0x0,0x0,
0xc0,0x18,0x0,0x0,0x20,0x18,0x0,0x0,
0x63,0x1,0x0,0x0,0x63,0x1,0x0,0x0,
0xc0,0x18,0x0,0x0,0xb4,0x1a,0x0,0x0,
0x81,0x1a,0x0,0x0,0x50,0x1a,0x0,0x0,
0x33,0x18,0x0,0x0,0xc0,0x1a,0x0,0x0,
0x63,0x1,0x0,0x0,0xa0,0x17,0x0,0x0,
0x63,0x1,0x0,0x0,0xa0,0x17,0x0,0x0,
0x20,0x18,0x0,0x0,0x63,0x1,0x0,0x0,
0x63,0x1,0x0,0x0,0xa0,0x17,0x0,0x0,
0xd4,0x1a,0x0,0x0,0x81,0x1a,0x0,0x0,
0x50,0x1a,0x0,0x0,0x33,0x18,0x0,0x0,
0xe0,0x1a,0x0,0x0,0x50,0x1a,0x0,0x0,
0x33,0x18,0x0,0x0,0xf0,0x1a,0x0,0x0,
0x47,0x4,0x0,0x0,0x81,0x1a,0x0,0x0,
0x50,0x1a,0x0,0x0,0x33,0x18,0x0,0x0,
0x0,0x1b,0x0,0x0,0x63,0x1,0x0,0x0,
0x14,0x1b,0x0,0x0,0x81,0x1a,0x0,0x0,
0x50,0x1a,0x0,0x0,0x33,0x18,0x0,0x0,
0x20,0x1b,0x0,0x0,0x63,0x1,0x0,0x0,
0x63,0x1,0x0,0x0,0x30,0x1b,0x0,0x0,
0x63,0x1,0x0,0x0,0x44,0x1b,0x0,0x0,
0x13,0x1a,0x0,0x0,0x50,0x1b,0x0,0x0,
0x24,0x19,0x0,0x0,0x81,0x1a,0x0,0x0,
0x50,0x1a,0x0,0x0,0x33,0x18,0x0,0x0,
0x70,0x1b,0x0,0x0,0x63,0x1,0x0,0x0,
0xc0,0x17,0x0,0x0,0x27,0x4,0x0,0x0,
0xd0,0x3,0x0,0x0,0xe7,0x3,0x0,0x0,
0x81,0x1a,0x0,0x0,0x50,0x1a,0x0,0x0,
0x33,0x18,0x0,0x0,0x80,0x1b,0x0,0x0,
0x63,0x1,0x0,0x0,0xc0,0x17,0x0,0x0,
0x27,0x4,0x0,0x0,0xd0,0x3,0x0,0x0,
0xe7,0x3,0x0,0x0,0x81,0x1a,0x0,0x0,
0x50,0x1a,0x0,0x0,0x33,0x18,0x0,0x0,
0x90,0x1b,0x0,0x0,0xd0,0x3,0x0,0x0,
0xe7,0x3,0x0,0x0,0x81,0x1a,0x0,0x0,
0x50,0x1a,0x0,0x0,0x33,0x18,0x0,0x0,
0xa0,0x1b,0x0,0x0,0xd0,0x3,0x0,0x0,
0xe7,0x3,0x0,0x0,0x81,0x1a,0x0,0x0,
0xe0,0x7,0x0,0x0,0xe0,0x7,0x0,0x0,
0xb4,0x1b,0x0,0x0,0x20,0x18,0x0,0x0,
0xc4,0x1b,0x0,0x0,0x57,0x4,0x0,0x0,
0x81,0x1a,0x0,0x0,0xe0,0x1b,0x0,0x0,
0xe0,0x7,0x0,0x0,0xf4,0x1b,0x0,0x0,
0x63,0x1,0x0,0x0,0x63,0x1,0x0,0x0,
0x20,0x1c,0x0,0x0,0x40,0xe,0x0,0x0,
0x33,0x18,0x0,0x0,0x30,0x1c,0x0,0x0,
0x40,0x1c,0x0,0x0,0x33,0x18,0x0,0x0,
0x50,0x1c,0x0,0x0,0x14,0x1c,0x0,0x0,
0x63,0x1c,0x0,0x0,0x13,0x2,0x0,0x0,
0x33,0x2,0x0,0x0,0x33,0x2,0x0,0x0,
0x93,0x0,0x0,0x0,0xf1,0x1,0x0,0x0,
0x93,0x0,0x0,0x0,0x1,0x2,0x0,0x0,
0x93,0x0,0x0,0x0,0x94,0x4,0x0,0x0,
0x63,0x1,0x0,0x0,0x63,0x1,0x0,0x0,
0x70,0x1c,0x0,0x0,0x93,0x0,0x0,0x0,
0x94,0x4,0x0,0x0,0x73,0x1,0x0,0x0,
0x80,0x1c,0x0,0x0,0x63,0x1c,0x0,0x0,
0x73,0x1,0x0,0x0,0x73,0x1,0x0,0x0,
0x90,0x1c,0x0,0x0,0x63,0x1c,0x0,0x0,
0x93,0x0,0x0,0x0,0xa0,0x1c,0x0,0x0,
0x93,0x0,0x0,0x0,0xa0,0x1c,0x0,0x0,
0x73,0x1,0x0,0x0,0xb0,0x1c,0x0,0x0,
0x93,0x0,0x0,0x0,0x63,0x1,0x0,0x0,
0xb0,0x1,0x0,0x0,0xa4,0x1,0x0,0x0,
0x33,0x18,0x0,0x0,0x93,0x0,0x0,0x0,
0x60,0x17,0x0,0x0,0xc4,0x1c,0x0,0x0,
0xc4,0x19,0x0,0x0,0xc4,0x19,0x0,0x0,
0xf3,0x1c,0x0,0x0,0x1,0x1d,0x0,0x0,
0xf3,0x1c,0x0,0x0,0x11,0x1d,0x0,0x0,
0xf3,0x1c,0x0,0x0,0x74,0x17,0x0,0x0,
0xf3,0x1c,0x0,0x0,0x24,0x1d,0x0,0x0,
0x53,0x1b,0x0,0x0,0x24,0x19,0x0,0x0,
0xf3,0x1c,0x0,0x0,0x24,0x1d,0x0,0x0,
0x53,0x1b,0x0,0x0,0x24,0x19,0x0,0x0,
0x33,0x1d,0x0,0x0,0x57,0x1d,0x0,0x0,
0x63,0x1d,0x0,0x0,0x77,0x1d,0x0,0x0,
0x53,0x1,0x0,0x0,0x53,0x1,0x0,0x0,
0x20,0x18,0x0,0x0,0x53,0x1,0x0,0x0,
0xd3,0x6,0x0,0x0,0x17,0x5,0x0,0x0,
0x20,0x18,0x0,0x0,0x47,0x19,0x0,0x0,
0x93,0x0,0x0,0x0,0x63,0x1,0x0,0x0,
0xb0,0x1,0x0,0x0,0xa4,0x1,0x0,0x0,
0x93,0x0,0x0,0x0,0x94,0x1,0x0,0x0,
0x33,0x18,0x0,0x0,0x93,0x0,0x0,0x0,
0x60,0x17,0x0,0x0,0xc4,0x1c,0x0,0x0,
0x87,0x1d,0x0,0x0,0x43,0x7,0x0,0x0,
0xa0,0x1d,0x0,0x0,0x43,0x7,0x0,0x0,
0xb0,0x1d,0x0,0x0,0xd3,0x7,0x0,0x0,
0xe1,0x7,0x0,0x0,0xd3,0x7,0x0,0x0,
0x64,0x17,0x0,0x0,0xd3,0x7,0x0,0x0,
0xe0,0x7,0x0,0x0,0xb4,0x1b,0x0,0x0,
0x20,0x18,0x0,0x0,0x63,0x1,0x0,0x0,
0xd3,0x7,0x0,0x0,0xe0,0x7,0x0,0x0,
0xb4,0x1b,0x0,0x0,0xc4,0x1d,0x0,0x0,
0x63,0x1c,0x0,0x0,0x93,0x0,0x0,0x0,
0x10,0x7,0x0,0x0,0x73,0x1,0x0,0x0,
0x73,0x1,0x0,0x0,0xd0,0x1d,0x0,0x0,
0x23,0x9,0x0,0x0,0xe0,0x1d,0x0,0x0,
0x23,0x9,0x0,0x0,0xf0,0x1d,0x0,0x0,
0x73,0x1,0x0,0x0,0x0,0x1e,0x0,0x0,
0x93,0x0,0x0,0x0,0x64,0x3,0x0,0x0,
0x63,0x1,0x0,0x0,0x10,0x1e,0x0,0x0,
0x63,0x1,0x0,0x0,0x93,0x9,0x0,0x0,
0x11,0x1e,0x0,0x0,0x63,0x1,0x0,0x0,
0x20,0x1e,0x0,0x0,0x63,0x1,0x0,0x0,
0x34,0x1e,0x0,0x0,0x63,0x1,0x0,0x0,
0x14,0x1b,0x0,0x0,0x63,0x1,0x0,0x0,
0x44,0x1e,0x0,0x0,0x33,0x18,0x0,0x0,
0x54,0x1e,0x0,0x0,0x63,0x10,0x0,0x0,
0x80,0x5,0x0,0x0,0x73,0x2,0x0,0x0,
0x93,0x0,0x0,0x0,0x80,0x2,0x0,0x0,
0x63,0x1,0x0,0x0,0x60,0x1e,0x0,0x0,
0x63,0x1,0x0,0x0,0xc0,0x18,0x0,0x0,
0x73,0x10,0x0,0x0,0x20,0x5,0x0,0x0,
0x74,0x1e,0x0,0x0,0x63,0x1,0x0,0x0,
0x63,0x1,0x0,0x0,0x80,0x1e,0x0,0x0,
0x63,0x1,0x0,0x0,0x80,0x1e,0x0,0x0,
0x73,0x10,0x0,0x0,0x20,0x5,0x0,0x0,
0x74,0x1e,0x0,0x0,0x63,0x1,0x0,0x0,
0x63,0x1,0x0,0x0,0x90,0x1e,0x0,0x0,
0x73,0x10,0x0,0x0,0x80,0x4,0x0,0x0,
0x73,0x10,0x0,0x0,0x80,0x4,0x0,0x0,
0x74,0x19,0x0,0x0,0xf3,0xa,0x0,0x0,
0x73,0x1,0x0,0x0,0x73,0x1,0x0,0x0,
0xb0,0x1e,0x0,0x0,0x63,0xa,0x0,0x0,
0x90,0xa,0x0,0x0,0x73,0x1,0x0,0x0,
0xc0,0x1e,0x0,0x0,0x73,0xd,0x0,0x0,
0xd0,0x1e,0x0,0x0,0x73,0x1,0x0,0x0,
0xe0,0x1e,0x0,0x0,0x63,0xa,0x0,0x0,
0x90,0xa,0x0,0x0,0x73,0xd,0x0,0x0,
0xd0,0x1e,0x0,0x0,0x63,0x1c,0x0,0x0,
0x73,0x1,0x0,0x0,0x73,0x1,0x0,0x0,
0xb0,0x1e,0x0,0x0,0x63,0xa,0x0,0x0,
0xb0,0xa,0x0,0x0,0x63,0xa,0x0,0x0,
0xd0,0xa,0x0,0x0,0x33,0x18,0x0,0x0,
0xf4,0x1e,0x0,0x0,0x33,0x18,0x0,0x0,
0xf4,0x1e,0x0,0x0,0x63,0x1c,0x0,0x0,
0x63,0xa,0x0,0x0,0xd0,0xa,0x0,0x0,
0x33,0x18,0x0,0x0,0xf4,0x1e,0x0,0x0,
0x33,0x18,0x0,0x0,0xf4,0x1e,0x0,0x0,
0x63,0x1c,0x0,0x0,0x93,0x6,0x0,0x0,
0x93,0x6,0x0,0x0,0x0,0x1f,0x0,0x0,
0x93,0x0,0x0,0x0,0x80,0x2,0x0,0x0,
0x63,0x1c,0x0,0x0,0x73,0x10,0x0,0x0,
0xf0,0xb,0x0,0x0,0x73,0x10,0x0,0x0,
0xf0,0xb,0x0,0x0,0x73,0x10,0x0,0x0,
0x10,0xc,0x0,0x0,0x73,0x10,0x0,0x0,
0x10,0xc,0x0,0x0,0x93,0x0,0x0,0x0,
0x70,0x1,0x0,0x0,0x63,0x1,0x0,0x0,
0x73,0x10,0x0,0x0,0x20,0x5,0x0,0x0,
0x63,0x1,0x0,0x0,0x30,0xc,0x0,0x0,
0x73,0x10,0x0,0x0,0x20,0x5,0x0,0x0,
0x93,0x0,0x0,0x0,0x80,0x2,0x0,0x0,
0x93,0x0,0x0,0x0,0x80,0x2,0x0,0x0,
0x73,0x10,0x0,0x0,0x80,0x4,0x0,0x0,
0x93,0x0,0x0,0x0,0x73,0x10,0x0,0x0,
0x80,0x4,0x0,0x0,0x74,0x4,0x0,0x0,
0x13,0x8,0x0,0x0,0x10,0x1f,0x0,0x0,
0x13,0x8,0x0,0x0,0x20,0x1f,0x0,0x0,
0x93,0x0,0x0,0x0,0xf0,0x6,0x0,0x0,
0x13,0x17,0x0,0x0,0x93,0x0,0x0,0x0,
0x80,0x2,0x0,0x0,0x34,0x17,0x0,0x0,
0x63,0xa,0x0,0x0,0x90,0xa,0x0,0x0,
0x33,0x1f,0x0,0x0,0x40,0x1f,0x0,0x0,
0x33,0x1f,0x0,0x0,0x50,0x1f,0x0,0x0,
0x73,0xd,0x0,0x0,0xd0,0x1e,0x0,0x0,
0x73,0x10,0x0,0x0,0x20,0x5,0x0,0x0,
0x73,0x10,0x0,0x0,0x20,0x5,0x0,0x0,
0x87,0x19,0x0,0x0,0x93,0x6,0x0,0x0,
0x93,0x6,0x0,0x0,0x60,0x1f,0x0,0x0,
0x93,0x6,0x0,0x0,0x93,0x6,0x0,0x0,
0x70,0x1f,0x0,0x0,0x93,0x0,0x0,0x0,
0x80,0x2,0x0,0x0,0x13,0x8,0x0,0x0,
0x80,0x1f,0x0,0x0,0x13,0x8,0x0,0x0,
0x90,0x1f,0x0,0x0,0x73,0x10,0x0,0x0,
0xa0,0x1f,0x0,0x0,0x73,0x10,0x0,0x0,
0xa0,0x1f,0x0,0x0,0x93,0x0,0x0,0x0,
0x10,0x7,0x0,0x0,0x63,0x1c,0x0,0x0,
0x13,0x17,0x0,0x0,0x93,0x0,0x0,0x0,
0x80,0x2,0x0,0x0,0x34,0x17,0x0,0x0,
0x93,0x6,0x0,0x0,0x93,0x6,0x0,0x0,
0xb0,0x1f,0x0,0x0,0x93,0x6,0x0,0x0,
0x93,0x6,0x0,0x0,0xc0,0x1f,0x0,0x0,
0x93,0x0,0x0,0x0,0x80,0x2,0x0,0x0,
0x13,0x8,0x0,0x0,0x80,0x1f,0x0,0x0,
0x73,0x10,0x0,0x0,0x50,0x13,0x0,0x0,
0x73,0x10,0x0,0x0,0x50,0x13,0x0,0x0,
0x13,0x8,0x0,0x0,0x20,0x1f,0x0,0x0,
0x93,0x0,0x0,0x0,0x10,0x7,0x0,0x0,
0x63,0x1c,0x0,0x0,0x13,0x17,0x0,0x0,
0x93,0x0,0x0,0x0,0x80,0x2,0x0,0x0,
0x34,0x17,0x0,0x0,0x93,0x6,0x0,0x0,
0x93,0x6,0x0,0x0,0xd0,0x1f,0x0,0x0,
0x93,0x6,0x0,0x0,0x93,0x6,0x0,0x0,
0xe0,0x1f,0x0,0x0,0x93,0x0,0x0,0x0,
0x80,0x2,0x0,0x0,0x13,0x8,0x0,0x0,
0x80,0x1f,0x0,0x0,0x13,0x8,0x0,0x0,
0x90,0x1f,0x0,0x0,0x73,0x10,0x0,0x0,
0xf0,0x1f,0x0,0x0,0x73,0x10,0x0,0x0,
0xf0,0x1f,0x0,0x0,0x93,0x0,0x0,0x0,
0x10,0x7,0x0,0x0,0x63,0x1c,0x0,0x0,
0x13,0x17,0x0,0x0,0x93,0x0,0x0,0x0,
0x80,0x2,0x0,0x0,0x34,0x17,0x0,0x0,
0x93,0x6,0x0,0x0,0x93,0x6,0x0,0x0,
0x0,0x20,0x0,0x0,0x93,0x6,0x0,0x0,
0x93,0x6,0x0,0x0,0x10,0x20,0x0,0x0,
0x93,0x0,0x0,0x0,0x80,0x2,0x0,0x0,
0x13,0x8,0x0,0x0,0x80,0x1f,0x0,0x0,
0x13,0x8,0x0,0x0,0x90,0x1f,0x0,0x0,
0x73,0x10,0x0,0x0,0x20,0x20,0x0,0x0,
0x73,0x10,0x0,0x0,0x20,0x20,0x0,0x0,
0x93,0x0,0x0,0x0,0x10,0x7,0x0,0x0,
0x63,0x1c,0x0,0x0,0x13,0x17,0x0,0x0,
0x93,0x0,0x0,0x0,0x80,0x2,0x0,0x0,
0x34,0x17,0x0,0x0,0x93,0x6,0x0,0x0,
0x93,0x6,0x0,0x0,0x30,0x20,0x0,0x0,
0x93,0x6,0x0,0x0,0x93,0x6,0x0,0x0,
0x40,0x20,0x0,0x0,0x93,0x0,0x0,0x0,
0x80,0x2,0x0,0x0,0x13,0x8,0x0,0x0,
0x80,0x1f,0x0,0x0,0x13,0x8,0x0,0x0,
0x90,0x1f,0x0,0x0,0x73,0x10,0x0,0x0,
0x50,0x20,0x0,0x0,0x73,0x10,0x0,0x0,
0x50,0x20,0x0,0x0,0x93,0x0,0x0,0x0,
0x10,0x7,0x0,0x0,0x63,0x1c,0x0,0x0,
0x13,0x17,0x0,0x0,0x93,0x0,0x0,0x0,
0x80,0x2,0x0,0x0,0x34,0x17,0x0,0x0,
0x93,0x6,0x0,0x0,0x93,0x6,0x0,0x0,
0x60,0x20,0x0,0x0,0x93,0x6,0x0,0x0,
0x93,0x6,0x0,0x0,0x70,0x20,0x0,0x0,
0x93,0x0,0x0,0x0,0x80,0x2,0x0,0x0,
0x13,0x8,0x0,0x0,0x80,0x1f,0x0,0x0,
0x73,0x10,0x0,0x0,0xd0,0x13,0x0,0x0,
0x73,0x10,0x0,0x0,0xd0,0x13,0x0,0x0,
0x93,0x0,0x0,0x0,0x10,0x7,0x0,0x0,
0x63,0x1c,0x0,0x0,0x13,0x17,0x0,0x0,
0x93,0x0,0x0,0x0,0x80,0x2,0x0,0x0,
0x34,0x17,0x0,0x0,0x93,0x6,0x0,0x0,
0x93,0x6,0x0,0x0,0x80,0x20,0x0,0x0,
0x93,0x6,0x0,0x0,0x93,0x6,0x0,0x0,
0x90,0x20,0x0,0x0,0x93,0x0,0x0,0x0,
0x80,0x2,0x0,0x0,0x13,0x8,0x0,0x0,
0x80,0x1f,0x0,0x0,0x73,0x10,0x0,0x0,
0xf0,0x13,0x0,0x0,0x73,0x10,0x0,0x0,
0xf0,0x13,0x0,0x0,0x13,0x8,0x0,0x0,
0x20,0x1f,0x0,0x0,0x93,0x0,0x0,0x0,
0x10,0x7,0x0,0x0,0x63,0x1c,0x0,0x0,
0x13,0x17,0x0,0x0,0x93,0x0,0x0,0x0,
0x80,0x2,0x0,0x0,0x34,0x17,0x0,0x0,
0x93,0x6,0x0,0x0,0x93,0x6,0x0,0x0,
0xa0,0x20,0x0,0x0,0x93,0x6,0x0,0x0,
0x93,0x6,0x0,0x0,0xb0,0x20,0x0,0x0,
0x93,0x0,0x0,0x0,0x80,0x2,0x0,0x0,
0x13,0x8,0x0,0x0,0x80,0x1f,0x0,0x0,
0x73,0x10,0x0,0x0,0x10,0x14,0x0,0x0,
0x73,0x10,0x0,0x0,0x10,0x14,0x0,0x0,
0x13,0x8,0x0,0x0,0x20,0x1f,0x0,0x0,
0x93,0x0,0x0,0x0,0x10,0x7,0x0,0x0,
0x63,0x1c,0x0,0x0,0x13,0x17,0x0,0x0,
0x93,0x0,0x0,0x0,0x80,0x2,0x0,0x0,
0x34,0x17,0x0,0x0,0x93,0x6,0x0,0x0,
0x93,0x6,0x0,0x0,0xc0,0x20,0x0,0x0,
0x93,0x6,0x0,0x0,0x93,0x6,0x0,0x0,
0xd0,0x20,0x0,0x0,0x93,0x0,0x0,0x0,
0x80,0x2,0x0,0x0,0x13,0x8,0x0,0x0,
0x80,0x1f,0x0,0x0,0x73,0x10,0x0,0x0,
0x30,0x14,0x0,0x0,0x73,0x10,0x0,0x0,
0x30,0x14,0x0,0x0,0x13,0x8,0x0,0x0,
0x20,0x1f,0x0,0x0,0x93,0x0,0x0,0x0,
0x10,0x7,0x0,0x0,0x63,0x1c,0x0,0x0,
0x13,0x17,0x0,0x0,0x93,0x0,0x0,0x0,
0x80,0x2,0x0,0x0,0x34,0x17,0x0,0x0,
0x33,0x18,0x0,0x0,0xe0,0x20,0x0,0x0,
0x33,0x18,0x0,0x0,0xf0,0x20,0x0,0x0,
0x0,0x21,0x0,0x0,0x33,0x18,0x0,0x0,
0xe0,0x20,0x0,0x0,0x63,0x1,0x0,0x0,
0x73,0x10,0x0,0x0,0x20,0x5,0x0,0x0,
0xb4,0x17,0x0,0x0,0xd0,0x3,0x0,0x0,
0x33,0x18,0x0,0x0,0x40,0x18,0x0,0x0,
0x93,0x0,0x0,0x0,0xe0,0x1,0x0,0x0,
0x93,0x0,0x0,0x0,0xe1,0x1,0x0,0x0,
0x63,0x1,0x0,0x0,0x93,0x0,0x0,0x0,
0xe0,0x1,0x0,0x0,0x54,0x18,0x0,0x0,
0xd0,0x3,0x0,0x0,0x33,0x18,0x0,0x0,
0x60,0x18,0x0,0x0,0x63,0x1,0x0,0x0,
0x73,0x10,0x0,0x0,0x20,0x5,0x0,0x0,
0x74,0x18,0x0,0x0,0x63,0x1,0x0,0x0,
0x73,0x10,0x0,0x0,0x20,0x5,0x0,0x0,
0x84,0x18,0x0,0x0,0x93,0x0,0x0,0x0,
0xd1,0x1,0x0,0x0,0xd0,0x3,0x0,0x0,
0x33,0x18,0x0,0x0,0x40,0x18,0x0,0x0,
0x93,0x0,0x0,0x0,0x93,0x0,0x0,0x0,
0xd0,0x1,0x0,0x0,0xe1,0x1,0x0,0x0,
0x63,0x1,0x0,0x0,0x73,0x10,0x0,0x0,
0x20,0x5,0x0,0x0,0xb4,0x17,0x0,0x0,
0x93,0x0,0x0,0x0,0xd1,0x1,0x0,0x0,
0x93,0x0,0x0,0x0,0x64,0x17,0x0,0x0,
0x0,0x21,0x0,0x0,0x33,0x18,0x0,0x0,
0xf0,0x20,0x0,0x0,0x73,0x10,0x0,0x0,
0x63,0x1,0x0,0x0,0x87,0x1,0x0,0x0,
0x0,0x21,0x0,0x0,0x33,0x18,0x0,0x0,
0xe0,0x20,0x0,0x0,0xb3,0x6,0x0,0x0,
0x10,0x21,0x0,0x0,0x63,0x1,0x0,0x0,
0x73,0x10,0x0,0x0,0x20,0x5,0x0,0x0,
0x44,0x19,0x0,0x0,0xb3,0x6,0x0,0x0,
0x10,0x21,0x0,0x0,0x63,0x1,0x0,0x0,
0x73,0x10,0x0,0x0,0x20,0x5,0x0,0x0,
0x44,0x19,0x0,0x0,0x63,0x1c,0x0,0x0,
0xf3,0xd,0x0,0x0,0x73,0xd,0x0,0x0,
0xb0,0xd,0x0,0x0,0x10,0xe,0x0,0x0,
0x63,0xa,0x0,0x0,0x33,0x18,0x0,0x0,
0x30,0x1c,0x0,0x0,0x33,0x18,0x0,0x0,
0x20,0x21,0x0,0x0,0x63,0x1,0x0,0x0,
0xc0,0x18,0x0,0x0,0x44,0x21,0x0,0x0,
0x73,0x10,0x0,0x0,0xf0,0xb,0x0,0x0,
0xe0,0x1b,0x0,0x0,0xe0,0x7,0x0,0x0,
0xf4,0x1b,0x0,0x0,0x63,0x1,0x0,0x0,
0x73,0x10,0x0,0x0,0x20,0x5,0x0,0x0,
0x40,0xe,0x0,0x0,0x33,0x18,0x0,0x0,
0x30,0x1c,0x0,0x0,0x40,0x1c,0x0,0x0,
0x33,0x18,0x0,0x0,0x30,0x1c,0x0,0x0,
0x14,0x1c,0x0,0x0,0x63,0x1c,0x0,0x0,
0x73,0x10,0x0,0x0,0x20,0x5,0x0,0x0,
0x73,0x10,0x0,0x0,0x50,0x21,0x0,0x0,
0x73,0x10,0x0,0x0,0x50,0x21,0x0,0x0,
0x63,0x1,0x0,0x0,0x73,0x10,0x0,0x0,
0x20,0x5,0x0,0x0,0x64,0x21,0x0,0x0,
0x73,0x14,0x0,0x0,0x80,0x14,0x0,0x0,
0x73,0x14,0x0,0x0,0xa0,0x14,0x0,0x0,
0x63,0x1,0x0,0x0,0x60,0x1e,0x0,0x0,
0x63,0x1,0x0,0x0,0xc0,0x18,0x0,0x0,
0x73,0x10,0x0,0x0,0x20,0x5,0x0,0x0,
0x74,0x1e,0x0,0x0,0x63,0x1,0x0,0x0,
0x63,0x1,0x0,0x0,0x80,0x1e,0x0,0x0,
0x63,0x1,0x0,0x0,0x80,0x1e,0x0,0x0,
0x73,0x10,0x0,0x0,0x20,0x5,0x0,0x0,
0x74,0x1e,0x0,0x0,0x63,0x1,0x0,0x0,
0x63,0x1,0x0,0x0,0x90,0x1e,0x0,0x0,
0x73,0x10,0x0,0x0,0x80,0x4,0x0,0x0,
0x73,0x10,0x0,0x0,0x80,0x4,0x0,0x0,
0x74,0x19,0x0,0x0,0xf3,0xa,0x0,0x0,
0x73,0x1,0x0,0x0,0x73,0x1,0x0,0x0,
0xa0,0x5,0x0,0x0,0xf3,0xe,0x0,0x0,
0x90,0xa,0x0,0x0,0x73,0x1,0x0,0x0,
0xc0,0x1e,0x0,0x0,0xf3,0xf,0x0,0x0,
0xd0,0x1e,0x0,0x0,0x73,0x1,0x0,0x0,
0xe0,0x1e,0x0,0x0,0xf3,0xe,0x0,0x0,
0x90,0xa,0x0,0x0,0xf3,0xf,0x0,0x0,
0xd0,0x1e,0x0,0x0,0x63,0x1c,0x0,0x0,
0x73,0x1,0x0,0x0,0x73,0x1,0x0,0x0,
0xa0,0x5,0x0,0x0,0xf3,0xe,0x0,0x0,
0xb0,0xa,0x0,0x0,0xf3,0xe,0x0,0x0,
0xd0,0xa,0x0,0x0,0x33,0x18,0x0,0x0,
0xf4,0x1e,0x0,0x0,0x33,0x18,0x0,0x0,
0xf4,0x1e,0x0,0x0,0x63,0x1c,0x0,0x0,
0xf3,0xe,0x0,0x0,0xd0,0xa,0x0,0x0,
0x33,0x18,0x0,0x0,0xf4,0x1e,0x0,0x0,
0x33,0x18,0x0,0x0,0xf4,0x1e,0x0,0x0,
0x63,0x1c,0x0,0x0,0x13,0x17,0x0,0x0,
0x13,0x2,0x0,0x0,0x34,0x17,0x0,0x0,
0x13,0x17,0x0,0x0,0x63,0x1c,0x0,0x0,
0x80,0x5,0x0,0x0,0x63,0x2,0x0,0x0,
0x13,0x2,0x0,0x0,0x44,0x17,0x0,0x0,
0x13,0x17,0x0,0x0,0x63,0x1c,0x0,0x0,
0x70,0xa,0x0,0x0,0x63,0x2,0x0,0x0,
0x13,0x2,0x0,0x0,0x44,0x17,0x0,0x0,
0x73,0x10,0x0,0x0,0xf0,0xb,0x0,0x0,
0x73,0x10,0x0,0x0,0xf0,0xb,0x0,0x0,
0x73,0x10,0x0,0x0,0x10,0xc,0x0,0x0,
0x73,0x10,0x0,0x0,0x10,0xc,0x0,0x0,
0x93,0x0,0x0,0x0,0x70,0x1,0x0,0x0,
0x63,0xf,0x0,0x0,0x40,0xb,0x0,0x0,
0x63,0x1,0x0,0x0,0x73,0x10,0x0,0x0,
0x20,0x5,0x0,0x0,0x63,0x1,0x0,0x0,
0x30,0xc,0x0,0x0,0x73,0x10,0x0,0x0,
0x20,0x5,0x0,0x0,0x63,0x1c,0x0,0x0,
0x10,0xf,0x0,0x0,0x63,0x1c,0x0,0x0,
0x30,0xf,0x0,0x0,0x53,0xf,0x0,0x0,
0x70,0x21,0x0,0x0,0x73,0x10,0x0,0x0,
0x50,0x21,0x0,0x0,0x73,0x10,0x0,0x0,
0x50,0x21,0x0,0x0,0x83,0x21,0x0,0x0,
0x53,0xf,0x0,0x0,0x90,0x21,0x0,0x0,
0x63,0x1c,0x0,0x0,0x73,0x10,0x0,0x0,
0x80,0x4,0x0,0x0,0x93,0x0,0x0,0x0,
0x73,0x10,0x0,0x0,0x80,0x4,0x0,0x0,
0x74,0x4,0x0,0x0,0x13,0x8,0x0,0x0,
0x10,0x1f,0x0,0x0,0x13,0x8,0x0,0x0,
0xa0,0x21,0x0,0x0,0x13,0x8,0x0,0x0,
0xb0,0x21,0x0,0x0,0x13,0x8,0x0,0x0,
0x20,0x1f,0x0,0x0,0xf3,0xe,0x0,0x0,
0x90,0xa,0x0,0x0,0x13,0x8,0x0,0x0,
0xc0,0x21,0x0,0x0,0x13,0x8,0x0,0x0,
0xd0,0x21,0x0,0x0,0xf3,0xe,0x0,0x0,
0x90,0xa,0x0,0x0,0x93,0x0,0x0,0x0,
0xf0,0x6,0x0,0x0,0x33,0x8,0x0,0x0,
0x40,0x8,0x0,0x0,0x13,0x2,0x0,0x0,
0xf3,0xe,0x0,0x0,0x90,0xa,0x0,0x0,
0x33,0x1f,0x0,0x0,0x40,0x1f,0x0,0x0,
0x33,0x1f,0x0,0x0,0x50,0x1f,0x0,0x0,
0xf3,0xf,0x0,0x0,0xd0,0x1e,0x0,0x0,
0x73,0x10,0x0,0x0,0x20,0x5,0x0,0x0,
0x73,0x10,0x0,0x0,0x20,0x5,0x0,0x0,
0x87,0x19,0x0,0x0,0x33,0x18,0x0,0x0,
0xe0,0x20,0x0,0x0,0x33,0x18,0x0,0x0,
0xf0,0x20,0x0,0x0,0x0,0x21,0x0,0x0,
0x33,0x18,0x0,0x0,0xe0,0x20,0x0,0x0,
0x63,0x1,0x0,0x0,0x73,0x10,0x0,0x0,
0x20,0x5,0x0,0x0,0xb4,0x17,0x0,0x0,
0xd0,0x3,0x0,0x0,0x33,0x18,0x0,0x0,
0x40,0x18,0x0,0x0,0x93,0x0,0x0,0x0,
0xe0,0x1,0x0,0x0,0x93,0x0,0x0,0x0,
0xe1,0x1,0x0,0x0,0x63,0x1,0x0,0x0,
0x93,0x0,0x0,0x0,0xe0,0x1,0x0,0x0,
0x54,0x18,0x0,0x0,0xd0,0x3,0x0,0x0,
0x33,0x18,0x0,0x0,0x60,0x18,0x0,0x0,
0x63,0x1,0x0,0x0,0x73,0x10,0x0,0x0,
0x20,0x5,0x0,0x0,0x74,0x18,0x0,0x0,
0x63,0x1,0x0,0x0,0x73,0x10,0x0,0x0,
0x20,0x5,0x0,0x0,0x84,0x18,0x0,0x0,
0x93,0x0,0x0,0x0,0xd1,0x1,0x0,0x0,
0xd0,0x3,0x0,0x0,0x33,0x18,0x0,0x0,
0x40,0x18,0x0,0x0,0x93,0x0,0x0,0x0,
0x93,0x0,0x0,0x0,0xd0,0x1,0x0,0x0,
0xe1,0x1,0x0,0x0,0x63,0x1,0x0,0x0,
0x73,0x10,0x0,0x0,0x20,0x5,0x0,0x0,
0xb4,0x17,0x0,0x0,0x93,0x0,0x0,0x0,
0xd1,0x1,0x0,0x0,0x93,0x0,0x0,0x0,
0x64,0x17,0x0,0x0,0x0,0x21,0x0,0x0,
0x33,0x18,0x0,0x0,0xf0,0x20,0x0,0x0,
0x73,0x10,0x0,0x0,0x63,0x1,0x0,0x0,
0x87,0x1,0x0,0x0,0x0,0x21,0x0,0x0,
0x33,0x18,0x0,0x0,0xe0,0x20,0x0,0x0,
0xb3,0x6,0x0,0x0,0x10,0x21,0x0,0x0,
0x63,0x1,0x0,0x0,0x73,0x10,0x0,0x0,
0x20,0x5,0x0,0x0,0x44,0x19,0x0,0x0,
0xb3,0x6,0x0,0x0,0x10,0x21,0x0,0x0,
0x63,0x1,0x0,0x0,0x73,0x10,0x0,0x0,
0x20,0x5,0x0,0x0,0x44,0x19,0x0,0x0,
0x63,0x1c,0x0,0x0,0x3,0x10,0x0,0x0,
0xf3,0xf,0x0,0x0,0xb0,0xd,0x0,0x0,
0x10,0xe,0x0,0x0,0xf3,0xe,0x0,0x0,
0x33,0x18,0x0,0x0,0x30,0x1c,0x0,0x0,
0x33,0x18,0x0,0x0,0x20,0x21,0x0,0x0,
0x63,0x1,0x0,0x0,0xc0,0x18,0x0,0x0,
0x44,0x21,0x0,0x0,0x73,0x10,0x0,0x0,
0xf0,0xb,0x0,0x0,0xe0,0x1b,0x0,0x0,
0xe0,0x7,0x0,0x0,0xf4,0x1b,0x0,0x0,
0x63,0x1,0x0,0x0,0x73,0x10,0x0,0x0,
0x20,0x5,0x0,0x0,0x40,0xe,0x0,0x0,
0x33,0x18,0x0,0x0,0x30,0x1c,0x0,0x0,
0x40,0x1c,0x0,0x0,0x33,0x18,0x0,0x0,
0x30,0x1c,0x0,0x0,0x14,0x1c,0x0,0x0,
0x63,0x1c,0x0,0x0,0x73,0x10,0x0,0x0,
0x20,0x5,0x0,0x0,0x73,0x10,0x0,0x0,
0x50,0x21,0x0,0x0,0x73,0x10,0x0,0x0,
0x50,0x21,0x0,0x0,0x63,0x1,0x0,0x0,
0x73,0x10,0x0,0x0,0x20,0x5,0x0,0x0,
0x64,0x21,0x0,0x0,0x63,0x1,0x0,0x0,
0xc0,0x17,0x0,0x0,0x63,0x1,0x0,0x0,
0xc0,0x17,0x0,0x0,0x63,0x1c,0x0,0x0,
0x63,0x1,0x0,0x0,0x80,0x17,0x0,0x0,
0x53,0xa,0x0,0x0,0xf3,0x21,0x0,0x0,
0x0,0x22,0x0,0x0,0xf3,0x21,0x0,0x0,
0x10,0x22,0x0,0x0,0xb3,0x4,0x0,0x0,
0x54,0x17,0x0,0x0,0xb3,0x4,0x0,0x0,
0x54,0x17,0x0,0x0,0xb3,0x4,0x0,0x0,
0x54,0x17,0x0,0x0,0x53,0x10,0x0,0x0,
0x20,0x22,0x0,0x0,0x63,0x1,0x0,0x0,
0x63,0x1,0x0,0x0,0x44,0x1b,0x0,0x0,
0x81,0x1a,0x0,0x0,0xd3,0x11,0x0,0x0,
0x30,0x22,0x0,0x0,0xd3,0x11,0x0,0x0,
0x30,0x22,0x0,0x0,0x63,0x10,0x0,0x0,
0x80,0x5,0x0,0x0,0x73,0x1,0x0,0x0,
0x40,0x22,0x0,0x0,0x63,0x1c,0x0,0x0,
0x93,0x0,0x0,0x0,0x70,0x1,0x0,0x0,
0x93,0x6,0x0,0x0,0x0,0x1f,0x0,0x0,
0x93,0x0,0x0,0x0,0x80,0x2,0x0,0x0,
0x93,0x0,0x0,0x0,0x80,0x2,0x0,0x0,
0x93,0x6,0x0,0x0,0x90,0x18,0x0,0x0,
0x93,0x6,0x0,0x0,0xd0,0x12,0x0,0x0,
0x7,0x4,0x0,0x0,0x93,0x6,0x0,0x0,
0x93,0x0,0x0,0x0,0x80,0x2,0x0,0x0,
0x1,0x1f,0x0,0x0,0x93,0x6,0x0,0x0,
0x60,0x1f,0x0,0x0,0x93,0x0,0x0,0x0,
0x70,0x1,0x0,0x0,0x93,0x6,0x0,0x0,
0x70,0x1f,0x0,0x0,0x93,0x0,0x0,0x0,
0x80,0x2,0x0,0x0,0x13,0x8,0x0,0x0,
0x90,0x1f,0x0,0x0,0x93,0x6,0x0,0x0,
0x90,0x18,0x0,0x0,0x93,0x6,0x0,0x0,
0xd0,0x12,0x0,0x0,0x7,0x4,0x0,0x0,
0x93,0x6,0x0,0x0,0x93,0x0,0x0,0x0,
0x80,0x2,0x0,0x0,0x71,0x1f,0x0,0x0,
0x93,0x6,0x0,0x0,0xb0,0x1f,0x0,0x0,
0x93,0x0,0x0,0x0,0x70,0x1,0x0,0x0,
0x93,0x6,0x0,0x0,0xc0,0x1f,0x0,0x0,
0x93,0x0,0x0,0x0,0x80,0x2,0x0,0x0,
0x93,0x6,0x0,0x0,0x90,0x18,0x0,0x0,
0x93,0x6,0x0,0x0,0xd0,0x12,0x0,0x0,
0x7,0x4,0x0,0x0,0x93,0x6,0x0,0x0,
0x93,0x0,0x0,0x0,0x80,0x2,0x0,0x0,
0xc1,0x1f,0x0,0x0,0x93,0x6,0x0,0x0,
0xd0,0x1f,0x0,0x0,0x93,0x0,0x0,0x0,
0x70,0x1,0x0,0x0,0x93,0x6,0x0,0x0,
0xe0,0x1f,0x0,0x0,0x93,0x0,0x0,0x0,
0x80,0x2,0x0,0x0,0x13,0x8,0x0,0x0,
0x90,0x1f,0x0,0x0,0x93,0x6,0x0,0x0,
0x90,0x18,0x0,0x0,0x93,0x6,0x0,0x0,
0xd0,0x12,0x0,0x0,0x7,0x4,0x0,0x0,
0x93,0x6,0x0,0x0,0x93,0x0,0x0,0x0,
0x80,0x2,0x0,0x0,0xe1,0x1f,0x0,0x0,
0x93,0x6,0x0,0x0,0x0,0x20,0x0,0x0,
0x93,0x0,0x0,0x0,0x70,0x1,0x0,0x0,
0x93,0x6,0x0,0x0,0x10,0x20,0x0,0x0,
0x93,0x0,0x0,0x0,0x80,0x2,0x0,0x0,
0x13,0x8,0x0,0x0,0x90,0x1f,0x0,0x0,
0x93,0x6,0x0,0x0,0x90,0x18,0x0,0x0,
0x93,0x6,0x0,0x0,0xd0,0x12,0x0,0x0,
0x7,0x4,0x0,0x0,0x93,0x6,0x0,0x0,
0x93,0x0,0x0,0x0,0x80,0x2,0x0,0x0,
0x11,0x20,0x0,0x0,0x93,0x6,0x0,0x0,
0x30,0x20,0x0,0x0,0x93,0x0,0x0,0x0,
0x70,0x1,0x0,0x0,0x93,0x6,0x0,0x0,
0x40,0x20,0x0,0x0,0x93,0x0,0x0,0x0,
0x80,0x2,0x0,0x0,0x13,0x8,0x0,0x0,
0x90,0x1f,0x0,0x0,0x93,0x6,0x0,0x0,
0x90,0x18,0x0,0x0,0x93,0x6,0x0,0x0,
0xd0,0x12,0x0,0x0,0x7,0x4,0x0,0x0,
0x93,0x6,0x0,0x0,0x93,0x0,0x0,0x0,
0x80,0x2,0x0,0x0,0x41,0x20,0x0,0x0,
0x93,0x6,0x0,0x0,0x60,0x20,0x0,0x0,
0x93,0x0,0x0,0x0,0x70,0x1,0x0,0x0,
0x93,0x6,0x0,0x0,0x70,0x20,0x0,0x0,
0x93,0x0,0x0,0x0,0x80,0x2,0x0,0x0,
0x93,0x6,0x0,0x0,0x90,0x18,0x0,0x0,
0x93,0x6,0x0,0x0,0xd0,0x12,0x0,0x0,
0x7,0x4,0x0,0x0,0x93,0x6,0x0,0x0,
0x93,0x0,0x0,0x0,0x80,0x2,0x0,0x0,
0x71,0x20,0x0,0x0,0x93,0x6,0x0,0x0,
0x80,0x20,0x0,0x0,0x93,0x0,0x0,0x0,
0x70,0x1,0x0,0x0,0x93,0x6,0x0,0x0,
0x90,0x20,0x0,0x0,0x93,0x0,0x0,0x0,
0x80,0x2,0x0,0x0,0x93,0x6,0x0,0x0,
0x90,0x18,0x0,0x0,0x93,0x6,0x0,0x0,
0xd0,0x12,0x0,0x0,0x7,0x4,0x0,0x0,
0x93,0x6,0x0,0x0,0x93,0x0,0x0,0x0,
0x80,0x2,0x0,0x0,0x91,0x20,0x0,0x0,
0x93,0x6,0x0,0x0,0xa0,0x20,0x0,0x0,
0x93,0x0,0x0,0x0,0x70,0x1,0x0,0x0,
0x93,0x6,0x0,0x0,0xb0,0x20,0x0,0x0,
0x93,0x0,0x0,0x0,0x80,0x2,0x0,0x0,
0x93,0x6,0x0,0x0,0x90,0x18,0x0,0x0,
0x93,0x6,0x0,0x0,0xd0,0x12,0x0,0x0,
0x7,0x4,0x0,0x0,0x93,0x6,0x0,0x0,
0x93,0x0,0x0,0x0,0x80,0x2,0x0,0x0,
0xb1,0x20,0x0,0x0,0x93,0x6,0x0,0x0,
0xc0,0x20,0x0,0x0,0x93,0x0,0x0,0x0,
0x70,0x1,0x0,0x0,0x93,0x6,0x0,0x0,
0xd0,0x20,0x0,0x0,0x93,0x0,0x0,0x0,
0x80,0x2,0x0,0x0,0x93,0x6,0x0,0x0,
0x90,0x18,0x0,0x0,0x93,0x6,0x0,0x0,
0xd0,0x12,0x0,0x0,0x7,0x4,0x0,0x0,
0x93,0x6,0x0,0x0,0x93,0x0,0x0,0x0,
0x80,0x2,0x0,0x0,0xd1,0x20,0x0,0x0,
0x63,0x1c,0x0,0x0,0x80,0x5,0x0,0x0,
0x73,0x1,0x0,0x0,0x70,0x5,0x0,0x0,
0x63,0x1c,0x0,0x0,0x30,0xf,0x0,0x0,
0x63,0x1,0x0,0x0,0x80,0x17,0x0,0x0,
0xe3,0xe,0x0,0x0,0xf3,0x21,0x0,0x0,
0x0,0x22,0x0,0x0,0xf3,0x21,0x0,0x0,
0x10,0x22,0x0,0x0,0x13,0x17,0x0,0x0,
0x53,0x2,0x0,0x0,0x93,0x0,0x0,0x0,
0x80,0x2,0x0,0x0,0x34,0x17,0x0,0x0,
0x13,0x17,0x0,0x0,0x53,0x2,0x0,0x0,
0x93,0x0,0x0,0x0,0x80,0x2,0x0,0x0,
0x34,0x17,0x0,0x0,0xb3,0x4,0x0,0x0,
0x54,0x17,0x0,0x0,0xb3,0x4,0x0,0x0,
0x54,0x17,0x0,0x0,0xb3,0x4,0x0,0x0,
0x54,0x17,0x0,0x0,0x63,0x1,0x0,0x0,
0x63,0x1,0x0,0x0,0x44,0x1b,0x0,0x0,
0x81,0x1a,0x0,0x0,0xd3,0x11,0x0,0x0,
0x30,0x22,0x0,0x0,0xd3,0x11,0x0,0x0,
0x30,0x22,0x0,0x0,0x63,0x1,0x0,0x0,
0x50,0x22,0x0,0x0,0xf3,0x21,0x0,0x0,
0x0,0x22,0x0,0x0,0xd3,0x14,0x0,0x0,
0x80,0x5,0x0,0x0,0x93,0x0,0x0,0x0,
0x80,0x2,0x0,0x0,0x63,0x1,0x0,0x0,
0x60,0x1e,0x0,0x0,0x63,0x1,0x0,0x0,
0xa0,0x17,0x0,0x0,0x73,0x10,0x0,0x0,
0x20,0x5,0x0,0x0,0x63,0x1,0x0,0x0,
0x63,0x1,0x0,0x0,0x80,0x1e,0x0,0x0,
0x63,0x1,0x0,0x0,0x80,0x1e,0x0,0x0,
0x73,0x10,0x0,0x0,0x20,0x5,0x0,0x0,
0x74,0x1e,0x0,0x0,0x63,0x1,0x0,0x0,
0x63,0x1,0x0,0x0,0x90,0x1e,0x0,0x0,
0x93,0xa,0x0,0x0,0x73,0x1,0x0,0x0,
0xc0,0x1e,0x0,0x0,0x93,0x15,0x0,0x0,
0xd0,0x1e,0x0,0x0,0x73,0x1,0x0,0x0,
0xe0,0x1e,0x0,0x0,0x93,0xa,0x0,0x0,
0x93,0x15,0x0,0x0,0xd0,0x1e,0x0,0x0,
0x63,0x1c,0x0,0x0,0xb3,0xa,0x0,0x0,
0xd3,0xa,0x0,0x0,0x33,0x18,0x0,0x0,
0xf4,0x1e,0x0,0x0,0x33,0x18,0x0,0x0,
0xf4,0x1e,0x0,0x0,0x63,0x1c,0x0,0x0,
0xd3,0xa,0x0,0x0,0x33,0x18,0x0,0x0,
0xf4,0x1e,0x0,0x0,0x33,0x18,0x0,0x0,
0xf4,0x1e,0x0,0x0,0x93,0x0,0x0,0x0,
0x80,0x2,0x0,0x0,0x63,0x1c,0x0,0x0,
0x73,0x10,0x0,0x0,0x60,0x22,0x0,0x0,
0x93,0x0,0x0,0x0,0x80,0x2,0x0,0x0,
0x93,0x0,0x0,0x0,0x80,0x2,0x0,0x0,
0x73,0x10,0x0,0x0,0x70,0x22,0x0,0x0,
0x93,0x0,0x0,0x0,0x80,0x2,0x0,0x0,
0x73,0x1,0x0,0x0,0xa0,0x22,0x0,0x0,
0x73,0x10,0x0,0x0,0xb0,0x22,0x0,0x0,
0x73,0x10,0x0,0x0,0x70,0x22,0x0,0x0,
0xd3,0x14,0x0,0x0,0x73,0x10,0x0,0x0,
0xa0,0x3,0x0,0x0,0xc4,0x22,0x0,0x0,
0xd3,0x14,0x0,0x0,0x73,0x10,0x0,0x0,
0xa0,0x3,0x0,0x0,0xd4,0x22,0x0,0x0,
0x63,0x1c,0x0,0x0,0x73,0x10,0x0,0x0,
0xf0,0xb,0x0,0x0,0x73,0x10,0x0,0x0,
0x10,0xc,0x0,0x0,0x93,0x0,0x0,0x0,
0x70,0x1,0x0,0x0,0x63,0x1,0x0,0x0,
0x73,0x10,0x0,0x0,0x20,0x5,0x0,0x0,
0x63,0x1,0x0,0x0,0x30,0xc,0x0,0x0,
0x73,0x10,0x0,0x0,0x20,0x5,0x0,0x0,
0x93,0x0,0x0,0x0,0x80,0x2,0x0,0x0,
0x93,0x0,0x0,0x0,0x80,0x2,0x0,0x0,
0x73,0x10,0x0,0x0,0x80,0x4,0x0,0x0,
0x13,0x8,0x0,0x0,0x20,0x1f,0x0,0x0,
0xe3,0x14,0x0,0x0,0x90,0xa,0x0,0x0,
0x73,0x1,0x0,0x0,0xe0,0x22,0x0,0x0,
0x73,0x1,0x0,0x0,0x20,0x1a,0x0,0x0,
0x93,0x0,0x0,0x0,0x80,0x2,0x0,0x0,
0x93,0x15,0x0,0x0,0xd0,0x1e,0x0,0x0,
0x73,0x10,0x0,0x0,0x20,0x5,0x0,0x0,
0x63,0x1,0x0,0x0,0x73,0x10,0x0,0x0,
0x20,0x5,0x0,0x0,0x84,0x18,0x0,0x0,
0x73,0x10,0x0,0x0,0xf0,0xb,0x0,0x0,
0xb3,0x6,0x0,0x0,0x10,0x21,0x0,0x0,
0x63,0x1,0x0,0x0,0x73,0x10,0x0,0x0,
0x20,0x5,0x0,0x0,0x44,0x19,0x0,0x0,
0x73,0x10,0x0,0x0,0xf0,0xb,0x0,0x0,
0xb3,0x6,0x0,0x0,0x10,0x21,0x0,0x0,
0x63,0x1,0x0,0x0,0x73,0x10,0x0,0x0,
0x20,0x5,0x0,0x0,0x44,0x19,0x0,0x0,
0x63,0x1c,0x0,0x0,0xd3,0x11,0x0,0x0,
0x30,0x22,0x0,0x0,0x73,0x1,0x0,0x0,
0x80,0x1c,0x0,0x0,0x63,0x1,0x0,0x0,
0xf0,0x22,0x0,0x0,0x63,0x1,0x0,0x0,
0x70,0x1c,0x0,0x0,0x63,0x1c,0x0,0x0,
0x63,0x1c,0x0,0x0,0x63,0x1c,0x0,0x0,
0x60,0x1c,0x0,0x0,0x40,0xb,0x0,0x0,
0x33,0x18,0x0,0x0,0xa0,0x21,0x0,0x0,
0x63,0x1,0x0,0x0,0x70,0x1c,0x0,0x0,
0x73,0x1,0x0,0x0,0x30,0x1a,0x0,0x0,
0x63,0x1,0x0,0x0,0xf0,0x22,0x0,0x0,
0x63,0x1,0x0,0x0,0x70,0x1c,0x0,0x0,
0x63,0x1,0x0,0x0,0x80,0x17,0x0,0x0,
0x20,0x23,0x0,0x0,0x63,0x1c,0x0,0x0,
0x63,0x1c,0x0,0x0,0x73,0x1,0x0,0x0,
0x30,0x23,0x0,0x0,0x33,0x18,0x0,0x0,
0xa0,0x21,0x0,0x0,0x33,0x18,0x0,0x0,
0xa0,0x21,0x0,0x0,0x63,0x1,0x0,0x0,
0x40,0x23,0x0,0x0,0x73,0x1,0x0,0x0,
0x20,0x1a,0x0,0x0,0x63,0x1c,0x0,0x0,
0x10,0xf,0x0,0x0,0x33,0x1f,0x0,0x0,
0x40,0x1f,0x0,0x0,0x63,0x1,0x0,0x0,
0x40,0x23,0x0,0x0,0x73,0x1,0x0,0x0,
0x30,0x1a,0x0,0x0,0x63,0x1c,0x0,0x0,
0x10,0xf,0x0,0x0,0x63,0x1,0x0,0x0,
0xb3,0x4,0x0,0x0,0x54,0x17,0x0,0x0,
0xb3,0x4,0x0,0x0,0x54,0x17,0x0,0x0,
0x33,0x18,0x0,0x0,0x93,0x0,0x0,0x0,
0x60,0x17,0x0,0x0,0xc4,0x1c,0x0,0x0,
0x63,0x1,0x0,0x0,0x63,0x1,0x0,0x0,
0xf0,0x22,0x0,0x0,0x33,0x18,0x0,0x0,
0x93,0x0,0x0,0x0,0x60,0x17,0x0,0x0,
0xc4,0x1c,0x0,0x0,0x63,0x1,0x0,0x0,
0x63,0x1,0x0,0x0,0x80,0x17,0x0,0x0,
0xb3,0x4,0x0,0x0,0x54,0x17,0x0,0x0,
0x33,0x18,0x0,0x0,0xf0,0x20,0x0,0x0,
0x33,0x18,0x0,0x0,0x90,0x23,0x0,0x0,
0x33,0x18,0x0,0x0,0xa0,0x23,0x0,0x0,
0x33,0x18,0x0,0x0,0xe0,0x20,0x0,0x0,
0x93,0x0,0x0,0x0,0x64,0x17,0x0,0x0,
0x0,0x21,0x0,0x0,0x33,0x18,0x0,0x0,
0xf0,0x20,0x0,0x0,0x13,0x9,0x0,0x0,
0xb4,0x23,0x0,0x0,0x0,0x21,0x0,0x0,
0x33,0x18,0x0,0x0,0x90,0x23,0x0,0x0,
0x63,0x1,0x0,0x0,0xc4,0x23,0x0,0x0,
0x0,0x21,0x0,0x0,0x33,0x18,0x0,0x0,
0xa0,0x23,0x0,0x0,0x63,0x1,0x0,0x0,
0xd4,0x23,0x0,0x0,0x0,0x21,0x0,0x0,
0x33,0x18,0x0,0x0,0xe0,0x20,0x0,0x0,
0x63,0x1,0x0,0x0,0x44,0x1b,0x0,0x0,
0x63,0x1c,0x0,0x0,0x63,0x1c,0x0,0x0,
0x93,0x0,0x0,0x0,0xb4,0x3,0x0,0x0,
0xd0,0x3,0x0,0x0,0x33,0x18,0x0,0x0,
0x60,0x18,0x0,0x0,0xd0,0x3,0x0,0x0,
0x33,0x18,0x0,0x0,0x40,0x18,0x0,0x0,
0x53,0x16,0x0,0x0,0xe0,0x23,0x0,0x0,
0xf0,0x23,0x0,0x0,0x13,0x17,0x0,0x0,
0x53,0x16,0x0,0x0,0x4,0x24,0x0,0x0,
0x13,0x17,0x0,0x0,0x53,0x16,0x0,0x0,
0x14,0x24,0x0,0x0,0x93,0x0,0x0,0x0,
0x93,0x0,0x0,0x0,0x30,0x2,0x0,0x0,
0xa4,0x2,0x0,0x0,0x53,0x16,0x0,0x0,
0x81,0x1a,0x0,0x0,0x20,0x24,0x0,0x0,
0x30,0x24,0x0,0x0,0x20,0x24,0x0,0x0,
0xf0,0x23,0x0,0x0,0xe0,0x23,0x0,0x0,
0x30,0x24,0x0,0x0,0xe0,0x23,0x0,0x0,
0xf0,0x23,0x0,0x0,0xd0,0x3,0x0,0x0,
0x33,0x18,0x0,0x0,0x40,0x18,0x0,0x0,
0xd0,0x3,0x0,0x0,0x33,0x18,0x0,0x0,
0x60,0x18,0x0,0x0,0xd0,0x3,0x0,0x0,
0x33,0x18,0x0,0x0,0x40,0x18,0x0,0x0,
0x63,0x16,0x0,0x0,0x13,0x17,0x0,0x0,
0x63,0x16,0x0,0x0,0x4,0x24,0x0,0x0,
0x13,0x17,0x0,0x0,0x13,0x17,0x0,0x0,
0x80,0x24,0x0,0x0,0x80,0x5,0x0,0x0,
0x70,0x24,0x0,0x0,0x63,0x16,0x0,0x0,
0x44,0x17,0x0,0x0,0x34,0x17,0x0,0x0,
0x71,0x24,0x0,0x0,0x81,0x1a,0x0,0x0,
0x73,0x16,0x0,0x0,0x13,0x17,0x0,0x0,
0x73,0x16,0x0,0x0,0x4,0x24,0x0,0x0,
0x13,0x17,0x0,0x0,0x13,0x17,0x0,0x0,
0x90,0x24,0x0,0x0,0x70,0xa,0x0,0x0,
0xa0,0x19,0x0,0x0,0x73,0x16,0x0,0x0,
0x44,0x17,0x0,0x0,0x34,0x17,0x0,0x0,
0xa1,0x19,0x0,0x0,0x81,0x1a,0x0,0x0,
0x13,0xe,0x0,0x0,0x93,0x0,0x0,0x0,
0x10,0x2,0x0,0x0,0x13,0x17,0x0,0x0,
0x13,0x17,0x0,0x0,0xb3,0x16,0x0,0x0,
0xa3,0x24,0x0,0x0,0x44,0x17,0x0,0x0,
0x34,0x17,0x0,0x0,0x93,0x0,0x0,0x0,
0xa4,0x2,0x0,0x0,0xa0,0x37,0x0,0x0,
0x0,0x0,0x0,0x0,0x0,0x40,0x5,0xc0,
0x0,0x0,0x0,0x0,0x0,0x40,0xac,0x3f,
0x0,0x0,0x0,0x0,0x0,0x40,0xa2,0x3f,
0x0,0x0,0x0,0x0,0x0,0x40,0xb3,0x3f,
0x0,0x0,0x0,0x0,0x0,0x40,0xb5,0x3f,
0x0,0x0,0x0,0x0,0x0,0x60,0x79,0x3f,
0x0,0x0,0x0,0x0,0x0,0x40,0xbc,0x3f,
0x0,0x0,0x0,0x0,0x0,0x0,0x85,0x3f,
0x0,0x0,0x0,0x0,0x0,0x40,0xd1,0x3f,
0x0,0x0,0x0,0x0,0x0,0x0,0x80,0x3f,
0x0,0x0,0x0,0x0,0x0,0x40,0xdd,0x3f,
0x0,0x0,0x0,0x0,0x0,0x40,0xf5,0x3f,
0x0,0x0,0x0,0x0,0x0,0x40,0x5,0x40,
0x0,0x0,0x0,0x0,0x0,0x40,0xc5,0x3f,
0x0,0x0,0x0,0x0,0x0,0x40,0xf5,0x7f,
0x0,0x0,0x0,0x0,0x0,0x40,0xe5,0x3f,
0x0,0x0,0x0,0x0,0x0,0x10,0x51,0x3f,
0x0,0x0,0x0,0x0,0x0,0x0,0x3a,0x3f,
0x0,0x0,0x0,0x0,0x0,0x0,0x8f,0x3f,
0x0,0x0,0x0,0x0,0x0,0x40,0xb7,0x3f,
0x0,0x0,0x0,0x0,0x0,0x40,0xbb,0x3f,
0x0,0x0,0x0,0x0,0x0,0x40,0xa1,0x3f,
0x0,0x0,0x0,0x0,0x0,0x0,0x75,0x3f,
0x33,0x33,0x33,0x33,0x33,0x73,0x16,0x40,
0x0,0x0,0x0,0x0,0x0,0x40,0xe1,0x3f,
0x0,0x0,0x0,0x0,0x0,0x40,0xdf,0x3f,
0x0,0x0,0x0,0x0,0x0,0x40,0xc1,0x3f,
0x0,0x0,0x0,0x0,0x0,0x40,0xa5,0x3f,
0x9a,0x99,0x99,0x99,0x99,0xd9,0x2c,0x40,
0x0,0x0,0x0,0x0,0x0,0x40,0xc7,0x3f,
0x0,0x0,0x0,0x0,0x0,0x0,0x7a,0x3f,
0x32,0x0,0x0,0x0,0x0,0xc0,0x3,0x0,
0x2c,0x1,0x0,0x0,0x0,0xc0,0x3,0x0,
0x1,0x0,0x0,0x0,0x0,0xc0,0x3,0x0,
0x0,0x0,0x0,0x0,0x0,0xc0,0x3,0x0,
0x1e,0x0,0x0,0x0,0x0,0xc0,0x3,0x0,
0x6,0x0,0x0,0x0,0x0,0xc0,0x3,0x0,
0x0,0x0,0x0,0x0,0x0,0x80,0x3,0x0,
0xff,0xff,0xff,0xff,0x0,0xc0,0x3,0x0,
0x0,0x0,0x0,0x0,0x0,0x40,0x15,0x40,
0x1,0x0,0x0,0x0,0x0,0x80,0x3,0x0,
0x33,0x33,0x33,0x33,0x33,0x73,0x1e,0x40,
0xcd,0xcc,0xcc,0xcc,0xcc,0x8c,0x29,0x40,
0x33,0x33,0x33,0x33,0x33,0x73,0x36,0x40,
0x7b,0x14,0xae,0x47,0xe1,0x3a,0x31,0x40,
0x9a,0x99,0x99,0x99,0x99,0xd9,0x14,0x40,
0xb8,0x1e,0x85,0xeb,0x51,0xf8,0x4b,0x40,
0x16,0x0,0x0,0x0,0x0,0xc0,0x3,0x0,
0x8,0x0,0x0,0x0,0x0,0xc0,0x3,0x0,
0xd,0x0,0x0,0x0,0x0,0xc0,0x3,0x0,
0xc,0x0,0x0,0x0,0x0,0xc0,0x3,0x0,
0xb,0x0,0x0,0x0,0x0,0xc0,0x3,0x0,
0x2,0x0,0x0,0x0,0x0,0xc0,0x3,0x0,
0x4,0x0,0x0,0x0,0x0,0xc0,0x3,0x0,
0x66,0x66,0x66,0x66,0x66,0x26,0x3,0x40,
0x7,0x0,0x0,0x0,0x0,0xc0,0x3,0x0,
0x5,0x0,0x0,0x0,0x0,0xc0,0x3,0x0,
0x22,0x0,0x0,0x0,0x0,0xc0,0x3,0x0,
0x54,0x0,0x0,0x0,0x0,0xc0,0x3,0x0,
0x4c,0x0,0x0,0x0,0x0,0xc0,0x3,0x0,
0x20,0x0,0x0,0x0,0x0,0xc0,0x3,0x0,
0x14,0x0,0x0,0x0,0x0,0xc0,0x3,0x0,
0x12,0x0,0x0,0x0,0x0,0xc0,0x3,0x0,
0xd0,0x25,0x0,0x0,0xd8,0x25,0x0,0x0,
0x1,0x0,0x0,0x0,0x13,0x2,0x0,0x0,
0x1,0x0,0x0,0x0,0x13,0x2,0x0,0x0,
0x44,0x0,0x0,0x0,0xf,0x0,0x0,0x0,
0x22,0x0,0x0,0x0,0x0,0x0,0x0,0x0,
0x38,0x0,0x0,0x0,0x0,0x0,0x0,0x0,
0x38,0x0,0x0,0x0,0x0,0x0,0x1,0x0,
0xff,0xff,0xff,0xff,0x7,0x0,0x0,0x0,
0x26,0x0,0x50,0x0,0x0,0x0,0x0,0x0,
0x0,0x0,0x7,0x0,0x0,0x0,0x0,0x0,
0x0,0x0,0x0,0x0,0x26,0x0,0x0,0x0,
0x1,0x0,0x0,0x0,0x2e,0x0,0x50,0x6,
0x2e,0x1,0x3c,0x2,0x4c,0x2,0x10,0x64,
0x18,0x6,0x2,0x0,0x0,0x0,0x0,0x0,
0x44,0x0,0x0,0x0,0x5,0x0,0x0,0x0,
0x24,0x0,0x0,0x0,0x0,0x0,0x0,0x0,
0x38,0x0,0x0,0x0,0x0,0x0,0x0,0x0,
0x38,0x0,0x0,0x0,0x0,0x0,0x1,0x0,
0xff,0xff,0xff,0xff,0x7,0x0,0x0,0x0,
0x27,0x0,0x50,0x0,0x0,0x0,0x0,0x0,
0x0,0x0,0x7,0x0,0x0,0x0,0x0,0x0,
0x0,0x0,0x0,0x0,0x27,0x0,0x0,0x0,
0x1,0x0,0x0,0x0,0x2e,0x3,0x18,0x6,
0x2,0x0,0x0,0x0,0x0,0x0,0x0,0x0,
0x44,0x0,0x0,0x0,0xb,0x0,0x0,0x0,
0x29,0x0,0x0,0x0,0x0,0x0,0x0,0x0,
0x38,0x0,0x0,0x0,0x0,0x0,0x0,0x0,
0x38,0x0,0x0,0x0,0x0,0x0,0x1,0x0,
0xff,0xff,0xff,0xff,0x8,0x0,0x0,0x0,
0x2c,0x0,0x50,0x0,0x0,0x0,0x0,0x0,
0x0,0x0,0x7,0x0,0x0,0x0,0x0,0x0,
0x0,0x0,0x0,0x0,0x2c,0x0,0x0,0x0,
0x1,0x0,0x0,0x0,0x2e,0x4,0x18,0x7,
0x10,0x64,0x9e,0x7,0x18,0x6,0x2,0x0,
0x0,0x0,0x0,0x0,0x0,0x0,0x0,0x0,
0x88,0x0,0x0,0x0,0x51,0x0,0x0,0x0,
0x2a,0x0,0x0,0x0,0x1,0x0,0x1,0x0,
0x38,0x0,0x0,0x0,0x0,0x0,0x0,0x0,
0x40,0x0,0x0,0x0,0x0,0x0,0x6,0x0,
0xff,0xff,0xff,0xff,0x17,0x0,0x0,0x0,
0x2e,0x0,0x50,0x0,0x0,0x0,0x0,0x0,
0x0,0x0,0x9,0x0,0x0,0x0,0x0,0x0,
0x2b,0x0,0x0,0x0,0x0,0x0,0x0,0x0,
0x0,0x0,0x0,0x0,0x2f,0x0,0x0,0x0,
0x1,0x0,0x0,0x0,0x36,0x0,0x0,0x0,
0x30,0x0,0x0,0x0,0x2,0x0,0x0,0x0,
0x40,0x0,0x0,0x0,0x30,0x0,0x0,0x0,
0x3,0x0,0x0,0x0,0x42,0x0,0x0,0x0,
0x31,0x0,0x0,0x0,0x5,0x0,0x0,0x0,
0x46,0x0,0x0,0x0,0x32,0x0,0x0,0x0,
0x7,0x0,0x0,0x0,0x4f,0x0,0x0,0x0,
0x33,0x0,0x0,0x0,0x7,0x0,0x0,0x0,
0x2e,0x5,0x18,0x9,0x2e,0x6,0x18,0xd,
0x14,0x1f,0x10,0x2e,0x7,0x18,0x12,0x14,
0x20,0x15,0x1a,0x6,0x16,0xac,0x8,0x12,
0x2,0x15,0x18,0x11,0xac,0x9,0xd,0x2,
0x10,0x18,0xd,0x10,0x5,0x9e,0xd,0x18,
0xc,0xac,0xa,0x9,0x1,0xc,0x18,0x9,
0x10,0x5,0x9c,0x9,0x18,0x8,0x2e,0xb,
0x18,0x9,0x16,0x8,0x6c,0x9,0x50,0x2,
0xe,0x2,0x16,0x8,0x30,0x23,0x2e,0xc,
0x18,0x9,0xac,0xd,0x9,0x0,0x0,0xe,
0x2,0x0,0x0,0x0,0x0,0x0,0x0,0x0,
0x44,0x0,0x0,0x0,0x10,0x0,0x0,0x0,
0x2c,0x0,0x0,0x0,0x0,0x0,0x0,0x0,
0x38,0x0,0x0,0x0,0x0,0x0,0x0,0x0,
0x38,0x0,0x0,0x0,0x0,0x0,0x1,0x0,
0xff,0xff,0xff,0xff,0xb,0x0,0x0,0x0,
0x34,0x0,0x50,0x0,0x0,0x0,0x0,0x0,
0x0,0x0,0x7,0x0,0x0,0x0,0x0,0x0,
0x0,0x0,0x0,0x0,0x34,0x0,0x0,0x0,
0x2,0x0,0x0,0x0,0x2e,0xe,0x18,0xa,
0x10,0xa,0x80,0xa,0x18,0x9,0xb4,0xf,
0x1,0x9,0xe,0x2,0x0,0x0,0x0,0x0,
0x44,0x0,0x0,0x0,0x10,0x0,0x0,0x0,
0x2d,0x0,0x0,0x0,0x0,0x0,0x0,0x0,
0x38,0x0,0x0,0x0,0x0,0x0,0x0,0x0,
0x38,0x0,0x0,0x0,0x0,0x0,0x1,0x0,
0xff,0xff,0xff,0xff,0xb,0x0,0x0,0x0,
0x35,0x0,0x50,0x0,0x0,0x0,0x0,0x0,
0x0,0x0,0x7,0x0,0x0,0x0,0x0,0x0,
0x0,0x0,0x0,0x0,0x35,0x0,0x0,0x0,
0x2,0x0,0x0,0x0,0x2e,0x10,0x18,0xa,
0x10,0xa,0xa2,0xa,0x18,0x9,0xb4,0x11,
0x1,0x9,0xe,0x2,0x0,0x0,0x0,0x0,
0x44,0x0,0x0,0x0,0x14,0x0,0x0,0x0,
0x2e,0x0,0x0,0x0,0x0,0x0,0x0,0x0,
0x38,0x0,0x0,0x0,0x0,0x0,0x0,0x0,
0x38,0x0,0x0,0x0,0x0,0x0,0x1,0x0,
0xff,0xff,0xff,0xff,0xa,0x0,0x0,0x0,
0x36,0x0,0x50,0x0,0x0,0x0,0x0,0x0,
0x0,0x0,0x7,0x0,0x0,0x0,0x0,0x0,
0x0,0x0,0x0,0x0,0x36,0x0,0x0,0x0,
0x2,0x0,0x0,0x0,0x2e,0x12,0x50,0x6,
0x2e,0x13,0x3c,0x14,0x4c,0x2,0x10,0x64,
0x18,0x9,0xb4,0x15,0x1,0x9,0xe,0x2,
0x0,0x0,0x0,0x0,0x0,0x0,0x0,0x0,
0x50,0x0,0x0,0x0,0xb,0x0,0x0,0x0,
0x35,0x0,0x0,0x0,0x0,0x0,0x0,0x0,
0x38,0x0,0x0,0x0,0x0,0x0,0x0,0x0,
0x38,0x0,0x0,0x0,0x0,0x0,0x2,0x0,
0xff,0xff,0xff,0xff,0xa,0x0,0x0,0x0,
0x41,0x0,0x50,0x0,0x0,0x0,0x0,0x0,
0x0,0x0,0x7,0x0,0x0,0x0,0x0,0x0,
0x0,0x0,0x0,0x0,0x42,0x0,0x0,0x0,
0x2,0x0,0x0,0x0,0x9,0x0,0x0,0x0,
0x43,0x0,0x0,0x0,0x2,0x0,0x0,0x0,
0x2e,0x16,0x18,0x7,0xac,0x17,0x7,0x0,
0x0,0xe,0x2,0x0,0x0,0x0,0x0,0x0,
0x50,0x0,0x0,0x0,0xb,0x0,0x0,0x0,
0x36,0x0,0x0,0x0,0x0,0x0,0x0,0x0,
0x38,0x0,0x0,0x0,0x0,0x0,0x0,0x0,
0x38,0x0,0x0,0x0,0x0,0x0,0x2,0x0,
0xff,0xff,0xff,0xff,0xa,0x0,0x0,0x0,
0x45,0x0,0x50,0x0,0x0,0x0,0x0,0x0,
0x0,0x0,0x7,0x0,0x0,0x0,0x0,0x0,
0x0,0x0,0x0,0x0,0x46,0x0,0x0,0x0,
0x2,0x0,0x0,0x0,0x9,0x0,0x0,0x0,
0x47,0x0,0x0,0x0,0x2,0x0,0x0,0x0,
0x2e,0x18,0x18,0x7,0xac,0x19,0x7,0x0,
0x0,0xe,0x2,0x0,0x0,0x0,0x0,0x0,
0x44,0x0,0x0,0x0,0x19,0x0,0x0,0x0,
0x37,0x0,0x0,0x0,0x0,0x0,0x0,0x0,
0x38,0x0,0x0,0x0,0x0,0x0,0x0,0x0,
0x38,0x0,0x0,0x0,0x0,0x0,0x1,0x0,
0xff,0xff,0xff,0xff,0xa,0x0,0x0,0x0,
0x49,0x0,0x50,0x0,0x0,0x0,0x0,0x0,
0x0,0x0,0x7,0x0,0x0,0x0,0x0,0x0,
0x0,0x0,0x0,0x0,0x4a,0x0,0x0,0x0,
0x1,0x0,0x0,0x0,0x2e,0x1a,0x50,0x13,
0x2e,0x1b,0x3c,0x1c,0x50,0xd,0x2e,0x1d,
0x3c,0x1e,0x18,0x7,0xac,0x1f,0x7,0x0,
0x0,0x4c,0x1,0x6,0x2,0x0,0x0,0x0,
0x0,0x0,0x0,0x0,0x0,0x0,0x0,0x0,
0xa4,0x0,0x0,0x0,0x52,0x0,0x0,0x0,
0x38,0x0,0x0,0x0,0x0,0x0,0x0,0x0,
0x38,0x0,0x0,0x0,0x0,0x0,0x0,0x0,
0x38,0x0,0x0,0x0,0x0,0x0,0x9,0x0,
0xff,0xff,0xff,0xff,0x10,0x0,0x0,0x0,
0x4d,0x0,0x50,0x0,0x0,0x0,0x0,0x0,
0x0,0x0,0xa,0x0,0x0,0x0,0x0,0x0,
0x0,0x0,0x0,0x0,0x4e,0x0,0x0,0x0,
0x1,0x0,0x0,0x0,0x6,0x0,0x0,0x0,
0x4f,0x0,0x0,0x0,0x2,0x0,0x0,0x0,
0xb,0x0,0x0,0x0,0x50,0x0,0x0,0x0,
0x5,0x0,0x0,0x0,0xf,0x0,0x0,0x0,
0x51,0x0,0x0,0x0,0x6,0x0,0x0,0x0,
0x11,0x0,0x0,0x0,0x53,0x0,0x0,0x0,
0x7,0x0,0x0,0x0,0x24,0x0,0x0,0x0,
0x54,0x0,0x0,0x0,0x9,0x0,0x0,0x0,
0x32,0x0,0x0,0x0,0x55,0x0,0x0,0x0,
0xa,0x0,0x0,0x0,0x43,0x0,0x0,0x0,
0x56,0x0,0x0,0x0,0xc,0x0,0x0,0x0,
0x4f,0x0,0x0,0x0,0x58,0x0,0x0,0x0,
0xc,0x0,0x0,0x0,0xb4,0x20,0x0,0x0,
0x18,0x7,0x6,0x6a,0x7,0x50,0x6,0x10,
0xff,0x30,0x1d,0xe,0x2,0x2e,0x21,0x18,
0xa,0x6,0x68,0xa,0x4e,0xa,0x2e,0x22,
0x18,0xb,0x16,0x7,0x66,0xb,0x50,0x2b,
0x2e,0x23,0x50,0x6,0x2e,0x24,0x3c,0x25,
0x4c,0x2,0x12,0x0,0x18,0x9,0x50,0xb,
0x2e,0x26,0x18,0xc,0xac,0x27,0xc,0x1,
0x9,0x4c,0x2,0x10,0xff,0x18,0x8,0x6,
0x66,0x8,0x50,0x4,0x16,0x8,0x4c,0x1,
0x6,0x30,0x1d,0x16,0x6,0x2,0x0,0x0,
0x0,0x0,0x0,0x0,0x0,0x0,0x0,0x0,
0x0,0x0,0x0,0x0,0x0,0x0,0x0,0x0,
0x88,0x0,0x0,0x0,0x3e,0x0,0x0,0x0,
0x39,0x0,0x0,0x0,0x1,0x0,0x1,0x0,
0x38,0x0,0x0,0x0,0x0,0x0,0x0,0x0,
0x40,0x0,0x0,0x0,0x0,0x0,0x6,0x0,
0xff,0xff,0xff,0xff,0xe,0x0,0x0,0x0,
0x5a,0x0,0x50,0x0,0x0,0x0,0x0,0x0,
0x0,0x0,0x8,0x0,0x0,0x0,0x0,0x0,
0x3a,0x0,0x0,0x0,0x0,0x0,0x0,0x0,
0x0,0x0,0x0,0x0,0x5b,0x0,0x0,0x0,
0x1,0x0,0x0,0x0,0x5,0x0,0x0,0x0,
0x5b,0x0,0x0,0x0,0x2,0x0,0x0,0x0,
0x7,0x0,0x0,0x0,0x5c,0x0,0x0,0x0,
0x3,0x0,0x0,0x0,0x16,0x0,0x0,0x0,
0x5c,0x0,0x0,0x0,0x5,0x0,0x0,0x0,
0x2a,0x0,0x0,0x0,0x5d,0x0,0x0,0x0,
0x7,0x0,0x0,0x0,0x3c,0x0,0x0,0x0,
0x5e,0x0,0x0,0x0,0x7,0x0,0x0,0x0,
0x6,0x68,0x6,0x50,0x2,0xe,0x2,0x2e,
0x28,0x3c,0x29,0x18,0x8,0x13,0x7d,0x1,
0x0,0x0,0x6c,0x8,0x50,0x14,0x2e,0x2a,
0x18,0x9,0x1a,0x6,0xc,0x2e,0x2b,0x3c,
0x2c,0x18,0xd,0xac,0x2d,0x9,0x2,0xc,
0x4c,0x12,0x2e,0x2e,0x18,0x9,0x1a,0x6,
0xc,0x2e,0x2f,0x3c,0x30,0x18,0xd,0xac,
0x31,0x9,0x2,0xc,0xe,0x2,0x0,0x0,
0x74,0x0,0x0,0x0,0x27,0x0,0x0,0x0,
0x3b,0x0,0x0,0x0,0x0,0x0,0x0,0x0,
0x38,0x0,0x0,0x0,0x0,0x0,0x0,0x0,
0x38,0x0,0x0,0x0,0x0,0x0,0x5,0x0,
0xff,0xff,0xff,0xff,0x8,0x0,0x0,0x0,
0x60,0x0,0x50,0x0,0x0,0x0,0x0,0x0,
0x0,0x0,0x7,0x0,0x0,0x0,0x0,0x0,
0x0,0x0,0x0,0x0,0x61,0x0,0x0,0x0,
0x1,0x0,0x0,0x0,0xf,0x0,0x0,0x0,
0x61,0x0,0x0,0x0,0x2,0x0,0x0,0x0,
0x12,0x0,0x0,0x0,0x62,0x0,0x0,0x0,
0x3,0x0,0x0,0x0,0x21,0x0,0x0,0x0,
0x62,0x0,0x0,0x0,0x4,0x0,0x0,0x0,
0x24,0x0,0x0,0x0,0x63,0x0,0x0,0x0,
0x5,0x0,0x0,0x0,0x2e,0x32,0x3c,0x33,
0x18,0x7,0x13,0x7d,0x1,0x0,0x0,0x6c,
0x7,0x50,0x3,0x2e,0x34,0x2,0x2e,0x35,
0x3c,0x36,0x18,0x7,0x13,0x80,0x1,0x0,
0x0,0x6c,0x7,0x50,0x3,0x2e,0x37,0x2,
0x2e,0x38,0x2,0x0,0x0,0x0,0x0,0x0,
0x2c,0x1,0x0,0x0,0x97,0x0,0x0,0x0,
0x3c,0x0,0x0,0x0,0x2,0x0,0x2,0x0,
0x38,0x0,0x0,0x0,0x0,0x0,0x0,0x0,
0x48,0x0,0x0,0x0,0x0,0x0,0x13,0x0,
0xff,0xff,0xff,0xff,0x12,0x0,0x0,0x0,
0x66,0x0,0x50,0x0,0x0,0x0,0x0,0x0,
0x0,0x0,0xc,0x0,0x0,0x0,0x0,0x0,
0x3a,0x0,0x0,0x0,0x0,0x0,0x0,0x0,
0x3d,0x0,0x0,0x0,0x0,0x0,0x0,0x0,
0x0,0x0,0x0,0x0,0x67,0x0,0x0,0x0,
0x1,0x0,0x0,0x0,0x6,0x0,0x0,0x0,
0x68,0x0,0x0,0x0,0x2,0x0,0x0,0x0,
0x11,0x0,0x0,0x0,0x68,0x0,0x0,0x0,
0x3,0x0,0x0,0x0,0x13,0x0,0x0,0x0,
0x69,0x0,0x0,0x0,0x4,0x0,0x0,0x0,
0x17,0x0,0x0,0x0,0x6a,0x0,0x0,0x0,
0x6,0x0,0x0,0x0,0x1b,0x0,0x0,0x0,
0x6b,0x0,0x0,0x0,0x7,0x0,0x0,0x0,
0x26,0x0,0x0,0x0,0x6c,0x0,0x0,0x0,
0x8,0x0,0x0,0x0,0x34,0x0,0x0,0x0,
0x6c,0x0,0x0,0x0,0x9,0x0,0x0,0x0,
0x36,0x0,0x0,0x0,0x6d,0x0,0x0,0x0,
0xa,0x0,0x0,0x0,0x41,0x0,0x0,0x0,
0x6e,0x0,0x0,0x0,0xc,0x0,0x0,0x0,
0x4a,0x0,0x0,0x0,0x6e,0x0,0x0,0x0,
0xe,0x0,0x0,0x0,0x57,0x0,0x0,0x0,
0x6f,0x0,0x0,0x0,0x10,0x0,0x0,0x0,
0x6a,0x0,0x0,0x0,0x70,0x0,0x0,0x0,
0x11,0x0,0x0,0x0,0x75,0x0,0x0,0x0,
0x71,0x0,0x0,0x0,0x14,0x0,0x0,0x0,
0x7e,0x0,0x0,0x0,0x72,0x0,0x0,0x0,
0x16,0x0,0x0,0x0,0x84,0x0,0x0,0x0,
0x74,0x0,0x0,0x0,0x19,0x0,0x0,0x0,
0x8d,0x0,0x0,0x0,0x75,0x0,0x0,0x0,
0x1b,0x0,0x0,0x0,0x91,0x0,0x0,0x0,
0x77,0x0,0x0,0x0,0x1d,0x0,0x0,0x0,
0x95,0x0,0x0,0x0,0x78,0x0,0x0,0x0,
0x1d,0x0,0x0,0x0,0xb4,0x39,0x0,0x0,
0x18,0x9,0x6,0x68,0x6,0x4e,0x6,0x16,
0x9,0x66,0x6,0x50,0x2,0xe,0x2,0x2e,
0x3a,0x18,0xb,0x16,0x6,0x30,0x1d,0x2e,
0x3b,0x18,0xc,0xac,0x3c,0xc,0x1,0x6,
0x18,0xa,0x74,0x4e,0xb,0x16,0xa,0x3c,
0x3d,0x18,0xc,0x6,0x6c,0xc,0x50,0x2,
0xe,0x2,0x1a,0x7,0xc,0x2e,0x3e,0x3c,
0x3f,0x82,0xc,0x50,0x29,0x2e,0x40,0x18,
0xd,0x6,0x68,0xd,0x50,0xd,0x6,0x66,
0xb,0x50,0x4,0x16,0xb,0x4c,0x2,0x2e,
0x41,0x30,0x1e,0x2e,0x42,0x18,0xd,0x2e,
0x43,0x18,0x10,0x2e,0x44,0x18,0x11,0xac,
0x45,0xd,0x2,0x10,0x4c,0x27,0x1a,0x7,
0xd,0x2e,0x46,0x3c,0x47,0x82,0xd,0x50,
0xf,0x2e,0x48,0x18,0xe,0xac,0x49,0xe,
0x1,0xa,0x2e,0x4a,0x30,0x1e,0x4c,0xd,
0x2e,0x4b,0x18,0xe,0xac,0x4c,0xe,0x1,
0xa,0x2e,0x4d,0x30,0x1e,0xb4,0x4e,0x1,
0x6,0xe,0x2,0x0,0x0,0x0,0x0,0x0,
0x0,0x0,0x0,0x0,0x0,0x0,0x0,0x0,
0xcc,0x0,0x0,0x0,0x3a,0x0,0x0,0x0,
0x3e,0x0,0x0,0x0,0x2,0x0,0x2,0x0,
0x38,0x0,0x0,0x0,0x0,0x0,0x0,0x0,
0x48,0x0,0x0,0x0,0x0,0x0,0xb,0x0,
0xff,0xff,0xff,0xff,0xf,0x0,0x0,0x0,
0x7a,0x0,0x50,0x0,0x0,0x0,0x0,0x0,
0x0,0x0,0xb,0x0,0x0,0x0,0x0,0x0,
0x3f,0x0,0x0,0x0,0x0,0x0,0x0,0x0,
0x3d,0x0,0x0,0x0,0x0,0x0,0x0,0x0,
0x0,0x0,0x0,0x0,0x7b,0x0,0x0,0x0,
0x1,0x0,0x0,0x0,0x6,0x0,0x0,0x0,
0x7c,0x0,0x0,0x0,0x2,0x0,0x0,0x0,
0xb,0x0,0x0,0x0,0x7c,0x0,0x0,0x0,
0x3,0x0,0x0,0x0,0xd,0x0,0x0,0x0,
0x7d,0x0,0x0,0x0,0x5,0x0,0x0,0x0,
0x11,0x0,0x0,0x0,0x7e,0x0,0x0,0x0,
0x6,0x0,0x0,0x0,0x1b,0x0,0x0,0x0,
0x7f,0x0,0x0,0x0,0x7,0x0,0x0,0x0,
0x20,0x0,0x0,0x0,0x7f,0x0,0x0,0x0,
0x9,0x0,0x0,0x0,0x23,0x0,0x0,0x0,
0x80,0x0,0x0,0x0,0xa,0x0,0x0,0x0,
0x29,0x0,0x0,0x0,0x80,0x0,0x0,0x0,
0xc,0x0,0x0,0x0,0x2e,0x0,0x0,0x0,
0x81,0x0,0x0,0x0,0xe,0x0,0x0,0x0,
0x38,0x0,0x0,0x0,0x82,0x0,0x0,0x0,
0xe,0x0,0x0,0x0,0xb4,0x4f,0x0,0x0,
0x18,0x9,0x6,0x6a,0x9,0x50,0x2,0xe,
0x2,0xb4,0x50,0x0,0x0,0x2e,0x51,0x18,
0xb,0x16,0x6,0x80,0xb,0x18,0xa,0x6,
0x68,0xa,0x50,0x3,0x6,0x18,0xa,0x16,
0x9,0x66,0xa,0x50,0x5,0x16,0x9,0x7e,
0x18,0xa,0x1a,0xa,0xd,0x1a,0x7,0xe,
0xb4,0x52,0x2,0xd,0xe,0x2,0x0,0x0,
0x0,0x0,0x0,0x0,0x0,0x0,0x0,0x0,
0x94,0x0,0x0,0x0,0x4e,0x0,0x0,0x0,
0x40,0x0,0x0,0x0,0x1,0x0,0x1,0x0,
0x38,0x0,0x0,0x0,0x0,0x0,0x0,0x0,
0x40,0x0,0x0,0x0,0x0,0x0,0x7,0x0,
0xff,0xff,0xff,0xff,0xd,0x0,0x0,0x0,
0x84,0x0,0x50,0x0,0x0,0x0,0x0,0x0,
0x0,0x0,0x8,0x0,0x0,0x0,0x0,0x0,
0x41,0x0,0x0,0x0,0x0,0x0,0x0,0x0,
0x0,0x0,0x0,0x0,0x85,0x0,0x0,0x0,
0x1,0x0,0x0,0x0,0xc,0x0,0x0,0x0,
0x86,0x0,0x0,0x0,0x4,0x0,0x0,0x0,
0x1a,0x0,0x0,0x0,0x88,0x0,0x0,0x0,
0x7,0x0,0x0,0x0,0x23,0x0,0x0,0x0,
0x89,0x0,0x0,0x0,0x9,0x0,0x0,0x0,
0x2b,0x0,0x0,0x0,0x8b,0x0,0x0,0x0,
0xa,0x0,0x0,0x0,0x35,0x0,0x0,0x0,
0x8c,0x0,0x0,0x0,0xd,0x0,0x0,0x0,
0x4c,0x0,0x0,0x0,0x8e,0x0,0x0,0x0,
0xd,0x0,0x0,0x0,0x2e,0x53,0x3c,0x54,
0x18,0x8,0x16,0x6,0x6c,0x8,0x50,0xe,
0x2e,0x55,0x18,0x9,0x2e,0x56,0x3c,0x57,
0x74,0x42,0x58,0x9,0x4c,0x11,0x2e,0x59,
0x18,0x9,0x16,0x6,0x42,0x5a,0x9,0x2e,
0x5b,0x18,0x9,0x8,0x42,0x5c,0x9,0x2e,
0x5d,0x50,0x1d,0x2e,0x5e,0x3c,0x5f,0x50,
0x17,0x2e,0x60,0x3c,0x61,0x18,0x8,0x2e,
0x62,0x3c,0x63,0x18,0xb,0x2e,0x64,0x3c,
0x65,0x18,0xc,0xac,0x66,0x8,0x2,0xb,
0xe,0x2,0x0,0x0,0x0,0x0,0x0,0x0,
0x0,0x0,0x0,0x0,0x0,0x0,0x0,0x0,
0x50,0x0,0x0,0x0,0x29,0x0,0x0,0x0,
0x42,0x0,0x0,0x0,0x0,0x0,0x0,0x0,
0x38,0x0,0x0,0x0,0x0,0x0,0x0,0x0,
0x38,0x0,0x0,0x0,0x0,0x0,0x2,0x0,
0xff,0xff,0xff,0xff,0xd,0x0,0x0,0x0,
0x90,0x0,0x50,0x0,0x0,0x0,0x0,0x0,
0x0,0x0,0x8,0x0,0x0,0x0,0x0,0x0,
0x0,0x0,0x0,0x0,0x91,0x0,0x0,0x0,
0x1,0x0,0x0,0x0,0x19,0x0,0x0,0x0,
0x92,0x0,0x0,0x0,0x2,0x0,0x0,0x0,
0x2e,0x67,0x18,0x8,0x2e,0x68,0x3c,0x69,
0x18,0xc,0x2e,0x6a,0x3c,0x6b,0x9e,0xc,
0x18,0xb,0xac,0x6c,0x8,0x1,0xb,0x18,
0x7,0x2e,0x6d,0x18,0x8,0x14,0x21,0xb,
0x1a,0x7,0xc,0xac,0x6e,0x8,0x2,0xb,
0x2,0x0,0x0,0x0,0x0,0x0,0x0,0x0,
0xd8,0x0,0x0,0x0,0x9a,0x0,0x0,0x0,
0x43,0x0,0x0,0x0,0x0,0x0,0x0,0x0,
0x38,0x0,0x0,0x0,0x0,0x0,0x0,0x0,
0x38,0x0,0x0,0x0,0x0,0x0,0xd,0x0,
0xff,0xff,0xff,0xff,0x10,0x0,0x0,0x0,
0x95,0x0,0x50,0x0,0x1,0x0,0x0,0x0,
0x0,0x0,0x7,0x0,0x1,0x0,0x0,0x0,
0x0,0x0,0x0,0x0,0x96,0x0,0x0,0x0,
0x1,0x0,0x0,0x0,0x5,0x0,0x0,0x0,
0x96,0x0,0x0,0x0,0x2,0x0,0x0,0x0,
0x7,0x0,0x0,0x0,0x97,0x0,0x0,0x0,
0x3,0x0,0x0,0x0,0xc,0x0,0x0,0x0,
0x98,0x0,0x0,0x0,0x4,0x0,0x0,0x0,
0x20,0x0,0x0,0x0,0x98,0x0,0x0,0x0,
0x5,0x0,0x0,0x0,0x24,0x0,0x0,0x0,
0x99,0x0,0x0,0x0,0x6,0x0,0x0,0x0,
0x3f,0x0,0x0,0x0,0x9a,0x0,0x0,0x0,
0x7,0x0,0x0,0x0,0x51,0x0,0x0,0x0,
0x9b,0x0,0x0,0x0,0xa,0x0,0x0,0x0,
0x5d,0x0,0x0,0x0,0x9d,0x0,0x0,0x0,
0xb,0x0,0x0,0x0,0x65,0x0,0x0,0x0,
0x9e,0x0,0x0,0x0,0xc,0x0,0x0,0x0,
0x70,0x0,0x0,0x0,0x9f,0x0,0x0,0x0,
0xf,0x0,0x0,0x0,0x79,0x0,0x0,0x0,
0xa0,0x0,0x0,0x0,0x11,0x0,0x0,0x0,
0x98,0x0,0x0,0x0,0xa2,0x0,0x0,0x0,
0x11,0x0,0x0,0x0,0x13,0x0,0x0,0x0,
0x2e,0x6f,0x74,0x50,0x2,0xe,0x2,0xe8,
0x0,0x0,0x18,0x7,0x1,0x2,0x8,0x1,
0x6,0x18,0x8,0x1a,0x8,0x9,0x2e,0x70,
0x3c,0x71,0x3c,0x72,0x68,0x9,0x50,0x45,
0x1,0x2,0xa,0x1,0x2e,0x73,0x3c,0x74,
0x18,0xb,0x2e,0x75,0x3c,0x76,0x18,0xf,
0x16,0x8,0xc2,0x0,0x34,0xf,0x18,0xe,
0xac,0x77,0xb,0x1,0xe,0x18,0xa,0x2e,
0x78,0x18,0xb,0xac,0x79,0xb,0x1,0xa,
0x3c,0x7a,0x18,0xb,0x6,0x64,0xb,0x50,
0xc,0x16,0xa,0xc3,0x90,0x1,0x0,0x0,
0xac,0x7b,0x7,0x1,0xa,0x16,0x8,0x7c,
0x18,0x8,0x56,0x4c,0xae,0x16,0x7,0x3c,
0x7c,0x18,0x8,0x6,0x64,0x8,0x50,0x28,
0x2e,0x7d,0x18,0x9,0x2e,0x7e,0x42,0x7f,
0x9,0x2f,0x80,0x0,0x0,0x0,0x18,0x9,
0x16,0x7,0xc3,0x93,0x1,0x0,0x0,0xad,
0x81,0x0,0x0,0x0,0x9,0x0,0x0,0x0,
0x1,0x0,0x0,0x0,0x7,0x0,0x0,0x0,
0xe,0x2,0x0,0x0,0x0,0x0,0x0,0x0,
0x0,0x0,0x0,0x0,0x0,0x0,0x0,0x0,
0x8c,0x0,0x0,0x0,0x77,0x0,0x0,0x0,
0x44,0x0,0x0,0x0,0x0,0x0,0x0,0x0,
0x38,0x0,0x0,0x0,0x0,0x0,0x0,0x0,
0x38,0x0,0x0,0x0,0x0,0x0,0x7,0x0,
0xff,0xff,0xff,0xff,0xd,0x0,0x0,0x0,
0xa4,0x0,0x50,0x0,0x0,0x0,0x0,0x0,
0x0,0x0,0x8,0x0,0x0,0x0,0x0,0x0,
0x0,0x0,0x0,0x0,0xa5,0x0,0x0,0x0,
0x1,0x0,0x0,0x0,0xc,0x0,0x0,0x0,
0xa6,0x0,0x0,0x0,0x2,0x0,0x0,0x0,
0x1d,0x0,0x0,0x0,0xa7,0x0,0x0,0x0,
0x5,0x0,0x0,0x0,0x2a,0x0,0x0,0x0,
0xa8,0x0,0x0,0x0,0x7,0x0,0x0,0x0,
0x4b,0x0,0x0,0x0,0xaa,0x0,0x0,0x0,
0x8,0x0,0x0,0x0,0x5d,0x0,0x0,0x0,
0xaa,0x0,0x0,0x0,0xa,0x0,0x0,0x0,
0x75,0x0,0x0,0x0,0xab,0x0,0x0,0x0,
0xa,0x0,0x0,0x0,0x2f,0x82,0x0,0x0,
0x0,0x3d,0x83,0x0,0x0,0x0,0x18,0x7,
0x74,0x4e,0xe,0x16,0x7,0x3d,0x84,0x0,
0x0,0x0,0x18,0x8,0x6,0x6c,0x8,0x50,
0x2e,0xb5,0x85,0x0,0x0,0x0,0x0,0x0,
0x0,0x0,0x0,0x0,0x0,0x0,0x2f,0x86,
0x0,0x0,0x0,0x18,0x9,0x2f,0x87,0x0,
0x0,0x0,0x18,0xc,0xad,0x88,0x0,0x0,
0x0,0x9,0x0,0x0,0x0,0x1,0x0,0x0,
0x0,0xc,0x0,0x0,0x0,0x18,0x7,0x16,
0x7,0x50,0x26,0x16,0x7,0x3d,0x89,0x0,
0x0,0x0,0x18,0x8,0x6,0x64,0x8,0x50,
0x18,0x2f,0x8a,0x0,0x0,0x0,0x18,0x9,
0xad,0x8b,0x0,0x0,0x0,0x9,0x0,0x0,
0x0,0x1,0x0,0x0,0x0,0x7,0x0,0x0,
0x0,0xe,0x2,0x0,0x0,0x0,0x0,0x0,
0xa4,0x1,0x0,0x0,0xd3,0x1,0x0,0x0,
0x45,0x0,0x0,0x0,0x1,0x0,0x1,0x0,
0x38,0x0,0x0,0x0,0x0,0x0,0x0,0x0,
0x40,0x0,0x0,0x0,0x0,0x0,0x1d,0x0,
0xff,0xff,0xff,0xff,0x17,0x0,0x0,0x0,
0xad,0x0,0x50,0x0,0x2,0x0,0x0,0x0,
0x0,0x0,0x10,0x0,0x0,0x0,0x0,0x0,
0x46,0x0,0x0,0x0,0x0,0x0,0x0,0x0,
0x0,0x0,0x0,0x0,0xae,0x0,0x0,0x0,
0x1,0x0,0x0,0x0,0x13,0x0,0x0,0x0,
0xaf,0x0,0x0,0x0,0x2,0x0,0x0,0x0,
0x25,0x0,0x0,0x0,0xaf,0x0,0x0,0x0,
0x3,0x0,0x0,0x0,0x27,0x0,0x0,0x0,
0xb0,0x0,0x0,0x0,0x4,0x0,0x0,0x0,
0x36,0x0,0x0,0x0,0xb1,0x0,0x0,0x0,
0x5,0x0,0x0,0x0,0x3b,0x0,0x0,0x0,
0xb1,0x0,0x0,0x0,0x6,0x0,0x0,0x0,
0x3d,0x0,0x0,0x0,0xb2,0x0,0x0,0x0,
0x7,0x0,0x0,0x0,0x62,0x0,0x0,0x0,
0xb4,0x0,0x0,0x0,0x9,0x0,0x0,0x0,
0x7e,0x0,0x0,0x0,0xb5,0x0,0x0,0x0,
0xa,0x0,0x0,0x0,0x8d,0x0,0x0,0x0,
0xb6,0x0,0x0,0x0,0xc,0x0,0x0,0x0,
0x99,0x0,0x0,0x0,0xb7,0x0,0x0,0x0,
0xd,0x0,0x0,0x0,0xc6,0x0,0x0,0x0,
0xb8,0x0,0x0,0x0,0xe,0x0,0x0,0x0,
0xd9,0x0,0x0,0x0,0xb9,0x0,0x0,0x0,
0x11,0x0,0x0,0x0,0xdd,0x0,0x0,0x0,
0xba,0x0,0x0,0x0,0x13,0x0,0x0,0x0,
0xf0,0x0,0x0,0x0,0xbb,0x0,0x0,0x0,
0x15,0x0,0x0,0x0,0x8,0x1,0x0,0x0,
0xbc,0x0,0x0,0x0,0x16,0x0,0x0,0x0,
0xa,0x1,0x0,0x0,0xbe,0x0,0x0,0x0,
0x17,0x0,0x0,0x0,0x15,0x1,0x0,0x0,
0xbf,0x0,0x0,0x0,0x18,0x0,0x0,0x0,
0x17,0x1,0x0,0x0,0xc2,0x0,0x0,0x0,
0x1a,0x0,0x0,0x0,0x26,0x1,0x0,0x0,
0xc3,0x0,0x0,0x0,0x1c,0x0,0x0,0x0,
0x2a,0x1,0x0,0x0,0xc4,0x0,0x0,0x0,
0x1d,0x0,0x0,0x0,0x39,0x1,0x0,0x0,
0xc5,0x0,0x0,0x0,0x1f,0x0,0x0,0x0,
0x66,0x1,0x0,0x0,0xc6,0x0,0x0,0x0,
0x20,0x0,0x0,0x0,0x80,0x1,0x0,0x0,
0xc7,0x0,0x0,0x0,0x23,0x0,0x0,0x0,
0x93,0x1,0x0,0x0,0xc8,0x0,0x0,0x0,
0x25,0x0,0x0,0x0,0xab,0x1,0x0,0x0,
0xc9,0x0,0x0,0x0,0x26,0x0,0x0,0x0,
0xad,0x1,0x0,0x0,0xcb,0x0,0x0,0x0,
0x27,0x0,0x0,0x0,0xb8,0x1,0x0,0x0,
0xcc,0x0,0x0,0x0,0x29,0x0,0x0,0x0,
0xd0,0x1,0x0,0x0,0xcd,0x0,0x0,0x0,
0x29,0x0,0x0,0x0,0x81,0x0,0x0,0x0,
0x2d,0x1,0x0,0x0,0xad,0x8c,0x0,0x0,
0x0,0x6,0x0,0x0,0x0,0x0,0x0,0x0,
0x0,0x0,0x0,0x0,0x0,0x18,0x8,0x74,
0x4e,0xf,0x16,0x8,0x3d,0x8d,0x0,0x0,
0x0,0x18,0x10,0x10,0x1,0x6e,0x10,0x50,
0x2,0xe,0x2,0xb5,0x8e,0x0,0x0,0x0,
0x0,0x0,0x0,0x0,0x0,0x0,0x0,0x0,
0x18,0x9,0x6,0x6a,0x9,0x50,0x2,0xe,
0x2,0x2f,0x8f,0x0,0x0,0x0,0x3d,0x90,
0x0,0x0,0x0,0x18,0x10,0x10,0x1,0x6c,
0x10,0x51,0xc5,0x0,0x0,0x0,0x2f,0x91,
0x0,0x0,0x0,0x18,0x11,0x16,0x8,0x6c,
0x11,0x51,0xb5,0x0,0x0,0x0,0x2f,0x92,
0x0,0x0,0x0,0x18,0x12,0x6,0x66,0x12,
0x50,0xd,0x2f,0x93,0x0,0x0,0x0,0x18,
0x13,0x10,0x1,0x80,0x13,0x4c,0x1,0x6,
0x18,0xf,0x6,0x18,0xa,0x1a,0xa,0x12,
0x16,0x9,0x68,0x12,0x51,0x88,0x0,0x0,
0x0,0x16,0xa,0x80,0xf,0x18,0x13,0x16,
0x9,0xa0,0x13,0x18,0xb,0x2f,0x94,0x0,
0x0,0x0,0x18,0x13,0xad,0x95,0x0,0x0,
0x0,0x13,0x0,0x0,0x0,0x1,0x0,0x0,
0x0,0xb,0x0,0x0,0x0,0x18,0x13,0xad,
0x96,0x0,0x0,0x0,0x13,0x0,0x0,0x0,
0x0,0x0,0x0,0x0,0x0,0x0,0x0,0x0,
0x18,0xd,0xad,0x97,0x0,0x0,0x0,0xd,
0x0,0x0,0x0,0x1,0x0,0x0,0x0,0x8,
0x0,0x0,0x0,0x50,0x31,0x16,0xb,0x30,
0x20,0x1a,0xb,0x15,0x14,0x22,0x16,0xb5,
0x98,0x0,0x0,0x0,0x2,0x0,0x0,0x0,
0x15,0x0,0x0,0x0,0x2f,0x99,0x0,0x0,
0x0,0x18,0x13,0xad,0x9a,0x0,0x0,0x0,
0x13,0x0,0x0,0x0,0x0,0x0,0x0,0x0,
0x0,0x0,0x0,0x0,0xe,0x2,0x16,0xa,
0x7c,0x18,0xa,0x56,0x4d,0x6c,0xff,0xff,
0xff,0xe,0x2,0x2f,0x9b,0x0,0x0,0x0,
0x18,0x10,0x16,0x8,0x80,0x10,0x18,0x11,
0x30,0x1f,0x10,0xff,0x30,0x20,0x6,0x18,
0xc,0x1a,0xc,0x10,0x16,0x9,0x68,0x10,
0x51,0x7f,0x0,0x0,0x0,0x2f,0x9c,0x0,
0x0,0x0,0x18,0x11,0xad,0x9d,0x0,0x0,
0x0,0x11,0x0,0x0,0x0,0x1,0x0,0x0,
0x0,0xc,0x0,0x0,0x0,0x18,0x11,0xad,
0x9e,0x0,0x0,0x0,0x11,0x0,0x0,0x0,
0x0,0x0,0x0,0x0,0x0,0x0,0x0,0x0,
0x18,0xe,0x2f,0x9f,0x0,0x0,0x0,0x18,
0x13,0xad,0xa0,0x0,0x0,0x0,0xe,0x0,
0x0,0x0,0x1,0x0,0x0,0x0,0x13,0x0,
0x0,0x0,0x50,0x2d,0x1a,0xc,0x13,0x14,
0x22,0x14,0xb5,0xa1,0x0,0x0,0x0,0x2,
0x0,0x0,0x0,0x13,0x0,0x0,0x0,0x2f,
0xa2,0x0,0x0,0x0,0x18,0x11,0xad,0xa3,
0x0,0x0,0x0,0x11,0x0,0x0,0x0,0x0,
0x0,0x0,0x0,0x0,0x0,0x0,0x0,0xe,
0x2,0x16,0xc,0x7c,0x18,0xc,0x56,0x4d,
0x75,0xff,0xff,0xff,0x2f,0xa4,0x0,0x0,
0x0,0x18,0x10,0xad,0xa5,0x0,0x0,0x0,
0x10,0x0,0x0,0x0,0x0,0x0,0x0,0x0,
0x0,0x0,0x0,0x0,0x16,0x7,0x2,0x0,
0x0,0x0,0x0,0x0,0x0,0x0,0x0,0x0,
0x0,0x0,0x0,0x0,0x0,0x0,0x0,0x0,
0x4c,0x0,0x0,0x0,0x16,0x0,0x0,0x0,
0x47,0x0,0x0,0x0,0x1,0x0,0x1,0x0,
0x38,0x0,0x0,0x0,0x0,0x0,0x0,0x0,
0x40,0x0,0x0,0x0,0x0,0x0,0x1,0x0,
0xff,0xff,0xff,0xff,0xb,0x0,0x0,0x0,
0xcf,0x0,0x50,0x0,0x0,0x0,0x0,0x0,
0x0,0x0,0x8,0x0,0x0,0x0,0x0,0x0,
0x48,0x0,0x0,0x0,0x0,0x0,0x0,0x0,
0x0,0x0,0x0,0x0,0xd0,0x0,0x0,0x0,
0x1,0x0,0x0,0x0,0x16,0x6,0x4e,0x2,
0x12,0x0,0x18,0xa,0xb5,0xa6,0x0,0x0,
0x0,0x1,0x0,0x0,0x0,0xa,0x0,0x0,
0x0,0x2,0x0,0x0,0x0,0x0,0x0,0x0,
0x4c,0x1,0x0,0x0,0x59,0x2,0x0,0x0,
0x49,0x0,0x0,0x0,0x0,0x0,0x0,0x0,
0x38,0x0,0x0,0x0,0x0,0x0,0x0,0x0,
0x38,0x0,0x0,0x0,0x0,0x0,0x17,0x0,
0xff,0xff,0xff,0xff,0x17,0x0,0x0,0x0,
0xd3,0x0,0x50,0x0,0x0,0x0,0x0,0x0,
0x0,0x0,0xb,0x0,0x0,0x0,0x0,0x0,
0x0,0x0,0x0,0x0,0xd4,0x0,0x0,0x0,
0x1,0x0,0x0,0x0,0x15,0x0,0x0,0x0,
0xd4,0x0,0x0,0x0,0x2,0x0,0x0,0x0,
0x17,0x0,0x0,0x0,0xd5,0x0,0x0,0x0,
0x3,0x0,0x0,0x0,0x26,0x0,0x0,0x0,
0xd6,0x0,0x0,0x0,0x4,0x0,0x0,0x0,
0x2b,0x0,0x0,0x0,0xd6,0x0,0x0,0x0,
0x5,0x0,0x0,0x0,0x2d,0x0,0x0,0x0,
0xd8,0x0,0x0,0x0,0x6,0x0,0x0,0x0,
0x30,0x0,0x0,0x0,0xd9,0x0,0x0,0x0,
0x7,0x0,0x0,0x0,0x52,0x0,0x0,0x0,
0xdb,0x0,0x0,0x0,0x8,0x0,0x0,0x0,
0x6a,0x0,0x0,0x0,0xdc,0x0,0x0,0x0,
0xb,0x0,0x0,0x0,0x99,0x0,0x0,0x0,
0xdd,0x0,0x0,0x0,0xc,0x0,0x0,0x0,
0x9e,0x0,0x0,0x0,0xdd,0x0,0x0,0x0,
0xe,0x0,0x0,0x0,0xa1,0x0,0x0,0x0,
0xde,0x0,0x0,0x0,0x10,0x0,0x0,0x0,
0xa,0x1,0x0,0x0,0xdf,0x0,0x0,0x0,
0x11,0x0,0x0,0x0,0x12,0x1,0x0,0x0,
0xe0,0x0,0x0,0x0,0x13,0x0,0x0,0x0,
0x63,0x1,0x0,0x0,0xe1,0x0,0x0,0x0,
0x15,0x0,0x0,0x0,0x95,0x1,0x0,0x0,
0xe4,0x0,0x0,0x0,0x18,0x0,0x0,0x0,
0xc4,0x1,0x0,0x0,0xe5,0x0,0x0,0x0,
0x19,0x0,0x0,0x0,0xc9,0x1,0x0,0x0,
0xe5,0x0,0x0,0x0,0x1b,0x0,0x0,0x0,
0xcc,0x1,0x0,0x0,0xe6,0x0,0x0,0x0,
0x1d,0x0,0x0,0x0,0x9,0x2,0x0,0x0,
0xe7,0x0,0x0,0x0,0x1e,0x0,0x0,0x0,
0x11,0x2,0x0,0x0,0xe7,0x0,0x0,0x0,
0x20,0x0,0x0,0x0,0x39,0x2,0x0,0x0,
0xea,0x0,0x0,0x0,0x22,0x0,0x0,0x0,
0x57,0x2,0x0,0x0,0xeb,0x0,0x0,0x0,
0x22,0x0,0x0,0x0,0x2f,0xa7,0x0,0x0,
0x0,0x74,0x4e,0xd,0x2f,0xa8,0x0,0x0,
0x0,0x3d,0xa9,0x0,0x0,0x0,0x74,0x50,
0x2,0xe,0x2,0xb5,0xaa,0x0,0x0,0x0,
0x0,0x0,0x0,0x0,0x0,0x0,0x0,0x0,
0x18,0x8,0x6,0x6a,0x8,0x50,0x2,0xe,
0x2,0x6,0x18,0x9,0x2f,0xab,0x0,0x0,
0x0,0x18,0xb,0x16,0x8,0x7e,0x18,0xe,
0x14,0x23,0xf,0xad,0xac,0x0,0x0,0x0,
0xb,0x0,0x0,0x0,0x2,0x0,0x0,0x0,
0xe,0x0,0x0,0x0,0x18,0xa,0x2f,0xad,
0x0,0x0,0x0,0x3d,0xae,0x0,0x0,0x0,
0x18,0xb,0x13,0x7d,0x1,0x0,0x0,0x6c,
0xb,0x51,0x2b,0x1,0x0,0x0,0x2f,0xaf,
0x0,0x0,0x0,0x18,0xc,0x14,0x24,0xf,
0x2f,0xb0,0x0,0x0,0x0,0x3d,0xb1,0x0,
0x0,0x0,0x18,0x11,0x10,0x6,0x80,0x11,
0x18,0x10,0xad,0xb2,0x0,0x0,0x0,0xc,
0x0,0x0,0x0,0x2,0x0,0x0,0x0,0xf,
0x0,0x0,0x0,0x18,0x9,0x6,0x68,0x9,
0x50,0x3,0x6,0x18,0x9,0x2f,0xb3,0x0,
0x0,0x0,0x18,0xc,0x2f,0xb4,0x0,0x0,
0x0,0x18,0x11,0x14,0x24,0x14,0x2f,0xb5,
0x0,0x0,0x0,0x3d,0xb6,0x0,0x0,0x0,
0x18,0x16,0x10,0xa,0xa2,0x16,0x18,0x15,
0xad,0xb7,0x0,0x0,0x0,0x11,0x0,0x0,
0x0,0x2,0x0,0x0,0x0,0x14,0x0,0x0,
0x0,0x18,0xf,0x2f,0xb8,0x0,0x0,0x0,
0x3d,0xb9,0x0,0x0,0x0,0x18,0x11,0x2f,
0xba,0x0,0x0,0x0,0x3d,0xbb,0x0,0x0,
0x0,0x80,0x11,0x18,0x12,0x10,0xa,0xa2,
0x12,0x18,0x10,0xad,0xbc,0x0,0x0,0x0,
0xc,0x0,0x0,0x0,0x2,0x0,0x0,0x0,
0xf,0x0,0x0,0x0,0x18,0xa,0x18,0xc,
0x16,0x9,0x68,0xc,0x50,0x7e,0x2f,0xbd,
0x0,0x0,0x0,0x18,0xd,0x14,0x21,0x10,
0x2f,0xbe,0x0,0x0,0x0,0x18,0x12,0x2f,
0xbf,0x0,0x0,0x0,0x3d,0xc0,0x0,0x0,
0x0,0x18,0x16,0x2f,0xc1,0x0,0x0,0x0,
0x3d,0xc2,0x0,0x0,0x0,0x9e,0x16,0x18,
0x15,0xad,0xc3,0x0,0x0,0x0,0x12,0x0,
0x0,0x0,0x1,0x0,0x0,0x0,0x15,0x0,
0x0,0x0,0x18,0x11,0xad,0xc4,0x0,0x0,
0x0,0xd,0x0,0x0,0x0,0x2,0x0,0x0,
0x0,0x10,0x0,0x0,0x0,0x18,0x7,0x2f,
0xc5,0x0,0x0,0x0,0x18,0xd,0x16,0x8,
0x7e,0x18,0x10,0x1a,0x9,0x12,0x1a,0x7,
0x13,0x10,0x5,0x9c,0x13,0x80,0x12,0x18,
0x11,0xad,0xc6,0x0,0x0,0x0,0xd,0x0,
0x0,0x0,0x2,0x0,0x0,0x0,0x10,0x0,
0x0,0x0,0x18,0xa,0x4d,0xa4,0x0,0x0,
0x0,0x2f,0xc7,0x0,0x0,0x0,0x18,0xc,
0x14,0x24,0xf,0x2f,0xc8,0x0,0x0,0x0,
0x3d,0xc9,0x0,0x0,0x0,0x18,0x11,0x10,
0x6,0x80,0x11,0x18,0x10,0xad,0xca,0x0,
0x0,0x0,0xc,0x0,0x0,0x0,0x2,0x0,
0x0,0x0,0xf,0x0,0x0,0x0,0x18,0x9,
0x6,0x68,0x9,0x50,0x3,0x6,0x18,0x9,
0x2f,0xcb,0x0,0x0,0x0,0x18,0xc,0x14,
0x24,0xf,0x2f,0xcc,0x0,0x0,0x0,0x3d,
0xcd,0x0,0x0,0x0,0x18,0x11,0x2f,0xce,
0x0,0x0,0x0,0x3d,0xcf,0x0,0x0,0x0,
0x80,0x11,0x18,0x12,0x10,0xa,0xa2,0x12,
0x18,0x10,0xad,0xd0,0x0,0x0,0x0,0xc,
0x0,0x0,0x0,0x2,0x0,0x0,0x0,0xf,
0x0,0x0,0x0,0x18,0xa,0x18,0xc,0x16,
0x9,0x68,0xc,0x50,0x28,0x2f,0xd1,0x0,
0x0,0x0,0x18,0xd,0x16,0x8,0x7e,0x18,
0x10,0x1a,0x9,0x12,0x10,0x1c,0x80,0x12,
0x18,0x11,0xad,0xd2,0x0,0x0,0x0,0xd,
0x0,0x0,0x0,0x2,0x0,0x0,0x0,0x10,
0x0,0x0,0x0,0x18,0xa,0x2f,0xd3,0x0,
0x0,0x0,0x18,0xb,0x1a,0x9,0xe,0x1a,
0xa,0xf,0xad,0xd4,0x0,0x0,0x0,0xb,
0x0,0x0,0x0,0x2,0x0,0x0,0x0,0xe,
0x0,0x0,0x0,0xe,0x2,0x0,0x0,0x0,
0x0,0x0,0x0,0x0,0x0,0x0,0x0,0x0,
0x0,0x0,0x0,0x0,0x0,0x0,0x0,0x0,
0xa0,0x0,0x0,0x0,0xb6,0x0,0x0,0x0,
0x51,0x0,0x0,0x0,0x1,0x0,0x1,0x0,
0x38,0x0,0x0,0x0,0x0,0x0,0x0,0x0,
0x40,0x0,0x0,0x0,0x0,0x0,0x8,0x0,
0xff,0xff,0xff,0xff,0x11,0x0,0x0,0x0,
0x4c,0x1,0x50,0x0,0x0,0x0,0x0,0x0,
0x0,0x0,0x9,0x0,0x0,0x0,0x0,0x0,
0x52,0x0,0x0,0x0,0x0,0x0,0x0,0x0,
0x0,0x0,0x0,0x0,0x4d,0x1,0x0,0x0,
0x1,0x0,0x0,0x0,0x5,0x0,0x0,0x0,
0x4d,0x1,0x0,0x0,0x2,0x0,0x0,0x0,
0x8,0x0,0x0,0x0,0x4e,0x1,0x0,0x0,
0x3,0x0,0x0,0x0,0x17,0x0,0x0,0x0,
0x4f,0x1,0x0,0x0,0x4,0x0,0x0,0x0,
0x36,0x0,0x0,0x0,0x50,0x1,0x0,0x0,
0x7,0x0,0x0,0x0,0x66,0x0,0x0,0x0,
0x51,0x1,0x0,0x0,0x8,0x0,0x0,0x0,
0x85,0x0,0x0,0x0,0x52,0x1,0x0,0x0,
0xb,0x0,0x0,0x0,0xb3,0x0,0x0,0x0,
0x54,0x1,0x0,0x0,0xc,0x0,0x0,0x0,
0x16,0x6,0x74,0x50,0x3,0x12,0x0,0x2,
0xb5,0xd5,0x0,0x0,0x0,0x1,0x0,0x0,
0x0,0x6,0x0,0x0,0x0,0x18,0x8,0x13,
0x9d,0x1,0x0,0x0,0x18,0xb,0xad,0xd6,
0x0,0x0,0x0,0x8,0x0,0x0,0x0,0x1,
0x0,0x0,0x0,0xb,0x0,0x0,0x0,0x18,
0x9,0x6,0x6c,0x9,0x50,0x30,0x13,0x9f,
0x1,0x0,0x0,0x3d,0xd7,0x0,0x0,0x0,
0x18,0xf,0xad,0xd8,0x0,0x0,0x0,0x8,
0x0,0x0,0x0,0x1,0x0,0x0,0x0,0xf,
0x0,0x0,0x0,0x18,0xc,0xb5,0xd9,0x0,
0x0,0x0,0x1,0x0,0x0,0x0,0xc,0x0,
0x0,0x0,0x18,0x8,0x4c,0x4d,0x13,0x9f,
0x1,0x0,0x0,0x18,0xc,0xad,0xda,0x0,
0x0,0x0,0x8,0x0,0x0,0x0,0x1,0x0,
0x0,0x0,0xc,0x0,0x0,0x0,0x18,0xa,
0x6,0x6c,0xa,0x50,0x2e,0x13,0x9f,0x1,
0x0,0x0,0x3d,0xdb,0x0,0x0,0x0,0x18,
0x10,0xad,0xdc,0x0,0x0,0x0,0x8,0x0,
0x0,0x0,0x1,0x0,0x0,0x0,0x10,0x0,
0x0,0x0,0x18,0xd,0xb5,0xdd,0x0,0x0,
0x0,0x1,0x0,0x0,0x0,0xd,0x0,0x0,
0x0,0x18,0x8,0x16,0x8,0x2,0x0,0x0,
0x0,0x0,0x0,0x0,0x0,0x0,0x0,0x0,
0x44,0x0,0x0,0x0,0xd,0x0,0x0,0x0,
0x6a,0x0,0x0,0x0,0x0,0x0,0x0,0x0,
0x38,0x0,0x0,0x0,0x0,0x0,0x0,0x0,
0x38,0x0,0x0,0x0,0x0,0x0,0x1,0x0,
0xff,0xff,0xff,0xff,0x7,0x0,0x0,0x0,
0x86,0x1,0x50,0x0,0x0,0x0,0x0,0x0,
0x0,0x0,0x7,0x0,0x0,0x0,0x0,0x0,
0x0,0x0,0x0,0x0,0x86,0x1,0x0,0x0,
0x1,0x0,0x0,0x0,0x2f,0xde,0x0,0x0,
0x0,0x3d,0xdf,0x0,0x0,0x0,0x18,0x6,
0x2,0x0,0x0,0x0,0x0,0x0,0x0,0x0,
0x44,0x0,0x0,0x0,0xd,0x0,0x0,0x0,
0x6c,0x0,0x0,0x0,0x0,0x0,0x0,0x0,
0x38,0x0,0x0,0x0,0x0,0x0,0x0,0x0,
0x38,0x0,0x0,0x0,0x0,0x0,0x1,0x0,
0xff,0xff,0xff,0xff,0x7,0x0,0x0,0x0,
0x87,0x1,0x50,0x0,0x0,0x0,0x0,0x0,
0x0,0x0,0x7,0x0,0x0,0x0,0x0,0x0,
0x0,0x0,0x0,0x0,0x87,0x1,0x0,0x0,
0x1,0x0,0x0,0x0,0x2f,0xe0,0x0,0x0,
0x0,0x3d,0xe1,0x0,0x0,0x0,0x18,0x6,
0x2,0x0,0x0,0x0,0x0,0x0,0x0,0x0,
0x44,0x0,0x0,0x0,0x18,0x0,0x0,0x0,
0x6e,0x0,0x0,0x0,0x0,0x0,0x0,0x0,
0x38,0x0,0x0,0x0,0x0,0x0,0x0,0x0,
0x38,0x0,0x0,0x0,0x0,0x0,0x1,0x0,
0xff,0xff,0xff,0xff,0x7,0x0,0x0,0x0,
0x8d,0x1,0x50,0x0,0x0,0x0,0x0,0x0,
0x0,0x0,0x7,0x0,0x0,0x0,0x0,0x0,
0x0,0x0,0x0,0x0,0x8d,0x1,0x0,0x0,
0x1,0x0,0x0,0x0,0x2f,0xe2,0x0,0x0,
0x0,0x50,0xc,0x2f,0xe3,0x0,0x0,0x0,
0x3d,0xe4,0x0,0x0,0x0,0x4c,0x2,0x12,
0x0,0x18,0x6,0x2,0x0,0x0,0x0,0x0,
0x44,0x0,0x0,0x0,0xd,0x0,0x0,0x0,
0x70,0x0,0x0,0x0,0x0,0x0,0x0,0x0,
0x38,0x0,0x0,0x0,0x0,0x0,0x0,0x0,
0x38,0x0,0x0,0x0,0x0,0x0,0x1,0x0,
0xff,0xff,0xff,0xff,0x7,0x0,0x0,0x0,
0x8f,0x1,0x50,0x0,0x0,0x0,0x0,0x0,
0x0,0x0,0x7,0x0,0x0,0x0,0x0,0x0,
0x0,0x0,0x0,0x0,0x8f,0x1,0x0,0x0,
0x1,0x0,0x0,0x0,0x2f,0xe5,0x0,0x0,
0x0,0x3d,0xe6,0x0,0x0,0x0,0x18,0x6,
0x2,0x0,0x0,0x0,0x0,0x0,0x0,0x0,
0x44,0x0,0x0,0x0,0xd,0x0,0x0,0x0,
0x72,0x0,0x0,0x0,0x0,0x0,0x0,0x0,
0x38,0x0,0x0,0x0,0x0,0x0,0x0,0x0,
0x38,0x0,0x0,0x0,0x0,0x0,0x1,0x0,
0xff,0xff,0xff,0xff,0x7,0x0,0x0,0x0,
0x90,0x1,0x50,0x0,0x0,0x0,0x0,0x0,
0x0,0x0,0x7,0x0,0x0,0x0,0x0,0x0,
0x0,0x0,0x0,0x0,0x90,0x1,0x0,0x0,
0x1,0x0,0x0,0x0,0x2f,0xe7,0x0,0x0,
0x0,0x3d,0xe8,0x0,0x0,0x0,0x18,0x6,
0x2,0x0,0x0,0x0,0x0,0x0,0x0,0x0,
0x44,0x0,0x0,0x0,0xd,0x0,0x0,0x0,
0xe,0x0,0x0,0x0,0x0,0x0,0x0,0x0,
0x38,0x0,0x0,0x0,0x0,0x0,0x0,0x0,
0x38,0x0,0x0,0x0,0x0,0x0,0x1,0x0,
0xff,0xff,0xff,0xff,0x7,0x0,0x0,0x0,
0xd,0x0,0x50,0x0,0x0,0x0,0x0,0x0,
0x0,0x0,0x7,0x0,0x0,0x0,0x0,0x0,
0x0,0x0,0x0,0x0,0xd,0x0,0x0,0x0,
0x1,0x0,0x0,0x0,0x2f,0xe9,0x0,0x0,
0x0,0x3d,0xea,0x0,0x0,0x0,0x18,0x6,
0x2,0x0,0x0,0x0,0x0,0x0,0x0,0x0,
0x5c,0x0,0x0,0x0,0x9,0x0,0x0,0x0,
0x50,0x0,0x0,0x0,0x0,0x0,0x0,0x0,
0x38,0x0,0x0,0x0,0x0,0x0,0x0,0x0,
0x38,0x0,0x0,0x0,0x0,0x0,0x3,0x0,
0x1e,0x0,0x0,0x0,0x7,0x0,0x0,0x0,
0x6,0x1,0x50,0x0,0x0,0x0,0x0,0x0,
0x0,0x0,0x7,0x0,0x0,0x0,0x8,0x0,
0x0,0x0,0x0,0x0,0x6,0x1,0x0,0x0,
0x0,0x0,0x0,0x0,0x1,0x0,0x0,0x0,
0x6,0x1,0x0,0x0,0x1,0x0,0x0,0x0,
0x5,0x0,0x0,0x0,0x4a,0x1,0x0,0x0,
0x1,0x0,0x0,0x0,0xca,0x28,0x1e,0x18,
0x6,0xd4,0x16,0x6,0x2,0x0,0x0,0x0,
0x0,0x0,0x0,0x0,0x0,0x0,0x0,0x0,
0xd4,0x2,0x0,0x0,0x1a,0x4,0x0,0x0,
0x0,0x0,0x0,0x0,0x1,0x0,0x1,0x0,
0x38,0x0,0x0,0x0,0x0,0x0,0x0,0x0,
0x40,0x0,0x0,0x0,0x0,0x0,0x37,0x0,
0xff,0xff,0xff,0xff,0x11,0x0,0x0,0x0,
0x6,0x1,0x50,0x1,0x0,0x0,0x0,0x0,
0x0,0x0,0x9,0x0,0x0,0x0,0x2,0x0,
0x4b,0x2,0x0,0x0,0x0,0x0,0x0,0x0,
0x0,0x0,0x0,0x0,0x7,0x1,0x0,0x0,
0x1,0x0,0x0,0x0,0x8,0x0,0x0,0x0,
0x7,0x1,0x0,0x0,0x2,0x0,0x0,0x0,
0xa,0x0,0x0,0x0,0x8,0x1,0x0,0x0,
0x3,0x0,0x0,0x0,0x38,0x0,0x0,0x0,
0x9,0x1,0x0,0x0,0x6,0x0,0x0,0x0,
0x50,0x0,0x0,0x0,0xa,0x1,0x0,0x0,
0x8,0x0,0x0,0x0,0x5a,0x0,0x0,0x0,
0xb,0x1,0x0,0x0,0x9,0x0,0x0,0x0,
0x5c,0x0,0x0,0x0,0xd,0x1,0x0,0x0,
0xa,0x0,0x0,0x0,0x98,0x0,0x0,0x0,
0xe,0x1,0x0,0x0,0xd,0x0,0x0,0x0,
0xb0,0x0,0x0,0x0,0xf,0x1,0x0,0x0,
0xf,0x0,0x0,0x0,0xba,0x0,0x0,0x0,
0x10,0x1,0x0,0x0,0x10,0x0,0x0,0x0,
0xbc,0x0,0x0,0x0,0x12,0x1,0x0,0x0,
0x11,0x0,0x0,0x0,0xd3,0x0,0x0,0x0,
0x13,0x1,0x0,0x0,0x13,0x0,0x0,0x0,
0xe9,0x0,0x0,0x0,0x13,0x1,0x0,0x0,
0x15,0x0,0x0,0x0,0xd,0x1,0x0,0x0,
0x14,0x1,0x0,0x0,0x17,0x0,0x0,0x0,
0x17,0x1,0x0,0x0,0x15,0x1,0x0,0x0,
0x18,0x0,0x0,0x0,0x19,0x1,0x0,0x0,
0x17,0x1,0x0,0x0,0x19,0x0,0x0,0x0,
0x30,0x1,0x0,0x0,0x18,0x1,0x0,0x0,
0x1b,0x0,0x0,0x0,0x52,0x1,0x0,0x0,
0x18,0x1,0x0,0x0,0x1d,0x0,0x0,0x0,
0x76,0x1,0x0,0x0,0x19,0x1,0x0,0x0,
0x1f,0x0,0x0,0x0,0x80,0x1,0x0,0x0,
0x1a,0x1,0x0,0x0,0x20,0x0,0x0,0x0,
0x82,0x1,0x0,0x0,0x1c,0x1,0x0,0x0,
0x21,0x0,0x0,0x0,0xb0,0x1,0x0,0x0,
0x1d,0x1,0x0,0x0,0x24,0x0,0x0,0x0,
0xbd,0x1,0x0,0x0,0x1e,0x1,0x0,0x0,
0x26,0x0,0x0,0x0,0xc7,0x1,0x0,0x0,
0x1f,0x1,0x0,0x0,0x27,0x0,0x0,0x0,
0xc9,0x1,0x0,0x0,0x21,0x1,0x0,0x0,
0x28,0x0,0x0,0x0,0xe0,0x1,0x0,0x0,
0x22,0x1,0x0,0x0,0x2b,0x0,0x0,0x0,
0xf8,0x1,0x0,0x0,0x23,0x1,0x0,0x0,
0x2d,0x0,0x0,0x0,0x2,0x2,0x0,0x0,
0x24,0x1,0x0,0x0,0x2e,0x0,0x0,0x0,
0x4,0x2,0x0,0x0,0x27,0x1,0x0,0x0,
0x2f,0x0,0x0,0x0,0x1b,0x2,0x0,0x0,
0x28,0x1,0x0,0x0,0x31,0x0,0x0,0x0,
0x2e,0x2,0x0,0x0,0x29,0x1,0x0,0x0,
0x34,0x0,0x0,0x0,0x46,0x2,0x0,0x0,
0x2a,0x1,0x0,0x0,0x36,0x0,0x0,0x0,
0x6d,0x2,0x0,0x0,0x2c,0x1,0x0,0x0,
0x38,0x0,0x0,0x0,0x77,0x2,0x0,0x0,
0x2d,0x1,0x0,0x0,0x39,0x0,0x0,0x0,
0x79,0x2,0x0,0x0,0x30,0x1,0x0,0x0,
0x3a,0x0,0x0,0x0,0x90,0x2,0x0,0x0,
0x31,0x1,0x0,0x0,0x3d,0x0,0x0,0x0,
0xcf,0x2,0x0,0x0,0x32,0x1,0x0,0x0,
0x3f,0x0,0x0,0x0,0xd9,0x2,0x0,0x0,
0x33,0x1,0x0,0x0,0x40,0x0,0x0,0x0,
0xdb,0x2,0x0,0x0,0x35,0x1,0x0,0x0,
0x41,0x0,0x0,0x0,0xf2,0x2,0x0,0x0,
0x36,0x1,0x0,0x0,0x44,0x0,0x0,0x0,
0x30,0x3,0x0,0x0,0x37,0x1,0x0,0x0,
0x46,0x0,0x0,0x0,0x3a,0x3,0x0,0x0,
0x38,0x1,0x0,0x0,0x47,0x0,0x0,0x0,
0x3c,0x3,0x0,0x0,0x3a,0x1,0x0,0x0,
0x48,0x0,0x0,0x0,0x53,0x3,0x0,0x0,
0x3b,0x1,0x0,0x0,0x4b,0x0,0x0,0x0,
0x6c,0x3,0x0,0x0,0x3c,0x1,0x0,0x0,
0x4d,0x0,0x0,0x0,0x76,0x3,0x0,0x0,
0x3d,0x1,0x0,0x0,0x4e,0x0,0x0,0x0,
0x78,0x3,0x0,0x0,0x3f,0x1,0x0,0x0,
0x4f,0x0,0x0,0x0,0x8f,0x3,0x0,0x0,
0x40,0x1,0x0,0x0,0x52,0x0,0x0,0x0,
0xa8,0x3,0x0,0x0,0x41,0x1,0x0,0x0,
0x54,0x0,0x0,0x0,0xb2,0x3,0x0,0x0,
0x42,0x1,0x0,0x0,0x55,0x0,0x0,0x0,
0xb4,0x3,0x0,0x0,0x45,0x1,0x0,0x0,
0x56,0x0,0x0,0x0,0xdd,0x3,0x0,0x0,
0x46,0x1,0x0,0x0,0x57,0x0,0x0,0x0,
0x0,0x4,0x0,0x0,0x47,0x1,0x0,0x0,
0x5a,0x0,0x0,0x0,0xd,0x4,0x0,0x0,
0x48,0x1,0x0,0x0,0x5c,0x0,0x0,0x0,
0x17,0x4,0x0,0x0,0x4a,0x1,0x0,0x0,
0x5c,0x0,0x0,0x0,0x2f,0xeb,0x0,0x0,
0x0,0x74,0x50,0x2,0xe,0x2,0x16,0x6,
0x3d,0xec,0x0,0x0,0x0,0x18,0x9,0x2f,
0xed,0x0,0x0,0x0,0x3d,0xee,0x0,0x0,
0x0,0x6c,0x9,0x50,0x3b,0x16,0x6,0x3d,
0xef,0x0,0x0,0x0,0x18,0xa,0x2f,0xf0,
0x0,0x0,0x0,0x3d,0xf1,0x0,0x0,0x0,
0x6c,0xa,0x50,0x24,0x2f,0xf2,0x0,0x0,
0x0,0x18,0xb,0xad,0xf3,0x0,0x0,0x0,
0xb,0x0,0x0,0x0,0x0,0x0,0x0,0x0,
0x0,0x0,0x0,0x0,0x8,0x43,0xf4,0x0,
0x0,0x0,0x6,0x0,0x0,0x0,0xe,0x2,
0x16,0x6,0x3d,0xf5,0x0,0x0,0x0,0x18,
0x9,0x2f,0xf6,0x0,0x0,0x0,0x3d,0xf7,
0x0,0x0,0x0,0x18,0xa,0x2f,0xf8,0x0,
0x0,0x0,0x3d,0xf9,0x0,0x0,0x0,0x84,
0xa,0x6c,0x9,0x50,0x3b,0x16,0x6,0x3d,
0xfa,0x0,0x0,0x0,0x18,0xb,0x2f,0xfb,
0x0,0x0,0x0,0x3d,0xfc,0x0,0x0,0x0,
0x6c,0xb,0x50,0x24,0x2f,0xfd,0x0,0x0,
0x0,0x18,0xc,0xad,0xfe,0x0,0x0,0x0,
0xc,0x0,0x0,0x0,0x0,0x0,0x0,0x0,
0x0,0x0,0x0,0x0,0x8,0x43,0xff,0x0,
0x0,0x0,0x6,0x0,0x0,0x0,0xe,0x2,
0x16,0x6,0x3d,0x0,0x1,0x0,0x0,0x18,
0x9,0x2f,0x1,0x1,0x0,0x0,0x3d,0x2,
0x1,0x0,0x0,0x6c,0x9,0x50,0x46,0x2f,
0x3,0x1,0x0,0x0,0x3d,0x4,0x1,0x0,
0x0,0x3d,0x5,0x1,0x0,0x0,0x18,0xa,
0x6,0x64,0xa,0x50,0x24,0x2f,0x6,0x1,
0x0,0x0,0x18,0xb,0x2f,0x7,0x1,0x0,
0x0,0x3d,0x8,0x1,0x0,0x0,0x18,0xe,
0xad,0x9,0x1,0x0,0x0,0xb,0x0,0x0,
0x0,0x1,0x0,0x0,0x0,0xe,0x0,0x0,
0x0,0x8,0x43,0xa,0x1,0x0,0x0,0x6,
0x0,0x0,0x0,0xe,0x2,0x16,0x6,0x3d,
0xb,0x1,0x0,0x0,0x18,0x9,0x2f,0xc,
0x1,0x0,0x0,0x3d,0xd,0x1,0x0,0x0,
0x6c,0x9,0x50,0x52,0x2f,0xe,0x1,0x0,
0x0,0x3d,0xf,0x1,0x0,0x0,0x50,0x3a,
0x2f,0x10,0x1,0x0,0x0,0x3d,0x11,0x1,
0x0,0x0,0x3d,0x12,0x1,0x0,0x0,0x18,
0xa,0x6,0x64,0xa,0x50,0x24,0x2f,0x13,
0x1,0x0,0x0,0x18,0xb,0x2f,0x14,0x1,
0x0,0x0,0x3d,0x15,0x1,0x0,0x0,0x18,
0xe,0xad,0x16,0x1,0x0,0x0,0xb,0x0,
0x0,0x0,0x1,0x0,0x0,0x0,0xe,0x0,
0x0,0x0,0x8,0x43,0x17,0x1,0x0,0x0,
0x6,0x0,0x0,0x0,0xe,0x2,0x16,0x6,
0x3d,0x18,0x1,0x0,0x0,0x18,0x9,0x2f,
0x19,0x1,0x0,0x0,0x3d,0x1a,0x1,0x0,
0x0,0x6c,0x9,0x4e,0x17,0x16,0x6,0x3d,
0x1b,0x1,0x0,0x0,0x18,0xa,0x2f,0x1c,
0x1,0x0,0x0,0x3d,0x1d,0x1,0x0,0x0,
0x6c,0xa,0x50,0x19,0xb5,0x1e,0x1,0x0,
0x0,0x0,0x0,0x0,0x0,0x0,0x0,0x0,
0x0,0x8,0x43,0x1f,0x1,0x0,0x0,0x6,
0x0,0x0,0x0,0xe,0x2,0x16,0x6,0x3d,
0x20,0x1,0x0,0x0,0x18,0x9,0x2f,0x21,
0x1,0x0,0x0,0x3d,0x22,0x1,0x0,0x0,
0x6c,0x9,0x50,0x24,0x2f,0x23,0x1,0x0,
0x0,0x18,0xa,0xad,0x24,0x1,0x0,0x0,
0xa,0x0,0x0,0x0,0x0,0x0,0x0,0x0,
0x0,0x0,0x0,0x0,0x8,0x43,0x25,0x1,
0x0,0x0,0x6,0x0,0x0,0x0,0xe,0x2,
0x16,0x6,0x3d,0x26,0x1,0x0,0x0,0x18,
0x9,0x2f,0x27,0x1,0x0,0x0,0x3d,0x28,
0x1,0x0,0x0,0x6c,0x9,0x50,0x5e,0x2f,
0x29,0x1,0x0,0x0,0x50,0x4b,0x2f,0x2a,
0x1,0x0,0x0,0x3d,0x2b,0x1,0x0,0x0,
0x50,0x3f,0x2f,0x2c,0x1,0x0,0x0,0x18,
0xa,0xad,0x2d,0x1,0x0,0x0,0xa,0x0,
0x0,0x0,0x0,0x0,0x0,0x0,0x0,0x0,
0x0,0x0,0x2f,0x2e,0x1,0x0,0x0,0x3d,
0x2f,0x1,0x0,0x0,0x18,0xa,0x13,0xb6,
0x1,0x0,0x0,0x18,0xd,0x14,0x25,0xe,
0xad,0x30,0x1,0x0,0x0,0xa,0x0,0x0,
0x0,0x2,0x0,0x0,0x0,0xd,0x0,0x0,
0x0,0x8,0x43,0x31,0x1,0x0,0x0,0x6,
0x0,0x0,0x0,0xe,0x2,0x16,0x6,0x3d,
0x32,0x1,0x0,0x0,0x18,0x9,0x2f,0x33,
0x1,0x0,0x0,0x3d,0x34,0x1,0x0,0x0,
0x6c,0x9,0x50,0x4b,0x2f,0x35,0x1,0x0,
0x0,0x3d,0x36,0x1,0x0,0x0,0x18,0xe,
0x13,0x7d,0x1,0x0,0x0,0x6c,0xe,0x50,
0x10,0xb5,0x37,0x1,0x0,0x0,0x0,0x0,
0x0,0x0,0x0,0x0,0x0,0x0,0x78,0x4c,
0x2,0x10,0xff,0x18,0xc,0x16,0x6,0x3d,
0x38,0x1,0x0,0x0,0x18,0xd,0xb5,0x39,
0x1,0x0,0x0,0x2,0x0,0x0,0x0,0xc,
0x0,0x0,0x0,0x8,0x43,0x3a,0x1,0x0,
0x0,0x6,0x0,0x0,0x0,0xe,0x2,0x16,
0x6,0x3d,0x3b,0x1,0x0,0x0,0x18,0x9,
0x2f,0x3c,0x1,0x0,0x0,0x3d,0x3d,0x1,
0x0,0x0,0x6c,0x9,0x50,0x4a,0x2f,0x3e,
0x1,0x0,0x0,0x3d,0x3f,0x1,0x0,0x0,
0x18,0xe,0x13,0x7d,0x1,0x0,0x0,0x6c,
0xe,0x50,0xf,0xb5,0x40,0x1,0x0,0x0,
0x0,0x0,0x0,0x0,0x0,0x0,0x0,0x0,
0x4c,0x2,0x10,0x1,0x18,0xc,0x16,0x6,
0x3d,0x41,0x1,0x0,0x0,0x18,0xd,0xb5,
0x42,0x1,0x0,0x0,0x2,0x0,0x0,0x0,
0xc,0x0,0x0,0x0,0x8,0x43,0x43,0x1,
0x0,0x0,0x6,0x0,0x0,0x0,0xe,0x2,
0x16,0x6,0x3d,0x44,0x1,0x0,0x0,0x18,
0x9,0x2f,0x45,0x1,0x0,0x0,0x3d,0x46,
0x1,0x0,0x0,0x6c,0x9,0x50,0x25,0x14,
0x26,0xc,0x16,0x6,0x3d,0x47,0x1,0x0,
0x0,0x18,0xd,0xb5,0x48,0x1,0x0,0x0,
0x2,0x0,0x0,0x0,0xc,0x0,0x0,0x0,
0x8,0x43,0x49,0x1,0x0,0x0,0x6,0x0,
0x0,0x0,0xe,0x2,0x16,0x6,0x3d,0x4a,
0x1,0x0,0x0,0x18,0x9,0x2f,0x4b,0x1,
0x0,0x0,0x3d,0x4c,0x1,0x0,0x0,0x6c,
0x9,0x50,0x25,0x14,0x21,0xc,0x16,0x6,
0x3d,0x4d,0x1,0x0,0x0,0x18,0xd,0xb5,
0x4e,0x1,0x0,0x0,0x2,0x0,0x0,0x0,
0xc,0x0,0x0,0x0,0x8,0x43,0x4f,0x1,
0x0,0x0,0x6,0x0,0x0,0x0,0xe,0x2,
0x16,0x6,0x3d,0x50,0x1,0x0,0x0,0x50,
0x1c,0x16,0x6,0x3d,0x51,0x1,0x0,0x0,
0x18,0x9,0xad,0x52,0x1,0x0,0x0,0x9,
0x0,0x0,0x0,0x0,0x0,0x0,0x0,0x0,
0x0,0x0,0x0,0x4c,0x2,0x12,0x0,0x18,
0x8,0x3d,0x53,0x1,0x0,0x0,0x18,0x9,
0x10,0x1,0x6c,0x9,0x50,0x2d,0x26,0x0,
0xd,0xad,0x54,0x1,0x0,0x0,0x8,0x0,
0x0,0x0,0x1,0x0,0x0,0x0,0xd,0x0,
0x0,0x0,0x50,0x17,0xb5,0x55,0x1,0x0,
0x0,0x1,0x0,0x0,0x0,0x8,0x0,0x0,
0x0,0x8,0x43,0x56,0x1,0x0,0x0,0x6,
0x0,0x0,0x0,0x16,0x7,0x2,0x0,0x0,
0x0,0x0,0x0,0x0,0x0,0x0,0x0,0x0,
0x0,0x0,0x0,0x0,0x0,0x0,0x0,0x0,
0x0,0x0,0x0,0x0,0x0,0x0,0x0,0x0,
0x0,0x0,0x0,0x0,0x0,0x0,0x0,0x0,
0x0,0x0,0x0,0x0,0x0,0x0,0x0,0x0,
0x0,0x0,0x0,0x0,0x0,0x0,0x0,0x0,
0x0,0x0,0x0,0x0,0x0,0x0,0x0,0x0,
0x5c,0x0,0x0,0x0,0x9,0x0,0x0,0x0,
0x14,0x0,0x0,0x0,0x0,0x0,0x0,0x0,
0x38,0x0,0x0,0x0,0x0,0x0,0x0,0x0,
0x38,0x0,0x0,0x0,0x0,0x0,0x3,0x0,
0x20,0x0,0x0,0x0,0x7,0x0,0x0,0x0,
0x11,0x0,0x90,0x0,0x0,0x0,0x0,0x0,
0x0,0x0,0x7,0x0,0x0,0x0,0x8,0x0,
0x0,0x0,0x0,0x0,0x11,0x0,0x0,0x0,
0x0,0x0,0x0,0x0,0x1,0x0,0x0,0x0,
0x11,0x0,0x0,0x0,0x1,0x0,0x0,0x0,
0x5,0x0,0x0,0x0,0x16,0x0,0x0,0x0,
0x1,0x0,0x0,0x0,0xca,0x28,0x20,0x18,
0x6,0xd4,0x16,0x6,0x2,0x0,0x0,0x0,
0x0,0x0,0x0,0x0,0x0,0x0,0x0,0x0,
0x7c,0x0,0x0,0x0,0x87,0x0,0x0,0x0,
0x0,0x0,0x0,0x0,0x1,0x0,0x1,0x0,
0x38,0x0,0x0,0x0,0x0,0x0,0x0,0x0,
0x40,0x0,0x0,0x0,0x0,0x0,0x5,0x0,
0xff,0xff,0xff,0xff,0x11,0x0,0x0,0x0,
0x11,0x0,0x40,0x1,0x0,0x0,0x0,0x0,
0x0,0x0,0x8,0x0,0x0,0x0,0x2,0x0,
0x4c,0x2,0x0,0x0,0x0,0x0,0x0,0x0,
0x0,0x0,0x0,0x0,0x12,0x0,0x0,0x0,
0x1,0x0,0x0,0x0,0x9,0x0,0x0,0x0,
0x12,0x0,0x0,0x0,0x2,0x0,0x0,0x0,
0xd,0x0,0x0,0x0,0x13,0x0,0x0,0x0,
0x3,0x0,0x0,0x0,0x30,0x0,0x0,0x0,
0x14,0x0,0x0,0x0,0x5,0x0,0x0,0x0,
0x85,0x0,0x0,0x0,0x16,0x0,0x0,0x0,
0x5,0x0,0x0,0x0,0x16,0x6,0x3d,0x57,
0x1,0x0,0x0,0x50,0x7c,0x1,0x2,0x8,
0x1,0x16,0x6,0x3d,0x58,0x1,0x0,0x0,
0x18,0x9,0x13,0xc0,0x1,0x0,0x0,0x18,
0xc,0xad,0x59,0x1,0x0,0x0,0x9,0x0,
0x0,0x0,0x1,0x0,0x0,0x0,0xc,0x0,
0x0,0x0,0x18,0x8,0x2f,0x5a,0x1,0x0,
0x0,0x18,0x9,0x1a,0x8,0xc,0x2f,0x5b,
0x1,0x0,0x0,0x3d,0x5c,0x1,0x0,0x0,
0x18,0xd,0x16,0x6,0x3d,0x5d,0x1,0x0,
0x0,0x18,0xf,0x2f,0x5e,0x1,0x0,0x0,
0x3d,0x5f,0x1,0x0,0x0,0x82,0xf,0x50,
0x15,0x16,0x6,0x3d,0x60,0x1,0x0,0x0,
0x18,0x10,0x2f,0x61,0x1,0x0,0x0,0x3d,
0x62,0x1,0x0,0x0,0x6c,0x10,0x18,0xe,
0xad,0x63,0x1,0x0,0x0,0x9,0x0,0x0,
0x0,0x3,0x0,0x0,0x0,0xc,0x0,0x0,
0x0,0xe,0x2,0x0,0x0,0x0,0x0,0x0,
0x44,0x0,0x0,0x0,0x8,0x0,0x0,0x0,
0x12,0x0,0x0,0x0,0x0,0x0,0x0,0x0,
0x38,0x0,0x0,0x0,0x0,0x0,0x0,0x0,
0x38,0x0,0x0,0x0,0x0,0x0,0x1,0x0,
0xff,0xff,0xff,0xff,0x7,0x0,0x0,0x0,
0x10,0x0,0x90,0x0,0x0,0x0,0x0,0x0,
0x0,0x0,0x7,0x0,0x0,0x0,0x0,0x0,
0x0,0x0,0x0,0x0,0x10,0x0,0x0,0x0,
0x1,0x0,0x0,0x0,0x2f,0x64,0x1,0x0,
0x0,0x18,0x6,0x2,0x0,0x0,0x0,0x0,
0x68,0x0,0x0,0x0,0x21,0x0,0x0,0x0,
0x34,0x0,0x0,0x0,0x0,0x0,0x0,0x0,
0x38,0x0,0x0,0x0,0x0,0x0,0x0,0x0,
0x38,0x0,0x0,0x0,0x0,0x0,0x4,0x0,
0xff,0xff,0xff,0xff,0x9,0x0,0x0,0x0,
0x3c,0x0,0x90,0x0,0x0,0x0,0x0,0x0,
0x0,0x0,0x7,0x0,0x0,0x0,0x0,0x0,
0x0,0x0,0x0,0x0,0x3c,0x0,0x0,0x0,
0x0,0x0,0x0,0x0,0x1,0x0,0x0,0x0,
0x3d,0x0,0x0,0x0,0x2,0x0,0x0,0x0,
0x11,0x0,0x0,0x0,0x3d,0x0,0x0,0x0,
0x3,0x0,0x0,0x0,0x1d,0x0,0x0,0x0,
0x3e,0x0,0x0,0x0,0x3,0x0,0x0,0x0,
0xca,0x2f,0x65,0x1,0x0,0x0,0x18,0x7,
0x2f,0x66,0x1,0x0,0x0,0x6e,0x7,0x50,
0xc,0x2f,0x67,0x1,0x0,0x0,0x18,0x8,
0x30,0x21,0x1a,0x8,0x6,0xd4,0x16,0x6,
0x2,0x0,0x0,0x0,0x0,0x0,0x0,0x0,
0x0,0x0,0x0,0x0,0x0,0x0,0x0,0x0,
0x68,0x0,0x0,0x0,0x2e,0x0,0x0,0x0,
0x34,0x0,0x0,0x0,0x0,0x0,0x0,0x0,
0x38,0x0,0x0,0x0,0x0,0x0,0x0,0x0,
0x38,0x0,0x0,0x0,0x0,0x0,0x4,0x0,
0xff,0xff,0xff,0xff,0x9,0x0,0x0,0x0,
0xf1,0x0,0x90,0x0,0x0,0x0,0x0,0x0,
0x0,0x0,0x7,0x0,0x0,0x0,0x0,0x0,
0x0,0x0,0x0,0x0,0xf1,0x0,0x0,0x0,
0x0,0x0,0x0,0x0,0x1,0x0,0x0,0x0,
0xf2,0x0,0x0,0x0,0x3,0x0,0x0,0x0,
0x13,0x0,0x0,0x0,0xf3,0x0,0x0,0x0,
0x4,0x0,0x0,0x0,0x2a,0x0,0x0,0x0,
0xf4,0x0,0x0,0x0,0x4,0x0,0x0,0x0,
0xca,0x2f,0x68,0x1,0x0,0x0,0x18,0x7,
0x12,0x0,0x43,0x69,0x1,0x0,0x0,0x7,
0x0,0x0,0x0,0x2f,0x6a,0x1,0x0,0x0,
0x18,0x7,0x10,0xff,0x18,0x8,0x43,0x6b,
0x1,0x0,0x0,0x7,0x0,0x0,0x0,0x1a,
0x8,0x6,0xd4,0x16,0x6,0x2,0x0,0x0,
0x0,0x0,0x0,0x0,0x0,0x0,0x0,0x0,
0x50,0x0,0x0,0x0,0x1f,0x0,0x0,0x0,
0x34,0x0,0x0,0x0,0x0,0x0,0x0,0x0,
0x38,0x0,0x0,0x0,0x0,0x0,0x0,0x0,
0x38,0x0,0x0,0x0,0x0,0x0,0x2,0x0,
0xff,0xff,0xff,0xff,0xa,0x0,0x0,0x0,
0xfb,0x0,0x90,0x0,0x0,0x0,0x0,0x0,
0x0,0x0,0x7,0x0,0x0,0x0,0x0,0x0,
0x0,0x0,0x0,0x0,0xfb,0x0,0x0,0x0,
0x0,0x0,0x0,0x0,0x1,0x0,0x0,0x0,
0xfb,0x0,0x0,0x0,0x1,0x0,0x0,0x0,
0xca,0x2f,0x6c,0x1,0x0,0x0,0x18,0x7,
0xad,0x6d,0x1,0x0,0x0,0x7,0x0,0x0,
0x0,0x0,0x0,0x0,0x0,0x0,0x0,0x0,
0x0,0x18,0x6,0xd4,0x16,0x6,0x2,0x0,
0x44,0x0,0x0,0x0,0x16,0x0,0x0,0x0,
0x4e,0x0,0x0,0x0,0x0,0x0,0x0,0x0,
0x38,0x0,0x0,0x0,0x0,0x0,0x0,0x0,
0x38,0x0,0x0,0x0,0x0,0x0,0x1,0x0,
0xff,0xff,0xff,0xff,0x7,0x0,0x0,0x0,
0x2,0x1,0x90,0x0,0x0,0x0,0x0,0x0,
0x0,0x0,0x7,0x0,0x0,0x0,0x0,0x0,
0x0,0x0,0x0,0x0,0x2,0x1,0x0,0x0,
0x1,0x0,0x0,0x0,0x2f,0x6e,0x1,0x0,
0x0,0x50,0xa,0x2f,0x6f,0x1,0x0,0x0,
0x3d,0x70,0x1,0x0,0x0,0x74,0x74,0x18,
0x6,0x2,0x0,0x0,0x0,0x0,0x0,0x0,
0x50,0x0,0x0,0x0,0x1f,0x0,0x0,0x0,
0x34,0x0,0x0,0x0,0x0,0x0,0x0,0x0,
0x38,0x0,0x0,0x0,0x0,0x0,0x0,0x0,
0x38,0x0,0x0,0x0,0x0,0x0,0x2,0x0,
0xff,0xff,0xff,0xff,0xa,0x0,0x0,0x0,
0x3,0x1,0x90,0x0,0x0,0x0,0x0,0x0,
0x0,0x0,0x7,0x0,0x0,0x0,0x0,0x0,
0x0,0x0,0x0,0x0,0x3,0x1,0x0,0x0,
0x0,0x0,0x0,0x0,0x1,0x0,0x0,0x0,
0x3,0x1,0x0,0x0,0x1,0x0,0x0,0x0,
0xca,0x2f,0x71,0x1,0x0,0x0,0x18,0x7,
0xad,0x72,0x1,0x0,0x0,0x7,0x0,0x0,
0x0,0x0,0x0,0x0,0x0,0x0,0x0,0x0,
0x0,0x18,0x6,0xd4,0x16,0x6,0x2,0x0,
0x44,0x0,0x0,0x0,0xd,0x0,0x0,0x0,
0x55,0x0,0x0,0x0,0x0,0x0,0x0,0x0,
0x38,0x0,0x0,0x0,0x0,0x0,0x0,0x0,
0x38,0x0,0x0,0x0,0x0,0x0,0x1,0x0,
0xff,0xff,0xff,0xff,0x7,0x0,0x0,0x0,
0x59,0x1,0x90,0x0,0x0,0x0,0x0,0x0,
0x0,0x0,0x7,0x0,0x0,0x0,0x0,0x0,
0x0,0x0,0x0,0x0,0x59,0x1,0x0,0x0,
0x1,0x0,0x0,0x0,0x2f,0x73,0x1,0x0,
0x0,0x3d,0x74,0x1,0x0,0x0,0x18,0x6,
0x2,0x0,0x0,0x0,0x0,0x0,0x0,0x0,
0x44,0x0,0x0,0x0,0x8,0x0,0x0,0x0,
0x12,0x0,0x0,0x0,0x0,0x0,0x0,0x0,
0x38,0x0,0x0,0x0,0x0,0x0,0x0,0x0,
0x38,0x0,0x0,0x0,0x0,0x0,0x1,0x0,
0xff,0xff,0xff,0xff,0x7,0x0,0x0,0x0,
0x58,0x1,0x90,0x0,0x0,0x0,0x0,0x0,
0x0,0x0,0x7,0x0,0x0,0x0,0x0,0x0,
0x0,0x0,0x0,0x0,0x58,0x1,0x0,0x0,
0x1,0x0,0x0,0x0,0x2f,0x75,0x1,0x0,
0x0,0x18,0x6,0x2,0x0,0x0,0x0,0x0,
0x44,0x0,0x0,0x0,0x18,0x0,0x0,0x0,
0x5b,0x0,0x0,0x0,0x0,0x0,0x0,0x0,
0x38,0x0,0x0,0x0,0x0,0x0,0x0,0x0,
0x38,0x0,0x0,0x0,0x0,0x0,0x1,0x0,
0xff,0xff,0xff,0xff,0x7,0x0,0x0,0x0,
0x61,0x1,0x90,0x0,0x0,0x0,0x0,0x0,
0x0,0x0,0x7,0x0,0x0,0x0,0x0,0x0,
0x0,0x0,0x0,0x0,0x61,0x1,0x0,0x0,
0x1,0x0,0x0,0x0,0x2f,0x76,0x1,0x0,
0x0,0x50,0xc,0x2f,0x77,0x1,0x0,0x0,
0x3d,0x78,0x1,0x0,0x0,0x4c,0x2,0x10,
0x6,0x18,0x6,0x2,0x0,0x0,0x0,0x0,
0x44,0x0,0x0,0x0,0x8,0x0,0x0,0x0,
0x12,0x0,0x0,0x0,0x0,0x0,0x0,0x0,
0x38,0x0,0x0,0x0,0x0,0x0,0x0,0x0,
0x38,0x0,0x0,0x0,0x0,0x0,0x1,0x0,
0xff,0xff,0xff,0xff,0x7,0x0,0x0,0x0,
0x5d,0x1,0x90,0x0,0x0,0x0,0x0,0x0,
0x0,0x0,0x7,0x0,0x0,0x0,0x0,0x0,
0x0,0x0,0x0,0x0,0x5d,0x1,0x0,0x0,
0x1,0x0,0x0,0x0,0x2f,0x79,0x1,0x0,
0x0,0x18,0x6,0x2,0x0,0x0,0x0,0x0,
0x44,0x0,0x0,0x0,0x14,0x0,0x0,0x0,
0x59,0x0,0x0,0x0,0x0,0x0,0x0,0x0,
0x38,0x0,0x0,0x0,0x0,0x0,0x0,0x0,
0x38,0x0,0x0,0x0,0x0,0x0,0x1,0x0,
0xff,0xff,0xff,0xff,0x7,0x0,0x0,0x0,
0x5f,0x1,0x90,0x0,0x0,0x0,0x0,0x0,
0x0,0x0,0x7,0x0,0x0,0x0,0x0,0x0,
0x0,0x0,0x0,0x0,0x5f,0x1,0x0,0x0,
0x1,0x0,0x0,0x0,0x2f,0x7a,0x1,0x0,
0x0,0x3d,0x7b,0x1,0x0,0x0,0x50,0x4,
0x10,0x1,0x4c,0x1,0x6,0x18,0x6,0x2,
0x0,0x0,0x0,0x0,0x0,0x0,0x0,0x0,
0x44,0x0,0x0,0x0,0x1d,0x0,0x0,0x0,
0x55,0x0,0x0,0x0,0x0,0x0,0x0,0x0,
0x38,0x0,0x0,0x0,0x0,0x0,0x0,0x0,
0x38,0x0,0x0,0x0,0x0,0x0,0x1,0x0,
0xff,0xff,0xff,0xff,0x7,0x0,0x0,0x0,
0x60,0x1,0x90,0x0,0x0,0x0,0x0,0x0,
0x0,0x0,0x7,0x0,0x0,0x0,0x0,0x0,
0x0,0x0,0x0,0x0,0x60,0x1,0x0,0x0,
0x1,0x0,0x0,0x0,0x2f,0x7c,0x1,0x0,
0x0,0x3d,0x7d,0x1,0x0,0x0,0x50,0xc,
0x2f,0x7e,0x1,0x0,0x0,0x3d,0x7f,0x1,
0x0,0x0,0x4c,0x2,0x12,0x56,0x18,0x6,
0x2,0x0,0x0,0x0,0x0,0x0,0x0,0x0,
0x50,0x0,0x0,0x0,0x9,0x0,0x0,0x0,
0x62,0x0,0x0,0x0,0x0,0x0,0x0,0x0,
0x38,0x0,0x0,0x0,0x0,0x0,0x0,0x0,
0x38,0x0,0x0,0x0,0x0,0x0,0x2,0x0,
0x2e,0x0,0x0,0x0,0x7,0x0,0x0,0x0,
0x71,0x1,0x90,0x0,0x0,0x0,0x0,0x0,
0x0,0x0,0x7,0x0,0x0,0x0,0x8,0x0,
0x0,0x0,0x0,0x0,0x71,0x1,0x0,0x0,
0x0,0x0,0x0,0x0,0x1,0x0,0x0,0x0,
0x71,0x1,0x0,0x0,0x1,0x0,0x0,0x0,
0xca,0x28,0x2e,0x18,0x6,0xd4,0x16,0x6,
0x2,0x0,0x0,0x0,0x0,0x0,0x0,0x0,
0x0,0x0,0x0,0x0,0x0,0x0,0x0,0x0,
0x4c,0x0,0x0,0x0,0x9,0x0,0x0,0x0,
0x0,0x0,0x0,0x0,0x1,0x0,0x1,0x0,
0x38,0x0,0x0,0x0,0x0,0x0,0x0,0x0,
0x40,0x0,0x0,0x0,0x0,0x0,0x1,0x0,
0xff,0xff,0xff,0xff,0x9,0x0,0x0,0x0,
0x71,0x1,0xc0,0x1,0x0,0x0,0x0,0x0,
0x0,0x0,0x8,0x0,0x0,0x0,0x2,0x0,
0x52,0x0,0x0,0x0,0x0,0x0,0x0,0x0,
0x0,0x0,0x0,0x0,0x71,0x1,0x0,0x0,
0x1,0x0,0x0,0x0,0x16,0x6,0x18,0x8,
0x30,0x73,0x16,0x8,0x2,0x0,0x0,0x0,
0x0,0x0,0x0,0x0,0x0,0x0,0x0,0x0,
0x68,0x0,0x0,0x0,0x4f,0x0,0x0,0x0,
0x64,0x0,0x0,0x0,0x0,0x0,0x0,0x0,
0x38,0x0,0x0,0x0,0x0,0x0,0x0,0x0,
0x38,0x0,0x0,0x0,0x0,0x0,0x4,0x0,
0xff,0xff,0xff,0xff,0xb,0x0,0x0,0x0,
0x72,0x1,0x90,0x0,0x0,0x0,0x0,0x0,
0x0,0x0,0x7,0x0,0x0,0x0,0x0,0x0,
0x0,0x0,0x0,0x0,0x72,0x1,0x0,0x0,
0x0,0x0,0x0,0x0,0x1,0x0,0x0,0x0,
0x73,0x1,0x0,0x0,0x3,0x0,0x0,0x0,
0x25,0x0,0x0,0x0,0x74,0x1,0x0,0x0,
0x4,0x0,0x0,0x0,0x4b,0x0,0x0,0x0,
0x75,0x1,0x0,0x0,0x4,0x0,0x0,0x0,
0xca,0x2f,0x80,0x1,0x0,0x0,0x18,0x7,
0x2f,0x81,0x1,0x0,0x0,0x3d,0x82,0x1,
0x0,0x0,0x18,0xa,0xad,0x83,0x1,0x0,
0x0,0x7,0x0,0x0,0x0,0x1,0x0,0x0,
0x0,0xa,0x0,0x0,0x0,0x2f,0x84,0x1,
0x0,0x0,0x18,0x7,0x2f,0x85,0x1,0x0,
0x0,0x3d,0x86,0x1,0x0,0x0,0x18,0xa,
0xad,0x87,0x1,0x0,0x0,0x7,0x0,0x0,
0x0,0x1,0x0,0x0,0x0,0xa,0x0,0x0,
0x0,0x18,0x6,0xd4,0x16,0x6,0x2,0x0,
0x0,0x0,0x0,0x0,0x0,0x0,0x0,0x0,
0x5c,0x0,0x0,0x0,0x9,0x0,0x0,0x0,
0x66,0x0,0x0,0x0,0x0,0x0,0x0,0x0,
0x38,0x0,0x0,0x0,0x0,0x0,0x0,0x0,
0x38,0x0,0x0,0x0,0x0,0x0,0x3,0x0,
0x31,0x0,0x0,0x0,0x7,0x0,0x0,0x0,
0x76,0x1,0x90,0x0,0x0,0x0,0x0,0x0,
0x0,0x0,0x7,0x0,0x0,0x0,0x8,0x0,
0x0,0x0,0x0,0x0,0x76,0x1,0x0,0x0,
0x0,0x0,0x0,0x0,0x1,0x0,0x0,0x0,
0x76,0x1,0x0,0x0,0x1,0x0,0x0,0x0,
0x5,0x0,0x0,0x0,0x7f,0x1,0x0,0x0,
0x1,0x0,0x0,0x0,0xca,0x28,0x31,0x18,
0x6,0xd4,0x16,0x6,0x2,0x0,0x0,0x0,
0x0,0x0,0x0,0x0,0x0,0x0,0x0,0x0,
0x94,0x0,0x0,0x0,0xb6,0x0,0x0,0x0,
0x0,0x0,0x0,0x0,0x1,0x0,0x1,0x0,
0x38,0x0,0x0,0x0,0x0,0x0,0x0,0x0,
0x40,0x0,0x0,0x0,0x0,0x0,0x7,0x0,
0xff,0xff,0xff,0xff,0xf,0x0,0x0,0x0,
0x76,0x1,0xd0,0x1,0x0,0x0,0x0,0x0,
0x0,0x0,0x8,0x0,0x0,0x0,0x2,0x0,
0x4d,0x2,0x0,0x0,0x0,0x0,0x0,0x0,
0x0,0x0,0x0,0x0,0x77,0x1,0x0,0x0,
0x1,0x0,0x0,0x0,0x40,0x0,0x0,0x0,
0x78,0x1,0x0,0x0,0x4,0x0,0x0,0x0,
0x52,0x0,0x0,0x0,0x79,0x1,0x0,0x0,
0x6,0x0,0x0,0x0,0x64,0x0,0x0,0x0,
0x7a,0x1,0x0,0x0,0x8,0x0,0x0,0x0,
0x7e,0x0,0x0,0x0,0x7c,0x1,0x0,0x0,
0xb,0x0,0x0,0x0,0x96,0x0,0x0,0x0,
0x7d,0x1,0x0,0x0,0xd,0x0,0x0,0x0,
0xb4,0x0,0x0,0x0,0x7f,0x1,0x0,0x0,
0xd,0x0,0x0,0x0,0x13,0xcd,0x1,0x0,
0x0,0x18,0xa,0xad,0x88,0x1,0x0,0x0,
0x6,0x0,0x0,0x0,0x1,0x0,0x0,0x0,
0xa,0x0,0x0,0x0,0x18,0x8,0x10,0xff,
0x6e,0x8,0x4e,0x20,0x13,0xce,0x1,0x0,
0x0,0x18,0xb,0xad,0x89,0x1,0x0,0x0,
0x6,0x0,0x0,0x0,0x1,0x0,0x0,0x0,
0xb,0x0,0x0,0x0,0x18,0x9,0x10,0xff,
0x6e,0x9,0x50,0x3e,0x2f,0x8a,0x1,0x0,
0x0,0x18,0xa,0x16,0x6,0x43,0x8b,0x1,
0x0,0x0,0xa,0x0,0x0,0x0,0x2f,0x8c,
0x1,0x0,0x0,0x18,0xa,0x4,0x27,0x43,
0x8d,0x1,0x0,0x0,0xa,0x0,0x0,0x0,
0x2f,0x8e,0x1,0x0,0x0,0x18,0xa,0xad,
0x8f,0x1,0x0,0x0,0xa,0x0,0x0,0x0,
0x0,0x0,0x0,0x0,0x0,0x0,0x0,0x0,
0x4c,0x36,0x2f,0x90,0x1,0x0,0x0,0x18,
0xa,0xad,0x91,0x1,0x0,0x0,0xa,0x0,
0x0,0x0,0x0,0x0,0x0,0x0,0x0,0x0,
0x0,0x0,0x2f,0x92,0x1,0x0,0x0,0x18,
0xa,0x1a,0x6,0xd,0x14,0x25,0xe,0xad,
0x93,0x1,0x0,0x0,0xa,0x0,0x0,0x0,
0x2,0x0,0x0,0x0,0xd,0x0,0x0,0x0,
0xe,0x2,0x0,0x0,0x0,0x0,0x0,0x0,
0x0,0x0,0x0,0x0,0x0,0x0,0x0,0x0,
0x5c,0x0,0x0,0x0,0x9,0x0,0x0,0x0,
0x68,0x0,0x0,0x0,0x0,0x0,0x0,0x0,
0x38,0x0,0x0,0x0,0x0,0x0,0x0,0x0,
0x38,0x0,0x0,0x0,0x0,0x0,0x3,0x0,
0x33,0x0,0x0,0x0,0x7,0x0,0x0,0x0,
0x80,0x1,0x90,0x0,0x0,0x0,0x0,0x0,
0x0,0x0,0x7,0x0,0x0,0x0,0x8,0x0,
0x0,0x0,0x0,0x0,0x80,0x1,0x0,0x0,
0x0,0x0,0x0,0x0,0x1,0x0,0x0,0x0,
0x80,0x1,0x0,0x0,0x1,0x0,0x0,0x0,
0x5,0x0,0x0,0x0,0x83,0x1,0x0,0x0,
0x1,0x0,0x0,0x0,0xca,0x28,0x33,0x18,
0x6,0xd4,0x16,0x6,0x2,0x0,0x0,0x0,
0x0,0x0,0x0,0x0,0x0,0x0,0x0,0x0,
0x64,0x0,0x0,0x0,0x38,0x0,0x0,0x0,
0x0,0x0,0x0,0x0,0x1,0x0,0x1,0x0,
0x38,0x0,0x0,0x0,0x0,0x0,0x0,0x0,
0x40,0x0,0x0,0x0,0x0,0x0,0x3,0x0,
0xff,0xff,0xff,0xff,0xd,0x0,0x0,0x0,
0x80,0x1,0xb0,0x1,0x0,0x0,0x0,0x0,
0x0,0x0,0x8,0x0,0x0,0x0,0x2,0x0,
0x4d,0x2,0x0,0x0,0x0,0x0,0x0,0x0,
0x0,0x0,0x0,0x0,0x81,0x1,0x0,0x0,
0x2,0x0,0x0,0x0,0x18,0x0,0x0,0x0,
0x82,0x1,0x0,0x0,0x4,0x0,0x0,0x0,
0x36,0x0,0x0,0x0,0x83,0x1,0x0,0x0,
0x4,0x0,0x0,0x0,0x2f,0x94,0x1,0x0,
0x0,0x18,0x8,0xad,0x95,0x1,0x0,0x0,
0x8,0x0,0x0,0x0,0x0,0x0,0x0,0x0,
0x0,0x0,0x0,0x0,0x2f,0x96,0x1,0x0,
0x0,0x18,0x8,0x1a,0x6,0xb,0x14,0x28,
0xc,0xad,0x97,0x1,0x0,0x0,0x8,0x0,
0x0,0x0,0x2,0x0,0x0,0x0,0xb,0x0,
0x0,0x0,0xe,0x2,0x0,0x0,0x0,0x0,
0xd4,0x0,0x0,0x0,0x1,0x1,0x0,0x0,
0x60,0x0,0x0,0x0,0x0,0x0,0x0,0x0,
0x38,0x0,0x0,0x0,0x0,0x0,0x0,0x0,
0x38,0x0,0x0,0x0,0x0,0x0,0xd,0x0,
0xff,0xff,0xff,0xff,0xc,0x0,0x0,0x0,
0x67,0x1,0x90,0x0,0x0,0x0,0x0,0x0,
0x0,0x0,0x8,0x0,0x0,0x0,0x0,0x0,
0x0,0x0,0x0,0x0,0x67,0x1,0x0,0x0,
0x0,0x0,0x0,0x0,0x1,0x0,0x0,0x0,
0x68,0x1,0x0,0x0,0x2,0x0,0x0,0x0,
0x11,0x0,0x0,0x0,0x68,0x1,0x0,0x0,
0x4,0x0,0x0,0x0,0x25,0x0,0x0,0x0,
0x69,0x1,0x0,0x0,0x5,0x0,0x0,0x0,
0x35,0x0,0x0,0x0,0x69,0x1,0x0,0x0,
0x7,0x0,0x0,0x0,0x49,0x0,0x0,0x0,
0x6a,0x1,0x0,0x0,0x8,0x0,0x0,0x0,
0x6f,0x0,0x0,0x0,0x6b,0x1,0x0,0x0,
0xa,0x0,0x0,0x0,0x7e,0x0,0x0,0x0,
0x6c,0x1,0x0,0x0,0xb,0x0,0x0,0x0,
0x8e,0x0,0x0,0x0,0x6c,0x1,0x0,0x0,
0xd,0x0,0x0,0x0,0x9b,0x0,0x0,0x0,
0x6d,0x1,0x0,0x0,0xf,0x0,0x0,0x0,
0xbf,0x0,0x0,0x0,0x6e,0x1,0x0,0x0,
0x11,0x0,0x0,0x0,0xd7,0x0,0x0,0x0,
0x6f,0x1,0x0,0x0,0x12,0x0,0x0,0x0,
0xfd,0x0,0x0,0x0,0x70,0x1,0x0,0x0,
0x12,0x0,0x0,0x0,0xca,0xe3,0xd3,0x1,
0x0,0x0,0x18,0x8,0x13,0xd4,0x1,0x0,
0x0,0x6e,0x8,0x50,0x14,0x2f,0x98,0x1,
0x0,0x0,0x18,0xb,0xb5,0x99,0x1,0x0,
0x0,0x1,0x0,0x0,0x0,0xb,0x0,0x0,
0x0,0xe3,0xd6,0x1,0x0,0x0,0x18,0x8,
0x13,0xd4,0x1,0x0,0x0,0x6e,0x8,0x50,
0x14,0x2f,0x9a,0x1,0x0,0x0,0x18,0xb,
0xb5,0x9b,0x1,0x0,0x0,0x1,0x0,0x0,
0x0,0xb,0x0,0x0,0x0,0x2f,0x9c,0x1,
0x0,0x0,0x50,0x18,0x2f,0x9d,0x1,0x0,
0x0,0x3d,0x9e,0x1,0x0,0x0,0x18,0x8,
0x6,0x64,0x8,0x50,0x7,0x2f,0x9f,0x1,
0x0,0x0,0x4c,0x5,0x2f,0xa0,0x1,0x0,
0x0,0x18,0x7,0xb5,0xa1,0x1,0x0,0x0,
0x1,0x0,0x0,0x0,0x7,0x0,0x0,0x0,
0x18,0x7,0x50,0x1b,0x16,0x7,0x3d,0xa2,
0x1,0x0,0x0,0x18,0x8,0x6,0x64,0x8,
0x50,0xd,0xb5,0xa3,0x1,0x0,0x0,0x1,
0x0,0x0,0x0,0x7,0x0,0x0,0x0,0x2f,
0xa4,0x1,0x0,0x0,0x18,0x8,0x2f,0xa5,
0x1,0x0,0x0,0x3d,0xa6,0x1,0x0,0x0,
0x18,0xb,0xad,0xa7,0x1,0x0,0x0,0x8,
0x0,0x0,0x0,0x1,0x0,0x0,0x0,0xb,
0x0,0x0,0x0,0x2f,0xa8,0x1,0x0,0x0,
0x18,0x8,0xad,0xa9,0x1,0x0,0x0,0x8,
0x0,0x0,0x0,0x0,0x0,0x0,0x0,0x0,
0x0,0x0,0x0,0x2f,0xaa,0x1,0x0,0x0,
0x18,0x8,0x2f,0xab,0x1,0x0,0x0,0x3d,
0xac,0x1,0x0,0x0,0x18,0xb,0xad,0xad,
0x1,0x0,0x0,0x8,0x0,0x0,0x0,0x1,
0x0,0x0,0x0,0xb,0x0,0x0,0x0,0x18,
0x6,0xd4,0x16,0x6,0x2,0x0,0x0,0x0,
0x0,0x0,0x0,0x0,0x0,0x0,0x0,0x0,
0x68,0x0,0x0,0x0,0x24,0x0,0x0,0x0,
0x60,0x0,0x0,0x0,0x0,0x0,0x0,0x0,
0x38,0x0,0x0,0x0,0x0,0x0,0x0,0x0,
0x38,0x0,0x0,0x0,0x0,0x0,0x4,0x0,
0xff,0xff,0xff,0xff,0xa,0x0,0x0,0x0,
0x89,0x1,0x50,0x0,0x0,0x0,0x0,0x0,
0x0,0x0,0x7,0x0,0x0,0x0,0x0,0x0,
0x0,0x0,0x0,0x0,0x89,0x1,0x0,0x0,
0x0,0x0,0x0,0x0,0x1,0x0,0x0,0x0,
0x8a,0x1,0x0,0x0,0x2,0x0,0x0,0x0,
0x11,0x0,0x0,0x0,0x8a,0x1,0x0,0x0,
0x3,0x0,0x0,0x0,0x20,0x0,0x0,0x0,
0x8b,0x1,0x0,0x0,0x3,0x0,0x0,0x0,
0xca,0xe3,0xd8,0x1,0x0,0x0,0x18,0x7,
0x13,0xd9,0x1,0x0,0x0,0x6c,0x7,0x50,
0xf,0xb5,0xae,0x1,0x0,0x0,0x0,0x0,
0x0,0x0,0x0,0x0,0x0,0x0,0x18,0x6,
0xd4,0x16,0x6,0x2,0x0,0x0,0x0,0x0,
0x0,0x0,0x0,0x0,0x0,0x0,0x0,0x0,
0x44,0x0,0x0,0x0,0x1b,0x0,0x0,0x0,
0x79,0x0,0x0,0x0,0x0,0x0,0x0,0x0,
0x38,0x0,0x0,0x0,0x0,0x0,0x0,0x0,
0x38,0x0,0x0,0x0,0x0,0x0,0x1,0x0,
0xff,0xff,0xff,0xff,0x8,0x0,0x0,0x0,
0x97,0x1,0x90,0x0,0x0,0x0,0x0,0x0,
0x0,0x0,0x7,0x0,0x0,0x0,0x0,0x0,
0x0,0x0,0x0,0x0,0x97,0x1,0x0,0x0,
0x1,0x0,0x0,0x0,0x2f,0xaf,0x1,0x0,
0x0,0x3d,0xb0,0x1,0x0,0x0,0x18,0x7,
0x2f,0xb1,0x1,0x0,0x0,0x3d,0xb2,0x1,
0x0,0x0,0x84,0x7,0x18,0x6,0x2,0x0,
0x0,0x0,0x0,0x0,0x0,0x0,0x0,0x0,
0x68,0x0,0x0,0x0,0x31,0x0,0x0,0x0,
0x8d,0x0,0x0,0x0,0x0,0x0,0x0,0x0,
0x38,0x0,0x0,0x0,0x0,0x0,0x0,0x0,
0x38,0x0,0x0,0x0,0x0,0x0,0x4,0x0,
0xff,0xff,0xff,0xff,0xa,0x0,0x0,0x0,
0xa8,0x1,0x90,0x0,0x0,0x0,0x0,0x0,
0x0,0x0,0x7,0x0,0x0,0x0,0x0,0x0,
0x0,0x0,0x0,0x0,0xa8,0x1,0x0,0x0,
0x0,0x0,0x0,0x0,0x1,0x0,0x0,0x0,
0xa9,0x1,0x0,0x0,0x3,0x0,0x0,0x0,
0x13,0x0,0x0,0x0,0xaa,0x1,0x0,0x0,
0x4,0x0,0x0,0x0,0x2d,0x0,0x0,0x0,
0xab,0x1,0x0,0x0,0x4,0x0,0x0,0x0,
0xca,0x2f,0xb3,0x1,0x0,0x0,0x18,0x7,
0x12,0x0,0x43,0xb4,0x1,0x0,0x0,0x7,
0x0,0x0,0x0,0x2f,0xb5,0x1,0x0,0x0,
0x18,0x7,0xad,0xb6,0x1,0x0,0x0,0x7,
0x0,0x0,0x0,0x0,0x0,0x0,0x0,0x0,
0x0,0x0,0x0,0x18,0x6,0xd4,0x16,0x6,
0x2,0x0,0x0,0x0,0x0,0x0,0x0,0x0,
0x0,0x0,0x0,0x0,0x0,0x0,0x0,0x0,
0x68,0x0,0x0,0x0,0x67,0x0,0x0,0x0,
0x8f,0x0,0x0,0x0,0x0,0x0,0x0,0x0,
0x38,0x0,0x0,0x0,0x0,0x0,0x0,0x0,
0x38,0x0,0x0,0x0,0x0,0x0,0x4,0x0,
0xff,0xff,0xff,0xff,0xf,0x0,0x0,0x0,
0xac,0x1,0x90,0x0,0x0,0x0,0x0,0x0,
0x0,0x0,0x7,0x0,0x0,0x0,0x0,0x0,
0x0,0x0,0x0,0x0,0xac,0x1,0x0,0x0,
0x0,0x0,0x0,0x0,0x1,0x0,0x0,0x0,
0xad,0x1,0x0,0x0,0x2,0x0,0x0,0x0,
0x2a,0x0,0x0,0x0,0xad,0x1,0x0,0x0,
0x3,0x0,0x0,0x0,0x63,0x0,0x0,0x0,
0xae,0x1,0x0,0x0,0x3,0x0,0x0,0x0,
0xca,0x2f,0xb7,0x1,0x0,0x0,0x3d,0xb8,
0x1,0x0,0x0,0x18,0x7,0xad,0xb9,0x1,
0x0,0x0,0x7,0x0,0x0,0x0,0x0,0x0,
0x0,0x0,0x0,0x0,0x0,0x0,0x3d,0xba,
0x1,0x0,0x0,0x18,0x7,0x6,0x64,0x7,
0x50,0x39,0x2f,0xbb,0x1,0x0,0x0,0x18,
0x8,0x2f,0xbc,0x1,0x0,0x0,0x3d,0xbd,
0x1,0x0,0x0,0x18,0xc,0xad,0xbe,0x1,
0x0,0x0,0xc,0x0,0x0,0x0,0x0,0x0,
0x0,0x0,0x0,0x0,0x0,0x0,0x18,0xb,
0xad,0xbf,0x1,0x0,0x0,0x8,0x0,0x0,
0x0,0x1,0x0,0x0,0x0,0xb,0x0,0x0,
0x0,0x18,0x6,0xd4,0x16,0x6,0x2,0x0,
0x0,0x0,0x0,0x0,0x0,0x0,0x0,0x0,
0x44,0x0,0x0,0x0,0x8,0x0,0x0,0x0,
0x7b,0x0,0x0,0x0,0x0,0x0,0x0,0x0,
0x38,0x0,0x0,0x0,0x0,0x0,0x0,0x0,
0x38,0x0,0x0,0x0,0x0,0x0,0x1,0x0,
0xff,0xff,0xff,0xff,0x7,0x0,0x0,0x0,
0x99,0x1,0x90,0x0,0x0,0x0,0x0,0x0,
0x0,0x0,0x7,0x0,0x0,0x0,0x0,0x0,
0x0,0x0,0x0,0x0,0x99,0x1,0x0,0x0,
0x1,0x0,0x0,0x0,0x2f,0xc0,0x1,0x0,
0x0,0x18,0x6,0x2,0x0,0x0,0x0,0x0,
0x44,0x0,0x0,0x0,0xd,0x0,0x0,0x0,
0x55,0x0,0x0,0x0,0x0,0x0,0x0,0x0,
0x38,0x0,0x0,0x0,0x0,0x0,0x0,0x0,
0x38,0x0,0x0,0x0,0x0,0x0,0x1,0x0,
0xff,0xff,0xff,0xff,0x7,0x0,0x0,0x0,
0x9f,0x1,0x90,0x2,0x0,0x0,0x0,0x0,
0x0,0x0,0x7,0x0,0x0,0x0,0x0,0x0,
0x0,0x0,0x0,0x0,0x9f,0x1,0x0,0x0,
0x1,0x0,0x0,0x0,0x2f,0xc1,0x1,0x0,
0x0,0x3d,0xc2,0x1,0x0,0x0,0x18,0x6,
0x2,0x0,0x0,0x0,0x0,0x0,0x0,0x0,
0x44,0x0,0x0,0x0,0x2c,0x0,0x0,0x0,
0x93,0x0,0x0,0x0,0x0,0x0,0x0,0x0,
0x38,0x0,0x0,0x0,0x0,0x0,0x0,0x0,
0x38,0x0,0x0,0x0,0x0,0x0,0x1,0x0,
0xff,0xff,0xff,0xff,0x7,0x0,0x0,0x0,
0xb4,0x1,0x90,0x0,0x0,0x0,0x0,0x0,
0x0,0x0,0x7,0x0,0x0,0x0,0x0,0x0,
0x0,0x0,0x0,0x0,0xb4,0x1,0x0,0x0,
0x1,0x0,0x0,0x0,0x2f,0xc3,0x1,0x0,
0x0,0x50,0x18,0x2f,0xc4,0x1,0x0,0x0,
0x3d,0xc5,0x1,0x0,0x0,0x50,0xc,0x2f,
0xc6,0x1,0x0,0x0,0x3d,0xc7,0x1,0x0,
0x0,0x4c,0xa,0x2f,0xc8,0x1,0x0,0x0,
0x3d,0xc9,0x1,0x0,0x0,0x18,0x6,0x2,
0x0,0x0,0x0,0x0,0x0,0x0,0x0,0x0,
0x44,0x0,0x0,0x0,0xd,0x0,0x0,0x0,
0x95,0x0,0x0,0x0,0x0,0x0,0x0,0x0,
0x38,0x0,0x0,0x0,0x0,0x0,0x0,0x0,
0x38,0x0,0x0,0x0,0x0,0x0,0x1,0x0,
0xff,0xff,0xff,0xff,0x7,0x0,0x0,0x0,
0xb5,0x1,0x90,0x0,0x0,0x0,0x0,0x0,
0x0,0x0,0x7,0x0,0x0,0x0,0x0,0x0,
0x0,0x0,0x0,0x0,0xb5,0x1,0x0,0x0,
0x1,0x0,0x0,0x0,0x2f,0xca,0x1,0x0,
0x0,0x3d,0xcb,0x1,0x0,0x0,0x18,0x6,
0x2,0x0,0x0,0x0,0x0,0x0,0x0,0x0,
0x50,0x0,0x0,0x0,0x1f,0x0,0x0,0x0,
0x34,0x0,0x0,0x0,0x0,0x0,0x0,0x0,
0x38,0x0,0x0,0x0,0x0,0x0,0x0,0x0,
0x38,0x0,0x0,0x0,0x0,0x0,0x2,0x0,
0xff,0xff,0xff,0xff,0xa,0x0,0x0,0x0,
0xb6,0x1,0x80,0x2,0x0,0x0,0x0,0x0,
0x0,0x0,0x7,0x0,0x0,0x0,0x0,0x0,
0x0,0x0,0x0,0x0,0xb6,0x1,0x0,0x0,
0x0,0x0,0x0,0x0,0x1,0x0,0x0,0x0,
0xb6,0x1,0x0,0x0,0x1,0x0,0x0,0x0,
0xca,0x2f,0xcc,0x1,0x0,0x0,0x18,0x7,
0xad,0xcd,0x1,0x0,0x0,0x7,0x0,0x0,
0x0,0x0,0x0,0x0,0x0,0x0,0x0,0x0,
0x0,0x18,0x6,0xd4,0x16,0x6,0x2,0x0,
0x44,0x0,0x0,0x0,0xd,0x0,0x0,0x0,
0x9a,0x0,0x0,0x0,0x0,0x0,0x0,0x0,
0x38,0x0,0x0,0x0,0x0,0x0,0x0,0x0,
0x38,0x0,0x0,0x0,0x0,0x0,0x1,0x0,
0xff,0xff,0xff,0xff,0x7,0x0,0x0,0x0,
0xb7,0x1,0xa0,0x3,0x0,0x0,0x0,0x0,
0x0,0x0,0x7,0x0,0x0,0x0,0x0,0x0,
0x0,0x0,0x0,0x0,0xb7,0x1,0x0,0x0,
0x1,0x0,0x0,0x0,0x2f,0xce,0x1,0x0,
0x0,0x3d,0xcf,0x1,0x0,0x0,0x18,0x6,
0x2,0x0,0x0,0x0,0x0,0x0,0x0,0x0,
0x50,0x0,0x0,0x0,0x1f,0x0,0x0,0x0,
0x34,0x0,0x0,0x0,0x0,0x0,0x0,0x0,
0x38,0x0,0x0,0x0,0x0,0x0,0x0,0x0,
0x38,0x0,0x0,0x0,0x0,0x0,0x2,0x0,
0xff,0xff,0xff,0xff,0x9,0x0,0x0,0x0,
0xb7,0x1,0xf0,0x5,0x0,0x0,0x0,0x0,
0x0,0x0,0x7,0x0,0x0,0x0,0x0,0x0,
0x0,0x0,0x0,0x0,0xb7,0x1,0x0,0x0,
0x0,0x0,0x0,0x0,0x1,0x0,0x0,0x0,
0xb7,0x1,0x0,0x0,0x1,0x0,0x0,0x0,
0xca,0x2f,0xd0,0x1,0x0,0x0,0x18,0x7,
0x2f,0xd1,0x1,0x0,0x0,0x18,0x8,0x43,
0xd2,0x1,0x0,0x0,0x7,0x0,0x0,0x0,
0x1a,0x8,0x6,0xd4,0x16,0x6,0x2,0x0,
0x44,0x0,0x0,0x0,0xd,0x0,0x0,0x0,
0x9d,0x0,0x0,0x0,0x0,0x0,0x0,0x0,
0x38,0x0,0x0,0x0,0x0,0x0,0x0,0x0,
0x38,0x0,0x0,0x0,0x0,0x0,0x1,0x0,
0xff,0xff,0xff,0xff,0x7,0x0,0x0,0x0,
0xb8,0x1,0x30,0x2,0x0,0x0,0x0,0x0,
0x0,0x0,0x7,0x0,0x0,0x0,0x0,0x0,
0x0,0x0,0x0,0x0,0xb8,0x1,0x0,0x0,
0x1,0x0,0x0,0x0,0x2f,0xd3,0x1,0x0,
0x0,0x3d,0xd4,0x1,0x0,0x0,0x18,0x6,
0x2,0x0,0x0,0x0,0x0,0x0,0x0,0x0,
0x50,0x0,0x0,0x0,0x1f,0x0,0x0,0x0,
0x34,0x0,0x0,0x0,0x0,0x0,0x0,0x0,
0x38,0x0,0x0,0x0,0x0,0x0,0x0,0x0,
0x38,0x0,0x0,0x0,0x0,0x0,0x2,0x0,
0xff,0xff,0xff,0xff,0xa,0x0,0x0,0x0,
0xb8,0x1,0x50,0x4,0x0,0x0,0x0,0x0,
0x0,0x0,0x7,0x0,0x0,0x0,0x0,0x0,
0x0,0x0,0x0,0x0,0xb8,0x1,0x0,0x0,
0x0,0x0,0x0,0x0,0x1,0x0,0x0,0x0,
0xb8,0x1,0x0,0x0,0x1,0x0,0x0,0x0,
0xca,0x2f,0xd5,0x1,0x0,0x0,0x18,0x7,
0xad,0xd6,0x1,0x0,0x0,0x7,0x0,0x0,
0x0,0x0,0x0,0x0,0x0,0x0,0x0,0x0,
0x0,0x18,0x6,0xd4,0x16,0x6,0x2,0x0,
0x50,0x0,0x0,0x0,0x1f,0x0,0x0,0x0,
0x34,0x0,0x0,0x0,0x0,0x0,0x0,0x0,
0x38,0x0,0x0,0x0,0x0,0x0,0x0,0x0,
0x38,0x0,0x0,0x0,0x0,0x0,0x2,0x0,
0xff,0xff,0xff,0xff,0xa,0x0,0x0,0x0,
0xb9,0x1,0xa0,0x2,0x0,0x0,0x0,0x0,
0x0,0x0,0x7,0x0,0x0,0x0,0x0,0x0,
0x0,0x0,0x0,0x0,0xb9,0x1,0x0,0x0,
0x0,0x0,0x0,0x0,0x1,0x0,0x0,0x0,
0xb9,0x1,0x0,0x0,0x1,0x0,0x0,0x0,
0xca,0x2f,0xd7,0x1,0x0,0x0,0x18,0x7,
0xad,0xd8,0x1,0x0,0x0,0x7,0x0,0x0,
0x0,0x0,0x0,0x0,0x0,0x0,0x0,0x0,
0x0,0x18,0x6,0xd4,0x16,0x6,0x2,0x0,
0x50,0x0,0x0,0x0,0x1f,0x0,0x0,0x0,
0x34,0x0,0x0,0x0,0x0,0x0,0x0,0x0,
0x38,0x0,0x0,0x0,0x0,0x0,0x0,0x0,
0x38,0x0,0x0,0x0,0x0,0x0,0x2,0x0,
0xff,0xff,0xff,0xff,0xa,0x0,0x0,0x0,
0xba,0x1,0x50,0x2,0x0,0x0,0x0,0x0,
0x0,0x0,0x7,0x0,0x0,0x0,0x0,0x0,
0x0,0x0,0x0,0x0,0xba,0x1,0x0,0x0,
0x0,0x0,0x0,0x0,0x1,0x0,0x0,0x0,
0xba,0x1,0x0,0x0,0x1,0x0,0x0,0x0,
0xca,0x2f,0xd9,0x1,0x0,0x0,0x18,0x7,
0xad,0xda,0x1,0x0,0x0,0x7,0x0,0x0,
0x0,0x0,0x0,0x0,0x0,0x0,0x0,0x0,
0x0,0x18,0x6,0xd4,0x16,0x6,0x2,0x0,
0x50,0x0,0x0,0x0,0x1f,0x0,0x0,0x0,
0x34,0x0,0x0,0x0,0x0,0x0,0x0,0x0,
0x38,0x0,0x0,0x0,0x0,0x0,0x0,0x0,
0x38,0x0,0x0,0x0,0x0,0x0,0x2,0x0,
0xff,0xff,0xff,0xff,0xa,0x0,0x0,0x0,
0xbe,0x1,0xd0,0x0,0x0,0x0,0x0,0x0,
0x0,0x0,0x7,0x0,0x0,0x0,0x0,0x0,
0x0,0x0,0x0,0x0,0xbe,0x1,0x0,0x0,
0x0,0x0,0x0,0x0,0x1,0x0,0x0,0x0,
0xbe,0x1,0x0,0x0,0x1,0x0,0x0,0x0,
0xca,0x2f,0xdb,0x1,0x0,0x0,0x18,0x7,
0xad,0xdc,0x1,0x0,0x0,0x7,0x0,0x0,
0x0,0x0,0x0,0x0,0x0,0x0,0x0,0x0,
0x0,0x18,0x6,0xd4,0x16,0x6,0x2,0x0,
0x44,0x0,0x0,0x0,0xd,0x0,0x0,0x0,
0x59,0x0,0x0,0x0,0x0,0x0,0x0,0x0,
0x38,0x0,0x0,0x0,0x0,0x0,0x0,0x0,
0x38,0x0,0x0,0x0,0x0,0x0,0x1,0x0,
0xff,0xff,0xff,0xff,0x7,0x0,0x0,0x0,
0xc8,0x1,0xd0,0x0,0x0,0x0,0x0,0x0,
0x0,0x0,0x7,0x0,0x0,0x0,0x0,0x0,
0x0,0x0,0x0,0x0,0xc8,0x1,0x0,0x0,
0x1,0x0,0x0,0x0,0x2f,0xdd,0x1,0x0,
0x0,0x3d,0xde,0x1,0x0,0x0,0x18,0x6,
0x2,0x0,0x0,0x0,0x0,0x0,0x0,0x0,
0x44,0x0,0x0,0x0,0x16,0x0,0x0,0x0,
0xa8,0x0,0x0,0x0,0x0,0x0,0x0,0x0,
0x38,0x0,0x0,0x0,0x0,0x0,0x0,0x0,
0x38,0x0,0x0,0x0,0x0,0x0,0x1,0x0,
0xff,0xff,0xff,0xff,0x8,0x0,0x0,0x0,
0xc8,0x1,0xe0,0x1,0x0,0x0,0x0,0x0,
0x0,0x0,0x7,0x0,0x0,0x0,0x0,0x0,
0x0,0x0,0x0,0x0,0xc8,0x1,0x0,0x0,
0x1,0x0,0x0,0x0,0x2f,0xdf,0x1,0x0,
0x0,0x18,0x7,0x2f,0xe0,0x1,0x0,0x0,
0x3d,0xe1,0x1,0x0,0x0,0x9c,0x7,0x18,
0x6,0x2,0x0,0x0,0x0,0x0,0x0,0x0,
0x44,0x0,0x0,0x0,0x3d,0x0,0x0,0x0,
0xaa,0x0,0x0,0x0,0x0,0x0,0x0,0x0,
0x38,0x0,0x0,0x0,0x0,0x0,0x0,0x0,
0x38,0x0,0x0,0x0,0x0,0x0,0x1,0x0,
0xff,0xff,0xff,0xff,0xc,0x0,0x0,0x0,
0xc9,0x1,0xd0,0x0,0x0,0x0,0x0,0x0,
0x0,0x0,0x7,0x0,0x0,0x0,0x0,0x0,
0x0,0x0,0x0,0x0,0xc9,0x1,0x0,0x0,
0x1,0x0,0x0,0x0,0x2f,0xe2,0x1,0x0,
0x0,0x3d,0xe3,0x1,0x0,0x0,0x18,0x7,
0x6,0x66,0x7,0x50,0x29,0x2f,0xe4,0x1,
0x0,0x0,0x3d,0xe5,0x1,0x0,0x0,0x18,
0x8,0x2f,0xe6,0x1,0x0,0x0,0x3d,0xe7,
0x1,0x0,0x0,0x18,0xb,0xad,0xe8,0x1,
0x0,0x0,0x8,0x0,0x0,0x0,0x1,0x0,
0x0,0x0,0xb,0x0,0x0,0x0,0x18,0x6,
0x2,0x0,0x0,0x0,0x0,0x0,0x0,0x0,
0x44,0x0,0x0,0x0,0x41,0x0,0x0,0x0,
0xac,0x0,0x0,0x0,0x0,0x0,0x0,0x0,
0x38,0x0,0x0,0x0,0x0,0x0,0x0,0x0,
0x38,0x0,0x0,0x0,0x0,0x0,0x1,0x0,
0xff,0xff,0xff,0xff,0xb,0x0,0x0,0x0,
0xca,0x1,0xd0,0x0,0x0,0x0,0x0,0x0,
0x0,0x0,0x7,0x0,0x0,0x0,0x0,0x0,
0x0,0x0,0x0,0x0,0xca,0x1,0x0,0x0,
0x1,0x0,0x0,0x0,0x2f,0xe9,0x1,0x0,
0x0,0x50,0xa,0x2f,0xea,0x1,0x0,0x0,
0x3d,0xeb,0x1,0x0,0x0,0x50,0x29,0x2f,
0xec,0x1,0x0,0x0,0x3d,0xed,0x1,0x0,
0x0,0x18,0x7,0x2f,0xee,0x1,0x0,0x0,
0x3d,0xef,0x1,0x0,0x0,0x18,0xa,0xad,
0xf0,0x1,0x0,0x0,0x7,0x0,0x0,0x0,
0x1,0x0,0x0,0x0,0xa,0x0,0x0,0x0,
0x74,0x74,0x18,0x6,0x2,0x0,0x0,0x0,
0x0,0x0,0x0,0x0,0x0,0x0,0x0,0x0,
0x44,0x0,0x0,0x0,0x16,0x0,0x0,0x0,
0xae,0x0,0x0,0x0,0x0,0x0,0x0,0x0,
0x38,0x0,0x0,0x0,0x0,0x0,0x0,0x0,
0x38,0x0,0x0,0x0,0x0,0x0,0x1,0x0,
0xff,0xff,0xff,0xff,0x7,0x0,0x0,0x0,
0xcb,0x1,0xd0,0x0,0x0,0x0,0x0,0x0,
0x0,0x0,0x7,0x0,0x0,0x0,0x0,0x0,
0x0,0x0,0x0,0x0,0xcb,0x1,0x0,0x0,
0x1,0x0,0x0,0x0,0x2f,0xf1,0x1,0x0,
0x0,0x50,0xa,0x2f,0xf2,0x1,0x0,0x0,
0x3d,0xf3,0x1,0x0,0x0,0x74,0x74,0x18,
0x6,0x2,0x0,0x0,0x0,0x0,0x0,0x0,
0x44,0x0,0x0,0x0,0x38,0x0,0x0,0x0,
0xb0,0x0,0x0,0x0,0x0,0x0,0x0,0x0,
0x38,0x0,0x0,0x0,0x0,0x0,0x0,0x0,
0x38,0x0,0x0,0x0,0x0,0x0,0x1,0x0,
0xff,0xff,0xff,0xff,0xc,0x0,0x0,0x0,
0xcc,0x1,0xd0,0x0,0x0,0x0,0x0,0x0,
0x0,0x0,0x7,0x0,0x0,0x0,0x0,0x0,
0x0,0x0,0x0,0x0,0xcc,0x1,0x0,0x0,
0x1,0x0,0x0,0x0,0x2f,0xf4,0x1,0x0,
0x0,0x3d,0xf5,0x1,0x0,0x0,0x18,0x7,
0xe,0x6e,0x7,0x50,0x24,0x2f,0xf6,0x1,
0x0,0x0,0x3d,0xf7,0x1,0x0,0x0,0x18,
0x8,0x13,0xea,0x1,0x0,0x0,0x18,0xb,
0xad,0xf8,0x1,0x0,0x0,0x8,0x0,0x0,
0x0,0x1,0x0,0x0,0x0,0xb,0x0,0x0,
0x0,0x18,0x6,0x2,0x0,0x0,0x0,0x0,
0x44,0x0,0x0,0x0,0x10,0x0,0x0,0x0,
0xb2,0x0,0x0,0x0,0x0,0x0,0x0,0x0,
0x38,0x0,0x0,0x0,0x0,0x0,0x0,0x0,
0x38,0x0,0x0,0x0,0x0,0x0,0x1,0x0,
0xff,0xff,0xff,0xff,0x7,0x0,0x0,0x0,
0xcd,0x1,0xd0,0x0,0x0,0x0,0x0,0x0,
0x0,0x0,0x7,0x0,0x0,0x0,0x0,0x0,
0x0,0x0,0x0,0x0,0xcd,0x1,0x0,0x0,
0x1,0x0,0x0,0x0,0x2f,0xf9,0x1,0x0,
0x0,0x50,0x4,0x4,0x17,0x4c,0x2,0x10,
0x1,0x18,0x6,0x2,0x0,0x0,0x0,0x0,
0x44,0x0,0x0,0x0,0x18,0x0,0x0,0x0,
0x5b,0x0,0x0,0x0,0x0,0x0,0x0,0x0,
0x38,0x0,0x0,0x0,0x0,0x0,0x0,0x0,
0x38,0x0,0x0,0x0,0x0,0x0,0x1,0x0,
0xff,0xff,0xff,0xff,0x7,0x0,0x0,0x0,
0xd0,0x1,0xb0,0x3,0x0,0x0,0x0,0x0,
0x0,0x0,0x7,0x0,0x0,0x0,0x0,0x0,
0x0,0x0,0x0,0x0,0xd0,0x1,0x0,0x0,
0x1,0x0,0x0,0x0,0x2f,0xfa,0x1,0x0,
0x0,0x50,0xc,0x2f,0xfb,0x1,0x0,0x0,
0x3d,0xfc,0x1,0x0,0x0,0x4c,0x2,0x10,
0x6,0x18,0x6,0x2,0x0,0x0,0x0,0x0,
0x44,0x0,0x0,0x0,0x35,0x0,0x0,0x0,
0x55,0x0,0x0,0x0,0x0,0x0,0x0,0x0,
0x38,0x0,0x0,0x0,0x0,0x0,0x0,0x0,
0x38,0x0,0x0,0x0,0x0,0x0,0x1,0x0,
0xff,0xff,0xff,0xff,0x7,0x0,0x0,0x0,
0xd1,0x1,0x10,0x1,0x0,0x0,0x0,0x0,
0x0,0x0,0x7,0x0,0x0,0x0,0x0,0x0,
0x0,0x0,0x0,0x0,0xd1,0x1,0x0,0x0,
0x1,0x0,0x0,0x0,0x2f,0xfd,0x1,0x0,
0x0,0x3d,0xfe,0x1,0x0,0x0,0x50,0xc,
0x2f,0xff,0x1,0x0,0x0,0x3d,0x0,0x2,
0x0,0x0,0x4c,0x1a,0x2f,0x1,0x2,0x0,
0x0,0x3d,0x2,0x2,0x0,0x0,0x50,0xc,
0x2f,0x3,0x2,0x0,0x0,0x3d,0x4,0x2,
0x0,0x0,0x4c,0x2,0x12,0x56,0x18,0x6,
0x2,0x0,0x0,0x0,0x0,0x0,0x0,0x0,
0x44,0x0,0x0,0x0,0x19,0x0,0x0,0x0,
0xb5,0x0,0x0,0x0,0x0,0x0,0x0,0x0,
0x38,0x0,0x0,0x0,0x0,0x0,0x0,0x0,
0x38,0x0,0x0,0x0,0x0,0x0,0x1,0x0,
0xff,0xff,0xff,0xff,0x7,0x0,0x0,0x0,
0xd2,0x1,0x10,0x1,0x0,0x0,0x0,0x0,
0x0,0x0,0x7,0x0,0x0,0x0,0x0,0x0,
0x0,0x0,0x0,0x0,0xd2,0x1,0x0,0x0,
0x1,0x0,0x0,0x0,0x2f,0x5,0x2,0x0,
0x0,0x3d,0x6,0x2,0x0,0x0,0x4e,0xa,
0x2f,0x7,0x2,0x0,0x0,0x3d,0x8,0x2,
0x0,0x0,0x18,0x6,0x2,0x0,0x0,0x0,
0x0,0x0,0x0,0x0,0x0,0x0,0x0,0x0,
0x44,0x0,0x0,0x0,0x8,0x0,0x0,0x0,
0x12,0x0,0x0,0x0,0x0,0x0,0x0,0x0,
0x38,0x0,0x0,0x0,0x0,0x0,0x0,0x0,
0x38,0x0,0x0,0x0,0x0,0x0,0x1,0x0,
0xff,0xff,0xff,0xff,0x7,0x0,0x0,0x0,
0xd0,0x1,0x10,0x1,0x0,0x0,0x0,0x0,
0x0,0x0,0x7,0x0,0x0,0x0,0x0,0x0,
0x0,0x0,0x0,0x0,0xd0,0x1,0x0,0x0,
0x1,0x0,0x0,0x0,0x2f,0x9,0x2,0x0,
0x0,0x18,0x6,0x2,0x0,0x0,0x0,0x0,
0x44,0x0,0x0,0x0,0x18,0x0,0x0,0x0,
0x5b,0x0,0x0,0x0,0x0,0x0,0x0,0x0,
0x38,0x0,0x0,0x0,0x0,0x0,0x0,0x0,
0x38,0x0,0x0,0x0,0x0,0x0,0x1,0x0,
0xff,0xff,0xff,0xff,0x7,0x0,0x0,0x0,
0xd5,0x1,0xb0,0x3,0x0,0x0,0x0,0x0,
0x0,0x0,0x7,0x0,0x0,0x0,0x0,0x0,
0x0,0x0,0x0,0x0,0xd5,0x1,0x0,0x0,
0x1,0x0,0x0,0x0,0x2f,0xa,0x2,0x0,
0x0,0x50,0xc,0x2f,0xb,0x2,0x0,0x0,
0x3d,0xc,0x2,0x0,0x0,0x4c,0x2,0x10,
0x6,0x18,0x6,0x2,0x0,0x0,0x0,0x0,
0x44,0x0,0x0,0x0,0xd,0x0,0x0,0x0,
0xb5,0x0,0x0,0x0,0x0,0x0,0x0,0x0,
0x38,0x0,0x0,0x0,0x0,0x0,0x0,0x0,
0x38,0x0,0x0,0x0,0x0,0x0,0x1,0x0,
0xff,0xff,0xff,0xff,0x7,0x0,0x0,0x0,
0xd6,0x1,0x10,0x1,0x0,0x0,0x0,0x0,
0x0,0x0,0x7,0x0,0x0,0x0,0x0,0x0,
0x0,0x0,0x0,0x0,0xd6,0x1,0x0,0x0,
0x1,0x0,0x0,0x0,0x2f,0xd,0x2,0x0,
0x0,0x3d,0xe,0x2,0x0,0x0,0x18,0x6,
0x2,0x0,0x0,0x0,0x0,0x0,0x0,0x0,
0x44,0x0,0x0,0x0,0x59,0x0,0x0,0x0,
0x55,0x0,0x0,0x0,0x0,0x0,0x0,0x0,
0x38,0x0,0x0,0x0,0x0,0x0,0x0,0x0,
0x38,0x0,0x0,0x0,0x0,0x0,0x1,0x0,
0xff,0xff,0xff,0xff,0xe,0x0,0x0,0x0,
0xd7,0x1,0x10,0x1,0x0,0x0,0x0,0x0,
0x0,0x0,0x7,0x0,0x0,0x0,0x0,0x0,
0x0,0x0,0x0,0x0,0xd7,0x1,0x0,0x0,
0x1,0x0,0x0,0x0,0x2f,0xf,0x2,0x0,
0x0,0x3d,0x10,0x2,0x0,0x0,0x50,0x26,
0x2f,0x11,0x2,0x0,0x0,0x18,0x7,0x14,
0x29,0xa,0x14,0x2a,0xb,0x14,0x2b,0xc,
0x14,0x2c,0xd,0xad,0x12,0x2,0x0,0x0,
0x7,0x0,0x0,0x0,0x4,0x0,0x0,0x0,
0xa,0x0,0x0,0x0,0x4c,0x24,0x2f,0x13,
0x2,0x0,0x0,0x18,0x7,0x14,0x2b,0xa,
0x14,0x2d,0xb,0x14,0x29,0xc,0x14,0x2e,
0xd,0xad,0x14,0x2,0x0,0x0,0x7,0x0,
0x0,0x0,0x4,0x0,0x0,0x0,0xa,0x0,
0x0,0x0,0x18,0x6,0x2,0x0,0x0,0x0,
0x0,0x0,0x0,0x0,0x0,0x0,0x0,0x0,
0x44,0x0,0x0,0x0,0x8,0x0,0x0,0x0,
0x12,0x0,0x0,0x0,0x0,0x0,0x0,0x0,
0x38,0x0,0x0,0x0,0x0,0x0,0x0,0x0,
0x38,0x0,0x0,0x0,0x0,0x0,0x1,0x0,
0xff,0xff,0xff,0xff,0x7,0x0,0x0,0x0,
0xd5,0x1,0x10,0x1,0x0,0x0,0x0,0x0,
0x0,0x0,0x7,0x0,0x0,0x0,0x0,0x0,
0x0,0x0,0x0,0x0,0xd5,0x1,0x0,0x0,
0x1,0x0,0x0,0x0,0x2f,0x15,0x2,0x0,
0x0,0x18,0x6,0x2,0x0,0x0,0x0,0x0,
0x44,0x0,0x0,0x0,0x59,0x0,0x0,0x0,
0x55,0x0,0x0,0x0,0x0,0x0,0x0,0x0,
0x38,0x0,0x0,0x0,0x0,0x0,0x0,0x0,
0x38,0x0,0x0,0x0,0x0,0x0,0x1,0x0,
0xff,0xff,0xff,0xff,0xe,0x0,0x0,0x0,
0xd9,0x1,0x10,0x1,0x0,0x0,0x0,0x0,
0x0,0x0,0x7,0x0,0x0,0x0,0x0,0x0,
0x0,0x0,0x0,0x0,0xd9,0x1,0x0,0x0,
0x1,0x0,0x0,0x0,0x2f,0x16,0x2,0x0,
0x0,0x3d,0x17,0x2,0x0,0x0,0x50,0x26,
0x2f,0x18,0x2,0x0,0x0,0x18,0x7,0x14,
0x29,0xa,0x14,0x2a,0xb,0x14,0x2b,0xc,
0x14,0x2d,0xd,0xad,0x19,0x2,0x0,0x0,
0x7,0x0,0x0,0x0,0x4,0x0,0x0,0x0,
0xa,0x0,0x0,0x0,0x4c,0x24,0x2f,0x1a,
0x2,0x0,0x0,0x18,0x7,0x14,0x2b,0xa,
0x14,0x2d,0xb,0x14,0x29,0xc,0x14,0x2a,
0xd,0xad,0x1b,0x2,0x0,0x0,0x7,0x0,
0x0,0x0,0x4,0x0,0x0,0x0,0xa,0x0,
0x0,0x0,0x18,0x6,0x2,0x0,0x0,0x0,
0x0,0x0,0x0,0x0,0x0,0x0,0x0,0x0,
0x44,0x0,0x0,0x0,0x8,0x0,0x0,0x0,
0x12,0x0,0x0,0x0,0x0,0x0,0x0,0x0,
0x38,0x0,0x0,0x0,0x0,0x0,0x0,0x0,
0x38,0x0,0x0,0x0,0x0,0x0,0x1,0x0,
0xff,0xff,0xff,0xff,0x7,0x0,0x0,0x0,
0xdd,0x1,0x10,0x1,0x0,0x0,0x0,0x0,
0x0,0x0,0x7,0x0,0x0,0x0,0x0,0x0,
0x0,0x0,0x0,0x0,0xdd,0x1,0x0,0x0,
0x1,0x0,0x0,0x0,0x2f,0x1c,0x2,0x0,
0x0,0x18,0x6,0x2,0x0,0x0,0x0,0x0,
0x44,0x0,0x0,0x0,0x2d,0x0,0x0,0x0,
0xba,0x0,0x0,0x0,0x0,0x0,0x0,0x0,
0x38,0x0,0x0,0x0,0x0,0x0,0x0,0x0,
0x38,0x0,0x0,0x0,0x0,0x0,0x1,0x0,
0xff,0xff,0xff,0xff,0x8,0x0,0x0,0x0,
0xe0,0x1,0x50,0x1,0x0,0x0,0x0,0x0,
0x0,0x0,0x7,0x0,0x0,0x0,0x0,0x0,
0x0,0x0,0x0,0x0,0xe0,0x1,0x0,0x0,
0x1,0x0,0x0,0x0,0x2f,0x1d,0x2,0x0,
0x0,0x50,0xc,0x2f,0x1e,0x2,0x0,0x0,
0x3d,0x1f,0x2,0x0,0x0,0x4c,0x5,0x11,
0x2c,0x1,0x0,0x0,0x18,0x7,0x2f,0x20,
0x2,0x0,0x0,0x3d,0x21,0x2,0x0,0x0,
0x4e,0x2,0x10,0x1,0x9c,0x7,0x18,0x6,
0x2,0x0,0x0,0x0,0x0,0x0,0x0,0x0,
0x44,0x0,0x0,0x0,0x8,0x0,0x0,0x0,
0x12,0x0,0x0,0x0,0x0,0x0,0x0,0x0,
0x38,0x0,0x0,0x0,0x0,0x0,0x0,0x0,
0x38,0x0,0x0,0x0,0x0,0x0,0x1,0x0,
0xff,0xff,0xff,0xff,0x7,0x0,0x0,0x0,
0xe3,0x1,0x90,0x1,0x0,0x0,0x0,0x0,
0x0,0x0,0x7,0x0,0x0,0x0,0x0,0x0,
0x0,0x0,0x0,0x0,0xe3,0x1,0x0,0x0,
0x1,0x0,0x0,0x0,0x2f,0x22,0x2,0x0,
0x0,0x18,0x6,0x2,0x0,0x0,0x0,0x0,
0x44,0x0,0x0,0x0,0x21,0x0,0x0,0x0,
0xc0,0x0,0x0,0x0,0x0,0x0,0x0,0x0,
0x38,0x0,0x0,0x0,0x0,0x0,0x0,0x0,
0x38,0x0,0x0,0x0,0x0,0x0,0x1,0x0,
0xff,0xff,0xff,0xff,0x8,0x0,0x0,0x0,
0xe7,0x1,0xd0,0x1,0x0,0x0,0x0,0x0,
0x0,0x0,0x7,0x0,0x0,0x0,0x0,0x0,
0x0,0x0,0x0,0x0,0xe7,0x1,0x0,0x0,
0x1,0x0,0x0,0x0,0x2f,0x23,0x2,0x0,
0x0,0x3d,0x24,0x2,0x0,0x0,0x18,0x7,
0xe,0x6e,0x7,0x50,0xc,0x2f,0x25,0x2,
0x0,0x0,0x3d,0x26,0x2,0x0,0x0,0x4c,
0x1,0xa,0x18,0x6,0x2,0x0,0x0,0x0,
0x0,0x0,0x0,0x0,0x0,0x0,0x0,0x0,
0x44,0x0,0x0,0x0,0x22,0x0,0x0,0x0,
0xc2,0x0,0x0,0x0,0x0,0x0,0x0,0x0,
0x38,0x0,0x0,0x0,0x0,0x0,0x0,0x0,
0x38,0x0,0x0,0x0,0x0,0x0,0x1,0x0,
0xff,0xff,0xff,0xff,0x8,0x0,0x0,0x0,
0xe8,0x1,0xd0,0x1,0x0,0x0,0x0,0x0,
0x0,0x0,0x7,0x0,0x0,0x0,0x0,0x0,
0x0,0x0,0x0,0x0,0xe8,0x1,0x0,0x0,
0x1,0x0,0x0,0x0,0x2f,0x27,0x2,0x0,
0x0,0x3d,0x28,0x2,0x0,0x0,0x18,0x7,
0xe,0x6e,0x7,0x50,0xc,0x2f,0x29,0x2,
0x0,0x0,0x3d,0x2a,0x2,0x0,0x0,0x4c,
0x2,0x12,0x0,0x18,0x6,0x2,0x0,0x0,
0x0,0x0,0x0,0x0,0x0,0x0,0x0,0x0,
0x44,0x0,0x0,0x0,0xd,0x0,0x0,0x0,
0x93,0x0,0x0,0x0,0x0,0x0,0x0,0x0,
0x38,0x0,0x0,0x0,0x0,0x0,0x0,0x0,
0x38,0x0,0x0,0x0,0x0,0x0,0x1,0x0,
0xff,0xff,0xff,0xff,0x7,0x0,0x0,0x0,
0xe9,0x1,0xd0,0x1,0x0,0x0,0x0,0x0,
0x0,0x0,0x7,0x0,0x0,0x0,0x0,0x0,
0x0,0x0,0x0,0x0,0xe9,0x1,0x0,0x0,
0x1,0x0,0x0,0x0,0x2f,0x2b,0x2,0x0,
0x0,0x3d,0x2c,0x2,0x0,0x0,0x18,0x6,
0x2,0x0,0x0,0x0,0x0,0x0,0x0,0x0,
0x44,0x0,0x0,0x0,0x36,0x0,0x0,0x0,
0xc4,0x0,0x0,0x0,0x0,0x0,0x0,0x0,
0x38,0x0,0x0,0x0,0x0,0x0,0x0,0x0,
0x38,0x0,0x0,0x0,0x0,0x0,0x1,0x0,
0xff,0xff,0xff,0xff,0x8,0x0,0x0,0x0,
0xea,0x1,0xd0,0x1,0x0,0x0,0x0,0x0,
0x0,0x0,0x7,0x0,0x0,0x0,0x0,0x0,
0x0,0x0,0x0,0x0,0xea,0x1,0x0,0x0,
0x1,0x0,0x0,0x0,0x2f,0x2d,0x2,0x0,
0x0,0x50,0x2a,0x2f,0x2e,0x2,0x0,0x0,
0x3d,0x2f,0x2,0x0,0x0,0x50,0x1e,0x2f,
0x30,0x2,0x0,0x0,0x3d,0x31,0x2,0x0,
0x0,0x18,0x7,0x2f,0x32,0x2,0x0,0x0,
0x3d,0x33,0x2,0x0,0x0,0x34,0x7,0x4e,
0x2,0x12,0x0,0x4c,0x2,0x12,0x0,0x18,
0x6,0x2,0x0,0x0,0x0,0x0,0x0,0x0,
0x44,0x0,0x0,0x0,0x16,0x0,0x0,0x0,
0xba,0x0,0x0,0x0,0x0,0x0,0x0,0x0,
0x38,0x0,0x0,0x0,0x0,0x0,0x0,0x0,
0x38,0x0,0x0,0x0,0x0,0x0,0x1,0x0,
0xff,0xff,0xff,0xff,0x8,0x0,0x0,0x0,
0xe5,0x1,0xd0,0x1,0x0,0x0,0x0,0x0,
0x0,0x0,0x7,0x0,0x0,0x0,0x0,0x0,
0x0,0x0,0x0,0x0,0xe5,0x1,0x0,0x0,
0x1,0x0,0x0,0x0,0x14,0x2f,0x7,0x2f,
0x34,0x2,0x0,0x0,0x3d,0x35,0x2,0x0,
0x0,0x4e,0x2,0x10,0x1,0x9c,0x7,0x18,
0x6,0x2,0x0,0x0,0x0,0x0,0x0,0x0,
0x44,0x0,0x0,0x0,0x16,0x0,0x0,0x0,
0xbe,0x0,0x0,0x0,0x0,0x0,0x0,0x0,
0x38,0x0,0x0,0x0,0x0,0x0,0x0,0x0,
0x38,0x0,0x0,0x0,0x0,0x0,0x1,0x0,
0xff,0xff,0xff,0xff,0x8,0x0,0x0,0x0,
0xe6,0x1,0xd0,0x1,0x0,0x0,0x0,0x0,
0x0,0x0,0x7,0x0,0x0,0x0,0x0,0x0,
0x0,0x0,0x0,0x0,0xe6,0x1,0x0,0x0,
0x1,0x0,0x0,0x0,0x14,0x2f,0x7,0x2f,
0x36,0x2,0x0,0x0,0x3d,0x37,0x2,0x0,
0x0,0x4e,0x2,0x10,0x1,0x9c,0x7,0x18,
0x6,0x2,0x0,0x0,0x0,0x0,0x0,0x0,
0x44,0x0,0x0,0x0,0x3c,0x0,0x0,0x0,
0xc5,0x0,0x0,0x0,0x0,0x0,0x0,0x0,
0x38,0x0,0x0,0x0,0x0,0x0,0x0,0x0,
0x38,0x0,0x0,0x0,0x0,0x0,0x1,0x0,
0xff,0xff,0xff,0xff,0xc,0x0,0x0,0x0,
0xed,0x1,0xd0,0x1,0x0,0x0,0x0,0x0,
0x0,0x0,0x7,0x0,0x0,0x0,0x0,0x0,
0x0,0x0,0x0,0x0,0xed,0x1,0x0,0x0,
0x1,0x0,0x0,0x0,0x2f,0x38,0x2,0x0,
0x0,0x3d,0x39,0x2,0x0,0x0,0x18,0x7,
0xe,0x6e,0x7,0x50,0x26,0x2f,0x3a,0x2,
0x0,0x0,0x18,0x8,0x2f,0x3b,0x2,0x0,
0x0,0x3d,0x3c,0x2,0x0,0x0,0x18,0xb,
0xad,0x3d,0x2,0x0,0x0,0x8,0x0,0x0,
0x0,0x1,0x0,0x0,0x0,0xb,0x0,0x0,
0x0,0x4c,0x2,0x12,0x0,0x18,0x6,0x2,
0x0,0x0,0x0,0x0,0x0,0x0,0x0,0x0,
0x44,0x0,0x0,0x0,0xd,0x0,0x0,0x0,
0xc7,0x0,0x0,0x0,0x0,0x0,0x0,0x0,
0x38,0x0,0x0,0x0,0x0,0x0,0x0,0x0,
0x38,0x0,0x0,0x0,0x0,0x0,0x1,0x0,
0xff,0xff,0xff,0xff,0x7,0x0,0x0,0x0,
0xee,0x1,0xd0,0x1,0x0,0x0,0x0,0x0,
0x0,0x0,0x7,0x0,0x0,0x0,0x0,0x0,
0x0,0x0,0x0,0x0,0xee,0x1,0x0,0x0,
0x1,0x0,0x0,0x0,0x2f,0x3e,0x2,0x0,
0x0,0x3d,0x3f,0x2,0x0,0x0,0x18,0x6,
0x2,0x0,0x0,0x0,0x0,0x0,0x0,0x0,
0x44,0x0,0x0,0x0,0xd,0x0,0x0,0x0,
0xc9,0x0,0x0,0x0,0x0,0x0,0x0,0x0,
0x38,0x0,0x0,0x0,0x0,0x0,0x0,0x0,
0x38,0x0,0x0,0x0,0x0,0x0,0x1,0x0,
0xff,0xff,0xff,0xff,0x7,0x0,0x0,0x0,
0xf0,0x1,0xd0,0x1,0x0,0x0,0x0,0x0,
0x0,0x0,0x7,0x0,0x0,0x0,0x0,0x0,
0x0,0x0,0x0,0x0,0xf0,0x1,0x0,0x0,
0x1,0x0,0x0,0x0,0x2f,0x40,0x2,0x0,
0x0,0x3d,0x41,0x2,0x0,0x0,0x18,0x6,
0x2,0x0,0x0,0x0,0x0,0x0,0x0,0x0,
0x44,0x0,0x0,0x0,0xd,0x0,0x0,0x0,
0x55,0x0,0x0,0x0,0x0,0x0,0x0,0x0,
0x38,0x0,0x0,0x0,0x0,0x0,0x0,0x0,
0x38,0x0,0x0,0x0,0x0,0x0,0x1,0x0,
0xff,0xff,0xff,0xff,0x7,0x0,0x0,0x0,
0xf1,0x1,0xd0,0x1,0x0,0x0,0x0,0x0,
0x0,0x0,0x7,0x0,0x0,0x0,0x0,0x0,
0x0,0x0,0x0,0x0,0xf1,0x1,0x0,0x0,
0x1,0x0,0x0,0x0,0x2f,0x42,0x2,0x0,
0x0,0x3d,0x43,0x2,0x0,0x0,0x18,0x6,
0x2,0x0,0x0,0x0,0x0,0x0,0x0,0x0,
0x44,0x0,0x0,0x0,0x33,0x0,0x0,0x0,
0xca,0x0,0x0,0x0,0x0,0x0,0x0,0x0,
0x38,0x0,0x0,0x0,0x0,0x0,0x0,0x0,
0x38,0x0,0x0,0x0,0x0,0x0,0x1,0x0,
0xff,0xff,0xff,0xff,0xd,0x0,0x0,0x0,
0xf2,0x1,0xd0,0x1,0x0,0x0,0x0,0x0,
0x0,0x0,0x7,0x0,0x0,0x0,0x0,0x0,
0x0,0x0,0x0,0x0,0xf2,0x1,0x0,0x0,
0x1,0x0,0x0,0x0,0x2f,0x44,0x2,0x0,
0x0,0x18,0x7,0x14,0x30,0xa,0x14,0x31,
0xc,0x2f,0x45,0x2,0x0,0x0,0x3d,0x46,
0x2,0x0,0x0,0x4e,0x2,0x10,0x1,0x9c,
0xc,0x18,0xb,0xad,0x47,0x2,0x0,0x0,
0x7,0x0,0x0,0x0,0x2,0x0,0x0,0x0,
0xa,0x0,0x0,0x0,0x18,0x6,0x2,0x0,
0x0,0x0,0x0,0x0,0x0,0x0,0x0,0x0,
0x44,0x0,0x0,0x0,0x25,0x0,0x0,0x0,
0xcc,0x0,0x0,0x0,0x0,0x0,0x0,0x0,
0x38,0x0,0x0,0x0,0x0,0x0,0x0,0x0,
0x38,0x0,0x0,0x0,0x0,0x0,0x1,0x0,
0xff,0xff,0xff,0xff,0x7,0x0,0x0,0x0,
0xf3,0x1,0xd0,0x1,0x0,0x0,0x0,0x0,
0x0,0x0,0x7,0x0,0x0,0x0,0x0,0x0,
0x0,0x0,0x0,0x0,0xf3,0x1,0x0,0x0,
0x1,0x0,0x0,0x0,0x2f,0x48,0x2,0x0,
0x0,0x3d,0x49,0x2,0x0,0x0,0x50,0xc,
0x2f,0x4a,0x2,0x0,0x0,0x3d,0x4b,0x2,
0x0,0x0,0x4c,0xa,0x2f,0x4c,0x2,0x0,
0x0,0x3d,0x4d,0x2,0x0,0x0,0x18,0x6,
0x2,0x0,0x0,0x0,0x0,0x0,0x0,0x0,
0x44,0x0,0x0,0x0,0xd,0x0,0x0,0x0,
0xb5,0x0,0x0,0x0,0x0,0x0,0x0,0x0,
0x38,0x0,0x0,0x0,0x0,0x0,0x0,0x0,
0x38,0x0,0x0,0x0,0x0,0x0,0x1,0x0,
0xff,0xff,0xff,0xff,0x7,0x0,0x0,0x0,
0xf5,0x1,0x90,0x1,0x0,0x0,0x0,0x0,
0x0,0x0,0x7,0x0,0x0,0x0,0x0,0x0,
0x0,0x0,0x0,0x0,0xf5,0x1,0x0,0x0,
0x1,0x0,0x0,0x0,0x2f,0x4e,0x2,0x0,
0x0,0x3d,0x4f,0x2,0x0,0x0,0x18,0x6,
0x2,0x0,0x0,0x0,0x0,0x0,0x0,0x0,
0x44,0x0,0x0,0x0,0x31,0x0,0x0,0x0,
0xc5,0x0,0x0,0x0,0x0,0x0,0x0,0x0,
0x38,0x0,0x0,0x0,0x0,0x0,0x0,0x0,
0x38,0x0,0x0,0x0,0x0,0x0,0x1,0x0,
0xff,0xff,0xff,0xff,0xb,0x0,0x0,0x0,
0xf6,0x1,0x90,0x1,0x0,0x0,0x0,0x0,
0x0,0x0,0x7,0x0,0x0,0x0,0x0,0x0,
0x0,0x0,0x0,0x0,0xf6,0x1,0x0,0x0,
0x1,0x0,0x0,0x0,0x2f,0x50,0x2,0x0,
0x0,0x3d,0x51,0x2,0x0,0x0,0x18,0x7,
0xe,0x6e,0x7,0x50,0x1b,0x2f,0x52,0x2,
0x0,0x0,0x3d,0x53,0x2,0x0,0x0,0x18,
0xa,0xb5,0x54,0x2,0x0,0x0,0x1,0x0,
0x0,0x0,0xa,0x0,0x0,0x0,0x4c,0x2,
0x12,0x0,0x18,0x6,0x2,0x0,0x0,0x0,
0x0,0x0,0x0,0x0,0x0,0x0,0x0,0x0,
0x44,0x0,0x0,0x0,0x17,0x0,0x0,0x0,
0xb5,0x0,0x0,0x0,0x0,0x0,0x0,0x0,
0x38,0x0,0x0,0x0,0x0,0x0,0x0,0x0,
0x38,0x0,0x0,0x0,0x0,0x0,0x1,0x0,
0xff,0xff,0xff,0xff,0x7,0x0,0x0,0x0,
0xfb,0x1,0x50,0x1,0x0,0x0,0x0,0x0,
0x0,0x0,0x7,0x0,0x0,0x0,0x0,0x0,
0x0,0x0,0x0,0x0,0xfb,0x1,0x0,0x0,
0x1,0x0,0x0,0x0,0x2f,0x55,0x2,0x0,
0x0,0x50,0xc,0x2f,0x56,0x2,0x0,0x0,
0x3d,0x57,0x2,0x0,0x0,0x4c,0x1,0x8,
0x18,0x6,0x2,0x0,0x0,0x0,0x0,0x0,
0x44,0x0,0x0,0x0,0x2a,0x0,0x0,0x0,
0xba,0x0,0x0,0x0,0x0,0x0,0x0,0x0,
0x38,0x0,0x0,0x0,0x0,0x0,0x0,0x0,
0x38,0x0,0x0,0x0,0x0,0x0,0x1,0x0,
0xff,0xff,0xff,0xff,0x8,0x0,0x0,0x0,
0xfc,0x1,0x50,0x1,0x0,0x0,0x0,0x0,
0x0,0x0,0x7,0x0,0x0,0x0,0x0,0x0,
0x0,0x0,0x0,0x0,0xfc,0x1,0x0,0x0,
0x1,0x0,0x0,0x0,0x2f,0x58,0x2,0x0,
0x0,0x50,0xc,0x2f,0x59,0x2,0x0,0x0,
0x3d,0x5a,0x2,0x0,0x0,0x4c,0x2,0x10,
0x64,0x18,0x7,0x2f,0x5b,0x2,0x0,0x0,
0x3d,0x5c,0x2,0x0,0x0,0x4e,0x2,0x10,
0x1,0x9c,0x7,0x18,0x6,0x2,0x0,0x0,
0x0,0x0,0x0,0x0,0x0,0x0,0x0,0x0,
0x44,0x0,0x0,0x0,0xd,0x0,0x0,0x0,
0xd0,0x0,0x0,0x0,0x0,0x0,0x0,0x0,
0x38,0x0,0x0,0x0,0x0,0x0,0x0,0x0,
0x38,0x0,0x0,0x0,0x0,0x0,0x1,0x0,
0xff,0xff,0xff,0xff,0x7,0x0,0x0,0x0,
0xff,0x1,0x10,0x4,0x0,0x0,0x0,0x0,
0x0,0x0,0x7,0x0,0x0,0x0,0x0,0x0,
0x0,0x0,0x0,0x0,0xff,0x1,0x0,0x0,
0x1,0x0,0x0,0x0,0x2f,0x5d,0x2,0x0,
0x0,0x3d,0x5e,0x2,0x0,0x0,0x18,0x6,
0x2,0x0,0x0,0x0,0x0,0x0,0x0,0x0,
0x44,0x0,0x0,0x0,0xd,0x0,0x0,0x0,
0xd2,0x0,0x0,0x0,0x0,0x0,0x0,0x0,
0x38,0x0,0x0,0x0,0x0,0x0,0x0,0x0,
0x38,0x0,0x0,0x0,0x0,0x0,0x1,0x0,
0xff,0xff,0xff,0xff,0x7,0x0,0x0,0x0,
0xff,0x1,0x70,0x6,0x0,0x0,0x0,0x0,
0x0,0x0,0x7,0x0,0x0,0x0,0x0,0x0,
0x0,0x0,0x0,0x0,0xff,0x1,0x0,0x0,
0x1,0x0,0x0,0x0,0x2f,0x5f,0x2,0x0,
0x0,0x3d,0x60,0x2,0x0,0x0,0x18,0x6,
0x2,0x0,0x0,0x0,0x0,0x0,0x0,0x0,
0x44,0x0,0x0,0x0,0x22,0x0,0x0,0x0,
0xc5,0x0,0x0,0x0,0x0,0x0,0x0,0x0,
0x38,0x0,0x0,0x0,0x0,0x0,0x0,0x0,
0x38,0x0,0x0,0x0,0x0,0x0,0x1,0x0,
0xff,0xff,0xff,0xff,0x8,0x0,0x0,0x0,
0x0,0x2,0x90,0x1,0x0,0x0,0x0,0x0,
0x0,0x0,0x7,0x0,0x0,0x0,0x0,0x0,
0x0,0x0,0x0,0x0,0x0,0x2,0x0,0x0,
0x1,0x0,0x0,0x0,0x2f,0x61,0x2,0x0,
0x0,0x3d,0x62,0x2,0x0,0x0,0x18,0x7,
0xe,0x6e,0x7,0x50,0xc,0x2f,0x63,0x2,
0x0,0x0,0x3d,0x64,0x2,0x0,0x0,0x4c,
0x2,0x12,0x0,0x18,0x6,0x2,0x0,0x0,
0x0,0x0,0x0,0x0,0x0,0x0,0x0,0x0,
0x44,0x0,0x0,0x0,0xd,0x0,0x0,0x0,
0x55,0x0,0x0,0x0,0x0,0x0,0x0,0x0,
0x38,0x0,0x0,0x0,0x0,0x0,0x0,0x0,
0x38,0x0,0x0,0x0,0x0,0x0,0x1,0x0,
0xff,0xff,0xff,0xff,0x7,0x0,0x0,0x0,
0x1,0x2,0x90,0x1,0x0,0x0,0x0,0x0,
0x0,0x0,0x7,0x0,0x0,0x0,0x0,0x0,
0x0,0x0,0x0,0x0,0x1,0x2,0x0,0x0,
0x1,0x0,0x0,0x0,0x2f,0x65,0x2,0x0,
0x0,0x3d,0x66,0x2,0x0,0x0,0x18,0x6,
0x2,0x0,0x0,0x0,0x0,0x0,0x0,0x0,
0x44,0x0,0x0,0x0,0x8,0x0,0x0,0x0,
0x12,0x0,0x0,0x0,0x0,0x0,0x0,0x0,
0x38,0x0,0x0,0x0,0x0,0x0,0x0,0x0,
0x38,0x0,0x0,0x0,0x0,0x0,0x1,0x0,
0xff,0xff,0xff,0xff,0x7,0x0,0x0,0x0,
0xff,0x1,0x90,0x1,0x0,0x0,0x0,0x0,
0x0,0x0,0x7,0x0,0x0,0x0,0x0,0x0,
0x0,0x0,0x0,0x0,0xff,0x1,0x0,0x0,
0x1,0x0,0x0,0x0,0x2f,0x67,0x2,0x0,
0x0,0x18,0x6,0x2,0x0,0x0,0x0,0x0,
0x44,0x0,0x0,0x0,0x33,0x0,0x0,0x0,
0xca,0x0,0x0,0x0,0x0,0x0,0x0,0x0,
0x38,0x0,0x0,0x0,0x0,0x0,0x0,0x0,
0x38,0x0,0x0,0x0,0x0,0x0,0x1,0x0,
0xff,0xff,0xff,0xff,0xd,0x0,0x0,0x0,
0x2,0x2,0x90,0x1,0x0,0x0,0x0,0x0,
0x0,0x0,0x7,0x0,0x0,0x0,0x0,0x0,
0x0,0x0,0x0,0x0,0x2,0x2,0x0,0x0,
0x1,0x0,0x0,0x0,0x2f,0x68,0x2,0x0,
0x0,0x18,0x7,0x14,0x30,0xa,0x14,0x32,
0xc,0x2f,0x69,0x2,0x0,0x0,0x3d,0x6a,
0x2,0x0,0x0,0x4e,0x2,0x10,0x1,0x9c,
0xc,0x18,0xb,0xad,0x6b,0x2,0x0,0x0,
0x7,0x0,0x0,0x0,0x2,0x0,0x0,0x0,
0xa,0x0,0x0,0x0,0x18,0x6,0x2,0x0,
0x0,0x0,0x0,0x0,0x0,0x0,0x0,0x0,
0x44,0x0,0x0,0x0,0x17,0x0,0x0,0x0,
0xb5,0x0,0x0,0x0,0x0,0x0,0x0,0x0,
0x38,0x0,0x0,0x0,0x0,0x0,0x0,0x0,
0x38,0x0,0x0,0x0,0x0,0x0,0x1,0x0,
0xff,0xff,0xff,0xff,0x7,0x0,0x0,0x0,
0x7,0x2,0x50,0x1,0x0,0x0,0x0,0x0,
0x0,0x0,0x7,0x0,0x0,0x0,0x0,0x0,
0x0,0x0,0x0,0x0,0x7,0x2,0x0,0x0,
0x1,0x0,0x0,0x0,0x2f,0x6c,0x2,0x0,
0x0,0x50,0xc,0x2f,0x6d,0x2,0x0,0x0,
0x3d,0x6e,0x2,0x0,0x0,0x4c,0x1,0x8,
0x18,0x6,0x2,0x0,0x0,0x0,0x0,0x0,
0x44,0x0,0x0,0x0,0x2d,0x0,0x0,0x0,
0xba,0x0,0x0,0x0,0x0,0x0,0x0,0x0,
0x38,0x0,0x0,0x0,0x0,0x0,0x0,0x0,
0x38,0x0,0x0,0x0,0x0,0x0,0x1,0x0,
0xff,0xff,0xff,0xff,0x8,0x0,0x0,0x0,
0x8,0x2,0x50,0x1,0x0,0x0,0x0,0x0,
0x0,0x0,0x7,0x0,0x0,0x0,0x0,0x0,
0x0,0x0,0x0,0x0,0x8,0x2,0x0,0x0,
0x1,0x0,0x0,0x0,0x2f,0x6f,0x2,0x0,
0x0,0x50,0xc,0x2f,0x70,0x2,0x0,0x0,
0x3d,0x71,0x2,0x0,0x0,0x4c,0x5,0x11,
0x8c,0x0,0x0,0x0,0x18,0x7,0x2f,0x72,
0x2,0x0,0x0,0x3d,0x73,0x2,0x0,0x0,
0x4e,0x2,0x10,0x1,0x9c,0x7,0x18,0x6,
0x2,0x0,0x0,0x0,0x0,0x0,0x0,0x0,
0x44,0x0,0x0,0x0,0xd,0x0,0x0,0x0,
0xd0,0x0,0x0,0x0,0x0,0x0,0x0,0x0,
0x38,0x0,0x0,0x0,0x0,0x0,0x0,0x0,
0x38,0x0,0x0,0x0,0x0,0x0,0x1,0x0,
0xff,0xff,0xff,0xff,0x7,0x0,0x0,0x0,
0xb,0x2,0x0,0x4,0x0,0x0,0x0,0x0,
0x0,0x0,0x7,0x0,0x0,0x0,0x0,0x0,
0x0,0x0,0x0,0x0,0xb,0x2,0x0,0x0,
0x1,0x0,0x0,0x0,0x2f,0x74,0x2,0x0,
0x0,0x3d,0x75,0x2,0x0,0x0,0x18,0x6,
0x2,0x0,0x0,0x0,0x0,0x0,0x0,0x0,
0x44,0x0,0x0,0x0,0x22,0x0,0x0,0x0,
0xc5,0x0,0x0,0x0,0x0,0x0,0x0,0x0,
0x38,0x0,0x0,0x0,0x0,0x0,0x0,0x0,
0x38,0x0,0x0,0x0,0x0,0x0,0x1,0x0,
0xff,0xff,0xff,0xff,0x8,0x0,0x0,0x0,
0xc,0x2,0x90,0x1,0x0,0x0,0x0,0x0,
0x0,0x0,0x7,0x0,0x0,0x0,0x0,0x0,
0x0,0x0,0x0,0x0,0xc,0x2,0x0,0x0,
0x1,0x0,0x0,0x0,0x2f,0x76,0x2,0x0,
0x0,0x3d,0x77,0x2,0x0,0x0,0x18,0x7,
0xe,0x6e,0x7,0x50,0xc,0x2f,0x78,0x2,
0x0,0x0,0x3d,0x79,0x2,0x0,0x0,0x4c,
0x2,0x12,0x0,0x18,0x6,0x2,0x0,0x0,
0x0,0x0,0x0,0x0,0x0,0x0,0x0,0x0,
0x44,0x0,0x0,0x0,0xd,0x0,0x0,0x0,
0xc9,0x0,0x0,0x0,0x0,0x0,0x0,0x0,
0x38,0x0,0x0,0x0,0x0,0x0,0x0,0x0,
0x38,0x0,0x0,0x0,0x0,0x0,0x1,0x0,
0xff,0xff,0xff,0xff,0x7,0x0,0x0,0x0,
0xd,0x2,0x90,0x1,0x0,0x0,0x0,0x0,
0x0,0x0,0x7,0x0,0x0,0x0,0x0,0x0,
0x0,0x0,0x0,0x0,0xd,0x2,0x0,0x0,
0x1,0x0,0x0,0x0,0x2f,0x7a,0x2,0x0,
0x0,0x3d,0x7b,0x2,0x0,0x0,0x18,0x6,
0x2,0x0,0x0,0x0,0x0,0x0,0x0,0x0,
0x44,0x0,0x0,0x0,0xd,0x0,0x0,0x0,
0x55,0x0,0x0,0x0,0x0,0x0,0x0,0x0,
0x38,0x0,0x0,0x0,0x0,0x0,0x0,0x0,
0x38,0x0,0x0,0x0,0x0,0x0,0x1,0x0,
0xff,0xff,0xff,0xff,0x7,0x0,0x0,0x0,
0xe,0x2,0x90,0x1,0x0,0x0,0x0,0x0,
0x0,0x0,0x7,0x0,0x0,0x0,0x0,0x0,
0x0,0x0,0x0,0x0,0xe,0x2,0x0,0x0,
0x1,0x0,0x0,0x0,0x2f,0x7c,0x2,0x0,
0x0,0x3d,0x7d,0x2,0x0,0x0,0x18,0x6,
0x2,0x0,0x0,0x0,0x0,0x0,0x0,0x0,
0x44,0x0,0x0,0x0,0x8,0x0,0x0,0x0,
0x12,0x0,0x0,0x0,0x0,0x0,0x0,0x0,
0x38,0x0,0x0,0x0,0x0,0x0,0x0,0x0,
0x38,0x0,0x0,0x0,0x0,0x0,0x1,0x0,
0xff,0xff,0xff,0xff,0x7,0x0,0x0,0x0,
0xb,0x2,0x90,0x1,0x0,0x0,0x0,0x0,
0x0,0x0,0x7,0x0,0x0,0x0,0x0,0x0,
0x0,0x0,0x0,0x0,0xb,0x2,0x0,0x0,
0x1,0x0,0x0,0x0,0x2f,0x7e,0x2,0x0,
0x0,0x18,0x6,0x2,0x0,0x0,0x0,0x0,
0x44,0x0,0x0,0x0,0x33,0x0,0x0,0x0,
0xca,0x0,0x0,0x0,0x0,0x0,0x0,0x0,
0x38,0x0,0x0,0x0,0x0,0x0,0x0,0x0,
0x38,0x0,0x0,0x0,0x0,0x0,0x1,0x0,
0xff,0xff,0xff,0xff,0xd,0x0,0x0,0x0,
0xf,0x2,0x90,0x1,0x0,0x0,0x0,0x0,
0x0,0x0,0x7,0x0,0x0,0x0,0x0,0x0,
0x0,0x0,0x0,0x0,0xf,0x2,0x0,0x0,
0x1,0x0,0x0,0x0,0x2f,0x7f,0x2,0x0,
0x0,0x18,0x7,0x14,0x30,0xa,0x14,0x32,
0xc,0x2f,0x80,0x2,0x0,0x0,0x3d,0x81,
0x2,0x0,0x0,0x4e,0x2,0x10,0x1,0x9c,
0xc,0x18,0xb,0xad,0x82,0x2,0x0,0x0,
0x7,0x0,0x0,0x0,0x2,0x0,0x0,0x0,
0xa,0x0,0x0,0x0,0x18,0x6,0x2,0x0,
0x0,0x0,0x0,0x0,0x0,0x0,0x0,0x0,
0x44,0x0,0x0,0x0,0x17,0x0,0x0,0x0,
0xb5,0x0,0x0,0x0,0x0,0x0,0x0,0x0,
0x38,0x0,0x0,0x0,0x0,0x0,0x0,0x0,
0x38,0x0,0x0,0x0,0x0,0x0,0x1,0x0,
0xff,0xff,0xff,0xff,0x7,0x0,0x0,0x0,
0x14,0x2,0x50,0x1,0x0,0x0,0x0,0x0,
0x0,0x0,0x7,0x0,0x0,0x0,0x0,0x0,
0x0,0x0,0x0,0x0,0x14,0x2,0x0,0x0,
0x1,0x0,0x0,0x0,0x2f,0x83,0x2,0x0,
0x0,0x50,0xc,0x2f,0x84,0x2,0x0,0x0,
0x3d,0x85,0x2,0x0,0x0,0x4c,0x1,0x8,
0x18,0x6,0x2,0x0,0x0,0x0,0x0,0x0,
0x44,0x0,0x0,0x0,0x2d,0x0,0x0,0x0,
0xba,0x0,0x0,0x0,0x0,0x0,0x0,0x0,
0x38,0x0,0x0,0x0,0x0,0x0,0x0,0x0,
0x38,0x0,0x0,0x0,0x0,0x0,0x1,0x0,
0xff,0xff,0xff,0xff,0x8,0x0,0x0,0x0,
0x15,0x2,0x50,0x1,0x0,0x0,0x0,0x0,
0x0,0x0,0x7,0x0,0x0,0x0,0x0,0x0,
0x0,0x0,0x0,0x0,0x15,0x2,0x0,0x0,
0x1,0x0,0x0,0x0,0x2f,0x86,0x2,0x0,
0x0,0x50,0xc,0x2f,0x87,0x2,0x0,0x0,
0x3d,0x88,0x2,0x0,0x0,0x4c,0x5,0x11,
0xb4,0x0,0x0,0x0,0x18,0x7,0x2f,0x89,
0x2,0x0,0x0,0x3d,0x8a,0x2,0x0,0x0,
0x4e,0x2,0x10,0x1,0x9c,0x7,0x18,0x6,
0x2,0x0,0x0,0x0,0x0,0x0,0x0,0x0,
0x44,0x0,0x0,0x0,0xd,0x0,0x0,0x0,
0xd0,0x0,0x0,0x0,0x0,0x0,0x0,0x0,
0x38,0x0,0x0,0x0,0x0,0x0,0x0,0x0,
0x38,0x0,0x0,0x0,0x0,0x0,0x1,0x0,
0xff,0xff,0xff,0xff,0x7,0x0,0x0,0x0,
0x18,0x2,0x10,0x4,0x0,0x0,0x0,0x0,
0x0,0x0,0x7,0x0,0x0,0x0,0x0,0x0,
0x0,0x0,0x0,0x0,0x18,0x2,0x0,0x0,
0x1,0x0,0x0,0x0,0x2f,0x8b,0x2,0x0,
0x0,0x3d,0x8c,0x2,0x0,0x0,0x18,0x6,
0x2,0x0,0x0,0x0,0x0,0x0,0x0,0x0,
0x44,0x0,0x0,0x0,0xd,0x0,0x0,0x0,
0xd2,0x0,0x0,0x0,0x0,0x0,0x0,0x0,
0x38,0x0,0x0,0x0,0x0,0x0,0x0,0x0,
0x38,0x0,0x0,0x0,0x0,0x0,0x1,0x0,
0xff,0xff,0xff,0xff,0x7,0x0,0x0,0x0,
0x18,0x2,0x70,0x6,0x0,0x0,0x0,0x0,
0x0,0x0,0x7,0x0,0x0,0x0,0x0,0x0,
0x0,0x0,0x0,0x0,0x18,0x2,0x0,0x0,
0x1,0x0,0x0,0x0,0x2f,0x8d,0x2,0x0,
0x0,0x3d,0x8e,0x2,0x0,0x0,0x18,0x6,
0x2,0x0,0x0,0x0,0x0,0x0,0x0,0x0,
0x44,0x0,0x0,0x0,0x22,0x0,0x0,0x0,
0xc5,0x0,0x0,0x0,0x0,0x0,0x0,0x0,
0x38,0x0,0x0,0x0,0x0,0x0,0x0,0x0,
0x38,0x0,0x0,0x0,0x0,0x0,0x1,0x0,
0xff,0xff,0xff,0xff,0x8,0x0,0x0,0x0,
0x19,0x2,0x90,0x1,0x0,0x0,0x0,0x0,
0x0,0x0,0x7,0x0,0x0,0x0,0x0,0x0,
0x0,0x0,0x0,0x0,0x19,0x2,0x0,0x0,
0x1,0x0,0x0,0x0,0x2f,0x8f,0x2,0x0,
0x0,0x3d,0x90,0x2,0x0,0x0,0x18,0x7,
0xe,0x6e,0x7,0x50,0xc,0x2f,0x91,0x2,
0x0,0x0,0x3d,0x92,0x2,0x0,0x0,0x4c,
0x2,0x12,0x0,0x18,0x6,0x2,0x0,0x0,
0x0,0x0,0x0,0x0,0x0,0x0,0x0,0x0,
0x44,0x0,0x0,0x0,0xd,0x0,0x0,0x0,
0x55,0x0,0x0,0x0,0x0,0x0,0x0,0x0,
0x38,0x0,0x0,0x0,0x0,0x0,0x0,0x0,
0x38,0x0,0x0,0x0,0x0,0x0,0x1,0x0,
0xff,0xff,0xff,0xff,0x7,0x0,0x0,0x0,
0x1a,0x2,0x90,0x1,0x0,0x0,0x0,0x0,
0x0,0x0,0x7,0x0,0x0,0x0,0x0,0x0,
0x0,0x0,0x0,0x0,0x1a,0x2,0x0,0x0,
0x1,0x0,0x0,0x0,0x2f,0x93,0x2,0x0,
0x0,0x3d,0x94,0x2,0x0,0x0,0x18,0x6,
0x2,0x0,0x0,0x0,0x0,0x0,0x0,0x0,
0x44,0x0,0x0,0x0,0x8,0x0,0x0,0x0,
0x12,0x0,0x0,0x0,0x0,0x0,0x0,0x0,
0x38,0x0,0x0,0x0,0x0,0x0,0x0,0x0,
0x38,0x0,0x0,0x0,0x0,0x0,0x1,0x0,
0xff,0xff,0xff,0xff,0x7,0x0,0x0,0x0,
0x18,0x2,0x90,0x1,0x0,0x0,0x0,0x0,
0x0,0x0,0x7,0x0,0x0,0x0,0x0,0x0,
0x0,0x0,0x0,0x0,0x18,0x2,0x0,0x0,
0x1,0x0,0x0,0x0,0x2f,0x95,0x2,0x0,
0x0,0x18,0x6,0x2,0x0,0x0,0x0,0x0,
0x44,0x0,0x0,0x0,0x33,0x0,0x0,0x0,
0xca,0x0,0x0,0x0,0x0,0x0,0x0,0x0,
0x38,0x0,0x0,0x0,0x0,0x0,0x0,0x0,
0x38,0x0,0x0,0x0,0x0,0x0,0x1,0x0,
0xff,0xff,0xff,0xff,0xd,0x0,0x0,0x0,
0x1b,0x2,0x90,0x1,0x0,0x0,0x0,0x0,
0x0,0x0,0x7,0x0,0x0,0x0,0x0,0x0,
0x0,0x0,0x0,0x0,0x1b,0x2,0x0,0x0,
0x1,0x0,0x0,0x0,0x2f,0x96,0x2,0x0,
0x0,0x18,0x7,0x14,0x30,0xa,0x14,0x32,
0xc,0x2f,0x97,0x2,0x0,0x0,0x3d,0x98,
0x2,0x0,0x0,0x4e,0x2,0x10,0x1,0x9c,
0xc,0x18,0xb,0xad,0x99,0x2,0x0,0x0,
0x7,0x0,0x0,0x0,0x2,0x0,0x0,0x0,
0xa,0x0,0x0,0x0,0x18,0x6,0x2,0x0,
0x0,0x0,0x0,0x0,0x0,0x0,0x0,0x0,
0x44,0x0,0x0,0x0,0x17,0x0,0x0,0x0,
0xb5,0x0,0x0,0x0,0x0,0x0,0x0,0x0,
0x38,0x0,0x0,0x0,0x0,0x0,0x0,0x0,
0x38,0x0,0x0,0x0,0x0,0x0,0x1,0x0,
0xff,0xff,0xff,0xff,0x7,0x0,0x0,0x0,
0x20,0x2,0x50,0x1,0x0,0x0,0x0,0x0,
0x0,0x0,0x7,0x0,0x0,0x0,0x0,0x0,
0x0,0x0,0x0,0x0,0x20,0x2,0x0,0x0,
0x1,0x0,0x0,0x0,0x2f,0x9a,0x2,0x0,
0x0,0x50,0xc,0x2f,0x9b,0x2,0x0,0x0,
0x3d,0x9c,0x2,0x0,0x0,0x4c,0x1,0xa,
0x18,0x6,0x2,0x0,0x0,0x0,0x0,0x0,
0x44,0x0,0x0,0x0,0x2d,0x0,0x0,0x0,
0xba,0x0,0x0,0x0,0x0,0x0,0x0,0x0,
0x38,0x0,0x0,0x0,0x0,0x0,0x0,0x0,
0x38,0x0,0x0,0x0,0x0,0x0,0x1,0x0,
0xff,0xff,0xff,0xff,0x8,0x0,0x0,0x0,
0x21,0x2,0x50,0x1,0x0,0x0,0x0,0x0,
0x0,0x0,0x7,0x0,0x0,0x0,0x0,0x0,
0x0,0x0,0x0,0x0,0x21,0x2,0x0,0x0,
0x1,0x0,0x0,0x0,0x2f,0x9d,0x2,0x0,
0x0,0x50,0xc,0x2f,0x9e,0x2,0x0,0x0,
0x3d,0x9f,0x2,0x0,0x0,0x4c,0x5,0x11,
0xb4,0x0,0x0,0x0,0x18,0x7,0x2f,0xa0,
0x2,0x0,0x0,0x3d,0xa1,0x2,0x0,0x0,
0x4e,0x2,0x10,0x1,0x9c,0x7,0x18,0x6,
0x2,0x0,0x0,0x0,0x0,0x0,0x0,0x0,
0x44,0x0,0x0,0x0,0xd,0x0,0x0,0x0,
0xd0,0x0,0x0,0x0,0x0,0x0,0x0,0x0,
0x38,0x0,0x0,0x0,0x0,0x0,0x0,0x0,
0x38,0x0,0x0,0x0,0x0,0x0,0x1,0x0,
0xff,0xff,0xff,0xff,0x7,0x0,0x0,0x0,
0x24,0x2,0x10,0x4,0x0,0x0,0x0,0x0,
0x0,0x0,0x7,0x0,0x0,0x0,0x0,0x0,
0x0,0x0,0x0,0x0,0x24,0x2,0x0,0x0,
0x1,0x0,0x0,0x0,0x2f,0xa2,0x2,0x0,
0x0,0x3d,0xa3,0x2,0x0,0x0,0x18,0x6,
0x2,0x0,0x0,0x0,0x0,0x0,0x0,0x0,
0x44,0x0,0x0,0x0,0xd,0x0,0x0,0x0,
0xd2,0x0,0x0,0x0,0x0,0x0,0x0,0x0,
0x38,0x0,0x0,0x0,0x0,0x0,0x0,0x0,
0x38,0x0,0x0,0x0,0x0,0x0,0x1,0x0,
0xff,0xff,0xff,0xff,0x7,0x0,0x0,0x0,
0x24,0x2,0x70,0x6,0x0,0x0,0x0,0x0,
0x0,0x0,0x7,0x0,0x0,0x0,0x0,0x0,
0x0,0x0,0x0,0x0,0x24,0x2,0x0,0x0,
0x1,0x0,0x0,0x0,0x2f,0xa4,0x2,0x0,
0x0,0x3d,0xa5,0x2,0x0,0x0,0x18,0x6,
0x2,0x0,0x0,0x0,0x0,0x0,0x0,0x0,
0x44,0x0,0x0,0x0,0x22,0x0,0x0,0x0,
0xc5,0x0,0x0,0x0,0x0,0x0,0x0,0x0,
0x38,0x0,0x0,0x0,0x0,0x0,0x0,0x0,
0x38,0x0,0x0,0x0,0x0,0x0,0x1,0x0,
0xff,0xff,0xff,0xff,0x8,0x0,0x0,0x0,
0x25,0x2,0x90,0x1,0x0,0x0,0x0,0x0,
0x0,0x0,0x7,0x0,0x0,0x0,0x0,0x0,
0x0,0x0,0x0,0x0,0x25,0x2,0x0,0x0,
0x1,0x0,0x0,0x0,0x2f,0xa6,0x2,0x0,
0x0,0x3d,0xa7,0x2,0x0,0x0,0x18,0x7,
0xe,0x6e,0x7,0x50,0xc,0x2f,0xa8,0x2,
0x0,0x0,0x3d,0xa9,0x2,0x0,0x0,0x4c,
0x2,0x12,0x0,0x18,0x6,0x2,0x0,0x0,
0x0,0x0,0x0,0x0,0x0,0x0,0x0,0x0,
0x44,0x0,0x0,0x0,0xd,0x0,0x0,0x0,
0x55,0x0,0x0,0x0,0x0,0x0,0x0,0x0,
0x38,0x0,0x0,0x0,0x0,0x0,0x0,0x0,
0x38,0x0,0x0,0x0,0x0,0x0,0x1,0x0,
0xff,0xff,0xff,0xff,0x7,0x0,0x0,0x0,
0x26,0x2,0x90,0x1,0x0,0x0,0x0,0x0,
0x0,0x0,0x7,0x0,0x0,0x0,0x0,0x0,
0x0,0x0,0x0,0x0,0x26,0x2,0x0,0x0,
0x1,0x0,0x0,0x0,0x2f,0xaa,0x2,0x0,
0x0,0x3d,0xab,0x2,0x0,0x0,0x18,0x6,
0x2,0x0,0x0,0x0,0x0,0x0,0x0,0x0,
0x44,0x0,0x0,0x0,0x8,0x0,0x0,0x0,
0x12,0x0,0x0,0x0,0x0,0x0,0x0,0x0,
0x38,0x0,0x0,0x0,0x0,0x0,0x0,0x0,
0x38,0x0,0x0,0x0,0x0,0x0,0x1,0x0,
0xff,0xff,0xff,0xff,0x7,0x0,0x0,0x0,
0x24,0x2,0x90,0x1,0x0,0x0,0x0,0x0,
0x0,0x0,0x7,0x0,0x0,0x0,0x0,0x0,
0x0,0x0,0x0,0x0,0x24,0x2,0x0,0x0,
0x1,0x0,0x0,0x0,0x2f,0xac,0x2,0x0,
0x0,0x18,0x6,0x2,0x0,0x0,0x0,0x0,
0x44,0x0,0x0,0x0,0x33,0x0,0x0,0x0,
0xca,0x0,0x0,0x0,0x0,0x0,0x0,0x0,
0x38,0x0,0x0,0x0,0x0,0x0,0x0,0x0,
0x38,0x0,0x0,0x0,0x0,0x0,0x1,0x0,
0xff,0xff,0xff,0xff,0xd,0x0,0x0,0x0,
0x27,0x2,0x90,0x1,0x0,0x0,0x0,0x0,
0x0,0x0,0x7,0x0,0x0,0x0,0x0,0x0,
0x0,0x0,0x0,0x0,0x27,0x2,0x0,0x0,
0x1,0x0,0x0,0x0,0x2f,0xad,0x2,0x0,
0x0,0x18,0x7,0x14,0x30,0xa,0x14,0x32,
0xc,0x2f,0xae,0x2,0x0,0x0,0x3d,0xaf,
0x2,0x0,0x0,0x4e,0x2,0x10,0x1,0x9c,
0xc,0x18,0xb,0xad,0xb0,0x2,0x0,0x0,
0x7,0x0,0x0,0x0,0x2,0x0,0x0,0x0,
0xa,0x0,0x0,0x0,0x18,0x6,0x2,0x0,
0x0,0x0,0x0,0x0,0x0,0x0,0x0,0x0,
0x44,0x0,0x0,0x0,0x17,0x0,0x0,0x0,
0xb5,0x0,0x0,0x0,0x0,0x0,0x0,0x0,
0x38,0x0,0x0,0x0,0x0,0x0,0x0,0x0,
0x38,0x0,0x0,0x0,0x0,0x0,0x1,0x0,
0xff,0xff,0xff,0xff,0x7,0x0,0x0,0x0,
0x2c,0x2,0x50,0x1,0x0,0x0,0x0,0x0,
0x0,0x0,0x7,0x0,0x0,0x0,0x0,0x0,
0x0,0x0,0x0,0x0,0x2c,0x2,0x0,0x0,
0x1,0x0,0x0,0x0,0x2f,0xb1,0x2,0x0,
0x0,0x50,0xc,0x2f,0xb2,0x2,0x0,0x0,
0x3d,0xb3,0x2,0x0,0x0,0x4c,0x1,0xa,
0x18,0x6,0x2,0x0,0x0,0x0,0x0,0x0,
0x44,0x0,0x0,0x0,0x2d,0x0,0x0,0x0,
0xba,0x0,0x0,0x0,0x0,0x0,0x0,0x0,
0x38,0x0,0x0,0x0,0x0,0x0,0x0,0x0,
0x38,0x0,0x0,0x0,0x0,0x0,0x1,0x0,
0xff,0xff,0xff,0xff,0x8,0x0,0x0,0x0,
0x2d,0x2,0x50,0x1,0x0,0x0,0x0,0x0,
0x0,0x0,0x7,0x0,0x0,0x0,0x0,0x0,
0x0,0x0,0x0,0x0,0x2d,0x2,0x0,0x0,
0x1,0x0,0x0,0x0,0x2f,0xb4,0x2,0x0,
0x0,0x50,0xc,0x2f,0xb5,0x2,0x0,0x0,
0x3d,0xb6,0x2,0x0,0x0,0x4c,0x5,0x11,
0xb4,0x0,0x0,0x0,0x18,0x7,0x2f,0xb7,
0x2,0x0,0x0,0x3d,0xb8,0x2,0x0,0x0,
0x4e,0x2,0x10,0x1,0x9c,0x7,0x18,0x6,
0x2,0x0,0x0,0x0,0x0,0x0,0x0,0x0,
0x44,0x0,0x0,0x0,0xd,0x0,0x0,0x0,
0xd0,0x0,0x0,0x0,0x0,0x0,0x0,0x0,
0x38,0x0,0x0,0x0,0x0,0x0,0x0,0x0,
0x38,0x0,0x0,0x0,0x0,0x0,0x1,0x0,
0xff,0xff,0xff,0xff,0x7,0x0,0x0,0x0,
0x30,0x2,0x10,0x4,0x0,0x0,0x0,0x0,
0x0,0x0,0x7,0x0,0x0,0x0,0x0,0x0,
0x0,0x0,0x0,0x0,0x30,0x2,0x0,0x0,
0x1,0x0,0x0,0x0,0x2f,0xb9,0x2,0x0,
0x0,0x3d,0xba,0x2,0x0,0x0,0x18,0x6,
0x2,0x0,0x0,0x0,0x0,0x0,0x0,0x0,
0x44,0x0,0x0,0x0,0xd,0x0,0x0,0x0,
0xd2,0x0,0x0,0x0,0x0,0x0,0x0,0x0,
0x38,0x0,0x0,0x0,0x0,0x0,0x0,0x0,
0x38,0x0,0x0,0x0,0x0,0x0,0x1,0x0,
0xff,0xff,0xff,0xff,0x7,0x0,0x0,0x0,
0x30,0x2,0x70,0x6,0x0,0x0,0x0,0x0,
0x0,0x0,0x7,0x0,0x0,0x0,0x0,0x0,
0x0,0x0,0x0,0x0,0x30,0x2,0x0,0x0,
0x1,0x0,0x0,0x0,0x2f,0xbb,0x2,0x0,
0x0,0x3d,0xbc,0x2,0x0,0x0,0x18,0x6,
0x2,0x0,0x0,0x0,0x0,0x0,0x0,0x0,
0x44,0x0,0x0,0x0,0x22,0x0,0x0,0x0,
0xc5,0x0,0x0,0x0,0x0,0x0,0x0,0x0,
0x38,0x0,0x0,0x0,0x0,0x0,0x0,0x0,
0x38,0x0,0x0,0x0,0x0,0x0,0x1,0x0,
0xff,0xff,0xff,0xff,0x8,0x0,0x0,0x0,
0x31,0x2,0x90,0x1,0x0,0x0,0x0,0x0,
0x0,0x0,0x7,0x0,0x0,0x0,0x0,0x0,
0x0,0x0,0x0,0x0,0x31,0x2,0x0,0x0,
0x1,0x0,0x0,0x0,0x2f,0xbd,0x2,0x0,
0x0,0x3d,0xbe,0x2,0x0,0x0,0x18,0x7,
0xe,0x6e,0x7,0x50,0xc,0x2f,0xbf,0x2,
0x0,0x0,0x3d,0xc0,0x2,0x0,0x0,0x4c,
0x2,0x12,0x0,0x18,0x6,0x2,0x0,0x0,
0x0,0x0,0x0,0x0,0x0,0x0,0x0,0x0,
0x44,0x0,0x0,0x0,0xd,0x0,0x0,0x0,
0x55,0x0,0x0,0x0,0x0,0x0,0x0,0x0,
0x38,0x0,0x0,0x0,0x0,0x0,0x0,0x0,
0x38,0x0,0x0,0x0,0x0,0x0,0x1,0x0,
0xff,0xff,0xff,0xff,0x7,0x0,0x0,0x0,
0x32,0x2,0x90,0x1,0x0,0x0,0x0,0x0,
0x0,0x0,0x7,0x0,0x0,0x0,0x0,0x0,
0x0,0x0,0x0,0x0,0x32,0x2,0x0,0x0,
0x1,0x0,0x0,0x0,0x2f,0xc1,0x2,0x0,
0x0,0x3d,0xc2,0x2,0x0,0x0,0x18,0x6,
0x2,0x0,0x0,0x0,0x0,0x0,0x0,0x0,
0x44,0x0,0x0,0x0,0x8,0x0,0x0,0x0,
0x12,0x0,0x0,0x0,0x0,0x0,0x0,0x0,
0x38,0x0,0x0,0x0,0x0,0x0,0x0,0x0,
0x38,0x0,0x0,0x0,0x0,0x0,0x1,0x0,
0xff,0xff,0xff,0xff,0x7,0x0,0x0,0x0,
0x30,0x2,0x90,0x1,0x0,0x0,0x0,0x0,
0x0,0x0,0x7,0x0,0x0,0x0,0x0,0x0,
0x0,0x0,0x0,0x0,0x30,0x2,0x0,0x0,
0x1,0x0,0x0,0x0,0x2f,0xc3,0x2,0x0,
0x0,0x18,0x6,0x2,0x0,0x0,0x0,0x0,
0x44,0x0,0x0,0x0,0x33,0x0,0x0,0x0,
0xca,0x0,0x0,0x0,0x0,0x0,0x0,0x0,
0x38,0x0,0x0,0x0,0x0,0x0,0x0,0x0,
0x38,0x0,0x0,0x0,0x0,0x0,0x1,0x0,
0xff,0xff,0xff,0xff,0xd,0x0,0x0,0x0,
0x33,0x2,0x90,0x1,0x0,0x0,0x0,0x0,
0x0,0x0,0x7,0x0,0x0,0x0,0x0,0x0,
0x0,0x0,0x0,0x0,0x33,0x2,0x0,0x0,
0x1,0x0,0x0,0x0,0x2f,0xc4,0x2,0x0,
0x0,0x18,0x7,0x14,0x30,0xa,0x14,0x32,
0xc,0x2f,0xc5,0x2,0x0,0x0,0x3d,0xc6,
0x2,0x0,0x0,0x4e,0x2,0x10,0x1,0x9c,
0xc,0x18,0xb,0xad,0xc7,0x2,0x0,0x0,
0x7,0x0,0x0,0x0,0x2,0x0,0x0,0x0,
0xa,0x0,0x0,0x0,0x18,0x6,0x2,0x0,
0x0,0x0,0x0,0x0,0x0,0x0,0x0,0x0,
0x44,0x0,0x0,0x0,0x17,0x0,0x0,0x0,
0xb5,0x0,0x0,0x0,0x0,0x0,0x0,0x0,
0x38,0x0,0x0,0x0,0x0,0x0,0x0,0x0,
0x38,0x0,0x0,0x0,0x0,0x0,0x1,0x0,
0xff,0xff,0xff,0xff,0x7,0x0,0x0,0x0,
0x38,0x2,0x50,0x1,0x0,0x0,0x0,0x0,
0x0,0x0,0x7,0x0,0x0,0x0,0x0,0x0,
0x0,0x0,0x0,0x0,0x38,0x2,0x0,0x0,
0x1,0x0,0x0,0x0,0x2f,0xc8,0x2,0x0,
0x0,0x50,0xc,0x2f,0xc9,0x2,0x0,0x0,
0x3d,0xca,0x2,0x0,0x0,0x4c,0x1,0xa,
0x18,0x6,0x2,0x0,0x0,0x0,0x0,0x0,
0x44,0x0,0x0,0x0,0x2a,0x0,0x0,0x0,
0xba,0x0,0x0,0x0,0x0,0x0,0x0,0x0,
0x38,0x0,0x0,0x0,0x0,0x0,0x0,0x0,
0x38,0x0,0x0,0x0,0x0,0x0,0x1,0x0,
0xff,0xff,0xff,0xff,0x8,0x0,0x0,0x0,
0x39,0x2,0x50,0x1,0x0,0x0,0x0,0x0,
0x0,0x0,0x7,0x0,0x0,0x0,0x0,0x0,
0x0,0x0,0x0,0x0,0x39,0x2,0x0,0x0,
0x1,0x0,0x0,0x0,0x2f,0xcb,0x2,0x0,
0x0,0x50,0xc,0x2f,0xcc,0x2,0x0,0x0,
0x3d,0xcd,0x2,0x0,0x0,0x4c,0x2,0x10,
0x64,0x18,0x7,0x2f,0xce,0x2,0x0,0x0,
0x3d,0xcf,0x2,0x0,0x0,0x4e,0x2,0x10,
0x1,0x9c,0x7,0x18,0x6,0x2,0x0,0x0,
0x0,0x0,0x0,0x0,0x0,0x0,0x0,0x0,
0x44,0x0,0x0,0x0,0xd,0x0,0x0,0x0,
0xd0,0x0,0x0,0x0,0x0,0x0,0x0,0x0,
0x38,0x0,0x0,0x0,0x0,0x0,0x0,0x0,
0x38,0x0,0x0,0x0,0x0,0x0,0x1,0x0,
0xff,0xff,0xff,0xff,0x7,0x0,0x0,0x0,
0x3c,0x2,0x0,0x4,0x0,0x0,0x0,0x0,
0x0,0x0,0x7,0x0,0x0,0x0,0x0,0x0,
0x0,0x0,0x0,0x0,0x3c,0x2,0x0,0x0,
0x1,0x0,0x0,0x0,0x2f,0xd0,0x2,0x0,
0x0,0x3d,0xd1,0x2,0x0,0x0,0x18,0x6,
0x2,0x0,0x0,0x0,0x0,0x0,0x0,0x0,
0x44,0x0,0x0,0x0,0x22,0x0,0x0,0x0,
0xc5,0x0,0x0,0x0,0x0,0x0,0x0,0x0,
0x38,0x0,0x0,0x0,0x0,0x0,0x0,0x0,
0x38,0x0,0x0,0x0,0x0,0x0,0x1,0x0,
0xff,0xff,0xff,0xff,0x8,0x0,0x0,0x0,
0x3d,0x2,0x90,0x1,0x0,0x0,0x0,0x0,
0x0,0x0,0x7,0x0,0x0,0x0,0x0,0x0,
0x0,0x0,0x0,0x0,0x3d,0x2,0x0,0x0,
0x1,0x0,0x0,0x0,0x2f,0xd2,0x2,0x0,
0x0,0x3d,0xd3,0x2,0x0,0x0,0x18,0x7,
0xe,0x6e,0x7,0x50,0xc,0x2f,0xd4,0x2,
0x0,0x0,0x3d,0xd5,0x2,0x0,0x0,0x4c,
0x2,0x12,0x0,0x18,0x6,0x2,0x0,0x0,
0x0,0x0,0x0,0x0,0x0,0x0,0x0,0x0,
0x44,0x0,0x0,0x0,0xd,0x0,0x0,0x0,
0x55,0x0,0x0,0x0,0x0,0x0,0x0,0x0,
0x38,0x0,0x0,0x0,0x0,0x0,0x0,0x0,
0x38,0x0,0x0,0x0,0x0,0x0,0x1,0x0,
0xff,0xff,0xff,0xff,0x7,0x0,0x0,0x0,
0x3f,0x2,0x90,0x1,0x0,0x0,0x0,0x0,
0x0,0x0,0x7,0x0,0x0,0x0,0x0,0x0,
0x0,0x0,0x0,0x0,0x3f,0x2,0x0,0x0,
0x1,0x0,0x0,0x0,0x2f,0xd6,0x2,0x0,
0x0,0x3d,0xd7,0x2,0x0,0x0,0x18,0x6,
0x2,0x0,0x0,0x0,0x0,0x0,0x0,0x0,
0x44,0x0,0x0,0x0,0x8,0x0,0x0,0x0,
0x12,0x0,0x0,0x0,0x0,0x0,0x0,0x0,
0x38,0x0,0x0,0x0,0x0,0x0,0x0,0x0,
0x38,0x0,0x0,0x0,0x0,0x0,0x1,0x0,
0xff,0xff,0xff,0xff,0x7,0x0,0x0,0x0,
0x3c,0x2,0x90,0x1,0x0,0x0,0x0,0x0,
0x0,0x0,0x7,0x0,0x0,0x0,0x0,0x0,
0x0,0x0,0x0,0x0,0x3c,0x2,0x0,0x0,
0x1,0x0,0x0,0x0,0x2f,0xd8,0x2,0x0,
0x0,0x18,0x6,0x2,0x0,0x0,0x0,0x0,
0x44,0x0,0x0,0x0,0x33,0x0,0x0,0x0,
0xca,0x0,0x0,0x0,0x0,0x0,0x0,0x0,
0x38,0x0,0x0,0x0,0x0,0x0,0x0,0x0,
0x38,0x0,0x0,0x0,0x0,0x0,0x1,0x0,
0xff,0xff,0xff,0xff,0xd,0x0,0x0,0x0,
0x40,0x2,0x90,0x1,0x0,0x0,0x0,0x0,
0x0,0x0,0x7,0x0,0x0,0x0,0x0,0x0,
0x0,0x0,0x0,0x0,0x40,0x2,0x0,0x0,
0x1,0x0,0x0,0x0,0x2f,0xd9,0x2,0x0,
0x0,0x18,0x7,0x14,0x30,0xa,0x14,0x33,
0xc,0x2f,0xda,0x2,0x0,0x0,0x3d,0xdb,
0x2,0x0,0x0,0x4e,0x2,0x10,0x1,0x9c,
0xc,0x18,0xb,0xad,0xdc,0x2,0x0,0x0,
0x7,0x0,0x0,0x0,0x2,0x0,0x0,0x0,
0xa,0x0,0x0,0x0,0x18,0x6,0x2,0x0,
0x0,0x0,0x0,0x0,0x0,0x0,0x0,0x0,
0x44,0x0,0x0,0x0,0x17,0x0,0x0,0x0,
0xb5,0x0,0x0,0x0,0x0,0x0,0x0,0x0,
0x38,0x0,0x0,0x0,0x0,0x0,0x0,0x0,
0x38,0x0,0x0,0x0,0x0,0x0,0x1,0x0,
0xff,0xff,0xff,0xff,0x7,0x0,0x0,0x0,
0x45,0x2,0x50,0x1,0x0,0x0,0x0,0x0,
0x0,0x0,0x7,0x0,0x0,0x0,0x0,0x0,
0x0,0x0,0x0,0x0,0x45,0x2,0x0,0x0,
0x1,0x0,0x0,0x0,0x2f,0xdd,0x2,0x0,
0x0,0x50,0xc,0x2f,0xde,0x2,0x0,0x0,
0x3d,0xdf,0x2,0x0,0x0,0x4c,0x1,0xa,
0x18,0x6,0x2,0x0,0x0,0x0,0x0,0x0,
0x44,0x0,0x0,0x0,0x2a,0x0,0x0,0x0,
0xba,0x0,0x0,0x0,0x0,0x0,0x0,0x0,
0x38,0x0,0x0,0x0,0x0,0x0,0x0,0x0,
0x38,0x0,0x0,0x0,0x0,0x0,0x1,0x0,
0xff,0xff,0xff,0xff,0x8,0x0,0x0,0x0,
0x46,0x2,0x50,0x1,0x0,0x0,0x0,0x0,
0x0,0x0,0x7,0x0,0x0,0x0,0x0,0x0,
0x0,0x0,0x0,0x0,0x46,0x2,0x0,0x0,
0x1,0x0,0x0,0x0,0x2f,0xe0,0x2,0x0,
0x0,0x50,0xc,0x2f,0xe1,0x2,0x0,0x0,
0x3d,0xe2,0x2,0x0,0x0,0x4c,0x2,0x10,
0x64,0x18,0x7,0x2f,0xe3,0x2,0x0,0x0,
0x3d,0xe4,0x2,0x0,0x0,0x4e,0x2,0x10,
0x1,0x9c,0x7,0x18,0x6,0x2,0x0,0x0,
0x0,0x0,0x0,0x0,0x0,0x0,0x0,0x0,
0x44,0x0,0x0,0x0,0xd,0x0,0x0,0x0,
0xd0,0x0,0x0,0x0,0x0,0x0,0x0,0x0,
0x38,0x0,0x0,0x0,0x0,0x0,0x0,0x0,
0x38,0x0,0x0,0x0,0x0,0x0,0x1,0x0,
0xff,0xff,0xff,0xff,0x7,0x0,0x0,0x0,
0x49,0x2,0x0,0x4,0x0,0x0,0x0,0x0,
0x0,0x0,0x7,0x0,0x0,0x0,0x0,0x0,
0x0,0x0,0x0,0x0,0x49,0x2,0x0,0x0,
0x1,0x0,0x0,0x0,0x2f,0xe5,0x2,0x0,
0x0,0x3d,0xe6,0x2,0x0,0x0,0x18,0x6,
0x2,0x0,0x0,0x0,0x0,0x0,0x0,0x0,
0x44,0x0,0x0,0x0,0x22,0x0,0x0,0x0,
0xc5,0x0,0x0,0x0,0x0,0x0,0x0,0x0,
0x38,0x0,0x0,0x0,0x0,0x0,0x0,0x0,
0x38,0x0,0x0,0x0,0x0,0x0,0x1,0x0,
0xff,0xff,0xff,0xff,0x8,0x0,0x0,0x0,
0x4a,0x2,0x90,0x1,0x0,0x0,0x0,0x0,
0x0,0x0,0x7,0x0,0x0,0x0,0x0,0x0,
0x0,0x0,0x0,0x0,0x4a,0x2,0x0,0x0,
0x1,0x0,0x0,0x0,0x2f,0xe7,0x2,0x0,
0x0,0x3d,0xe8,0x2,0x0,0x0,0x18,0x7,
0xe,0x6e,0x7,0x50,0xc,0x2f,0xe9,0x2,
0x0,0x0,0x3d,0xea,0x2,0x0,0x0,0x4c,
0x2,0x12,0x0,0x18,0x6,0x2,0x0,0x0,
0x0,0x0,0x0,0x0,0x0,0x0,0x0,0x0,
0x44,0x0,0x0,0x0,0xd,0x0,0x0,0x0,
0xc9,0x0,0x0,0x0,0x0,0x0,0x0,0x0,
0x38,0x0,0x0,0x0,0x0,0x0,0x0,0x0,
0x38,0x0,0x0,0x0,0x0,0x0,0x1,0x0,
0xff,0xff,0xff,0xff,0x7,0x0,0x0,0x0,
0x4b,0x2,0x90,0x1,0x0,0x0,0x0,0x0,
0x0,0x0,0x7,0x0,0x0,0x0,0x0,0x0,
0x0,0x0,0x0,0x0,0x4b,0x2,0x0,0x0,
0x1,0x0,0x0,0x0,0x2f,0xeb,0x2,0x0,
0x0,0x3d,0xec,0x2,0x0,0x0,0x18,0x6,
0x2,0x0,0x0,0x0,0x0,0x0,0x0,0x0,
0x44,0x0,0x0,0x0,0xd,0x0,0x0,0x0,
0x55,0x0,0x0,0x0,0x0,0x0,0x0,0x0,
0x38,0x0,0x0,0x0,0x0,0x0,0x0,0x0,
0x38,0x0,0x0,0x0,0x0,0x0,0x1,0x0,
0xff,0xff,0xff,0xff,0x7,0x0,0x0,0x0,
0x4c,0x2,0x90,0x1,0x0,0x0,0x0,0x0,
0x0,0x0,0x7,0x0,0x0,0x0,0x0,0x0,
0x0,0x0,0x0,0x0,0x4c,0x2,0x0,0x0,
0x1,0x0,0x0,0x0,0x2f,0xed,0x2,0x0,
0x0,0x3d,0xee,0x2,0x0,0x0,0x18,0x6,
0x2,0x0,0x0,0x0,0x0,0x0,0x0,0x0,
0x44,0x0,0x0,0x0,0x8,0x0,0x0,0x0,
0x12,0x0,0x0,0x0,0x0,0x0,0x0,0x0,
0x38,0x0,0x0,0x0,0x0,0x0,0x0,0x0,
0x38,0x0,0x0,0x0,0x0,0x0,0x1,0x0,
0xff,0xff,0xff,0xff,0x7,0x0,0x0,0x0,
0x49,0x2,0x90,0x1,0x0,0x0,0x0,0x0,
0x0,0x0,0x7,0x0,0x0,0x0,0x0,0x0,
0x0,0x0,0x0,0x0,0x49,0x2,0x0,0x0,
0x1,0x0,0x0,0x0,0x2f,0xef,0x2,0x0,
0x0,0x18,0x6,0x2,0x0,0x0,0x0,0x0,
0x44,0x0,0x0,0x0,0x33,0x0,0x0,0x0,
0xca,0x0,0x0,0x0,0x0,0x0,0x0,0x0,
0x38,0x0,0x0,0x0,0x0,0x0,0x0,0x0,
0x38,0x0,0x0,0x0,0x0,0x0,0x1,0x0,
0xff,0xff,0xff,0xff,0xd,0x0,0x0,0x0,
0x4d,0x2,0x90,0x1,0x0,0x0,0x0,0x0,
0x0,0x0,0x7,0x0,0x0,0x0,0x0,0x0,
0x0,0x0,0x0,0x0,0x4d,0x2,0x0,0x0,
0x1,0x0,0x0,0x0,0x2f,0xf0,0x2,0x0,
0x0,0x18,0x7,0x14,0x30,0xa,0x14,0x32,
0xc,0x2f,0xf1,0x2,0x0,0x0,0x3d,0xf2,
0x2,0x0,0x0,0x4e,0x2,0x10,0x1,0x9c,
0xc,0x18,0xb,0xad,0xf3,0x2,0x0,0x0,
0x7,0x0,0x0,0x0,0x2,0x0,0x0,0x0,
0xa,0x0,0x0,0x0,0x18,0x6,0x2,0x0,
0x0,0x0,0x0,0x0,0x0,0x0,0x0,0x0,
0x44,0x0,0x0,0x0,0x17,0x0,0x0,0x0,
0xb5,0x0,0x0,0x0,0x0,0x0,0x0,0x0,
0x38,0x0,0x0,0x0,0x0,0x0,0x0,0x0,
0x38,0x0,0x0,0x0,0x0,0x0,0x1,0x0,
0xff,0xff,0xff,0xff,0x7,0x0,0x0,0x0,
0x52,0x2,0x50,0x1,0x0,0x0,0x0,0x0,
0x0,0x0,0x7,0x0,0x0,0x0,0x0,0x0,
0x0,0x0,0x0,0x0,0x52,0x2,0x0,0x0,
0x1,0x0,0x0,0x0,0x2f,0xf4,0x2,0x0,
0x0,0x50,0xc,0x2f,0xf5,0x2,0x0,0x0,
0x3d,0xf6,0x2,0x0,0x0,0x4c,0x1,0xa,
0x18,0x6,0x2,0x0,0x0,0x0,0x0,0x0,
0x44,0x0,0x0,0x0,0x2a,0x0,0x0,0x0,
0xba,0x0,0x0,0x0,0x0,0x0,0x0,0x0,
0x38,0x0,0x0,0x0,0x0,0x0,0x0,0x0,
0x38,0x0,0x0,0x0,0x0,0x0,0x1,0x0,
0xff,0xff,0xff,0xff,0x8,0x0,0x0,0x0,
0x53,0x2,0x50,0x1,0x0,0x0,0x0,0x0,
0x0,0x0,0x7,0x0,0x0,0x0,0x0,0x0,
0x0,0x0,0x0,0x0,0x53,0x2,0x0,0x0,
0x1,0x0,0x0,0x0,0x2f,0xf7,0x2,0x0,
0x0,0x50,0xc,0x2f,0xf8,0x2,0x0,0x0,
0x3d,0xf9,0x2,0x0,0x0,0x4c,0x2,0x10,
0x64,0x18,0x7,0x2f,0xfa,0x2,0x0,0x0,
0x3d,0xfb,0x2,0x0,0x0,0x4e,0x2,0x10,
0x1,0x9c,0x7,0x18,0x6,0x2,0x0,0x0,
0x0,0x0,0x0,0x0,0x0,0x0,0x0,0x0,
0x44,0x0,0x0,0x0,0xd,0x0,0x0,0x0,
0xd0,0x0,0x0,0x0,0x0,0x0,0x0,0x0,
0x38,0x0,0x0,0x0,0x0,0x0,0x0,0x0,
0x38,0x0,0x0,0x0,0x0,0x0,0x1,0x0,
0xff,0xff,0xff,0xff,0x7,0x0,0x0,0x0,
0x56,0x2,0x0,0x4,0x0,0x0,0x0,0x0,
0x0,0x0,0x7,0x0,0x0,0x0,0x0,0x0,
0x0,0x0,0x0,0x0,0x56,0x2,0x0,0x0,
0x1,0x0,0x0,0x0,0x2f,0xfc,0x2,0x0,
0x0,0x3d,0xfd,0x2,0x0,0x0,0x18,0x6,
0x2,0x0,0x0,0x0,0x0,0x0,0x0,0x0,
0x44,0x0,0x0,0x0,0x22,0x0,0x0,0x0,
0xc5,0x0,0x0,0x0,0x0,0x0,0x0,0x0,
0x38,0x0,0x0,0x0,0x0,0x0,0x0,0x0,
0x38,0x0,0x0,0x0,0x0,0x0,0x1,0x0,
0xff,0xff,0xff,0xff,0x8,0x0,0x0,0x0,
0x57,0x2,0x90,0x1,0x0,0x0,0x0,0x0,
0x0,0x0,0x7,0x0,0x0,0x0,0x0,0x0,
0x0,0x0,0x0,0x0,0x57,0x2,0x0,0x0,
0x1,0x0,0x0,0x0,0x2f,0xfe,0x2,0x0,
0x0,0x3d,0xff,0x2,0x0,0x0,0x18,0x7,
0xe,0x6e,0x7,0x50,0xc,0x2f,0x0,0x3,
0x0,0x0,0x3d,0x1,0x3,0x0,0x0,0x4c,
0x2,0x12,0x0,0x18,0x6,0x2,0x0,0x0,
0x0,0x0,0x0,0x0,0x0,0x0,0x0,0x0,
0x44,0x0,0x0,0x0,0xd,0x0,0x0,0x0,
0xc9,0x0,0x0,0x0,0x0,0x0,0x0,0x0,
0x38,0x0,0x0,0x0,0x0,0x0,0x0,0x0,
0x38,0x0,0x0,0x0,0x0,0x0,0x1,0x0,
0xff,0xff,0xff,0xff,0x7,0x0,0x0,0x0,
0x58,0x2,0x90,0x1,0x0,0x0,0x0,0x0,
0x0,0x0,0x7,0x0,0x0,0x0,0x0,0x0,
0x0,0x0,0x0,0x0,0x58,0x2,0x0,0x0,
0x1,0x0,0x0,0x0,0x2f,0x2,0x3,0x0,
0x0,0x3d,0x3,0x3,0x0,0x0,0x18,0x6,
0x2,0x0,0x0,0x0,0x0,0x0,0x0,0x0,
0x44,0x0,0x0,0x0,0xd,0x0,0x0,0x0,
0x55,0x0,0x0,0x0,0x0,0x0,0x0,0x0,
0x38,0x0,0x0,0x0,0x0,0x0,0x0,0x0,
0x38,0x0,0x0,0x0,0x0,0x0,0x1,0x0,
0xff,0xff,0xff,0xff,0x7,0x0,0x0,0x0,
0x59,0x2,0x90,0x1,0x0,0x0,0x0,0x0,
0x0,0x0,0x7,0x0,0x0,0x0,0x0,0x0,
0x0,0x0,0x0,0x0,0x59,0x2,0x0,0x0,
0x1,0x0,0x0,0x0,0x2f,0x4,0x3,0x0,
0x0,0x3d,0x5,0x3,0x0,0x0,0x18,0x6,
0x2,0x0,0x0,0x0,0x0,0x0,0x0,0x0,
0x44,0x0,0x0,0x0,0x8,0x0,0x0,0x0,
0x12,0x0,0x0,0x0,0x0,0x0,0x0,0x0,
0x38,0x0,0x0,0x0,0x0,0x0,0x0,0x0,
0x38,0x0,0x0,0x0,0x0,0x0,0x1,0x0,
0xff,0xff,0xff,0xff,0x7,0x0,0x0,0x0,
0x56,0x2,0x90,0x1,0x0,0x0,0x0,0x0,
0x0,0x0,0x7,0x0,0x0,0x0,0x0,0x0,
0x0,0x0,0x0,0x0,0x56,0x2,0x0,0x0,
0x1,0x0,0x0,0x0,0x2f,0x6,0x3,0x0,
0x0,0x18,0x6,0x2,0x0,0x0,0x0,0x0,
0x44,0x0,0x0,0x0,0x33,0x0,0x0,0x0,
0xca,0x0,0x0,0x0,0x0,0x0,0x0,0x0,
0x38,0x0,0x0,0x0,0x0,0x0,0x0,0x0,
0x38,0x0,0x0,0x0,0x0,0x0,0x1,0x0,
0xff,0xff,0xff,0xff,0xd,0x0,0x0,0x0,
0x5a,0x2,0x90,0x1,0x0,0x0,0x0,0x0,
0x0,0x0,0x7,0x0,0x0,0x0,0x0,0x0,
0x0,0x0,0x0,0x0,0x5a,0x2,0x0,0x0,
0x1,0x0,0x0,0x0,0x2f,0x7,0x3,0x0,
0x0,0x18,0x7,0x14,0x30,0xa,0x14,0x32,
0xc,0x2f,0x8,0x3,0x0,0x0,0x3d,0x9,
0x3,0x0,0x0,0x4e,0x2,0x10,0x1,0x9c,
0xc,0x18,0xb,0xad,0xa,0x3,0x0,0x0,
0x7,0x0,0x0,0x0,0x2,0x0,0x0,0x0,
0xa,0x0,0x0,0x0,0x18,0x6,0x2,0x0,
0x0,0x0,0x0,0x0,0x0,0x0,0x0,0x0,
0x44,0x0,0x0,0x0,0x17,0x0,0x0,0x0,
0xb5,0x0,0x0,0x0,0x0,0x0,0x0,0x0,
0x38,0x0,0x0,0x0,0x0,0x0,0x0,0x0,
0x38,0x0,0x0,0x0,0x0,0x0,0x1,0x0,
0xff,0xff,0xff,0xff,0x7,0x0,0x0,0x0,
0x5f,0x2,0x50,0x1,0x0,0x0,0x0,0x0,
0x0,0x0,0x7,0x0,0x0,0x0,0x0,0x0,
0x0,0x0,0x0,0x0,0x5f,0x2,0x0,0x0,
0x1,0x0,0x0,0x0,0x2f,0xb,0x3,0x0,
0x0,0x50,0xc,0x2f,0xc,0x3,0x0,0x0,
0x3d,0xd,0x3,0x0,0x0,0x4c,0x1,0xa,
0x18,0x6,0x2,0x0,0x0,0x0,0x0,0x0,
0x44,0x0,0x0,0x0,0x2d,0x0,0x0,0x0,
0xba,0x0,0x0,0x0,0x0,0x0,0x0,0x0,
0x38,0x0,0x0,0x0,0x0,0x0,0x0,0x0,
0x38,0x0,0x0,0x0,0x0,0x0,0x1,0x0,
0xff,0xff,0xff,0xff,0x8,0x0,0x0,0x0,
0x60,0x2,0x50,0x1,0x0,0x0,0x0,0x0,
0x0,0x0,0x7,0x0,0x0,0x0,0x0,0x0,
0x0,0x0,0x0,0x0,0x60,0x2,0x0,0x0,
0x1,0x0,0x0,0x0,0x2f,0xe,0x3,0x0,
0x0,0x50,0xc,0x2f,0xf,0x3,0x0,0x0,
0x3d,0x10,0x3,0x0,0x0,0x4c,0x5,0x11,
0xb4,0x0,0x0,0x0,0x18,0x7,0x2f,0x11,
0x3,0x0,0x0,0x3d,0x12,0x3,0x0,0x0,
0x4e,0x2,0x10,0x1,0x9c,0x7,0x18,0x6,
0x2,0x0,0x0,0x0,0x0,0x0,0x0,0x0,
0x44,0x0,0x0,0x0,0xd,0x0,0x0,0x0,
0xd0,0x0,0x0,0x0,0x0,0x0,0x0,0x0,
0x38,0x0,0x0,0x0,0x0,0x0,0x0,0x0,
0x38,0x0,0x0,0x0,0x0,0x0,0x1,0x0,
0xff,0xff,0xff,0xff,0x7,0x0,0x0,0x0,
0x63,0x2,0x0,0x4,0x0,0x0,0x0,0x0,
0x0,0x0,0x7,0x0,0x0,0x0,0x0,0x0,
0x0,0x0,0x0,0x0,0x63,0x2,0x0,0x0,
0x1,0x0,0x0,0x0,0x2f,0x13,0x3,0x0,
0x0,0x3d,0x14,0x3,0x0,0x0,0x18,0x6,
0x2,0x0,0x0,0x0,0x0,0x0,0x0,0x0,
0x44,0x0,0x0,0x0,0x22,0x0,0x0,0x0,
0xc5,0x0,0x0,0x0,0x0,0x0,0x0,0x0,
0x38,0x0,0x0,0x0,0x0,0x0,0x0,0x0,
0x38,0x0,0x0,0x0,0x0,0x0,0x1,0x0,
0xff,0xff,0xff,0xff,0x8,0x0,0x0,0x0,
0x64,0x2,0x90,0x1,0x0,0x0,0x0,0x0,
0x0,0x0,0x7,0x0,0x0,0x0,0x0,0x0,
0x0,0x0,0x0,0x0,0x64,0x2,0x0,0x0,
0x1,0x0,0x0,0x0,0x2f,0x15,0x3,0x0,
0x0,0x3d,0x16,0x3,0x0,0x0,0x18,0x7,
0xe,0x6e,0x7,0x50,0xc,0x2f,0x17,0x3,
0x0,0x0,0x3d,0x18,0x3,0x0,0x0,0x4c,
0x2,0x12,0x0,0x18,0x6,0x2,0x0,0x0,
0x0,0x0,0x0,0x0,0x0,0x0,0x0,0x0,
0x44,0x0,0x0,0x0,0xd,0x0,0x0,0x0,
0xc9,0x0,0x0,0x0,0x0,0x0,0x0,0x0,
0x38,0x0,0x0,0x0,0x0,0x0,0x0,0x0,
0x38,0x0,0x0,0x0,0x0,0x0,0x1,0x0,
0xff,0xff,0xff,0xff,0x7,0x0,0x0,0x0,
0x65,0x2,0x90,0x1,0x0,0x0,0x0,0x0,
0x0,0x0,0x7,0x0,0x0,0x0,0x0,0x0,
0x0,0x0,0x0,0x0,0x65,0x2,0x0,0x0,
0x1,0x0,0x0,0x0,0x2f,0x19,0x3,0x0,
0x0,0x3d,0x1a,0x3,0x0,0x0,0x18,0x6,
0x2,0x0,0x0,0x0,0x0,0x0,0x0,0x0,
0x44,0x0,0x0,0x0,0xd,0x0,0x0,0x0,
0x55,0x0,0x0,0x0,0x0,0x0,0x0,0x0,
0x38,0x0,0x0,0x0,0x0,0x0,0x0,0x0,
0x38,0x0,0x0,0x0,0x0,0x0,0x1,0x0,
0xff,0xff,0xff,0xff,0x7,0x0,0x0,0x0,
0x66,0x2,0x90,0x1,0x0,0x0,0x0,0x0,
0x0,0x0,0x7,0x0,0x0,0x0,0x0,0x0,
0x0,0x0,0x0,0x0,0x66,0x2,0x0,0x0,
0x1,0x0,0x0,0x0,0x2f,0x1b,0x3,0x0,
0x0,0x3d,0x1c,0x3,0x0,0x0,0x18,0x6,
0x2,0x0,0x0,0x0,0x0,0x0,0x0,0x0,
0x44,0x0,0x0,0x0,0x8,0x0,0x0,0x0,
0x12,0x0,0x0,0x0,0x0,0x0,0x0,0x0,
0x38,0x0,0x0,0x0,0x0,0x0,0x0,0x0,
0x38,0x0,0x0,0x0,0x0,0x0,0x1,0x0,
0xff,0xff,0xff,0xff,0x7,0x0,0x0,0x0,
0x63,0x2,0x90,0x1,0x0,0x0,0x0,0x0,
0x0,0x0,0x7,0x0,0x0,0x0,0x0,0x0,
0x0,0x0,0x0,0x0,0x63,0x2,0x0,0x0,
0x1,0x0,0x0,0x0,0x2f,0x1d,0x3,0x0,
0x0,0x18,0x6,0x2,0x0,0x0,0x0,0x0,
0x44,0x0,0x0,0x0,0x33,0x0,0x0,0x0,
0xca,0x0,0x0,0x0,0x0,0x0,0x0,0x0,
0x38,0x0,0x0,0x0,0x0,0x0,0x0,0x0,
0x38,0x0,0x0,0x0,0x0,0x0,0x1,0x0,
0xff,0xff,0xff,0xff,0xd,0x0,0x0,0x0,
0x67,0x2,0x90,0x1,0x0,0x0,0x0,0x0,
0x0,0x0,0x7,0x0,0x0,0x0,0x0,0x0,
0x0,0x0,0x0,0x0,0x67,0x2,0x0,0x0,
0x1,0x0,0x0,0x0,0x2f,0x1e,0x3,0x0,
0x0,0x18,0x7,0x14,0x30,0xa,0x14,0x33,
0xc,0x2f,0x1f,0x3,0x0,0x0,0x3d,0x20,
0x3,0x0,0x0,0x4e,0x2,0x10,0x1,0x9c,
0xc,0x18,0xb,0xad,0x21,0x3,0x0,0x0,
0x7,0x0,0x0,0x0,0x2,0x0,0x0,0x0,
0xa,0x0,0x0,0x0,0x18,0x6,0x2,0x0,
0x0,0x0,0x0,0x0,0x0,0x0,0x0,0x0,
0x44,0x0,0x0,0x0,0x1b,0x0,0x0,0x0,
0xda,0x0,0x0,0x0,0x0,0x0,0x0,0x0,
0x38,0x0,0x0,0x0,0x0,0x0,0x0,0x0,
0x38,0x0,0x0,0x0,0x0,0x0,0x1,0x0,
0xff,0xff,0xff,0xff,0x8,0x0,0x0,0x0,
0x6e,0x2,0x70,0x4,0x0,0x0,0x0,0x0,
0x0,0x0,0x7,0x0,0x0,0x0,0x0,0x0,
0x0,0x0,0x0,0x0,0x6e,0x2,0x0,0x0,
0x1,0x0,0x0,0x0,0x2f,0x22,0x3,0x0,
0x0,0x3d,0x23,0x3,0x0,0x0,0x18,0x7,
0x2f,0x24,0x3,0x0,0x0,0x3d,0x25,0x3,
0x0,0x0,0x84,0x7,0x18,0x6,0x2,0x0,
0x0,0x0,0x0,0x0,0x0,0x0,0x0,0x0,
0x5c,0x0,0x0,0x0,0xc,0x0,0x0,0x0,
0x50,0x0,0x0,0x0,0x0,0x0,0x0,0x0,
0x38,0x0,0x0,0x0,0x0,0x0,0x0,0x0,
0x38,0x0,0x0,0x0,0x0,0x0,0x3,0x0,
0xaf,0x0,0x0,0x0,0x7,0x0,0x0,0x0,
0x73,0x2,0x10,0x1,0x0,0x0,0x0,0x0,
0x0,0x0,0x7,0x0,0x0,0x0,0x8,0x0,
0x0,0x0,0x0,0x0,0x73,0x2,0x0,0x0,
0x0,0x0,0x0,0x0,0x1,0x0,0x0,0x0,
0x73,0x2,0x0,0x0,0x1,0x0,0x0,0x0,
0x8,0x0,0x0,0x0,0x80,0x2,0x0,0x0,
0x1,0x0,0x0,0x0,0xca,0x29,0xaf,0x0,
0x0,0x0,0x18,0x6,0xd4,0x16,0x6,0x2,
0x0,0x0,0x0,0x0,0x0,0x0,0x0,0x0,
0xe8,0x0,0x0,0x0,0x49,0x1,0x0,0x0,
0x0,0x0,0x0,0x0,0x1,0x0,0x1,0x0,
0x38,0x0,0x0,0x0,0x0,0x0,0x0,0x0,
0x40,0x0,0x0,0x0,0x0,0x0,0xe,0x0,
0xff,0xff,0xff,0xff,0xf,0x0,0x0,0x0,
0x73,0x2,0xc0,0x1,0x0,0x0,0x0,0x0,
0x0,0x0,0x9,0x0,0x0,0x0,0x2,0x0,
0x4e,0x2,0x0,0x0,0x0,0x0,0x0,0x0,
0x0,0x0,0x0,0x0,0x74,0x2,0x0,0x0,
0x1,0x0,0x0,0x0,0x17,0x0,0x0,0x0,
0x74,0x2,0x0,0x0,0x2,0x0,0x0,0x0,
0x19,0x0,0x0,0x0,0x75,0x2,0x0,0x0,
0x3,0x0,0x0,0x0,0x3f,0x0,0x0,0x0,
0x76,0x2,0x0,0x0,0x4,0x0,0x0,0x0,
0x56,0x0,0x0,0x0,0x77,0x2,0x0,0x0,
0x6,0x0,0x0,0x0,0x67,0x0,0x0,0x0,
0x77,0x2,0x0,0x0,0x8,0x0,0x0,0x0,
0x79,0x0,0x0,0x0,0x78,0x2,0x0,0x0,
0xa,0x0,0x0,0x0,0xa2,0x0,0x0,0x0,
0x79,0x2,0x0,0x0,0xb,0x0,0x0,0x0,
0xb9,0x0,0x0,0x0,0x7a,0x2,0x0,0x0,
0xe,0x0,0x0,0x0,0xdf,0x0,0x0,0x0,
0x7c,0x2,0x0,0x0,0x11,0x0,0x0,0x0,
0x3,0x1,0x0,0x0,0x7e,0x2,0x0,0x0,
0x13,0x0,0x0,0x0,0x15,0x1,0x0,0x0,
0x7f,0x2,0x0,0x0,0x14,0x0,0x0,0x0,
0x2d,0x1,0x0,0x0,0x7f,0x2,0x0,0x0,
0x16,0x0,0x0,0x0,0x47,0x1,0x0,0x0,
0x80,0x2,0x0,0x0,0x16,0x0,0x0,0x0,
0x16,0x6,0x3d,0x26,0x3,0x0,0x0,0x18,
0x9,0x2f,0x27,0x3,0x0,0x0,0x3d,0x28,
0x3,0x0,0x0,0x6e,0x9,0x50,0x2,0xe,
0x2,0x2f,0x29,0x3,0x0,0x0,0x18,0x9,
0x2f,0x2a,0x3,0x0,0x0,0x3d,0x2b,0x3,
0x0,0x0,0x18,0xc,0xad,0x2c,0x3,0x0,
0x0,0x9,0x0,0x0,0x0,0x1,0x0,0x0,
0x0,0xc,0x0,0x0,0x0,0x18,0x8,0x16,
0x6,0x3d,0x2d,0x3,0x0,0x0,0x18,0x9,
0x2f,0x2e,0x3,0x0,0x0,0x3d,0x2f,0x3,
0x0,0x0,0x82,0x9,0x50,0x4c,0x2f,0x30,
0x3,0x0,0x0,0x3d,0x31,0x3,0x0,0x0,
0x18,0xa,0x6,0x68,0xa,0x50,0x12,0x2f,
0x32,0x3,0x0,0x0,0x18,0xb,0x16,0x8,
0x43,0x33,0x3,0x0,0x0,0xb,0x0,0x0,
0x0,0x2f,0x34,0x3,0x0,0x0,0x18,0xa,
0x2f,0x35,0x3,0x0,0x0,0x3d,0x36,0x3,
0x0,0x0,0x18,0xd,0x1a,0x8,0xe,0xad,
0x37,0x3,0x0,0x0,0xa,0x0,0x0,0x0,
0x2,0x0,0x0,0x0,0xd,0x0,0x0,0x0,
0x4c,0x61,0x16,0x6,0x3d,0x38,0x3,0x0,
0x0,0x18,0xa,0x2f,0x39,0x3,0x0,0x0,
0x3d,0x3a,0x3,0x0,0x0,0x82,0xa,0x50,
0x26,0x2f,0x3b,0x3,0x0,0x0,0x18,0xb,
0x2f,0x3c,0x3,0x0,0x0,0x3d,0x3d,0x3,
0x0,0x0,0x18,0xe,0xad,0x3e,0x3,0x0,
0x0,0xb,0x0,0x0,0x0,0x1,0x0,0x0,
0x0,0xe,0x0,0x0,0x0,0x4c,0x24,0x2f,
0x3f,0x3,0x0,0x0,0x18,0xb,0x2f,0x40,
0x3,0x0,0x0,0x3d,0x41,0x3,0x0,0x0,
0x18,0xe,0xad,0x42,0x3,0x0,0x0,0xb,
0x0,0x0,0x0,0x1,0x0,0x0,0x0,0xe,
0x0,0x0,0x0,0x2f,0x43,0x3,0x0,0x0,
0x18,0x9,0x16,0x8,0x43,0x44,0x3,0x0,
0x0,0x9,0x0,0x0,0x0,0x16,0x6,0x3d,
0x45,0x3,0x0,0x0,0x18,0x9,0x2f,0x46,
0x3,0x0,0x0,0x3d,0x47,0x3,0x0,0x0,
0x82,0x9,0x74,0x50,0x1a,0x2f,0x48,0x3,
0x0,0x0,0x18,0xa,0x2f,0x49,0x3,0x0,
0x0,0x3d,0x4a,0x3,0x0,0x0,0x43,0x4b,
0x3,0x0,0x0,0xa,0x0,0x0,0x0,0xe,
0x2,0x0,0x0,0x0,0x0,0x0,0x0,0x0,
0x0,0x0,0x0,0x0,0x0,0x0,0x0,0x0,
0x0,0x0,0x0,0x0,0x0,0x0,0x0,0x0,
0x5c,0x0,0x0,0x0,0xc,0x0,0x0,0x0,
0xeb,0x0,0x0,0x0,0x0,0x0,0x0,0x0,
0x38,0x0,0x0,0x0,0x0,0x0,0x0,0x0,
0x38,0x0,0x0,0x0,0x0,0x0,0x3,0x0,
0xb1,0x0,0x0,0x0,0x7,0x0,0x0,0x0,
0x82,0x2,0x10,0x1,0x0,0x0,0x0,0x0,
0x0,0x0,0x7,0x0,0x0,0x0,0x8,0x0,
0x0,0x0,0x0,0x0,0x82,0x2,0x0,0x0,
0x0,0x0,0x0,0x0,0x1,0x0,0x0,0x0,
0x82,0x2,0x0,0x0,0x1,0x0,0x0,0x0,
0x8,0x0,0x0,0x0,0x8b,0x2,0x0,0x0,
0x1,0x0,0x0,0x0,0xca,0x29,0xb1,0x0,
0x0,0x0,0x18,0x6,0xd4,0x16,0x6,0x2,
0x0,0x0,0x0,0x0,0x0,0x0,0x0,0x0,
0xac,0x0,0x0,0x0,0xda,0x0,0x0,0x0,
0x0,0x0,0x0,0x0,0x1,0x0,0x1,0x0,
0x38,0x0,0x0,0x0,0x0,0x0,0x0,0x0,
0x40,0x0,0x0,0x0,0x0,0x0,0x9,0x0,
0xff,0xff,0xff,0xff,0xf,0x0,0x0,0x0,
0x82,0x2,0xc0,0x1,0x0,0x0,0x0,0x0,
0x0,0x0,0x9,0x0,0x0,0x0,0x2,0x0,
0x4e,0x2,0x0,0x0,0x0,0x0,0x0,0x0,
0x0,0x0,0x0,0x0,0x83,0x2,0x0,0x0,
0x1,0x0,0x0,0x0,0x26,0x0,0x0,0x0,
0x84,0x2,0x0,0x0,0x3,0x0,0x0,0x0,
0x38,0x0,0x0,0x0,0x85,0x2,0x0,0x0,
0x5,0x0,0x0,0x0,0x50,0x0,0x0,0x0,
0x86,0x2,0x0,0x0,0x6,0x0,0x0,0x0,
0x67,0x0,0x0,0x0,0x87,0x2,0x0,0x0,
0x8,0x0,0x0,0x0,0x74,0x0,0x0,0x0,
0x87,0x2,0x0,0x0,0xa,0x0,0x0,0x0,
0x91,0x0,0x0,0x0,0x88,0x2,0x0,0x0,
0xb,0x0,0x0,0x0,0xb4,0x0,0x0,0x0,
0x89,0x2,0x0,0x0,0xe,0x0,0x0,0x0,
0xd8,0x0,0x0,0x0,0x8b,0x2,0x0,0x0,
0xe,0x0,0x0,0x0,0x2f,0x4c,0x3,0x0,
0x0,0x18,0x9,0x2f,0x4d,0x3,0x0,0x0,
0x3d,0x4e,0x3,0x0,0x0,0x18,0xc,0xad,
0x4f,0x3,0x0,0x0,0x9,0x0,0x0,0x0,
0x1,0x0,0x0,0x0,0xc,0x0,0x0,0x0,
0x18,0x8,0x2f,0x50,0x3,0x0,0x0,0x18,
0x9,0x16,0x8,0x43,0x51,0x3,0x0,0x0,
0x9,0x0,0x0,0x0,0x2f,0x52,0x3,0x0,
0x0,0x18,0x9,0xad,0x53,0x3,0x0,0x0,
0x9,0x0,0x0,0x0,0x0,0x0,0x0,0x0,
0x0,0x0,0x0,0x0,0x16,0x6,0x3d,0x54,
0x3,0x0,0x0,0x18,0x9,0x2f,0x55,0x3,
0x0,0x0,0x3d,0x56,0x3,0x0,0x0,0x6c,
0x9,0x50,0x2a,0xe2,0x18,0x18,0xa,0x13,
0xd9,0x1,0x0,0x0,0x6c,0xa,0x50,0x1b,
0x2f,0x57,0x3,0x0,0x0,0x18,0xd,0x2f,
0x58,0x3,0x0,0x0,0x18,0xe,0xb5,0x59,
0x3,0x0,0x0,0x2,0x0,0x0,0x0,0xd,
0x0,0x0,0x0,0x4c,0x47,0x16,0x6,0x3d,
0x5a,0x3,0x0,0x0,0x18,0xa,0x2f,0x5b,
0x3,0x0,0x0,0x3d,0x5c,0x3,0x0,0x0,
0x6c,0xa,0x50,0x30,0x2f,0x5d,0x3,0x0,
0x0,0x3d,0x5e,0x3,0x0,0x0,0x50,0x24,
0x2f,0x5f,0x3,0x0,0x0,0x18,0xb,0x2f,
0x60,0x3,0x0,0x0,0x3d,0x61,0x3,0x0,
0x0,0x18,0xe,0xad,0x62,0x3,0x0,0x0,
0xb,0x0,0x0,0x0,0x1,0x0,0x0,0x0,
0xe,0x0,0x0,0x0,0xe,0x2,0x0,0x0,
0x0,0x0,0x0,0x0,0x0,0x0,0x0,0x0,
0x0,0x0,0x0,0x0,0x0,0x0,0x0,0x0,
0x5c,0x0,0x0,0x0,0x38,0x0,0x0,0x0,
0xed,0x0,0x0,0x0,0x0,0x0,0x0,0x0,
0x38,0x0,0x0,0x0,0x0,0x0,0x0,0x0,
0x38,0x0,0x0,0x0,0x0,0x0,0x3,0x0,
0xff,0xff,0xff,0xff,0xb,0x0,0x0,0x0,
0x8c,0x2,0x10,0x1,0x0,0x0,0x0,0x0,
0x0,0x0,0x7,0x0,0x0,0x0,0x0,0x0,
0x0,0x0,0x0,0x0,0x8c,0x2,0x0,0x0,
0x0,0x0,0x0,0x0,0x1,0x0,0x0,0x0,
0x8c,0x2,0x0,0x0,0x1,0x0,0x0,0x0,
0xe,0x0,0x0,0x0,0x8c,0x2,0x0,0x0,
0x2,0x0,0x0,0x0,0xca,0x2f,0x63,0x3,
0x0,0x0,0x3d,0x64,0x3,0x0,0x0,0x74,
0x50,0x26,0x2f,0x65,0x3,0x0,0x0,0x18,
0x7,0x2f,0x66,0x3,0x0,0x0,0x3d,0x67,
0x3,0x0,0x0,0x18,0xa,0xad,0x68,0x3,
0x0,0x0,0x7,0x0,0x0,0x0,0x1,0x0,
0x0,0x0,0xa,0x0,0x0,0x0,0x18,0x6,
0xd4,0x16,0x6,0x2,0x0,0x0,0x0,0x0,
0x44,0x0,0x0,0x0,0x8,0x0,0x0,0x0,
0x12,0x0,0x0,0x0,0x0,0x0,0x0,0x0,
0x38,0x0,0x0,0x0,0x0,0x0,0x0,0x0,
0x38,0x0,0x0,0x0,0x0,0x0,0x1,0x0,
0xff,0xff,0xff,0xff,0x7,0x0,0x0,0x0,
0x6e,0x2,0xd0,0x1,0x0,0x0,0x0,0x0,
0x0,0x0,0x7,0x0,0x0,0x0,0x0,0x0,
0x0,0x0,0x0,0x0,0x6e,0x2,0x0,0x0,
0x1,0x0,0x0,0x0,0x2f,0x69,0x3,0x0,
0x0,0x18,0x6,0x2,0x0,0x0,0x0,0x0,
0x44,0x0,0x0,0x0,0x8,0x0,0x0,0x0,
0xdd,0x0,0x0,0x0,0x0,0x0,0x0,0x0,
0x38,0x0,0x0,0x0,0x0,0x0,0x0,0x0,
0x38,0x0,0x0,0x0,0x0,0x0,0x1,0x0,
0xff,0xff,0xff,0xff,0x7,0x0,0x0,0x0,
0x6f,0x2,0x10,0x1,0x0,0x0,0x0,0x0,
0x0,0x0,0x7,0x0,0x0,0x0,0x0,0x0,
0x0,0x0,0x0,0x0,0x6f,0x2,0x0,0x0,
0x1,0x0,0x0,0x0,0x2f,0x6a,0x3,0x0,
0x0,0x18,0x6,0x2,0x0,0x0,0x0,0x0,
0x44,0x0,0x0,0x0,0x12,0x0,0x0,0x0,
0xe2,0x0,0x0,0x0,0x0,0x0,0x0,0x0,
0x38,0x0,0x0,0x0,0x0,0x0,0x0,0x0,
0x38,0x0,0x0,0x0,0x0,0x0,0x1,0x0,
0xff,0xff,0xff,0xff,0x7,0x0,0x0,0x0,
0x72,0x2,0x70,0x2,0x0,0x0,0x0,0x0,
0x0,0x0,0x7,0x0,0x0,0x0,0x0,0x0,
0x0,0x0,0x0,0x0,0x72,0x2,0x0,0x0,
0x1,0x0,0x0,0x0,0x2f,0x6b,0x3,0x0,
0x0,0x3d,0x6c,0x3,0x0,0x0,0x3d,0x6d,
0x3,0x0,0x0,0x18,0x6,0x2,0x0,0x0,
0x0,0x0,0x0,0x0,0x0,0x0,0x0,0x0,
0x44,0x0,0x0,0x0,0x8,0x0,0x0,0x0,
0xe3,0x0,0x0,0x0,0x0,0x0,0x0,0x0,
0x38,0x0,0x0,0x0,0x0,0x0,0x0,0x0,
0x38,0x0,0x0,0x0,0x0,0x0,0x1,0x0,
0xff,0xff,0xff,0xff,0x7,0x0,0x0,0x0,
0x72,0x2,0x80,0x4,0x0,0x0,0x0,0x0,
0x0,0x0,0x7,0x0,0x0,0x0,0x0,0x0,
0x0,0x0,0x0,0x0,0x72,0x2,0x0,0x0,
0x1,0x0,0x0,0x0,0x2f,0x6e,0x3,0x0,
0x0,0x18,0x6,0x2,0x0,0x0,0x0,0x0,
0x44,0x0,0x0,0x0,0x1b,0x0,0x0,0x0,
0xe5,0x0,0x0,0x0,0x0,0x0,0x0,0x0,
0x38,0x0,0x0,0x0,0x0,0x0,0x0,0x0,
0x38,0x0,0x0,0x0,0x0,0x0,0x1,0x0,
0xff,0xff,0xff,0xff,0x8,0x0,0x0,0x0,
0x72,0x2,0xf0,0x5,0x0,0x0,0x0,0x0,
0x0,0x0,0x7,0x0,0x0,0x0,0x0,0x0,
0x0,0x0,0x0,0x0,0x72,0x2,0x0,0x0,
0x1,0x0,0x0,0x0,0x2f,0x6f,0x3,0x0,
0x0,0x3d,0x70,0x3,0x0,0x0,0x18,0x7,
0x2f,0x71,0x3,0x0,0x0,0x3d,0x72,0x3,
0x0,0x0,0x84,0x7,0x18,0x6,0x2,0x0,
0x0,0x0,0x0,0x0,0x0,0x0,0x0,0x0,
0x44,0x0,0x0,0x0,0xd,0x0,0x0,0x0,
0xe7,0x0,0x0,0x0,0x0,0x0,0x0,0x0,
0x38,0x0,0x0,0x0,0x0,0x0,0x0,0x0,
0x38,0x0,0x0,0x0,0x0,0x0,0x1,0x0,
0xff,0xff,0xff,0xff,0x8,0x0,0x0,0x0,
0x72,0x2,0x50,0x9,0x0,0x0,0x0,0x0,
0x0,0x0,0x7,0x0,0x0,0x0,0x0,0x0,
0x0,0x0,0x0,0x0,0x72,0x2,0x0,0x0,
0x1,0x0,0x0,0x0,0x13,0x13,0x2,0x0,
0x0,0x18,0x7,0xe8,0x1,0x7,0x18,0x6,
0x2,0x0,0x0,0x0,0x0,0x0,0x0,0x0,
0x44,0x0,0x0,0x0,0x2d,0x0,0x0,0x0,
0xe9,0x0,0x0,0x0,0x0,0x0,0x0,0x0,
0x38,0x0,0x0,0x0,0x0,0x0,0x0,0x0,
0x38,0x0,0x0,0x0,0x0,0x0,0x1,0x0,
0xff,0xff,0xff,0xff,0xb,0x0,0x0,0x0,
0x72,0x2,0x30,0xb,0x0,0x0,0x0,0x0,
0x0,0x0,0x7,0x0,0x0,0x0,0x0,0x0,
0x0,0x0,0x0,0x0,0x72,0x2,0x0,0x0,
0x1,0x0,0x0,0x0,0x2f,0x73,0x3,0x0,
0x0,0x3d,0x74,0x3,0x0,0x0,0x18,0x7,
0x13,0xc0,0x1,0x0,0x0,0x18,0xa,0xad,
0x75,0x3,0x0,0x0,0x7,0x0,0x0,0x0,
0x1,0x0,0x0,0x0,0xa,0x0,0x0,0x0,
0x18,0x7,0xea,0x0,0x1,0x7,0x18,0x6,
0x2,0x0,0x0,0x0,0x0,0x0,0x0,0x0,
0x44,0x0,0x0,0x0,0xd,0x0,0x0,0x0,
0x9d,0x0,0x0,0x0,0x0,0x0,0x0,0x0,
0x38,0x0,0x0,0x0,0x0,0x0,0x0,0x0,
0x38,0x0,0x0,0x0,0x0,0x0,0x1,0x0,
0xff,0xff,0xff,0xff,0x7,0x0,0x0,0x0,
0x91,0x2,0x10,0x1,0x0,0x0,0x0,0x0,
0x0,0x0,0x7,0x0,0x0,0x0,0x0,0x0,
0x0,0x0,0x0,0x0,0x91,0x2,0x0,0x0,
0x1,0x0,0x0,0x0,0x2f,0x76,0x3,0x0,
0x0,0x3d,0x77,0x3,0x0,0x0,0x18,0x6,
0x2,0x0,0x0,0x0,0x0,0x0,0x0,0x0,
0x5c,0x0,0x0,0x0,0xc,0x0,0x0,0x0,
0x14,0x0,0x0,0x0,0x0,0x0,0x0,0x0,
0x38,0x0,0x0,0x0,0x0,0x0,0x0,0x0,
0x38,0x0,0x0,0x0,0x0,0x0,0x3,0x0,
0xbc,0x0,0x0,0x0,0x7,0x0,0x0,0x0,
0x92,0x2,0x10,0x1,0x0,0x0,0x0,0x0,
0x0,0x0,0x7,0x0,0x0,0x0,0x8,0x0,
0x0,0x0,0x0,0x0,0x92,0x2,0x0,0x0,
0x0,0x0,0x0,0x0,0x1,0x0,0x0,0x0,
0x92,0x2,0x0,0x0,0x1,0x0,0x0,0x0,
0x8,0x0,0x0,0x0,0x97,0x2,0x0,0x0,
0x1,0x0,0x0,0x0,0xca,0x29,0xbc,0x0,
0x0,0x0,0x18,0x6,0xd4,0x16,0x6,0x2,
0x0,0x0,0x0,0x0,0x0,0x0,0x0,0x0,
0x7c,0x0,0x0,0x0,0x87,0x0,0x0,0x0,
0x0,0x0,0x0,0x0,0x1,0x0,0x1,0x0,
0x38,0x0,0x0,0x0,0x0,0x0,0x0,0x0,
0x40,0x0,0x0,0x0,0x0,0x0,0x5,0x0,
0xff,0xff,0xff,0xff,0x11,0x0,0x0,0x0,
0x92,0x2,0xc0,0x1,0x0,0x0,0x0,0x0,
0x0,0x0,0x8,0x0,0x0,0x0,0x2,0x0,
0x4c,0x2,0x0,0x0,0x0,0x0,0x0,0x0,
0x0,0x0,0x0,0x0,0x93,0x2,0x0,0x0,
0x1,0x0,0x0,0x0,0x9,0x0,0x0,0x0,
0x93,0x2,0x0,0x0,0x2,0x0,0x0,0x0,
0xd,0x0,0x0,0x0,0x94,0x2,0x0,0x0,
0x3,0x0,0x0,0x0,0x30,0x0,0x0,0x0,
0x95,0x2,0x0,0x0,0x5,0x0,0x0,0x0,
0x85,0x0,0x0,0x0,0x97,0x2,0x0,0x0,
0x5,0x0,0x0,0x0,0x16,0x6,0x3d,0x78,
0x3,0x0,0x0,0x50,0x7c,0x1,0x2,0x8,
0x1,0x16,0x6,0x3d,0x79,0x3,0x0,0x0,
0x18,0x9,0x13,0xc0,0x1,0x0,0x0,0x18,
0xc,0xad,0x7a,0x3,0x0,0x0,0x9,0x0,
0x0,0x0,0x1,0x0,0x0,0x0,0xc,0x0,
0x0,0x0,0x18,0x8,0x2f,0x7b,0x3,0x0,
0x0,0x18,0x9,0x1a,0x8,0xc,0x2f,0x7c,
0x3,0x0,0x0,0x3d,0x7d,0x3,0x0,0x0,
0x18,0xd,0x16,0x6,0x3d,0x7e,0x3,0x0,
0x0,0x18,0xf,0x2f,0x7f,0x3,0x0,0x0,
0x3d,0x80,0x3,0x0,0x0,0x82,0xf,0x50,
0x15,0x16,0x6,0x3d,0x81,0x3,0x0,0x0,
0x18,0x10,0x2f,0x82,0x3,0x0,0x0,0x3d,
0x83,0x3,0x0,0x0,0x6c,0x10,0x18,0xe,
0xad,0x84,0x3,0x0,0x0,0x9,0x0,0x0,
0x0,0x3,0x0,0x0,0x0,0xc,0x0,0x0,
0x0,0xe,0x2,0x0,0x0,0x0,0x0,0x0,
0x44,0x0,0x0,0x0,0x8,0x0,0x0,0x0,
0x12,0x0,0x0,0x0,0x0,0x0,0x0,0x0,
0x38,0x0,0x0,0x0,0x0,0x0,0x0,0x0,
0x38,0x0,0x0,0x0,0x0,0x0,0x1,0x0,
0xff,0xff,0xff,0xff,0x7,0x0,0x0,0x0,
0x90,0x2,0x10,0x1,0x0,0x0,0x0,0x0,
0x0,0x0,0x7,0x0,0x0,0x0,0x0,0x0,
0x0,0x0,0x0,0x0,0x90,0x2,0x0,0x0,
0x1,0x0,0x0,0x0,0x2f,0x85,0x3,0x0,
0x0,0x18,0x6,0x2,0x0,0x0,0x0,0x0,
0x68,0x0,0x0,0x0,0x56,0x0,0x0,0x0,
0x60,0x0,0x0,0x0,0x0,0x0,0x0,0x0,
0x38,0x0,0x0,0x0,0x0,0x0,0x0,0x0,
0x38,0x0,0x0,0x0,0x0,0x0,0x4,0x0,
0xff,0xff,0xff,0xff,0xc,0x0,0x0,0x0,
0x9a,0x2,0xd0,0x0,0x0,0x0,0x0,0x0,
0x0,0x0,0x7,0x0,0x0,0x0,0x0,0x0,
0x0,0x0,0x0,0x0,0x9a,0x2,0x0,0x0,
0x0,0x0,0x0,0x0,0x1,0x0,0x0,0x0,
0x9b,0x2,0x0,0x0,0x2,0x0,0x0,0x0,
0x2c,0x0,0x0,0x0,0x9c,0x2,0x0,0x0,
0x4,0x0,0x0,0x0,0x52,0x0,0x0,0x0,
0x9e,0x2,0x0,0x0,0x4,0x0,0x0,0x0,
0xca,0x2f,0x86,0x3,0x0,0x0,0x3d,0x87,
0x3,0x0,0x0,0x50,0x45,0x2f,0x88,0x3,
0x0,0x0,0x3d,0x89,0x3,0x0,0x0,0x74,
0x4e,0x12,0x2f,0x8a,0x3,0x0,0x0,0x3d,
0x8b,0x3,0x0,0x0,0x18,0x7,0x12,0x0,
0x6c,0x7,0x50,0x26,0x2f,0x8c,0x3,0x0,
0x0,0x18,0x8,0x2f,0x8d,0x3,0x0,0x0,
0x3d,0x8e,0x3,0x0,0x0,0x18,0xb,0xad,
0x8f,0x3,0x0,0x0,0x8,0x0,0x0,0x0,
0x1,0x0,0x0,0x0,0xb,0x0,0x0,0x0,
0x18,0x6,0xd4,0x16,0x6,0x2,0x0,0x0,
0x0,0x0,0x0,0x0,0x0,0x0,0x0,0x0,
0x44,0x0,0x0,0x0,0xd,0x0,0x0,0x0,
0x59,0x0,0x0,0x0,0x0,0x0,0x0,0x0,
0x38,0x0,0x0,0x0,0x0,0x0,0x0,0x0,
0x38,0x0,0x0,0x0,0x0,0x0,0x1,0x0,
0xff,0xff,0xff,0xff,0x7,0x0,0x0,0x0,
0xa6,0x2,0xd0,0x0,0x0,0x0,0x0,0x0,
0x0,0x0,0x7,0x0,0x0,0x0,0x0,0x0,
0x0,0x0,0x0,0x0,0xa6,0x2,0x0,0x0,
0x1,0x0,0x0,0x0,0x2f,0x90,0x3,0x0,
0x0,0x3d,0x91,0x3,0x0,0x0,0x18,0x6,
0x2,0x0,0x0,0x0,0x0,0x0,0x0,0x0,
0x44,0x0,0x0,0x0,0xd,0x0,0x0,0x0,
0xa8,0x0,0x0,0x0,0x0,0x0,0x0,0x0,
0x38,0x0,0x0,0x0,0x0,0x0,0x0,0x0,
0x38,0x0,0x0,0x0,0x0,0x0,0x1,0x0,
0xff,0xff,0xff,0xff,0x7,0x0,0x0,0x0,
0xa6,0x2,0x20,0x2,0x0,0x0,0x0,0x0,
0x0,0x0,0x7,0x0,0x0,0x0,0x0,0x0,
0x0,0x0,0x0,0x0,0xa6,0x2,0x0,0x0,
0x1,0x0,0x0,0x0,0x2f,0x92,0x3,0x0,
0x0,0x3d,0x93,0x3,0x0,0x0,0x18,0x6,
0x2,0x0,0x0,0x0,0x0,0x0,0x0,0x0,
0x44,0x0,0x0,0x0,0x3d,0x0,0x0,0x0,
0xaa,0x0,0x0,0x0,0x0,0x0,0x0,0x0,
0x38,0x0,0x0,0x0,0x0,0x0,0x0,0x0,
0x38,0x0,0x0,0x0,0x0,0x0,0x1,0x0,
0xff,0xff,0xff,0xff,0xc,0x0,0x0,0x0,
0xa7,0x2,0xd0,0x0,0x0,0x0,0x0,0x0,
0x0,0x0,0x7,0x0,0x0,0x0,0x0,0x0,
0x0,0x0,0x0,0x0,0xa7,0x2,0x0,0x0,
0x1,0x0,0x0,0x0,0x2f,0x94,0x3,0x0,
0x0,0x3d,0x95,0x3,0x0,0x0,0x18,0x7,
0x6,0x66,0x7,0x50,0x29,0x2f,0x96,0x3,
0x0,0x0,0x3d,0x97,0x3,0x0,0x0,0x18,
0x8,0x2f,0x98,0x3,0x0,0x0,0x3d,0x99,
0x3,0x0,0x0,0x18,0xb,0xad,0x9a,0x3,
0x0,0x0,0x8,0x0,0x0,0x0,0x1,0x0,
0x0,0x0,0xb,0x0,0x0,0x0,0x18,0x6,
0x2,0x0,0x0,0x0,0x0,0x0,0x0,0x0,
0x44,0x0,0x0,0x0,0x41,0x0,0x0,0x0,
0xac,0x0,0x0,0x0,0x0,0x0,0x0,0x0,
0x38,0x0,0x0,0x0,0x0,0x0,0x0,0x0,
0x38,0x0,0x0,0x0,0x0,0x0,0x1,0x0,
0xff,0xff,0xff,0xff,0xb,0x0,0x0,0x0,
0xa8,0x2,0xd0,0x0,0x0,0x0,0x0,0x0,
0x0,0x0,0x7,0x0,0x0,0x0,0x0,0x0,
0x0,0x0,0x0,0x0,0xa8,0x2,0x0,0x0,
0x1,0x0,0x0,0x0,0x2f,0x9b,0x3,0x0,
0x0,0x50,0xa,0x2f,0x9c,0x3,0x0,0x0,
0x3d,0x9d,0x3,0x0,0x0,0x50,0x29,0x2f,
0x9e,0x3,0x0,0x0,0x3d,0x9f,0x3,0x0,
0x0,0x18,0x7,0x2f,0xa0,0x3,0x0,0x0,
0x3d,0xa1,0x3,0x0,0x0,0x18,0xa,0xad,
0xa2,0x3,0x0,0x0,0x7,0x0,0x0,0x0,
0x1,0x0,0x0,0x0,0xa,0x0,0x0,0x0,
0x74,0x74,0x18,0x6,0x2,0x0,0x0,0x0,
0x0,0x0,0x0,0x0,0x0,0x0,0x0,0x0,
0x44,0x0,0x0,0x0,0x16,0x0,0x0,0x0,
0xae,0x0,0x0,0x0,0x0,0x0,0x0,0x0,
0x38,0x0,0x0,0x0,0x0,0x0,0x0,0x0,
0x38,0x0,0x0,0x0,0x0,0x0,0x1,0x0,
0xff,0xff,0xff,0xff,0x7,0x0,0x0,0x0,
0xa9,0x2,0xd0,0x0,0x0,0x0,0x0,0x0,
0x0,0x0,0x7,0x0,0x0,0x0,0x0,0x0,
0x0,0x0,0x0,0x0,0xa9,0x2,0x0,0x0,
0x1,0x0,0x0,0x0,0x2f,0xa3,0x3,0x0,
0x0,0x50,0xa,0x2f,0xa4,0x3,0x0,0x0,
0x3d,0xa5,0x3,0x0,0x0,0x74,0x74,0x18,
0x6,0x2,0x0,0x0,0x0,0x0,0x0,0x0,
0x44,0x0,0x0,0x0,0x38,0x0,0x0,0x0,
0xb0,0x0,0x0,0x0,0x0,0x0,0x0,0x0,
0x38,0x0,0x0,0x0,0x0,0x0,0x0,0x0,
0x38,0x0,0x0,0x0,0x0,0x0,0x1,0x0,
0xff,0xff,0xff,0xff,0xc,0x0,0x0,0x0,
0xaa,0x2,0xd0,0x0,0x0,0x0,0x0,0x0,
0x0,0x0,0x7,0x0,0x0,0x0,0x0,0x0,
0x0,0x0,0x0,0x0,0xaa,0x2,0x0,0x0,
0x1,0x0,0x0,0x0,0x2f,0xa6,0x3,0x0,
0x0,0x3d,0xa7,0x3,0x0,0x0,0x18,0x7,
0xe,0x6e,0x7,0x50,0x24,0x2f,0xa8,0x3,
0x0,0x0,0x3d,0xa9,0x3,0x0,0x0,0x18,
0x8,0x13,0xea,0x1,0x0,0x0,0x18,0xb,
0xad,0xaa,0x3,0x0,0x0,0x8,0x0,0x0,
0x0,0x1,0x0,0x0,0x0,0xb,0x0,0x0,
0x0,0x18,0x6,0x2,0x0,0x0,0x0,0x0,
0x44,0x0,0x0,0x0,0x10,0x0,0x0,0x0,
0xb2,0x0,0x0,0x0,0x0,0x0,0x0,0x0,
0x38,0x0,0x0,0x0,0x0,0x0,0x0,0x0,
0x38,0x0,0x0,0x0,0x0,0x0,0x1,0x0,
0xff,0xff,0xff,0xff,0x7,0x0,0x0,0x0,
0xab,0x2,0xd0,0x0,0x0,0x0,0x0,0x0,
0x0,0x0,0x7,0x0,0x0,0x0,0x0,0x0,
0x0,0x0,0x0,0x0,0xab,0x2,0x0,0x0,
0x1,0x0,0x0,0x0,0x2f,0xab,0x3,0x0,
0x0,0x50,0x4,0x4,0x17,0x4c,0x2,0x10,
0x1,0x18,0x6,0x2,0x0,0x0,0x0,0x0,
0x44,0x0,0x0,0x0,0x18,0x0,0x0,0x0,
0x5b,0x0,0x0,0x0,0x0,0x0,0x0,0x0,
0x38,0x0,0x0,0x0,0x0,0x0,0x0,0x0,
0x38,0x0,0x0,0x0,0x0,0x0,0x1,0x0,
0xff,0xff,0xff,0xff,0x7,0x0,0x0,0x0,
0xae,0x2,0xb0,0x3,0x0,0x0,0x0,0x0,
0x0,0x0,0x7,0x0,0x0,0x0,0x0,0x0,
0x0,0x0,0x0,0x0,0xae,0x2,0x0,0x0,
0x1,0x0,0x0,0x0,0x2f,0xac,0x3,0x0,
0x0,0x50,0xc,0x2f,0xad,0x3,0x0,0x0,
0x3d,0xae,0x3,0x0,0x0,0x4c,0x2,0x10,
0x8,0x18,0x6,0x2,0x0,0x0,0x0,0x0,
0x44,0x0,0x0,0x0,0x35,0x0,0x0,0x0,
0x55,0x0,0x0,0x0,0x0,0x0,0x0,0x0,
0x38,0x0,0x0,0x0,0x0,0x0,0x0,0x0,
0x38,0x0,0x0,0x0,0x0,0x0,0x1,0x0,
0xff,0xff,0xff,0xff,0x7,0x0,0x0,0x0,
0xaf,0x2,0x10,0x1,0x0,0x0,0x0,0x0,
0x0,0x0,0x7,0x0,0x0,0x0,0x0,0x0,
0x0,0x0,0x0,0x0,0xaf,0x2,0x0,0x0,
0x1,0x0,0x0,0x0,0x2f,0xaf,0x3,0x0,
0x0,0x3d,0xb0,0x3,0x0,0x0,0x50,0xc,
0x2f,0xb1,0x3,0x0,0x0,0x3d,0xb2,0x3,
0x0,0x0,0x4c,0x1a,0x2f,0xb3,0x3,0x0,
0x0,0x3d,0xb4,0x3,0x0,0x0,0x50,0xc,
0x2f,0xb5,0x3,0x0,0x0,0x3d,0xb6,0x3,
0x0,0x0,0x4c,0x2,0x12,0x56,0x18,0x6,
0x2,0x0,0x0,0x0,0x0,0x0,0x0,0x0,
0x44,0x0,0x0,0x0,0x19,0x0,0x0,0x0,
0xb5,0x0,0x0,0x0,0x0,0x0,0x0,0x0,
0x38,0x0,0x0,0x0,0x0,0x0,0x0,0x0,
0x38,0x0,0x0,0x0,0x0,0x0,0x1,0x0,
0xff,0xff,0xff,0xff,0x7,0x0,0x0,0x0,
0xb0,0x2,0x10,0x1,0x0,0x0,0x0,0x0,
0x0,0x0,0x7,0x0,0x0,0x0,0x0,0x0,
0x0,0x0,0x0,0x0,0xb0,0x2,0x0,0x0,
0x1,0x0,0x0,0x0,0x2f,0xb7,0x3,0x0,
0x0,0x3d,0xb8,0x3,0x0,0x0,0x4e,0xa,
0x2f,0xb9,0x3,0x0,0x0,0x3d,0xba,0x3,
0x0,0x0,0x18,0x6,0x2,0x0,0x0,0x0,
0x0,0x0,0x0,0x0,0x0,0x0,0x0,0x0,
0x44,0x0,0x0,0x0,0x8,0x0,0x0,0x0,
0x12,0x0,0x0,0x0,0x0,0x0,0x0,0x0,
0x38,0x0,0x0,0x0,0x0,0x0,0x0,0x0,
0x38,0x0,0x0,0x0,0x0,0x0,0x1,0x0,
0xff,0xff,0xff,0xff,0x7,0x0,0x0,0x0,
0xae,0x2,0x10,0x1,0x0,0x0,0x0,0x0,
0x0,0x0,0x7,0x0,0x0,0x0,0x0,0x0,
0x0,0x0,0x0,0x0,0xae,0x2,0x0,0x0,
0x1,0x0,0x0,0x0,0x2f,0xbb,0x3,0x0,
0x0,0x18,0x6,0x2,0x0,0x0,0x0,0x0,
0x44,0x0,0x0,0x0,0x18,0x0,0x0,0x0,
0x5b,0x0,0x0,0x0,0x0,0x0,0x0,0x0,
0x38,0x0,0x0,0x0,0x0,0x0,0x0,0x0,
0x38,0x0,0x0,0x0,0x0,0x0,0x1,0x0,
0xff,0xff,0xff,0xff,0x7,0x0,0x0,0x0,
0xb3,0x2,0xb0,0x3,0x0,0x0,0x0,0x0,
0x0,0x0,0x7,0x0,0x0,0x0,0x0,0x0,
0x0,0x0,0x0,0x0,0xb3,0x2,0x0,0x0,
0x1,0x0,0x0,0x0,0x2f,0xbc,0x3,0x0,
0x0,0x50,0xc,0x2f,0xbd,0x3,0x0,0x0,
0x3d,0xbe,0x3,0x0,0x0,0x4c,0x2,0x10,
0x8,0x18,0x6,0x2,0x0,0x0,0x0,0x0,
0x44,0x0,0x0,0x0,0xd,0x0,0x0,0x0,
0xb5,0x0,0x0,0x0,0x0,0x0,0x0,0x0,
0x38,0x0,0x0,0x0,0x0,0x0,0x0,0x0,
0x38,0x0,0x0,0x0,0x0,0x0,0x1,0x0,
0xff,0xff,0xff,0xff,0x7,0x0,0x0,0x0,
0xb4,0x2,0x10,0x1,0x0,0x0,0x0,0x0,
0x0,0x0,0x7,0x0,0x0,0x0,0x0,0x0,
0x0,0x0,0x0,0x0,0xb4,0x2,0x0,0x0,
0x1,0x0,0x0,0x0,0x2f,0xbf,0x3,0x0,
0x0,0x3d,0xc0,0x3,0x0,0x0,0x18,0x6,
0x2,0x0,0x0,0x0,0x0,0x0,0x0,0x0,
0x44,0x0,0x0,0x0,0x59,0x0,0x0,0x0,
0x55,0x0,0x0,0x0,0x0,0x0,0x0,0x0,
0x38,0x0,0x0,0x0,0x0,0x0,0x0,0x0,
0x38,0x0,0x0,0x0,0x0,0x0,0x1,0x0,
0xff,0xff,0xff,0xff,0xe,0x0,0x0,0x0,
0xb5,0x2,0x10,0x1,0x0,0x0,0x0,0x0,
0x0,0x0,0x7,0x0,0x0,0x0,0x0,0x0,
0x0,0x0,0x0,0x0,0xb5,0x2,0x0,0x0,
0x1,0x0,0x0,0x0,0x2f,0xc1,0x3,0x0,
0x0,0x3d,0xc2,0x3,0x0,0x0,0x50,0x26,
0x2f,0xc3,0x3,0x0,0x0,0x18,0x7,0x14,
0x29,0xa,0x14,0x2a,0xb,0x14,0x2b,0xc,
0x14,0x2c,0xd,0xad,0xc4,0x3,0x0,0x0,
0x7,0x0,0x0,0x0,0x4,0x0,0x0,0x0,
0xa,0x0,0x0,0x0,0x4c,0x24,0x2f,0xc5,
0x3,0x0,0x0,0x18,0x7,0x14,0x2b,0xa,
0x14,0x2d,0xb,0x14,0x29,0xc,0x14,0x2e,
0xd,0xad,0xc6,0x3,0x0,0x0,0x7,0x0,
0x0,0x0,0x4,0x0,0x0,0x0,0xa,0x0,
0x0,0x0,0x18,0x6,0x2,0x0,0x0,0x0,
0x0,0x0,0x0,0x0,0x0,0x0,0x0,0x0,
0x44,0x0,0x0,0x0,0x8,0x0,0x0,0x0,
0x12,0x0,0x0,0x0,0x0,0x0,0x0,0x0,
0x38,0x0,0x0,0x0,0x0,0x0,0x0,0x0,
0x38,0x0,0x0,0x0,0x0,0x0,0x1,0x0,
0xff,0xff,0xff,0xff,0x7,0x0,0x0,0x0,
0xb3,0x2,0x10,0x1,0x0,0x0,0x0,0x0,
0x0,0x0,0x7,0x0,0x0,0x0,0x0,0x0,
0x0,0x0,0x0,0x0,0xb3,0x2,0x0,0x0,
0x1,0x0,0x0,0x0,0x2f,0xc7,0x3,0x0,
0x0,0x18,0x6,0x2,0x0,0x0,0x0,0x0,
0x44,0x0,0x0,0x0,0x59,0x0,0x0,0x0,
0x55,0x0,0x0,0x0,0x0,0x0,0x0,0x0,
0x38,0x0,0x0,0x0,0x0,0x0,0x0,0x0,
0x38,0x0,0x0,0x0,0x0,0x0,0x1,0x0,
0xff,0xff,0xff,0xff,0xe,0x0,0x0,0x0,
0xb7,0x2,0x10,0x1,0x0,0x0,0x0,0x0,
0x0,0x0,0x7,0x0,0x0,0x0,0x0,0x0,
0x0,0x0,0x0,0x0,0xb7,0x2,0x0,0x0,
0x1,0x0,0x0,0x0,0x2f,0xc8,0x3,0x0,
0x0,0x3d,0xc9,0x3,0x0,0x0,0x50,0x26,
0x2f,0xca,0x3,0x0,0x0,0x18,0x7,0x14,
0x29,0xa,0x14,0x2a,0xb,0x14,0x2b,0xc,
0x14,0x2d,0xd,0xad,0xcb,0x3,0x0,0x0,
0x7,0x0,0x0,0x0,0x4,0x0,0x0,0x0,
0xa,0x0,0x0,0x0,0x4c,0x24,0x2f,0xcc,
0x3,0x0,0x0,0x18,0x7,0x14,0x2b,0xa,
0x14,0x2d,0xb,0x14,0x29,0xc,0x14,0x2a,
0xd,0xad,0xcd,0x3,0x0,0x0,0x7,0x0,
0x0,0x0,0x4,0x0,0x0,0x0,0xa,0x0,
0x0,0x0,0x18,0x6,0x2,0x0,0x0,0x0,
0x0,0x0,0x0,0x0,0x0,0x0,0x0,0x0,
0x44,0x0,0x0,0x0,0x8,0x0,0x0,0x0,
0x12,0x0,0x0,0x0,0x0,0x0,0x0,0x0,
0x38,0x0,0x0,0x0,0x0,0x0,0x0,0x0,
0x38,0x0,0x0,0x0,0x0,0x0,0x1,0x0,
0xff,0xff,0xff,0xff,0x7,0x0,0x0,0x0,
0xbb,0x2,0x10,0x1,0x0,0x0,0x0,0x0,
0x0,0x0,0x7,0x0,0x0,0x0,0x0,0x0,
0x0,0x0,0x0,0x0,0xbb,0x2,0x0,0x0,
0x1,0x0,0x0,0x0,0x2f,0xce,0x3,0x0,
0x0,0x18,0x6,0x2,0x0,0x0,0x0,0x0,
0x44,0x0,0x0,0x0,0x30,0x0,0x0,0x0,
0xf0,0x0,0x0,0x0,0x0,0x0,0x0,0x0,
0x38,0x0,0x0,0x0,0x0,0x0,0x0,0x0,
0x38,0x0,0x0,0x0,0x0,0x0,0x1,0x0,
0xff,0xff,0xff,0xff,0xe,0x0,0x0,0x0,
0xbb,0x2,0x70,0x2,0x0,0x0,0x0,0x0,
0x0,0x0,0x7,0x0,0x0,0x0,0x0,0x0,
0x0,0x0,0x0,0x0,0xbb,0x2,0x0,0x0,
0x1,0x0,0x0,0x0,0x2f,0xcf,0x3,0x0,
0x0,0x18,0x7,0x14,0x34,0xa,0x14,0x35,
0xc,0x2f,0xd0,0x3,0x0,0x0,0x18,0xd,
0x10,0x64,0x9e,0xd,0x9c,0xc,0x18,0xb,
0xad,0xd1,0x3,0x0,0x0,0x7,0x0,0x0,
0x0,0x2,0x0,0x0,0x0,0xa,0x0,0x0,
0x0,0x18,0x6,0x2,0x0,0x0,0x0,0x0,
0x44,0x0,0x0,0x0,0x3d,0x0,0x0,0x0,
0x59,0x0,0x0,0x0,0x0,0x0,0x0,0x0,
0x38,0x0,0x0,0x0,0x0,0x0,0x0,0x0,
0x38,0x0,0x0,0x0,0x0,0x0,0x1,0x0,
0xff,0xff,0xff,0xff,0xe,0x0,0x0,0x0,
0xc1,0x2,0x90,0x1,0x0,0x0,0x0,0x0,
0x0,0x0,0x7,0x0,0x0,0x0,0x0,0x0,
0x0,0x0,0x0,0x0,0xc1,0x2,0x0,0x0,
0x1,0x0,0x0,0x0,0x2f,0xd2,0x3,0x0,
0x0,0x18,0x7,0x2f,0xd3,0x3,0x0,0x0,
0x3d,0xd4,0x3,0x0,0x0,0x18,0xa,0x2f,
0xd5,0x3,0x0,0x0,0x18,0xc,0x2f,0xd6,
0x3,0x0,0x0,0x18,0xd,0x10,0x64,0x9e,
0xd,0x9c,0xc,0x18,0xb,0xad,0xd7,0x3,
0x0,0x0,0x7,0x0,0x0,0x0,0x2,0x0,
0x0,0x0,0xa,0x0,0x0,0x0,0x18,0x6,
0x2,0x0,0x0,0x0,0x0,0x0,0x0,0x0,
0x44,0x0,0x0,0x0,0x3d,0x0,0x0,0x0,
0xa8,0x0,0x0,0x0,0x0,0x0,0x0,0x0,
0x38,0x0,0x0,0x0,0x0,0x0,0x0,0x0,
0x38,0x0,0x0,0x0,0x0,0x0,0x1,0x0,
0xff,0xff,0xff,0xff,0xe,0x0,0x0,0x0,
0xc2,0x2,0x90,0x1,0x0,0x0,0x0,0x0,
0x0,0x0,0x7,0x0,0x0,0x0,0x0,0x0,
0x0,0x0,0x0,0x0,0xc2,0x2,0x0,0x0,
0x1,0x0,0x0,0x0,0x2f,0xd8,0x3,0x0,
0x0,0x18,0x7,0x2f,0xd9,0x3,0x0,0x0,
0x3d,0xda,0x3,0x0,0x0,0x18,0xa,0x2f,
0xdb,0x3,0x0,0x0,0x18,0xc,0x2f,0xdc,
0x3,0x0,0x0,0x18,0xd,0x10,0x64,0x9e,
0xd,0x9c,0xc,0x18,0xb,0xad,0xdd,0x3,
0x0,0x0,0x7,0x0,0x0,0x0,0x2,0x0,
0x0,0x0,0xa,0x0,0x0,0x0,0x18,0x6,
0x2,0x0,0x0,0x0,0x0,0x0,0x0,0x0,
0x44,0x0,0x0,0x0,0x21,0x0,0x0,0x0,
0xc0,0x0,0x0,0x0,0x0,0x0,0x0,0x0,
0x38,0x0,0x0,0x0,0x0,0x0,0x0,0x0,
0x38,0x0,0x0,0x0,0x0,0x0,0x1,0x0,
0xff,0xff,0xff,0xff,0x8,0x0,0x0,0x0,
0xc3,0x2,0x90,0x1,0x0,0x0,0x0,0x0,
0x0,0x0,0x7,0x0,0x0,0x0,0x0,0x0,
0x0,0x0,0x0,0x0,0xc3,0x2,0x0,0x0,
0x1,0x0,0x0,0x0,0x2f,0xde,0x3,0x0,
0x0,0x3d,0xdf,0x3,0x0,0x0,0x18,0x7,
0xe,0x6e,0x7,0x50,0xc,0x2f,0xe0,0x3,
0x0,0x0,0x3d,0xe1,0x3,0x0,0x0,0x4c,
0x1,0xa,0x18,0x6,0x2,0x0,0x0,0x0,
0x0,0x0,0x0,0x0,0x0,0x0,0x0,0x0,
0x44,0x0,0x0,0x0,0x22,0x0,0x0,0x0,
0xc2,0x0,0x0,0x0,0x0,0x0,0x0,0x0,
0x38,0x0,0x0,0x0,0x0,0x0,0x0,0x0,
0x38,0x0,0x0,0x0,0x0,0x0,0x1,0x0,
0xff,0xff,0xff,0xff,0x8,0x0,0x0,0x0,
0xc4,0x2,0x90,0x1,0x0,0x0,0x0,0x0,
0x0,0x0,0x7,0x0,0x0,0x0,0x0,0x0,
0x0,0x0,0x0,0x0,0xc4,0x2,0x0,0x0,
0x1,0x0,0x0,0x0,0x2f,0xe2,0x3,0x0,
0x0,0x3d,0xe3,0x3,0x0,0x0,0x18,0x7,
0xe,0x6e,0x7,0x50,0xc,0x2f,0xe4,0x3,
0x0,0x0,0x3d,0xe5,0x3,0x0,0x0,0x4c,
0x2,0x12,0x0,0x18,0x6,0x2,0x0,0x0,
0x0,0x0,0x0,0x0,0x0,0x0,0x0,0x0,
0x44,0x0,0x0,0x0,0xd,0x0,0x0,0x0,
0x93,0x0,0x0,0x0,0x0,0x0,0x0,0x0,
0x38,0x0,0x0,0x0,0x0,0x0,0x0,0x0,
0x38,0x0,0x0,0x0,0x0,0x0,0x1,0x0,
0xff,0xff,0xff,0xff,0x7,0x0,0x0,0x0,
0xc5,0x2,0x90,0x1,0x0,0x0,0x0,0x0,
0x0,0x0,0x7,0x0,0x0,0x0,0x0,0x0,
0x0,0x0,0x0,0x0,0xc5,0x2,0x0,0x0,
0x1,0x0,0x0,0x0,0x2f,0xe6,0x3,0x0,
0x0,0x3d,0xe7,0x3,0x0,0x0,0x18,0x6,
0x2,0x0,0x0,0x0,0x0,0x0,0x0,0x0,
0x44,0x0,0x0,0x0,0xe,0x0,0x0,0x0,
0xb5,0x0,0x0,0x0,0x0,0x0,0x0,0x0,
0x38,0x0,0x0,0x0,0x0,0x0,0x0,0x0,
0x38,0x0,0x0,0x0,0x0,0x0,0x1,0x0,
0xff,0xff,0xff,0xff,0x7,0x0,0x0,0x0,
0xc6,0x2,0x90,0x1,0x0,0x0,0x0,0x0,
0x0,0x0,0x7,0x0,0x0,0x0,0x0,0x0,
0x0,0x0,0x0,0x0,0xc6,0x2,0x0,0x0,
0x1,0x0,0x0,0x0,0x2f,0xe8,0x3,0x0,
0x0,0x3d,0xe9,0x3,0x0,0x0,0x74,0x18,
0x6,0x2,0x0,0x0,0x0,0x0,0x0,0x0,
0x44,0x0,0x0,0x0,0x36,0x0,0x0,0x0,
0xc4,0x0,0x0,0x0,0x0,0x0,0x0,0x0,
0x38,0x0,0x0,0x0,0x0,0x0,0x0,0x0,
0x38,0x0,0x0,0x0,0x0,0x0,0x1,0x0,
0xff,0xff,0xff,0xff,0x8,0x0,0x0,0x0,
0xc7,0x2,0x90,0x1,0x0,0x0,0x0,0x0,
0x0,0x0,0x7,0x0,0x0,0x0,0x0,0x0,
0x0,0x0,0x0,0x0,0xc7,0x2,0x0,0x0,
0x1,0x0,0x0,0x0,0x2f,0xea,0x3,0x0,
0x0,0x50,0x2a,0x2f,0xeb,0x3,0x0,0x0,
0x3d,0xec,0x3,0x0,0x0,0x50,0x1e,0x2f,
0xed,0x3,0x0,0x0,0x3d,0xee,0x3,0x0,
0x0,0x18,0x7,0x2f,0xef,0x3,0x0,0x0,
0x3d,0xf0,0x3,0x0,0x0,0x34,0x7,0x4e,
0x2,0x12,0x0,0x4c,0x2,0x12,0x0,0x18,
0x6,0x2,0x0,0x0,0x0,0x0,0x0,0x0,
0x44,0x0,0x0,0x0,0xd,0x0,0x0,0x0,
0xf2,0x0,0x0,0x0,0x0,0x0,0x0,0x0,
0x38,0x0,0x0,0x0,0x0,0x0,0x0,0x0,
0x38,0x0,0x0,0x0,0x0,0x0,0x1,0x0,
0xff,0xff,0xff,0xff,0x7,0x0,0x0,0x0,
0xbf,0x2,0x90,0x1,0x0,0x0,0x0,0x0,
0x0,0x0,0x7,0x0,0x0,0x0,0x0,0x0,
0x0,0x0,0x0,0x0,0xbf,0x2,0x0,0x0,
0x1,0x0,0x0,0x0,0x2f,0xf1,0x3,0x0,
0x0,0x3d,0xf2,0x3,0x0,0x0,0x18,0x6,
0x2,0x0,0x0,0x0,0x0,0x0,0x0,0x0,
0x44,0x0,0x0,0x0,0xd,0x0,0x0,0x0,
0xf4,0x0,0x0,0x0,0x0,0x0,0x0,0x0,
0x38,0x0,0x0,0x0,0x0,0x0,0x0,0x0,
0x38,0x0,0x0,0x0,0x0,0x0,0x1,0x0,
0xff,0xff,0xff,0xff,0x7,0x0,0x0,0x0,
0xc0,0x2,0x90,0x1,0x0,0x0,0x0,0x0,
0x0,0x0,0x7,0x0,0x0,0x0,0x0,0x0,
0x0,0x0,0x0,0x0,0xc0,0x2,0x0,0x0,
0x1,0x0,0x0,0x0,0x2f,0xf3,0x3,0x0,
0x0,0x3d,0xf4,0x3,0x0,0x0,0x18,0x6,
0x2,0x0,0x0,0x0,0x0,0x0,0x0,0x0,
0x44,0x0,0x0,0x0,0xd,0x0,0x0,0x0,
0xf8,0x0,0x0,0x0,0x0,0x0,0x0,0x0,
0x38,0x0,0x0,0x0,0x0,0x0,0x0,0x0,
0x38,0x0,0x0,0x0,0x0,0x0,0x1,0x0,
0xff,0xff,0xff,0xff,0x7,0x0,0x0,0x0,
0xca,0x2,0xe0,0x3,0x0,0x0,0x0,0x0,
0x0,0x0,0x7,0x0,0x0,0x0,0x0,0x0,
0x0,0x0,0x0,0x0,0xca,0x2,0x0,0x0,
0x1,0x0,0x0,0x0,0x2f,0xf5,0x3,0x0,
0x0,0x3d,0xf6,0x3,0x0,0x0,0x18,0x6,
0x2,0x0,0x0,0x0,0x0,0x0,0x0,0x0,
0x44,0x0,0x0,0x0,0x22,0x0,0x0,0x0,
0xe3,0x0,0x0,0x0,0x0,0x0,0x0,0x0,
0x38,0x0,0x0,0x0,0x0,0x0,0x0,0x0,
0x38,0x0,0x0,0x0,0x0,0x0,0x1,0x0,
0xff,0xff,0xff,0xff,0x8,0x0,0x0,0x0,
0xca,0x2,0x10,0x6,0x0,0x0,0x0,0x0,
0x0,0x0,0x7,0x0,0x0,0x0,0x0,0x0,
0x0,0x0,0x0,0x0,0xca,0x2,0x0,0x0,
0x1,0x0,0x0,0x0,0x2f,0xf7,0x3,0x0,
0x0,0x3d,0xf8,0x3,0x0,0x0,0x18,0x7,
0xe,0x6e,0x7,0x50,0xc,0x2f,0xf9,0x3,
0x0,0x0,0x3d,0xfa,0x3,0x0,0x0,0x4c,
0x2,0x12,0x0,0x18,0x6,0x2,0x0,0x0,
0x0,0x0,0x0,0x0,0x0,0x0,0x0,0x0,
0x44,0x0,0x0,0x0,0x16,0x0,0x0,0x0,
0xb5,0x0,0x0,0x0,0x0,0x0,0x0,0x0,
0x38,0x0,0x0,0x0,0x0,0x0,0x0,0x0,
0x38,0x0,0x0,0x0,0x0,0x0,0x1,0x0,
0xff,0xff,0xff,0xff,0x8,0x0,0x0,0x0,
0xcb,0x2,0x90,0x1,0x0,0x0,0x0,0x0,
0x0,0x0,0x7,0x0,0x0,0x0,0x0,0x0,
0x0,0x0,0x0,0x0,0xcb,0x2,0x0,0x0,
0x1,0x0,0x0,0x0,0x2f,0xfb,0x3,0x0,
0x0,0x18,0x7,0x2f,0xfc,0x3,0x0,0x0,
0x3d,0xfd,0x3,0x0,0x0,0x6c,0x7,0x18,
0x6,0x2,0x0,0x0,0x0,0x0,0x0,0x0,
0x44,0x0,0x0,0x0,0x8,0x0,0x0,0x0,
0x12,0x0,0x0,0x0,0x0,0x0,0x0,0x0,
0x38,0x0,0x0,0x0,0x0,0x0,0x0,0x0,
0x38,0x0,0x0,0x0,0x0,0x0,0x1,0x0,
0xff,0xff,0xff,0xff,0x7,0x0,0x0,0x0,
0xca,0x2,0x80,0x2,0x0,0x0,0x0,0x0,
0x0,0x0,0x7,0x0,0x0,0x0,0x0,0x0,
0x0,0x0,0x0,0x0,0xca,0x2,0x0,0x0,
0x1,0x0,0x0,0x0,0x2f,0xfe,0x3,0x0,
0x0,0x18,0x6,0x2,0x0,0x0,0x0,0x0,
0x44,0x0,0x0,0x0,0x3c,0x0,0x0,0x0,
0xc5,0x0,0x0,0x0,0x0,0x0,0x0,0x0,
0x38,0x0,0x0,0x0,0x0,0x0,0x0,0x0,
0x38,0x0,0x0,0x0,0x0,0x0,0x1,0x0,
0xff,0xff,0xff,0xff,0xc,0x0,0x0,0x0,
0xcf,0x2,0x50,0x1,0x0,0x0,0x0,0x0,
0x0,0x0,0x7,0x0,0x0,0x0,0x0,0x0,
0x0,0x0,0x0,0x0,0xcf,0x2,0x0,0x0,
0x1,0x0,0x0,0x0,0x2f,0xff,0x3,0x0,
0x0,0x3d,0x0,0x4,0x0,0x0,0x18,0x7,
0xe,0x6e,0x7,0x50,0x26,0x2f,0x1,0x4,
0x0,0x0,0x18,0x8,0x2f,0x2,0x4,0x0,
0x0,0x3d,0x3,0x4,0x0,0x0,0x18,0xb,
0xad,0x4,0x4,0x0,0x0,0x8,0x0,0x0,
0x0,0x1,0x0,0x0,0x0,0xb,0x0,0x0,
0x0,0x4c,0x2,0x12,0x0,0x18,0x6,0x2,
0x0,0x0,0x0,0x0,0x0,0x0,0x0,0x0,
0x44,0x0,0x0,0x0,0xd,0x0,0x0,0x0,
0xc7,0x0,0x0,0x0,0x0,0x0,0x0,0x0,
0x38,0x0,0x0,0x0,0x0,0x0,0x0,0x0,
0x38,0x0,0x0,0x0,0x0,0x0,0x1,0x0,
0xff,0xff,0xff,0xff,0x7,0x0,0x0,0x0,
0xd0,0x2,0x50,0x1,0x0,0x0,0x0,0x0,
0x0,0x0,0x7,0x0,0x0,0x0,0x0,0x0,
0x0,0x0,0x0,0x0,0xd0,0x2,0x0,0x0,
0x1,0x0,0x0,0x0,0x2f,0x5,0x4,0x0,
0x0,0x3d,0x6,0x4,0x0,0x0,0x18,0x6,
0x2,0x0,0x0,0x0,0x0,0x0,0x0,0x0,
0x44,0x0,0x0,0x0,0xd,0x0,0x0,0x0,
0xd2,0x0,0x0,0x0,0x0,0x0,0x0,0x0,
0x38,0x0,0x0,0x0,0x0,0x0,0x0,0x0,
0x38,0x0,0x0,0x0,0x0,0x0,0x1,0x0,
0xff,0xff,0xff,0xff,0x7,0x0,0x0,0x0,
0xd3,0x2,0x50,0x1,0x0,0x0,0x0,0x0,
0x0,0x0,0x7,0x0,0x0,0x0,0x0,0x0,
0x0,0x0,0x0,0x0,0xd3,0x2,0x0,0x0,
0x1,0x0,0x0,0x0,0x2f,0x7,0x4,0x0,
0x0,0x3d,0x8,0x4,0x0,0x0,0x18,0x6,
0x2,0x0,0x0,0x0,0x0,0x0,0x0,0x0,
0x44,0x0,0x0,0x0,0xd,0x0,0x0,0x0,
0xd0,0x0,0x0,0x0,0x0,0x0,0x0,0x0,
0x38,0x0,0x0,0x0,0x0,0x0,0x0,0x0,
0x38,0x0,0x0,0x0,0x0,0x0,0x1,0x0,
0xff,0xff,0xff,0xff,0x7,0x0,0x0,0x0,
0xd4,0x2,0x50,0x1,0x0,0x0,0x0,0x0,
0x0,0x0,0x7,0x0,0x0,0x0,0x0,0x0,
0x0,0x0,0x0,0x0,0xd4,0x2,0x0,0x0,
0x1,0x0,0x0,0x0,0x2f,0x9,0x4,0x0,
0x0,0x3d,0xa,0x4,0x0,0x0,0x18,0x6,
0x2,0x0,0x0,0x0,0x0,0x0,0x0,0x0,
0x44,0x0,0x0,0x0,0xd,0x0,0x0,0x0,
0xc9,0x0,0x0,0x0,0x0,0x0,0x0,0x0,
0x38,0x0,0x0,0x0,0x0,0x0,0x0,0x0,
0x38,0x0,0x0,0x0,0x0,0x0,0x1,0x0,
0xff,0xff,0xff,0xff,0x7,0x0,0x0,0x0,
0xd5,0x2,0x50,0x1,0x0,0x0,0x0,0x0,
0x0,0x0,0x7,0x0,0x0,0x0,0x0,0x0,
0x0,0x0,0x0,0x0,0xd5,0x2,0x0,0x0,
0x1,0x0,0x0,0x0,0x2f,0xb,0x4,0x0,
0x0,0x3d,0xc,0x4,0x0,0x0,0x18,0x6,
0x2,0x0,0x0,0x0,0x0,0x0,0x0,0x0,
0x44,0x0,0x0,0x0,0x25,0x0,0x0,0x0,
0xfc,0x0,0x0,0x0,0x0,0x0,0x0,0x0,
0x38,0x0,0x0,0x0,0x0,0x0,0x0,0x0,
0x38,0x0,0x0,0x0,0x0,0x0,0x1,0x0,
0xff,0xff,0xff,0xff,0x7,0x0,0x0,0x0,
0xd6,0x2,0x50,0x1,0x0,0x0,0x0,0x0,
0x0,0x0,0x7,0x0,0x0,0x0,0x0,0x0,
0x0,0x0,0x0,0x0,0xd6,0x2,0x0,0x0,
0x1,0x0,0x0,0x0,0x2f,0xd,0x4,0x0,
0x0,0x3d,0xe,0x4,0x0,0x0,0x50,0xc,
0x2f,0xf,0x4,0x0,0x0,0x3d,0x10,0x4,
0x0,0x0,0x4c,0xa,0x2f,0x11,0x4,0x0,
0x0,0x3d,0x12,0x4,0x0,0x0,0x18,0x6,
0x2,0x0,0x0,0x0,0x0,0x0,0x0,0x0,
0x44,0x0,0x0,0x0,0x15,0x0,0x0,0x0,
0xfe,0x0,0x0,0x0,0x0,0x0,0x0,0x0,
0x38,0x0,0x0,0x0,0x0,0x0,0x0,0x0,
0x38,0x0,0x0,0x0,0x0,0x0,0x1,0x0,
0xff,0xff,0xff,0xff,0x7,0x0,0x0,0x0,
0xd7,0x2,0x50,0x1,0x0,0x0,0x0,0x0,
0x0,0x0,0x7,0x0,0x0,0x0,0x0,0x0,
0x0,0x0,0x0,0x0,0xd7,0x2,0x0,0x0,
0x1,0x0,0x0,0x0,0x2f,0x13,0x4,0x0,
0x0,0x3d,0x14,0x4,0x0,0x0,0x50,0x4,
0x10,0x2,0x4c,0x2,0x10,0x1,0x18,0x6,
0x2,0x0,0x0,0x0,0x0,0x0,0x0,0x0,
0x44,0x0,0x0,0x0,0xd,0x0,0x0,0x0,
0x55,0x0,0x0,0x0,0x0,0x0,0x0,0x0,
0x38,0x0,0x0,0x0,0x0,0x0,0x0,0x0,
0x38,0x0,0x0,0x0,0x0,0x0,0x1,0x0,
0xff,0xff,0xff,0xff,0x7,0x0,0x0,0x0,
0xd8,0x2,0x50,0x1,0x0,0x0,0x0,0x0,
0x0,0x0,0x7,0x0,0x0,0x0,0x0,0x0,
0x0,0x0,0x0,0x0,0xd8,0x2,0x0,0x0,
0x1,0x0,0x0,0x0,0x2f,0x15,0x4,0x0,
0x0,0x3d,0x16,0x4,0x0,0x0,0x18,0x6,
0x2,0x0,0x0,0x0,0x0,0x0,0x0,0x0,
0x44,0x0,0x0,0x0,0x13,0x0,0x0,0x0,
0xbe,0x0,0x0,0x0,0x0,0x0,0x0,0x0,
0x38,0x0,0x0,0x0,0x0,0x0,0x0,0x0,
0x38,0x0,0x0,0x0,0x0,0x0,0x1,0x0,
0xff,0xff,0xff,0xff,0x8,0x0,0x0,0x0,
0xd2,0x2,0x50,0x1,0x0,0x0,0x0,0x0,
0x0,0x0,0x7,0x0,0x0,0x0,0x0,0x0,
0x0,0x0,0x0,0x0,0xd2,0x2,0x0,0x0,
0x1,0x0,0x0,0x0,0x2f,0x17,0x4,0x0,
0x0,0x3d,0x18,0x4,0x0,0x0,0x18,0x7,
0x4,0x36,0x9c,0x7,0x18,0x6,0x2,0x0,
0x0,0x0,0x0,0x0,0x0,0x0,0x0,0x0,
0x44,0x0,0x0,0x0,0x18,0x0,0x0,0x0,
0xca,0x0,0x0,0x0,0x0,0x0,0x0,0x0,
0x38,0x0,0x0,0x0,0x0,0x0,0x0,0x0,
0x38,0x0,0x0,0x0,0x0,0x0,0x1,0x0,
0xff,0xff,0xff,0xff,0xa,0x0,0x0,0x0,
0xd8,0x2,0x10,0x3,0x0,0x0,0x0,0x0,
0x0,0x0,0x7,0x0,0x0,0x0,0x0,0x0,
0x0,0x0,0x0,0x0,0xd8,0x2,0x0,0x0,
0x1,0x0,0x0,0x0,0x14,0x37,0x7,0x14,
0x38,0x8,0x2f,0x19,0x4,0x0,0x0,0x18,
0x9,0x10,0x64,0x9e,0x9,0x9c,0x8,0x80,
0x7,0x18,0x6,0x2,0x0,0x0,0x0,0x0,
0x44,0x0,0x0,0x0,0x25,0x0,0x0,0x0,
0xcc,0x0,0x0,0x0,0x0,0x0,0x0,0x0,
0x38,0x0,0x0,0x0,0x0,0x0,0x0,0x0,
0x38,0x0,0x0,0x0,0x0,0x0,0x1,0x0,
0xff,0xff,0xff,0xff,0x7,0x0,0x0,0x0,
0xd8,0x2,0x0,0x6,0x0,0x0,0x0,0x0,
0x0,0x0,0x7,0x0,0x0,0x0,0x0,0x0,
0x0,0x0,0x0,0x0,0xd8,0x2,0x0,0x0,
0x1,0x0,0x0,0x0,0x2f,0x1a,0x4,0x0,
0x0,0x3d,0x1b,0x4,0x0,0x0,0x50,0xc,
0x2f,0x1c,0x4,0x0,0x0,0x3d,0x1d,0x4,
0x0,0x0,0x4c,0xa,0x2f,0x1e,0x4,0x0,
0x0,0x3d,0x1f,0x4,0x0,0x0,0x18,0x6,
0x2,0x0,0x0,0x0,0x0,0x0,0x0,0x0,
0x44,0x0,0x0,0x0,0xd,0x0,0x0,0x0,
0xb5,0x0,0x0,0x0,0x0,0x0,0x0,0x0,
0x38,0x0,0x0,0x0,0x0,0x0,0x0,0x0,
0x38,0x0,0x0,0x0,0x0,0x0,0x1,0x0,
0xff,0xff,0xff,0xff,0x7,0x0,0x0,0x0,
0xda,0x2,0x10,0x1,0x0,0x0,0x0,0x0,
0x0,0x0,0x7,0x0,0x0,0x0,0x0,0x0,
0x0,0x0,0x0,0x0,0xda,0x2,0x0,0x0,
0x1,0x0,0x0,0x0,0x2f,0x20,0x4,0x0,
0x0,0x3d,0x21,0x4,0x0,0x0,0x18,0x6,
0x2,0x0,0x0,0x0,0x0,0x0,0x0,0x0,
0x44,0x0,0x0,0x0,0x31,0x0,0x0,0x0,
0xc5,0x0,0x0,0x0,0x0,0x0,0x0,0x0,
0x38,0x0,0x0,0x0,0x0,0x0,0x0,0x0,
0x38,0x0,0x0,0x0,0x0,0x0,0x1,0x0,
0xff,0xff,0xff,0xff,0xb,0x0,0x0,0x0,
0xdb,0x2,0x10,0x1,0x0,0x0,0x0,0x0,
0x0,0x0,0x7,0x0,0x0,0x0,0x0,0x0,
0x0,0x0,0x0,0x0,0xdb,0x2,0x0,0x0,
0x1,0x0,0x0,0x0,0x2f,0x22,0x4,0x0,
0x0,0x3d,0x23,0x4,0x0,0x0,0x18,0x7,
0xe,0x6e,0x7,0x50,0x1b,0x2f,0x24,0x4,
0x0,0x0,0x3d,0x25,0x4,0x0,0x0,0x18,
0xa,0xb5,0x26,0x4,0x0,0x0,0x1,0x0,
0x0,0x0,0xa,0x0,0x0,0x0,0x4c,0x2,
0x12,0x0,0x18,0x6,0x2,0x0,0x0,0x0,
0x0,0x0,0x0,0x0,0x0,0x0,0x0,0x0,
0x44,0x0,0x0,0x0,0x1b,0x0,0x0,0x0,
0xda,0x0,0x0,0x0,0x0,0x0,0x0,0x0,
0x38,0x0,0x0,0x0,0x0,0x0,0x0,0x0,
0x38,0x0,0x0,0x0,0x0,0x0,0x1,0x0,
0xff,0xff,0xff,0xff,0x8,0x0,0x0,0x0,
0xdf,0x2,0x70,0x4,0x0,0x0,0x0,0x0,
0x0,0x0,0x7,0x0,0x0,0x0,0x0,0x0,
0x0,0x0,0x0,0x0,0xdf,0x2,0x0,0x0,
0x1,0x0,0x0,0x0,0x2f,0x27,0x4,0x0,
0x0,0x3d,0x28,0x4,0x0,0x0,0x18,0x7,
0x2f,0x29,0x4,0x0,0x0,0x3d,0x2a,0x4,
0x0,0x0,0x84,0x7,0x18,0x6,0x2,0x0,
0x0,0x0,0x0,0x0,0x0,0x0,0x0,0x0,
0x5c,0x0,0x0,0x0,0xc,0x0,0x0,0x0,
0x50,0x0,0x0,0x0,0x0,0x0,0x0,0x0,
0x38,0x0,0x0,0x0,0x0,0x0,0x0,0x0,
0x38,0x0,0x0,0x0,0x0,0x0,0x3,0x0,
0xed,0x0,0x0,0x0,0x7,0x0,0x0,0x0,
0xe4,0x2,0x10,0x1,0x0,0x0,0x0,0x0,
0x0,0x0,0x7,0x0,0x0,0x0,0x8,0x0,
0x0,0x0,0x0,0x0,0xe4,0x2,0x0,0x0,
0x0,0x0,0x0,0x0,0x1,0x0,0x0,0x0,
0xe4,0x2,0x0,0x0,0x1,0x0,0x0,0x0,
0x8,0x0,0x0,0x0,0xf1,0x2,0x0,0x0,
0x1,0x0,0x0,0x0,0xca,0x29,0xed,0x0,
0x0,0x0,0x18,0x6,0xd4,0x16,0x6,0x2,
0x0,0x0,0x0,0x0,0x0,0x0,0x0,0x0,
0xe8,0x0,0x0,0x0,0x49,0x1,0x0,0x0,
0x0,0x0,0x0,0x0,0x1,0x0,0x1,0x0,
0x38,0x0,0x0,0x0,0x0,0x0,0x0,0x0,
0x40,0x0,0x0,0x0,0x0,0x0,0xe,0x0,
0xff,0xff,0xff,0xff,0xf,0x0,0x0,0x0,
0xe4,0x2,0xc0,0x1,0x0,0x0,0x0,0x0,
0x0,0x0,0x9,0x0,0x0,0x0,0x2,0x0,
0x4e,0x2,0x0,0x0,0x0,0x0,0x0,0x0,
0x0,0x0,0x0,0x0,0xe5,0x2,0x0,0x0,
0x1,0x0,0x0,0x0,0x17,0x0,0x0,0x0,
0xe5,0x2,0x0,0x0,0x2,0x0,0x0,0x0,
0x19,0x0,0x0,0x0,0xe6,0x2,0x0,0x0,
0x3,0x0,0x0,0x0,0x3f,0x0,0x0,0x0,
0xe7,0x2,0x0,0x0,0x4,0x0,0x0,0x0,
0x56,0x0,0x0,0x0,0xe8,0x2,0x0,0x0,
0x6,0x0,0x0,0x0,0x67,0x0,0x0,0x0,
0xe8,0x2,0x0,0x0,0x8,0x0,0x0,0x0,
0x79,0x0,0x0,0x0,0xe9,0x2,0x0,0x0,
0xa,0x0,0x0,0x0,0xa2,0x0,0x0,0x0,
0xea,0x2,0x0,0x0,0xb,0x0,0x0,0x0,
0xb9,0x0,0x0,0x0,0xeb,0x2,0x0,0x0,
0xe,0x0,0x0,0x0,0xdf,0x0,0x0,0x0,
0xed,0x2,0x0,0x0,0x11,0x0,0x0,0x0,
0x3,0x1,0x0,0x0,0xef,0x2,0x0,0x0,
0x13,0x0,0x0,0x0,0x15,0x1,0x0,0x0,
0xf0,0x2,0x0,0x0,0x14,0x0,0x0,0x0,
0x2d,0x1,0x0,0x0,0xf0,0x2,0x0,0x0,
0x16,0x0,0x0,0x0,0x47,0x1,0x0,0x0,
0xf1,0x2,0x0,0x0,0x16,0x0,0x0,0x0,
0x16,0x6,0x3d,0x2b,0x4,0x0,0x0,0x18,
0x9,0x2f,0x2c,0x4,0x0,0x0,0x3d,0x2d,
0x4,0x0,0x0,0x6e,0x9,0x50,0x2,0xe,
0x2,0x2f,0x2e,0x4,0x0,0x0,0x18,0x9,
0x2f,0x2f,0x4,0x0,0x0,0x3d,0x30,0x4,
0x0,0x0,0x18,0xc,0xad,0x31,0x4,0x0,
0x0,0x9,0x0,0x0,0x0,0x1,0x0,0x0,
0x0,0xc,0x0,0x0,0x0,0x18,0x8,0x16,
0x6,0x3d,0x32,0x4,0x0,0x0,0x18,0x9,
0x2f,0x33,0x4,0x0,0x0,0x3d,0x34,0x4,
0x0,0x0,0x82,0x9,0x50,0x4c,0x2f,0x35,
0x4,0x0,0x0,0x3d,0x36,0x4,0x0,0x0,
0x18,0xa,0x6,0x68,0xa,0x50,0x12,0x2f,
0x37,0x4,0x0,0x0,0x18,0xb,0x16,0x8,
0x43,0x38,0x4,0x0,0x0,0xb,0x0,0x0,
0x0,0x2f,0x39,0x4,0x0,0x0,0x18,0xa,
0x2f,0x3a,0x4,0x0,0x0,0x3d,0x3b,0x4,
0x0,0x0,0x18,0xd,0x1a,0x8,0xe,0xad,
0x3c,0x4,0x0,0x0,0xa,0x0,0x0,0x0,
0x2,0x0,0x0,0x0,0xd,0x0,0x0,0x0,
0x4c,0x61,0x16,0x6,0x3d,0x3d,0x4,0x0,
0x0,0x18,0xa,0x2f,0x3e,0x4,0x0,0x0,
0x3d,0x3f,0x4,0x0,0x0,0x82,0xa,0x50,
0x26,0x2f,0x40,0x4,0x0,0x0,0x18,0xb,
0x2f,0x41,0x4,0x0,0x0,0x3d,0x42,0x4,
0x0,0x0,0x18,0xe,0xad,0x43,0x4,0x0,
0x0,0xb,0x0,0x0,0x0,0x1,0x0,0x0,
0x0,0xe,0x0,0x0,0x0,0x4c,0x24,0x2f,
0x44,0x4,0x0,0x0,0x18,0xb,0x2f,0x45,
0x4,0x0,0x0,0x3d,0x46,0x4,0x0,0x0,
0x18,0xe,0xad,0x47,0x4,0x0,0x0,0xb,
0x0,0x0,0x0,0x1,0x0,0x0,0x0,0xe,
0x0,0x0,0x0,0x2f,0x48,0x4,0x0,0x0,
0x18,0x9,0x16,0x8,0x43,0x49,0x4,0x0,
0x0,0x9,0x0,0x0,0x0,0x16,0x6,0x3d,
0x4a,0x4,0x0,0x0,0x18,0x9,0x2f,0x4b,
0x4,0x0,0x0,0x3d,0x4c,0x4,0x0,0x0,
0x82,0x9,0x74,0x50,0x1a,0x2f,0x4d,0x4,
0x0,0x0,0x18,0xa,0x2f,0x4e,0x4,0x0,
0x0,0x3d,0x4f,0x4,0x0,0x0,0x43,0x50,
0x4,0x0,0x0,0xa,0x0,0x0,0x0,0xe,
0x2,0x0,0x0,0x0,0x0,0x0,0x0,0x0,
0x0,0x0,0x0,0x0,0x0,0x0,0x0,0x0,
0x0,0x0,0x0,0x0,0x0,0x0,0x0,0x0,
0x5c,0x0,0x0,0x0,0xc,0x0,0x0,0x0,
0xeb,0x0,0x0,0x0,0x0,0x0,0x0,0x0,
0x38,0x0,0x0,0x0,0x0,0x0,0x0,0x0,
0x38,0x0,0x0,0x0,0x0,0x0,0x3,0x0,
0xef,0x0,0x0,0x0,0x7,0x0,0x0,0x0,
0xf3,0x2,0x10,0x1,0x0,0x0,0x0,0x0,
0x0,0x0,0x7,0x0,0x0,0x0,0x8,0x0,
0x0,0x0,0x0,0x0,0xf3,0x2,0x0,0x0,
0x0,0x0,0x0,0x0,0x1,0x0,0x0,0x0,
0xf3,0x2,0x0,0x0,0x1,0x0,0x0,0x0,
0x8,0x0,0x0,0x0,0xfc,0x2,0x0,0x0,
0x1,0x0,0x0,0x0,0xca,0x29,0xef,0x0,
0x0,0x0,0x18,0x6,0xd4,0x16,0x6,0x2,
0x0,0x0,0x0,0x0,0x0,0x0,0x0,0x0,
0xac,0x0,0x0,0x0,0xda,0x0,0x0,0x0,
0x0,0x0,0x0,0x0,0x1,0x0,0x1,0x0,
0x38,0x0,0x0,0x0,0x0,0x0,0x0,0x0,
0x40,0x0,0x0,0x0,0x0,0x0,0x9,0x0,
0xff,0xff,0xff,0xff,0xf,0x0,0x0,0x0,
0xf3,0x2,0xc0,0x1,0x0,0x0,0x0,0x0,
0x0,0x0,0x9,0x0,0x0,0x0,0x2,0x0,
0x4e,0x2,0x0,0x0,0x0,0x0,0x0,0x0,
0x0,0x0,0x0,0x0,0xf4,0x2,0x0,0x0,
0x1,0x0,0x0,0x0,0x26,0x0,0x0,0x0,
0xf5,0x2,0x0,0x0,0x3,0x0,0x0,0x0,
0x38,0x0,0x0,0x0,0xf6,0x2,0x0,0x0,
0x5,0x0,0x0,0x0,0x50,0x0,0x0,0x0,
0xf7,0x2,0x0,0x0,0x6,0x0,0x0,0x0,
0x67,0x0,0x0,0x0,0xf8,0x2,0x0,0x0,
0x8,0x0,0x0,0x0,0x74,0x0,0x0,0x0,
0xf8,0x2,0x0,0x0,0xa,0x0,0x0,0x0,
0x91,0x0,0x0,0x0,0xf9,0x2,0x0,0x0,
0xb,0x0,0x0,0x0,0xb4,0x0,0x0,0x0,
0xfa,0x2,0x0,0x0,0xe,0x0,0x0,0x0,
0xd8,0x0,0x0,0x0,0xfc,0x2,0x0,0x0,
0xe,0x0,0x0,0x0,0x2f,0x51,0x4,0x0,
0x0,0x18,0x9,0x2f,0x52,0x4,0x0,0x0,
0x3d,0x53,0x4,0x0,0x0,0x18,0xc,0xad,
0x54,0x4,0x0,0x0,0x9,0x0,0x0,0x0,
0x1,0x0,0x0,0x0,0xc,0x0,0x0,0x0,
0x18,0x8,0x2f,0x55,0x4,0x0,0x0,0x18,
0x9,0x16,0x8,0x43,0x56,0x4,0x0,0x0,
0x9,0x0,0x0,0x0,0x2f,0x57,0x4,0x0,
0x0,0x18,0x9,0xad,0x58,0x4,0x0,0x0,
0x9,0x0,0x0,0x0,0x0,0x0,0x0,0x0,
0x0,0x0,0x0,0x0,0x16,0x6,0x3d,0x59,
0x4,0x0,0x0,0x18,0x9,0x2f,0x5a,0x4,
0x0,0x0,0x3d,0x5b,0x4,0x0,0x0,0x6c,
0x9,0x50,0x2a,0xe2,0x18,0x18,0xa,0x13,
0xd9,0x1,0x0,0x0,0x6c,0xa,0x50,0x1b,
0x2f,0x5c,0x4,0x0,0x0,0x18,0xd,0x2f,
0x5d,0x4,0x0,0x0,0x18,0xe,0xb5,0x5e,
0x4,0x0,0x0,0x2,0x0,0x0,0x0,0xd,
0x0,0x0,0x0,0x4c,0x47,0x16,0x6,0x3d,
0x5f,0x4,0x0,0x0,0x18,0xa,0x2f,0x60,
0x4,0x0,0x0,0x3d,0x61,0x4,0x0,0x0,
0x6c,0xa,0x50,0x30,0x2f,0x62,0x4,0x0,
0x0,0x3d,0x63,0x4,0x0,0x0,0x50,0x24,
0x2f,0x64,0x4,0x0,0x0,0x18,0xb,0x2f,
0x65,0x4,0x0,0x0,0x3d,0x66,0x4,0x0,
0x0,0x18,0xe,0xad,0x67,0x4,0x0,0x0,
0xb,0x0,0x0,0x0,0x1,0x0,0x0,0x0,
0xe,0x0,0x0,0x0,0xe,0x2,0x0,0x0,
0x0,0x0,0x0,0x0,0x0,0x0,0x0,0x0,
0x0,0x0,0x0,0x0,0x0,0x0,0x0,0x0,
0x5c,0x0,0x0,0x0,0x38,0x0,0x0,0x0,
0xed,0x0,0x0,0x0,0x0,0x0,0x0,0x0,
0x38,0x0,0x0,0x0,0x0,0x0,0x0,0x0,
0x38,0x0,0x0,0x0,0x0,0x0,0x3,0x0,
0xff,0xff,0xff,0xff,0xb,0x0,0x0,0x0,
0xfd,0x2,0x10,0x1,0x0,0x0,0x0,0x0,
0x0,0x0,0x7,0x0,0x0,0x0,0x0,0x0,
0x0,0x0,0x0,0x0,0xfd,0x2,0x0,0x0,
0x0,0x0,0x0,0x0,0x1,0x0,0x0,0x0,
0xfd,0x2,0x0,0x0,0x1,0x0,0x0,0x0,
0xe,0x0,0x0,0x0,0xfd,0x2,0x0,0x0,
0x2,0x0,0x0,0x0,0xca,0x2f,0x68,0x4,
0x0,0x0,0x3d,0x69,0x4,0x0,0x0,0x74,
0x50,0x26,0x2f,0x6a,0x4,0x0,0x0,0x18,
0x7,0x2f,0x6b,0x4,0x0,0x0,0x3d,0x6c,
0x4,0x0,0x0,0x18,0xa,0xad,0x6d,0x4,
0x0,0x0,0x7,0x0,0x0,0x0,0x1,0x0,
0x0,0x0,0xa,0x0,0x0,0x0,0x18,0x6,
0xd4,0x16,0x6,0x2,0x0,0x0,0x0,0x0,
0x44,0x0,0x0,0x0,0x8,0x0,0x0,0x0,
0x12,0x0,0x0,0x0,0x0,0x0,0x0,0x0,
0x38,0x0,0x0,0x0,0x0,0x0,0x0,0x0,
0x38,0x0,0x0,0x0,0x0,0x0,0x1,0x0,
0xff,0xff,0xff,0xff,0x7,0x0,0x0,0x0,
0xdf,0x2,0xd0,0x1,0x0,0x0,0x0,0x0,
0x0,0x0,0x7,0x0,0x0,0x0,0x0,0x0,
0x0,0x0,0x0,0x0,0xdf,0x2,0x0,0x0,
0x1,0x0,0x0,0x0,0x2f,0x6e,0x4,0x0,
0x0,0x18,0x6,0x2,0x0,0x0,0x0,0x0,
0x44,0x0,0x0,0x0,0x8,0x0,0x0,0x0,
0xdd,0x0,0x0,0x0,0x0,0x0,0x0,0x0,
0x38,0x0,0x0,0x0,0x0,0x0,0x0,0x0,
0x38,0x0,0x0,0x0,0x0,0x0,0x1,0x0,
0xff,0xff,0xff,0xff,0x7,0x0,0x0,0x0,
0xe0,0x2,0x10,0x1,0x0,0x0,0x0,0x0,
0x0,0x0,0x7,0x0,0x0,0x0,0x0,0x0,
0x0,0x0,0x0,0x0,0xe0,0x2,0x0,0x0,
0x1,0x0,0x0,0x0,0x2f,0x6f,0x4,0x0,
0x0,0x18,0x6,0x2,0x0,0x0,0x0,0x0,
0x44,0x0,0x0,0x0,0x12,0x0,0x0,0x0,
0xe2,0x0,0x0,0x0,0x0,0x0,0x0,0x0,
0x38,0x0,0x0,0x0,0x0,0x0,0x0,0x0,
0x38,0x0,0x0,0x0,0x0,0x0,0x1,0x0,
0xff,0xff,0xff,0xff,0x7,0x0,0x0,0x0,
0xe3,0x2,0xb0,0x2,0x0,0x0,0x0,0x0,
0x0,0x0,0x7,0x0,0x0,0x0,0x0,0x0,
0x0,0x0,0x0,0x0,0xe3,0x2,0x0,0x0,
0x1,0x0,0x0,0x0,0x2f,0x70,0x4,0x0,
0x0,0x3d,0x71,0x4,0x0,0x0,0x3d,0x72,
0x4,0x0,0x0,0x18,0x6,0x2,0x0,0x0,
0x0,0x0,0x0,0x0,0x0,0x0,0x0,0x0,
0x44,0x0,0x0,0x0,0x8,0x0,0x0,0x0,
0xe3,0x0,0x0,0x0,0x0,0x0,0x0,0x0,
0x38,0x0,0x0,0x0,0x0,0x0,0x0,0x0,
0x38,0x0,0x0,0x0,0x0,0x0,0x1,0x0,
0xff,0xff,0xff,0xff,0x7,0x0,0x0,0x0,
0xe3,0x2,0xc0,0x4,0x0,0x0,0x0,0x0,
0x0,0x0,0x7,0x0,0x0,0x0,0x0,0x0,
0x0,0x0,0x0,0x0,0xe3,0x2,0x0,0x0,
0x1,0x0,0x0,0x0,0x2f,0x73,0x4,0x0,
0x0,0x18,0x6,0x2,0x0,0x0,0x0,0x0,
0x44,0x0,0x0,0x0,0x1b,0x0,0x0,0x0,
0xe5,0x0,0x0,0x0,0x0,0x0,0x0,0x0,
0x38,0x0,0x0,0x0,0x0,0x0,0x0,0x0,
0x38,0x0,0x0,0x0,0x0,0x0,0x1,0x0,
0xff,0xff,0xff,0xff,0x8,0x0,0x0,0x0,
0xe3,0x2,0x30,0x6,0x0,0x0,0x0,0x0,
0x0,0x0,0x7,0x0,0x0,0x0,0x0,0x0,
0x0,0x0,0x0,0x0,0xe3,0x2,0x0,0x0,
0x1,0x0,0x0,0x0,0x2f,0x74,0x4,0x0,
0x0,0x3d,0x75,0x4,0x0,0x0,0x18,0x7,
0x2f,0x76,0x4,0x0,0x0,0x3d,0x77,0x4,
0x0,0x0,0x84,0x7,0x18,0x6,0x2,0x0,
0x0,0x0,0x0,0x0,0x0,0x0,0x0,0x0,
0x44,0x0,0x0,0x0,0xd,0x0,0x0,0x0,
0xe7,0x0,0x0,0x0,0x0,0x0,0x0,0x0,
0x38,0x0,0x0,0x0,0x0,0x0,0x0,0x0,
0x38,0x0,0x0,0x0,0x0,0x0,0x1,0x0,
0xff,0xff,0xff,0xff,0x8,0x0,0x0,0x0,
0xe3,0x2,0x90,0x9,0x0,0x0,0x0,0x0,
0x0,0x0,0x7,0x0,0x0,0x0,0x0,0x0,
0x0,0x0,0x0,0x0,0xe3,0x2,0x0,0x0,
0x1,0x0,0x0,0x0,0x13,0x13,0x2,0x0,
0x0,0x18,0x7,0xe8,0x1,0x7,0x18,0x6,
0x2,0x0,0x0,0x0,0x0,0x0,0x0,0x0,
0x44,0x0,0x0,0x0,0x2d,0x0,0x0,0x0,
0xe9,0x0,0x0,0x0,0x0,0x0,0x0,0x0,
0x38,0x0,0x0,0x0,0x0,0x0,0x0,0x0,
0x38,0x0,0x0,0x0,0x0,0x0,0x1,0x0,
0xff,0xff,0xff,0xff,0xb,0x0,0x0,0x0,
0xe3,0x2,0x70,0xb,0x0,0x0,0x0,0x0,
0x0,0x0,0x7,0x0,0x0,0x0,0x0,0x0,
0x0,0x0,0x0,0x0,0xe3,0x2,0x0,0x0,
0x1,0x0,0x0,0x0,0x2f,0x78,0x4,0x0,
0x0,0x3d,0x79,0x4,0x0,0x0,0x18,0x7,
0x13,0xc0,0x1,0x0,0x0,0x18,0xa,0xad,
0x7a,0x4,0x0,0x0,0x7,0x0,0x0,0x0,
0x1,0x0,0x0,0x0,0xa,0x0,0x0,0x0,
0x18,0x7,0xea,0x1,0x1,0x7,0x18,0x6,
0x2,0x0,0x0,0x0,0x0,0x0,0x0,0x0,
0x44,0x0,0x0,0x0,0xd,0x0,0x0,0x0,
0x9d,0x0,0x0,0x0,0x0,0x0,0x0,0x0,
0x38,0x0,0x0,0x0,0x0,0x0,0x0,0x0,
0x38,0x0,0x0,0x0,0x0,0x0,0x1,0x0,
0xff,0xff,0xff,0xff,0x7,0x0,0x0,0x0,
0x2,0x3,0x10,0x1,0x0,0x0,0x0,0x0,
0x0,0x0,0x7,0x0,0x0,0x0,0x0,0x0,
0x0,0x0,0x0,0x0,0x2,0x3,0x0,0x0,
0x1,0x0,0x0,0x0,0x2f,0x7b,0x4,0x0,
0x0,0x3d,0x7c,0x4,0x0,0x0,0x18,0x6,
0x2,0x0,0x0,0x0,0x0,0x0,0x0,0x0,
0x5c,0x0,0x0,0x0,0xc,0x0,0x0,0x0,
0x14,0x0,0x0,0x0,0x0,0x0,0x0,0x0,
0x38,0x0,0x0,0x0,0x0,0x0,0x0,0x0,
0x38,0x0,0x0,0x0,0x0,0x0,0x3,0x0,
0xfa,0x0,0x0,0x0,0x7,0x0,0x0,0x0,
0x3,0x3,0x10,0x1,0x0,0x0,0x0,0x0,
0x0,0x0,0x7,0x0,0x0,0x0,0x8,0x0,
0x0,0x0,0x0,0x0,0x3,0x3,0x0,0x0,
0x0,0x0,0x0,0x0,0x1,0x0,0x0,0x0,
0x3,0x3,0x0,0x0,0x1,0x0,0x0,0x0,
0x8,0x0,0x0,0x0,0x8,0x3,0x0,0x0,
0x1,0x0,0x0,0x0,0xca,0x29,0xfa,0x0,
0x0,0x0,0x18,0x6,0xd4,0x16,0x6,0x2,
0x0,0x0,0x0,0x0,0x0,0x0,0x0,0x0,
0x7c,0x0,0x0,0x0,0x87,0x0,0x0,0x0,
0x0,0x0,0x0,0x0,0x1,0x0,0x1,0x0,
0x38,0x0,0x0,0x0,0x0,0x0,0x0,0x0,
0x40,0x0,0x0,0x0,0x0,0x0,0x5,0x0,
0xff,0xff,0xff,0xff,0x11,0x0,0x0,0x0,
0x3,0x3,0xc0,0x1,0x0,0x0,0x0,0x0,
0x0,0x0,0x8,0x0,0x0,0x0,0x2,0x0,
0x4c,0x2,0x0,0x0,0x0,0x0,0x0,0x0,
0x0,0x0,0x0,0x0,0x4,0x3,0x0,0x0,
0x1,0x0,0x0,0x0,0x9,0x0,0x0,0x0,
0x4,0x3,0x0,0x0,0x2,0x0,0x0,0x0,
0xd,0x0,0x0,0x0,0x5,0x3,0x0,0x0,
0x3,0x0,0x0,0x0,0x30,0x0,0x0,0x0,
0x6,0x3,0x0,0x0,0x5,0x0,0x0,0x0,
0x85,0x0,0x0,0x0,0x8,0x3,0x0,0x0,
0x5,0x0,0x0,0x0,0x16,0x6,0x3d,0x7d,
0x4,0x0,0x0,0x50,0x7c,0x1,0x2,0x8,
0x1,0x16,0x6,0x3d,0x7e,0x4,0x0,0x0,
0x18,0x9,0x13,0xc0,0x1,0x0,0x0,0x18,
0xc,0xad,0x7f,0x4,0x0,0x0,0x9,0x0,
0x0,0x0,0x1,0x0,0x0,0x0,0xc,0x0,
0x0,0x0,0x18,0x8,0x2f,0x80,0x4,0x0,
0x0,0x18,0x9,0x1a,0x8,0xc,0x2f,0x81,
0x4,0x0,0x0,0x3d,0x82,0x4,0x0,0x0,
0x18,0xd,0x16,0x6,0x3d,0x83,0x4,0x0,
0x0,0x18,0xf,0x2f,0x84,0x4,0x0,0x0,
0x3d,0x85,0x4,0x0,0x0,0x82,0xf,0x50,
0x15,0x16,0x6,0x3d,0x86,0x4,0x0,0x0,
0x18,0x10,0x2f,0x87,0x4,0x0,0x0,0x3d,
0x88,0x4,0x0,0x0,0x6c,0x10,0x18,0xe,
0xad,0x89,0x4,0x0,0x0,0x9,0x0,0x0,
0x0,0x3,0x0,0x0,0x0,0xc,0x0,0x0,
0x0,0xe,0x2,0x0,0x0,0x0,0x0,0x0,
0x44,0x0,0x0,0x0,0x8,0x0,0x0,0x0,
0x12,0x0,0x0,0x0,0x0,0x0,0x0,0x0,
0x38,0x0,0x0,0x0,0x0,0x0,0x0,0x0,
0x38,0x0,0x0,0x0,0x0,0x0,0x1,0x0,
0xff,0xff,0xff,0xff,0x7,0x0,0x0,0x0,
0x1,0x3,0x10,0x1,0x0,0x0,0x0,0x0,
0x0,0x0,0x7,0x0,0x0,0x0,0x0,0x0,
0x0,0x0,0x0,0x0,0x1,0x3,0x0,0x0,
0x1,0x0,0x0,0x0,0x2f,0x8a,0x4,0x0,
0x0,0x18,0x6,0x2,0x0,0x0,0x0,0x0,
0x68,0x0,0x0,0x0,0x56,0x0,0x0,0x0,
0x60,0x0,0x0,0x0,0x0,0x0,0x0,0x0,
0x38,0x0,0x0,0x0,0x0,0x0,0x0,0x0,
0x38,0x0,0x0,0x0,0x0,0x0,0x4,0x0,
0xff,0xff,0xff,0xff,0xc,0x0,0x0,0x0,
0xb,0x3,0xd0,0x0,0x0,0x0,0x0,0x0,
0x0,0x0,0x7,0x0,0x0,0x0,0x0,0x0,
0x0,0x0,0x0,0x0,0xb,0x3,0x0,0x0,
0x0,0x0,0x0,0x0,0x1,0x0,0x0,0x0,
0xc,0x3,0x0,0x0,0x2,0x0,0x0,0x0,
0x2c,0x0,0x0,0x0,0xd,0x3,0x0,0x0,
0x4,0x0,0x0,0x0,0x52,0x0,0x0,0x0,
0xf,0x3,0x0,0x0,0x4,0x0,0x0,0x0,
0xca,0x2f,0x8b,0x4,0x0,0x0,0x3d,0x8c,
0x4,0x0,0x0,0x50,0x45,0x2f,0x8d,0x4,
0x0,0x0,0x3d,0x8e,0x4,0x0,0x0,0x74,
0x4e,0x12,0x2f,0x8f,0x4,0x0,0x0,0x3d,
0x90,0x4,0x0,0x0,0x18,0x7,0x12,0x0,
0x6c,0x7,0x50,0x26,0x2f,0x91,0x4,0x0,
0x0,0x18,0x8,0x2f,0x92,0x4,0x0,0x0,
0x3d,0x93,0x4,0x0,0x0,0x18,0xb,0xad,
0x94,0x4,0x0,0x0,0x8,0x0,0x0,0x0,
0x1,0x0,0x0,0x0,0xb,0x0,0x0,0x0,
0x18,0x6,0xd4,0x16,0x6,0x2,0x0,0x0,
0x0,0x0,0x0,0x0,0x0,0x0,0x0,0x0,
0x44,0x0,0x0,0x0,0x36,0x0,0x0,0x0,
0x4,0x1,0x0,0x0,0x0,0x0,0x0,0x0,
0x38,0x0,0x0,0x0,0x0,0x0,0x0,0x0,
0x38,0x0,0x0,0x0,0x0,0x0,0x1,0x0,
0xff,0xff,0xff,0xff,0x9,0x0,0x0,0x0,
0x18,0x3,0x90,0x0,0x0,0x0,0x0,0x0,
0x0,0x0,0x7,0x0,0x0,0x0,0x0,0x0,
0x0,0x0,0x0,0x0,0x18,0x3,0x0,0x0,
0x1,0x0,0x0,0x0,0x2f,0x95,0x4,0x0,
0x0,0x3d,0x96,0x4,0x0,0x0,0x18,0x7,
0x13,0x7d,0x1,0x0,0x0,0x6c,0x7,0x50,
0x4,0x10,0x1,0x4c,0x1a,0x2f,0x97,0x4,
0x0,0x0,0x3d,0x98,0x4,0x0,0x0,0x18,
0x8,0x13,0x1e,0x2,0x0,0x0,0x6c,0x8,
0x50,0x3,0x6,0x4c,0x2,0x10,0x2,0x18,
0x6,0x2,0x0,0x0,0x0,0x0,0x0,0x0,
0x44,0x0,0x0,0x0,0x8,0x0,0x0,0x0,
0x12,0x0,0x0,0x0,0x0,0x0,0x0,0x0,
0x38,0x0,0x0,0x0,0x0,0x0,0x0,0x0,
0x38,0x0,0x0,0x0,0x0,0x0,0x1,0x0,
0xff,0xff,0xff,0xff,0x7,0x0,0x0,0x0,
0x17,0x3,0x90,0x0,0x0,0x0,0x0,0x0,
0x0,0x0,0x7,0x0,0x0,0x0,0x0,0x0,
0x0,0x0,0x0,0x0,0x17,0x3,0x0,0x0,
0x1,0x0,0x0,0x0,0x2f,0x99,0x4,0x0,
0x0,0x18,0x6,0x2,0x0,0x0,0x0,0x0,
0x44,0x0,0x0,0x0,0xd,0x0,0x0,0x0,
0x8,0x1,0x0,0x0,0x0,0x0,0x0,0x0,
0x38,0x0,0x0,0x0,0x0,0x0,0x0,0x0,
0x38,0x0,0x0,0x0,0x0,0x0,0x1,0x0,
0xff,0xff,0xff,0xff,0x7,0x0,0x0,0x0,
0x1b,0x3,0x50,0x1,0x0,0x0,0x0,0x0,
0x0,0x0,0x7,0x0,0x0,0x0,0x0,0x0,
0x0,0x0,0x0,0x0,0x1b,0x3,0x0,0x0,
0x1,0x0,0x0,0x0,0x2f,0x9a,0x4,0x0,
0x0,0x3d,0x9b,0x4,0x0,0x0,0x18,0x6,
0x2,0x0,0x0,0x0,0x0,0x0,0x0,0x0,
0x44,0x0,0x0,0x0,0x8,0x0,0x0,0x0,
0xb,0x1,0x0,0x0,0x0,0x0,0x0,0x0,
0x38,0x0,0x0,0x0,0x0,0x0,0x0,0x0,
0x38,0x0,0x0,0x0,0x0,0x0,0x1,0x0,
0xff,0xff,0xff,0xff,0x7,0x0,0x0,0x0,
0x1b,0x3,0xe0,0x3,0x0,0x0,0x0,0x0,
0x0,0x0,0x7,0x0,0x0,0x0,0x0,0x0,
0x0,0x0,0x0,0x0,0x1b,0x3,0x0,0x0,
0x1,0x0,0x0,0x0,0x2f,0x9c,0x4,0x0,
0x0,0x18,0x6,0x2,0x0,0x0,0x0,0x0,
0x44,0x0,0x0,0x0,0xd,0x0,0x0,0x0,
0xd,0x1,0x0,0x0,0x0,0x0,0x0,0x0,
0x38,0x0,0x0,0x0,0x0,0x0,0x0,0x0,
0x38,0x0,0x0,0x0,0x0,0x0,0x1,0x0,
0xff,0xff,0xff,0xff,0x7,0x0,0x0,0x0,
0x1d,0x3,0xd0,0x0,0x0,0x0,0x0,0x0,
0x0,0x0,0x7,0x0,0x0,0x0,0x0,0x0,
0x0,0x0,0x0,0x0,0x1d,0x3,0x0,0x0,
0x1,0x0,0x0,0x0,0x2f,0x9d,0x4,0x0,
0x0,0x3d,0x9e,0x4,0x0,0x0,0x18,0x6,
0x2,0x0,0x0,0x0,0x0,0x0,0x0,0x0,
0x44,0x0,0x0,0x0,0xd,0x0,0x0,0x0,
0x12,0x1,0x0,0x0,0x0,0x0,0x0,0x0,
0x38,0x0,0x0,0x0,0x0,0x0,0x0,0x0,
0x38,0x0,0x0,0x0,0x0,0x0,0x1,0x0,
0xff,0xff,0xff,0xff,0x7,0x0,0x0,0x0,
0x21,0x3,0xd0,0x0,0x0,0x0,0x0,0x0,
0x0,0x0,0x7,0x0,0x0,0x0,0x0,0x0,
0x0,0x0,0x0,0x0,0x21,0x3,0x0,0x0,
0x1,0x0,0x0,0x0,0x2f,0x9f,0x4,0x0,
0x0,0x3d,0xa0,0x4,0x0,0x0,0x18,0x6,
0x2,0x0,0x0,0x0,0x0,0x0,0x0,0x0,
0x50,0x0,0x0,0x0,0x1f,0x0,0x0,0x0,
0x18,0x1,0x0,0x0,0x0,0x0,0x0,0x0,
0x38,0x0,0x0,0x0,0x0,0x0,0x0,0x0,
0x38,0x0,0x0,0x0,0x0,0x0,0x2,0x0,
0xff,0xff,0xff,0xff,0xa,0x0,0x0,0x0,
0x2a,0x3,0xd0,0x0,0x0,0x0,0x0,0x0,
0x0,0x0,0x7,0x0,0x0,0x0,0x0,0x0,
0x0,0x0,0x0,0x0,0x2a,0x3,0x0,0x0,
0x0,0x0,0x0,0x0,0x1,0x0,0x0,0x0,
0x2a,0x3,0x0,0x0,0x1,0x0,0x0,0x0,
0xca,0x2f,0xa1,0x4,0x0,0x0,0x18,0x7,
0xad,0xa2,0x4,0x0,0x0,0x7,0x0,0x0,
0x0,0x0,0x0,0x0,0x0,0x0,0x0,0x0,
0x0,0x18,0x6,0xd4,0x16,0x6,0x2,0x0,
0x50,0x0,0x0,0x0,0x1f,0x0,0x0,0x0,
0x1a,0x1,0x0,0x0,0x0,0x0,0x0,0x0,
0x38,0x0,0x0,0x0,0x0,0x0,0x0,0x0,
0x38,0x0,0x0,0x0,0x0,0x0,0x2,0x0,
0xff,0xff,0xff,0xff,0xa,0x0,0x0,0x0,
0x2b,0x3,0xd0,0x0,0x0,0x0,0x0,0x0,
0x0,0x0,0x7,0x0,0x0,0x0,0x0,0x0,
0x0,0x0,0x0,0x0,0x2b,0x3,0x0,0x0,
0x0,0x0,0x0,0x0,0x1,0x0,0x0,0x0,
0x2b,0x3,0x0,0x0,0x1,0x0,0x0,0x0,
0xca,0x2f,0xa3,0x4,0x0,0x0,0x18,0x7,
0xad,0xa4,0x4,0x0,0x0,0x7,0x0,0x0,
0x0,0x0,0x0,0x0,0x0,0x0,0x0,0x0,
0x0,0x18,0x6,0xd4,0x16,0x6,0x2,0x0,
0x50,0x0,0x0,0x0,0x1f,0x0,0x0,0x0,
0x1c,0x1,0x0,0x0,0x0,0x0,0x0,0x0,
0x38,0x0,0x0,0x0,0x0,0x0,0x0,0x0,
0x38,0x0,0x0,0x0,0x0,0x0,0x2,0x0,
0xff,0xff,0xff,0xff,0xa,0x0,0x0,0x0,
0x2c,0x3,0xd0,0x0,0x0,0x0,0x0,0x0,
0x0,0x0,0x7,0x0,0x0,0x0,0x0,0x0,
0x0,0x0,0x0,0x0,0x2c,0x3,0x0,0x0,
0x0,0x0,0x0,0x0,0x1,0x0,0x0,0x0,
0x2c,0x3,0x0,0x0,0x1,0x0,0x0,0x0,
0xca,0x2f,0xa5,0x4,0x0,0x0,0x18,0x7,
0xad,0xa6,0x4,0x0,0x0,0x7,0x0,0x0,
0x0,0x0,0x0,0x0,0x0,0x0,0x0,0x0,
0x0,0x18,0x6,0xd4,0x16,0x6,0x2,0x0,
0x44,0x0,0x0,0x0,0xd,0x0,0x0,0x0,
0x23,0x1,0x0,0x0,0x0,0x0,0x0,0x0,
0x38,0x0,0x0,0x0,0x0,0x0,0x0,0x0,
0x38,0x0,0x0,0x0,0x0,0x0,0x1,0x0,
0xff,0xff,0xff,0xff,0x7,0x0,0x0,0x0,
0x30,0x3,0xd0,0x0,0x0,0x0,0x0,0x0,
0x0,0x0,0x7,0x0,0x0,0x0,0x0,0x0,
0x0,0x0,0x0,0x0,0x30,0x3,0x0,0x0,
0x1,0x0,0x0,0x0,0x2f,0xa7,0x4,0x0,
0x0,0x3d,0xa8,0x4,0x0,0x0,0x18,0x6,
0x2,0x0,0x0,0x0,0x0,0x0,0x0,0x0,
0x5c,0x0,0x0,0x0,0xc,0x0,0x0,0x0,
0x14,0x1,0x0,0x0,0x0,0x0,0x0,0x0,
0x38,0x0,0x0,0x0,0x0,0x0,0x0,0x0,
0x38,0x0,0x0,0x0,0x0,0x0,0x3,0x0,
0x8,0x1,0x0,0x0,0x7,0x0,0x0,0x0,
0x22,0x3,0xd0,0x0,0x0,0x0,0x0,0x0,
0x0,0x0,0x7,0x0,0x0,0x0,0x8,0x0,
0x0,0x0,0x0,0x0,0x22,0x3,0x0,0x0,
0x0,0x0,0x0,0x0,0x1,0x0,0x0,0x0,
0x22,0x3,0x0,0x0,0x1,0x0,0x0,0x0,
0x8,0x0,0x0,0x0,0x27,0x3,0x0,0x0,
0x1,0x0,0x0,0x0,0xca,0x29,0x8,0x1,
0x0,0x0,0x18,0x6,0xd4,0x16,0x6,0x2,
0x0,0x0,0x0,0x0,0x0,0x0,0x0,0x0,
0x70,0x0,0x0,0x0,0x2b,0x0,0x0,0x0,
0x0,0x0,0x0,0x0,0x1,0x0,0x1,0x0,
0x38,0x0,0x0,0x0,0x0,0x0,0x0,0x0,
0x40,0x0,0x0,0x0,0x0,0x0,0x4,0x0,
0xff,0xff,0xff,0xff,0xb,0x0,0x0,0x0,
0x22,0x3,0x30,0x2,0x0,0x0,0x0,0x0,
0x0,0x0,0x8,0x0,0x0,0x0,0x2,0x0,
0x4b,0x2,0x0,0x0,0x0,0x0,0x0,0x0,
0x0,0x0,0x0,0x0,0x23,0x3,0x0,0x0,
0x1,0x0,0x0,0x0,0x7,0x0,0x0,0x0,
0x24,0x3,0x0,0x0,0x4,0x0,0x0,0x0,
0x1f,0x0,0x0,0x0,0x25,0x3,0x0,0x0,
0x6,0x0,0x0,0x0,0x29,0x0,0x0,0x0,
0x27,0x3,0x0,0x0,0x6,0x0,0x0,0x0,
0x2f,0xa9,0x4,0x0,0x0,0x50,0x22,0x2f,
0xaa,0x4,0x0,0x0,0x18,0x8,0xad,0xab,
0x4,0x0,0x0,0x8,0x0,0x0,0x0,0x0,
0x0,0x0,0x0,0x0,0x0,0x0,0x0,0x8,
0x43,0xac,0x4,0x0,0x0,0x6,0x0,0x0,
0x0,0xe,0x2,0x0,0x0,0x0,0x0,0x0,
0x0,0x0,0x0,0x0,0x0,0x0,0x0,0x0,
0x44,0x0,0x0,0x0,0xd,0x0,0x0,0x0,
0x1f,0x1,0x0,0x0,0x0,0x0,0x0,0x0,
0x38,0x0,0x0,0x0,0x0,0x0,0x0,0x0,
0x38,0x0,0x0,0x0,0x0,0x0,0x1,0x0,
0xff,0xff,0xff,0xff,0x7,0x0,0x0,0x0,
0x2d,0x3,0xd0,0x2,0x0,0x0,0x0,0x0,
0x0,0x0,0x7,0x0,0x0,0x0,0x0,0x0,
0x0,0x0,0x0,0x0,0x2d,0x3,0x0,0x0,
0x1,0x0,0x0,0x0,0x2f,0xad,0x4,0x0,
0x0,0x3d,0xae,0x4,0x0,0x0,0x18,0x6,
0x2,0x0,0x0,0x0,0x0,0x0,0x0,0x0,
0x44,0x0,0x0,0x0,0xd,0x0,0x0,0x0,
0x1f,0x1,0x0,0x0,0x0,0x0,0x0,0x0,
0x38,0x0,0x0,0x0,0x0,0x0,0x0,0x0,
0x38,0x0,0x0,0x0,0x0,0x0,0x1,0x0,
0xff,0xff,0xff,0xff,0x7,0x0,0x0,0x0,
0x2e,0x3,0xf0,0x2,0x0,0x0,0x0,0x0,
0x0,0x0,0x7,0x0,0x0,0x0,0x0,0x0,
0x0,0x0,0x0,0x0,0x2e,0x3,0x0,0x0,
0x1,0x0,0x0,0x0,0x2f,0xaf,0x4,0x0,
0x0,0x3d,0xb0,0x4,0x0,0x0,0x18,0x6,
0x2,0x0,0x0,0x0,0x0,0x0,0x0,0x0,
0x44,0x0,0x0,0x0,0xd,0x0,0x0,0x0,
0x59,0x0,0x0,0x0,0x0,0x0,0x0,0x0,
0x38,0x0,0x0,0x0,0x0,0x0,0x0,0x0,
0x38,0x0,0x0,0x0,0x0,0x0,0x1,0x0,
0xff,0xff,0xff,0xff,0x7,0x0,0x0,0x0,
0x32,0x3,0x80,0x1,0x0,0x0,0x0,0x0,
0x0,0x0,0x7,0x0,0x0,0x0,0x0,0x0,
0x0,0x0,0x0,0x0,0x32,0x3,0x0,0x0,
0x1,0x0,0x0,0x0,0x2f,0xb1,0x4,0x0,
0x0,0x3d,0xb2,0x4,0x0,0x0,0x18,0x6,
0x2,0x0,0x0,0x0,0x0,0x0,0x0,0x0,
0x44,0x0,0x0,0x0,0xd,0x0,0x0,0x0,
0x55,0x0,0x0,0x0,0x0,0x0,0x0,0x0,
0x38,0x0,0x0,0x0,0x0,0x0,0x0,0x0,
0x38,0x0,0x0,0x0,0x0,0x0,0x1,0x0,
0xff,0xff,0xff,0xff,0x7,0x0,0x0,0x0,
0x32,0x3,0x50,0x3,0x0,0x0,0x0,0x0,
0x0,0x0,0x7,0x0,0x0,0x0,0x0,0x0,
0x0,0x0,0x0,0x0,0x32,0x3,0x0,0x0,
0x1,0x0,0x0,0x0,0x2f,0xb3,0x4,0x0,
0x0,0x3d,0xb4,0x4,0x0,0x0,0x18,0x6,
0x2,0x0,0x0,0x0,0x0,0x0,0x0,0x0,
0x44,0x0,0x0,0x0,0x8,0x0,0x0,0x0,
0x12,0x0,0x0,0x0,0x0,0x0,0x0,0x0,
0x38,0x0,0x0,0x0,0x0,0x0,0x0,0x0,
0x38,0x0,0x0,0x0,0x0,0x0,0x1,0x0,
0xff,0xff,0xff,0xff,0x7,0x0,0x0,0x0,
0x35,0x3,0x50,0x1,0x0,0x0,0x0,0x0,
0x0,0x0,0x7,0x0,0x0,0x0,0x0,0x0,
0x0,0x0,0x0,0x0,0x35,0x3,0x0,0x0,
0x1,0x0,0x0,0x0,0x2f,0xb5,0x4,0x0,
0x0,0x18,0x6,0x2,0x0,0x0,0x0,0x0,
0x44,0x0,0x0,0x0,0xd,0x0,0x0,0x0,
0x93,0x0,0x0,0x0,0x0,0x0,0x0,0x0,
0x38,0x0,0x0,0x0,0x0,0x0,0x0,0x0,
0x38,0x0,0x0,0x0,0x0,0x0,0x1,0x0,
0xff,0xff,0xff,0xff,0x7,0x0,0x0,0x0,
0x38,0x3,0x70,0x3,0x0,0x0,0x0,0x0,
0x0,0x0,0x7,0x0,0x0,0x0,0x0,0x0,
0x0,0x0,0x0,0x0,0x38,0x3,0x0,0x0,
0x1,0x0,0x0,0x0,0x2f,0xb6,0x4,0x0,
0x0,0x3d,0xb7,0x4,0x0,0x0,0x18,0x6,
0x2,0x0,0x0,0x0,0x0,0x0,0x0,0x0,
0x44,0x0,0x0,0x0,0x1b,0x0,0x0,0x0,
0x28,0x1,0x0,0x0,0x0,0x0,0x0,0x0,
0x38,0x0,0x0,0x0,0x0,0x0,0x0,0x0,
0x38,0x0,0x0,0x0,0x0,0x0,0x1,0x0,
0xff,0xff,0xff,0xff,0x8,0x0,0x0,0x0,
0x39,0x3,0x90,0x1,0x0,0x0,0x0,0x0,
0x0,0x0,0x7,0x0,0x0,0x0,0x0,0x0,
0x0,0x0,0x0,0x0,0x39,0x3,0x0,0x0,
0x1,0x0,0x0,0x0,0x2f,0xb8,0x4,0x0,
0x0,0x3d,0xb9,0x4,0x0,0x0,0x18,0x7,
0x2f,0xba,0x4,0x0,0x0,0x3d,0xbb,0x4,
0x0,0x0,0x9c,0x7,0x18,0x6,0x2,0x0,
0x0,0x0,0x0,0x0,0x0,0x0,0x0,0x0,
0x44,0x0,0x0,0x0,0x12,0x0,0x0,0x0,
0x2a,0x1,0x0,0x0,0x0,0x0,0x0,0x0,
0x38,0x0,0x0,0x0,0x0,0x0,0x0,0x0,
0x38,0x0,0x0,0x0,0x0,0x0,0x1,0x0,
0xff,0xff,0xff,0xff,0x8,0x0,0x0,0x0,
0x3a,0x3,0x90,0x1,0x0,0x0,0x0,0x0,
0x0,0x0,0x7,0x0,0x0,0x0,0x0,0x0,
0x0,0x0,0x0,0x0,0x3a,0x3,0x0,0x0,
0x1,0x0,0x0,0x0,0x14,0x39,0x7,0x2f,
0xbc,0x4,0x0,0x0,0x3d,0xbd,0x4,0x0,
0x0,0x9c,0x7,0x18,0x6,0x2,0x0,0x0,
0x0,0x0,0x0,0x0,0x0,0x0,0x0,0x0,
0x44,0x0,0x0,0x0,0x13,0x0,0x0,0x0,
0x2c,0x1,0x0,0x0,0x0,0x0,0x0,0x0,
0x38,0x0,0x0,0x0,0x0,0x0,0x0,0x0,
0x38,0x0,0x0,0x0,0x0,0x0,0x1,0x0,
0xff,0xff,0xff,0xff,0x8,0x0,0x0,0x0,
0x3b,0x3,0x90,0x1,0x0,0x0,0x0,0x0,
0x0,0x0,0x7,0x0,0x0,0x0,0x0,0x0,
0x0,0x0,0x0,0x0,0x3b,0x3,0x0,0x0,
0x1,0x0,0x0,0x0,0x2f,0xbe,0x4,0x0,
0x0,0x3d,0xbf,0x4,0x0,0x0,0x18,0x7,
0x12,0x48,0x6c,0x7,0x18,0x6,0x2,0x0,
0x0,0x0,0x0,0x0,0x0,0x0,0x0,0x0,
0x44,0x0,0x0,0x0,0xd,0x0,0x0,0x0,
0x2e,0x1,0x0,0x0,0x0,0x0,0x0,0x0,
0x38,0x0,0x0,0x0,0x0,0x0,0x0,0x0,
0x38,0x0,0x0,0x0,0x0,0x0,0x1,0x0,
0xff,0xff,0xff,0xff,0x7,0x0,0x0,0x0,
0x3c,0x3,0x90,0x1,0x0,0x0,0x0,0x0,
0x0,0x0,0x7,0x0,0x0,0x0,0x0,0x0,
0x0,0x0,0x0,0x0,0x3c,0x3,0x0,0x0,
0x1,0x0,0x0,0x0,0x2f,0xc0,0x4,0x0,
0x0,0x3d,0xc1,0x4,0x0,0x0,0x18,0x6,
0x2,0x0,0x0,0x0,0x0,0x0,0x0,0x0,
0x50,0x0,0x0,0x0,0x18,0x0,0x0,0x0,
0xeb,0x0,0x0,0x0,0x0,0x0,0x0,0x0,
0x38,0x0,0x0,0x0,0x0,0x0,0x0,0x0,
0x38,0x0,0x0,0x0,0x0,0x0,0x2,0x0,
0xff,0xff,0xff,0xff,0xa,0x0,0x0,0x0,
0x3d,0x3,0x90,0x1,0x0,0x0,0x0,0x0,
0x0,0x0,0x7,0x0,0x0,0x0,0x0,0x0,
0x0,0x0,0x0,0x0,0x3d,0x3,0x0,0x0,
0x0,0x0,0x0,0x0,0x1,0x0,0x0,0x0,
0x3d,0x3,0x0,0x0,0x1,0x0,0x0,0x0,
0xca,0x12,0x48,0x18,0x9,0xb5,0xc2,0x4,
0x0,0x0,0x1,0x0,0x0,0x0,0x9,0x0,
0x0,0x0,0x18,0x6,0xd4,0x16,0x6,0x2,
0x50,0x0,0x0,0x0,0xc,0x0,0x0,0x0,
0x30,0x1,0x0,0x0,0x0,0x0,0x0,0x0,
0x38,0x0,0x0,0x0,0x0,0x0,0x0,0x0,
0x38,0x0,0x0,0x0,0x0,0x0,0x2,0x0,
0x15,0x1,0x0,0x0,0x7,0x0,0x0,0x0,
0x3e,0x3,0x90,0x1,0x0,0x0,0x0,0x0,
0x0,0x0,0x7,0x0,0x0,0x0,0x8,0x0,
0x0,0x0,0x0,0x0,0x3e,0x3,0x0,0x0,
0x0,0x0,0x0,0x0,0x1,0x0,0x0,0x0,
0x3e,0x3,0x0,0x0,0x1,0x0,0x0,0x0,
0xca,0x29,0x15,0x1,0x0,0x0,0x18,0x6,
0xd4,0x16,0x6,0x2,0x0,0x0,0x0,0x0,
0x0,0x0,0x0,0x0,0x0,0x0,0x0,0x0,
0x4c,0x0,0x0,0x0,0x24,0x0,0x0,0x0,
0x0,0x0,0x0,0x0,0x1,0x0,0x1,0x0,
0x38,0x0,0x0,0x0,0x0,0x0,0x0,0x0,
0x40,0x0,0x0,0x0,0x0,0x0,0x1,0x0,
0xff,0xff,0xff,0xff,0xb,0x0,0x0,0x0,
0x3e,0x3,0x10,0x3,0x0,0x0,0x0,0x0,
0x0,0x0,0x8,0x0,0x0,0x0,0x2,0x0,
0x4f,0x2,0x0,0x0,0x0,0x0,0x0,0x0,
0x0,0x0,0x0,0x0,0x3e,0x3,0x0,0x0,
0x1,0x0,0x0,0x0,0x2f,0xc3,0x4,0x0,
0x0,0x18,0x8,0x1a,0x6,0x9,0x2f,0xc4,
0x4,0x0,0x0,0x3d,0xc5,0x4,0x0,0x0,
0x9e,0x9,0x18,0xa,0x43,0xc6,0x4,0x0,
0x0,0x8,0x0,0x0,0x0,0x16,0xa,0x2,
0x0,0x0,0x0,0x0,0x0,0x0,0x0,0x0,
0x44,0x0,0x0,0x0,0xd,0x0,0x0,0x0,
0xb5,0x0,0x0,0x0,0x0,0x0,0x0,0x0,
0x38,0x0,0x0,0x0,0x0,0x0,0x0,0x0,
0x38,0x0,0x0,0x0,0x0,0x0,0x1,0x0,
0xff,0xff,0xff,0xff,0x7,0x0,0x0,0x0,
0x41,0x3,0x90,0x1,0x0,0x0,0x0,0x0,
0x0,0x0,0x7,0x0,0x0,0x0,0x0,0x0,
0x0,0x0,0x0,0x0,0x41,0x3,0x0,0x0,
0x1,0x0,0x0,0x0,0x2f,0xc7,0x4,0x0,
0x0,0x3d,0xc8,0x4,0x0,0x0,0x18,0x6,
0x2,0x0,0x0,0x0,0x0,0x0,0x0,0x0,
0x44,0x0,0x0,0x0,0xd,0x0,0x0,0x0,
0x93,0x0,0x0,0x0,0x0,0x0,0x0,0x0,
0x38,0x0,0x0,0x0,0x0,0x0,0x0,0x0,
0x38,0x0,0x0,0x0,0x0,0x0,0x1,0x0,
0xff,0xff,0xff,0xff,0x7,0x0,0x0,0x0,
0x41,0x3,0x70,0x5,0x0,0x0,0x0,0x0,
0x0,0x0,0x7,0x0,0x0,0x0,0x0,0x0,
0x0,0x0,0x0,0x0,0x41,0x3,0x0,0x0,
0x1,0x0,0x0,0x0,0x2f,0xc9,0x4,0x0,
0x0,0x3d,0xca,0x4,0x0,0x0,0x18,0x6,
0x2,0x0,0x0,0x0,0x0,0x0,0x0,0x0,
0x44,0x0,0x0,0x0,0x1b,0x0,0x0,0x0,
0x28,0x1,0x0,0x0,0x0,0x0,0x0,0x0,
0x38,0x0,0x0,0x0,0x0,0x0,0x0,0x0,
0x38,0x0,0x0,0x0,0x0,0x0,0x1,0x0,
0xff,0xff,0xff,0xff,0x8,0x0,0x0,0x0,
0x42,0x3,0x90,0x1,0x0,0x0,0x0,0x0,
0x0,0x0,0x7,0x0,0x0,0x0,0x0,0x0,
0x0,0x0,0x0,0x0,0x42,0x3,0x0,0x0,
0x1,0x0,0x0,0x0,0x2f,0xcb,0x4,0x0,
0x0,0x3d,0xcc,0x4,0x0,0x0,0x18,0x7,
0x2f,0xcd,0x4,0x0,0x0,0x3d,0xce,0x4,
0x0,0x0,0x9c,0x7,0x18,0x6,0x2,0x0,
0x0,0x0,0x0,0x0,0x0,0x0,0x0,0x0,
0x44,0x0,0x0,0x0,0xd,0x0,0x0,0x0,
0xd2,0x0,0x0,0x0,0x0,0x0,0x0,0x0,
0x38,0x0,0x0,0x0,0x0,0x0,0x0,0x0,
0x38,0x0,0x0,0x0,0x0,0x0,0x1,0x0,
0xff,0xff,0xff,0xff,0x7,0x0,0x0,0x0,
0x43,0x3,0x90,0x1,0x0,0x0,0x0,0x0,
0x0,0x0,0x7,0x0,0x0,0x0,0x0,0x0,
0x0,0x0,0x0,0x0,0x43,0x3,0x0,0x0,
0x1,0x0,0x0,0x0,0x2f,0xcf,0x4,0x0,
0x0,0x3d,0xd0,0x4,0x0,0x0,0x18,0x6,
0x2,0x0,0x0,0x0,0x0,0x0,0x0,0x0,
0x44,0x0,0x0,0x0,0x16,0x0,0x0,0x0,
0x2c,0x1,0x0,0x0,0x0,0x0,0x0,0x0,
0x38,0x0,0x0,0x0,0x0,0x0,0x0,0x0,
0x38,0x0,0x0,0x0,0x0,0x0,0x1,0x0,
0xff,0xff,0xff,0xff,0x8,0x0,0x0,0x0,
0x45,0x3,0x90,0x1,0x0,0x0,0x0,0x0,
0x0,0x0,0x7,0x0,0x0,0x0,0x0,0x0,
0x0,0x0,0x0,0x0,0x45,0x3,0x0,0x0,
0x1,0x0,0x0,0x0,0x2f,0xd1,0x4,0x0,
0x0,0x3d,0xd2,0x4,0x0,0x0,0x18,0x7,
0x13,0x32,0x1,0x0,0x0,0x6c,0x7,0x18,
0x6,0x2,0x0,0x0,0x0,0x0,0x0,0x0,
0x44,0x0,0x0,0x0,0xd,0x0,0x0,0x0,
0x2e,0x1,0x0,0x0,0x0,0x0,0x0,0x0,
0x38,0x0,0x0,0x0,0x0,0x0,0x0,0x0,
0x38,0x0,0x0,0x0,0x0,0x0,0x1,0x0,
0xff,0xff,0xff,0xff,0x7,0x0,0x0,0x0,
0x46,0x3,0x90,0x1,0x0,0x0,0x0,0x0,
0x0,0x0,0x7,0x0,0x0,0x0,0x0,0x0,
0x0,0x0,0x0,0x0,0x46,0x3,0x0,0x0,
0x1,0x0,0x0,0x0,0x2f,0xd3,0x4,0x0,
0x0,0x3d,0xd4,0x4,0x0,0x0,0x18,0x6,
0x2,0x0,0x0,0x0,0x0,0x0,0x0,0x0,
0x50,0x0,0x0,0x0,0x1b,0x0,0x0,0x0,
0xeb,0x0,0x0,0x0,0x0,0x0,0x0,0x0,
0x38,0x0,0x0,0x0,0x0,0x0,0x0,0x0,
0x38,0x0,0x0,0x0,0x0,0x0,0x2,0x0,
0xff,0xff,0xff,0xff,0xa,0x0,0x0,0x0,
0x47,0x3,0x90,0x1,0x0,0x0,0x0,0x0,
0x0,0x0,0x7,0x0,0x0,0x0,0x0,0x0,
0x0,0x0,0x0,0x0,0x47,0x3,0x0,0x0,
0x0,0x0,0x0,0x0,0x1,0x0,0x0,0x0,
0x47,0x3,0x0,0x0,0x1,0x0,0x0,0x0,
0xca,0x13,0x32,0x1,0x0,0x0,0x18,0x9,
0xb5,0xd5,0x4,0x0,0x0,0x1,0x0,0x0,
0x0,0x9,0x0,0x0,0x0,0x18,0x6,0xd4,
0x16,0x6,0x2,0x0,0x0,0x0,0x0,0x0,
0x50,0x0,0x0,0x0,0xc,0x0,0x0,0x0,
0x30,0x1,0x0,0x0,0x0,0x0,0x0,0x0,
0x38,0x0,0x0,0x0,0x0,0x0,0x0,0x0,
0x38,0x0,0x0,0x0,0x0,0x0,0x2,0x0,
0x1e,0x1,0x0,0x0,0x7,0x0,0x0,0x0,
0x48,0x3,0x90,0x1,0x0,0x0,0x0,0x0,
0x0,0x0,0x7,0x0,0x0,0x0,0x8,0x0,
0x0,0x0,0x0,0x0,0x48,0x3,0x0,0x0,
0x0,0x0,0x0,0x0,0x1,0x0,0x0,0x0,
0x48,0x3,0x0,0x0,0x1,0x0,0x0,0x0,
0xca,0x29,0x1e,0x1,0x0,0x0,0x18,0x6,
0xd4,0x16,0x6,0x2,0x0,0x0,0x0,0x0,
0x0,0x0,0x0,0x0,0x0,0x0,0x0,0x0,
0x4c,0x0,0x0,0x0,0x24,0x0,0x0,0x0,
0x0,0x0,0x0,0x0,0x1,0x0,0x1,0x0,
0x38,0x0,0x0,0x0,0x0,0x0,0x0,0x0,
0x40,0x0,0x0,0x0,0x0,0x0,0x1,0x0,
0xff,0xff,0xff,0xff,0xb,0x0,0x0,0x0,
0x48,0x3,0x10,0x3,0x0,0x0,0x0,0x0,
0x0,0x0,0x8,0x0,0x0,0x0,0x2,0x0,
0x4f,0x2,0x0,0x0,0x0,0x0,0x0,0x0,
0x0,0x0,0x0,0x0,0x48,0x3,0x0,0x0,
0x1,0x0,0x0,0x0,0x2f,0xd6,0x4,0x0,
0x0,0x18,0x8,0x1a,0x6,0x9,0x2f,0xd7,
0x4,0x0,0x0,0x3d,0xd8,0x4,0x0,0x0,
0x9e,0x9,0x18,0xa,0x43,0xd9,0x4,0x0,
0x0,0x8,0x0,0x0,0x0,0x16,0xa,0x2,
0x0,0x0,0x0,0x0,0x0,0x0,0x0,0x0,
0x44,0x0,0x0,0x0,0xd,0x0,0x0,0x0,
0xb5,0x0,0x0,0x0,0x0,0x0,0x0,0x0,
0x38,0x0,0x0,0x0,0x0,0x0,0x0,0x0,
0x38,0x0,0x0,0x0,0x0,0x0,0x1,0x0,
0xff,0xff,0xff,0xff,0x7,0x0,0x0,0x0,
0x4b,0x3,0x90,0x1,0x0,0x0,0x0,0x0,
0x0,0x0,0x7,0x0,0x0,0x0,0x0,0x0,
0x0,0x0,0x0,0x0,0x4b,0x3,0x0,0x0,
0x1,0x0,0x0,0x0,0x2f,0xda,0x4,0x0,
0x0,0x3d,0xdb,0x4,0x0,0x0,0x18,0x6,
0x2,0x0,0x0,0x0,0x0,0x0,0x0,0x0,
0x44,0x0,0x0,0x0,0xd,0x0,0x0,0x0,
0x93,0x0,0x0,0x0,0x0,0x0,0x0,0x0,
0x38,0x0,0x0,0x0,0x0,0x0,0x0,0x0,
0x38,0x0,0x0,0x0,0x0,0x0,0x1,0x0,
0xff,0xff,0xff,0xff,0x7,0x0,0x0,0x0,
0x4b,0x3,0x70,0x5,0x0,0x0,0x0,0x0,
0x0,0x0,0x7,0x0,0x0,0x0,0x0,0x0,
0x0,0x0,0x0,0x0,0x4b,0x3,0x0,0x0,
0x1,0x0,0x0,0x0,0x2f,0xdc,0x4,0x0,
0x0,0x3d,0xdd,0x4,0x0,0x0,0x18,0x6,
0x2,0x0,0x0,0x0,0x0,0x0,0x0,0x0,
0x44,0x0,0x0,0x0,0x1b,0x0,0x0,0x0,
0x28,0x1,0x0,0x0,0x0,0x0,0x0,0x0,
0x38,0x0,0x0,0x0,0x0,0x0,0x0,0x0,
0x38,0x0,0x0,0x0,0x0,0x0,0x1,0x0,
0xff,0xff,0xff,0xff,0x8,0x0,0x0,0x0,
0x4c,0x3,0x90,0x1,0x0,0x0,0x0,0x0,
0x0,0x0,0x7,0x0,0x0,0x0,0x0,0x0,
0x0,0x0,0x0,0x0,0x4c,0x3,0x0,0x0,
0x1,0x0,0x0,0x0,0x2f,0xde,0x4,0x0,
0x0,0x3d,0xdf,0x4,0x0,0x0,0x18,0x7,
0x2f,0xe0,0x4,0x0,0x0,0x3d,0xe1,0x4,
0x0,0x0,0x9c,0x7,0x18,0x6,0x2,0x0,
0x0,0x0,0x0,0x0,0x0,0x0,0x0,0x0,
0x44,0x0,0x0,0x0,0x16,0x0,0x0,0x0,
0x2c,0x1,0x0,0x0,0x0,0x0,0x0,0x0,
0x38,0x0,0x0,0x0,0x0,0x0,0x0,0x0,
0x38,0x0,0x0,0x0,0x0,0x0,0x1,0x0,
0xff,0xff,0xff,0xff,0x8,0x0,0x0,0x0,
0x4e,0x3,0x90,0x1,0x0,0x0,0x0,0x0,
0x0,0x0,0x7,0x0,0x0,0x0,0x0,0x0,
0x0,0x0,0x0,0x0,0x4e,0x3,0x0,0x0,
0x1,0x0,0x0,0x0,0x2f,0xe2,0x4,0x0,
0x0,0x3d,0xe3,0x4,0x0,0x0,0x18,0x7,
0x13,0x35,0x1,0x0,0x0,0x6c,0x7,0x18,
0x6,0x2,0x0,0x0,0x0,0x0,0x0,0x0,
0x44,0x0,0x0,0x0,0xd,0x0,0x0,0x0,
0x2e,0x1,0x0,0x0,0x0,0x0,0x0,0x0,
0x38,0x0,0x0,0x0,0x0,0x0,0x0,0x0,
0x38,0x0,0x0,0x0,0x0,0x0,0x1,0x0,
0xff,0xff,0xff,0xff,0x7,0x0,0x0,0x0,
0x4f,0x3,0x90,0x1,0x0,0x0,0x0,0x0,
0x0,0x0,0x7,0x0,0x0,0x0,0x0,0x0,
0x0,0x0,0x0,0x0,0x4f,0x3,0x0,0x0,
0x1,0x0,0x0,0x0,0x2f,0xe4,0x4,0x0,
0x0,0x3d,0xe5,0x4,0x0,0x0,0x18,0x6,
0x2,0x0,0x0,0x0,0x0,0x0,0x0,0x0,
0x50,0x0,0x0,0x0,0x1b,0x0,0x0,0x0,
0xeb,0x0,0x0,0x0,0x0,0x0,0x0,0x0,
0x38,0x0,0x0,0x0,0x0,0x0,0x0,0x0,
0x38,0x0,0x0,0x0,0x0,0x0,0x2,0x0,
0xff,0xff,0xff,0xff,0xa,0x0,0x0,0x0,
0x50,0x3,0x90,0x1,0x0,0x0,0x0,0x0,
0x0,0x0,0x7,0x0,0x0,0x0,0x0,0x0,
0x0,0x0,0x0,0x0,0x50,0x3,0x0,0x0,
0x0,0x0,0x0,0x0,0x1,0x0,0x0,0x0,
0x50,0x3,0x0,0x0,0x1,0x0,0x0,0x0,
0xca,0x13,0x35,0x1,0x0,0x0,0x18,0x9,
0xb5,0xe6,0x4,0x0,0x0,0x1,0x0,0x0,
0x0,0x9,0x0,0x0,0x0,0x18,0x6,0xd4,
0x16,0x6,0x2,0x0,0x0,0x0,0x0,0x0,
0x50,0x0,0x0,0x0,0xc,0x0,0x0,0x0,
0x30,0x1,0x0,0x0,0x0,0x0,0x0,0x0,
0x38,0x0,0x0,0x0,0x0,0x0,0x0,0x0,
0x38,0x0,0x0,0x0,0x0,0x0,0x2,0x0,
0x26,0x1,0x0,0x0,0x7,0x0,0x0,0x0,
0x51,0x3,0x90,0x1,0x0,0x0,0x0,0x0,
0x0,0x0,0x7,0x0,0x0,0x0,0x8,0x0,
0x0,0x0,0x0,0x0,0x51,0x3,0x0,0x0,
0x0,0x0,0x0,0x0,0x1,0x0,0x0,0x0,
0x51,0x3,0x0,0x0,0x1,0x0,0x0,0x0,
0xca,0x29,0x26,0x1,0x0,0x0,0x18,0x6,
0xd4,0x16,0x6,0x2,0x0,0x0,0x0,0x0,
0x0,0x0,0x0,0x0,0x0,0x0,0x0,0x0,
0x4c,0x0,0x0,0x0,0x24,0x0,0x0,0x0,
0x0,0x0,0x0,0x0,0x1,0x0,0x1,0x0,
0x38,0x0,0x0,0x0,0x0,0x0,0x0,0x0,
0x40,0x0,0x0,0x0,0x0,0x0,0x1,0x0,
0xff,0xff,0xff,0xff,0xb,0x0,0x0,0x0,
0x51,0x3,0x10,0x3,0x0,0x0,0x0,0x0,
0x0,0x0,0x8,0x0,0x0,0x0,0x2,0x0,
0x4f,0x2,0x0,0x0,0x0,0x0,0x0,0x0,
0x0,0x0,0x0,0x0,0x51,0x3,0x0,0x0,
0x1,0x0,0x0,0x0,0x2f,0xe7,0x4,0x0,
0x0,0x18,0x8,0x1a,0x6,0x9,0x2f,0xe8,
0x4,0x0,0x0,0x3d,0xe9,0x4,0x0,0x0,
0x9e,0x9,0x18,0xa,0x43,0xea,0x4,0x0,
0x0,0x8,0x0,0x0,0x0,0x16,0xa,0x2,
0x0,0x0,0x0,0x0,0x0,0x0,0x0,0x0,
0x44,0x0,0x0,0x0,0xd,0x0,0x0,0x0,
0xb5,0x0,0x0,0x0,0x0,0x0,0x0,0x0,
0x38,0x0,0x0,0x0,0x0,0x0,0x0,0x0,
0x38,0x0,0x0,0x0,0x0,0x0,0x1,0x0,
0xff,0xff,0xff,0xff,0x7,0x0,0x0,0x0,
0x54,0x3,0x90,0x1,0x0,0x0,0x0,0x0,
0x0,0x0,0x7,0x0,0x0,0x0,0x0,0x0,
0x0,0x0,0x0,0x0,0x54,0x3,0x0,0x0,
0x1,0x0,0x0,0x0,0x2f,0xeb,0x4,0x0,
0x0,0x3d,0xec,0x4,0x0,0x0,0x18,0x6,
0x2,0x0,0x0,0x0,0x0,0x0,0x0,0x0,
0x44,0x0,0x0,0x0,0xd,0x0,0x0,0x0,
0x93,0x0,0x0,0x0,0x0,0x0,0x0,0x0,
0x38,0x0,0x0,0x0,0x0,0x0,0x0,0x0,
0x38,0x0,0x0,0x0,0x0,0x0,0x1,0x0,
0xff,0xff,0xff,0xff,0x7,0x0,0x0,0x0,
0x54,0x3,0x0,0x6,0x0,0x0,0x0,0x0,
0x0,0x0,0x7,0x0,0x0,0x0,0x0,0x0,
0x0,0x0,0x0,0x0,0x54,0x3,0x0,0x0,
0x1,0x0,0x0,0x0,0x2f,0xed,0x4,0x0,
0x0,0x3d,0xee,0x4,0x0,0x0,0x18,0x6,
0x2,0x0,0x0,0x0,0x0,0x0,0x0,0x0,
0x44,0x0,0x0,0x0,0x1b,0x0,0x0,0x0,
0x28,0x1,0x0,0x0,0x0,0x0,0x0,0x0,
0x38,0x0,0x0,0x0,0x0,0x0,0x0,0x0,
0x38,0x0,0x0,0x0,0x0,0x0,0x1,0x0,
0xff,0xff,0xff,0xff,0x8,0x0,0x0,0x0,
0x55,0x3,0x90,0x1,0x0,0x0,0x0,0x0,
0x0,0x0,0x7,0x0,0x0,0x0,0x0,0x0,
0x0,0x0,0x0,0x0,0x55,0x3,0x0,0x0,
0x1,0x0,0x0,0x0,0x2f,0xef,0x4,0x0,
0x0,0x3d,0xf0,0x4,0x0,0x0,0x18,0x7,
0x2f,0xf1,0x4,0x0,0x0,0x3d,0xf2,0x4,
0x0,0x0,0x9c,0x7,0x18,0x6,0x2,0x0,
0x0,0x0,0x0,0x0,0x0,0x0,0x0,0x0,
0x44,0x0,0x0,0x0,0xd,0x0,0x0,0x0,
0xd2,0x0,0x0,0x0,0x0,0x0,0x0,0x0,
0x38,0x0,0x0,0x0,0x0,0x0,0x0,0x0,
0x38,0x0,0x0,0x0,0x0,0x0,0x1,0x0,
0xff,0xff,0xff,0xff,0x7,0x0,0x0,0x0,
0x56,0x3,0x90,0x1,0x0,0x0,0x0,0x0,
0x0,0x0,0x7,0x0,0x0,0x0,0x0,0x0,
0x0,0x0,0x0,0x0,0x56,0x3,0x0,0x0,
0x1,0x0,0x0,0x0,0x2f,0xf3,0x4,0x0,
0x0,0x3d,0xf4,0x4,0x0,0x0,0x18,0x6,
0x2,0x0,0x0,0x0,0x0,0x0,0x0,0x0,
0x44,0x0,0x0,0x0,0x16,0x0,0x0,0x0,
0x2c,0x1,0x0,0x0,0x0,0x0,0x0,0x0,
0x38,0x0,0x0,0x0,0x0,0x0,0x0,0x0,
0x38,0x0,0x0,0x0,0x0,0x0,0x1,0x0,
0xff,0xff,0xff,0xff,0x8,0x0,0x0,0x0,
0x58,0x3,0x90,0x1,0x0,0x0,0x0,0x0,
0x0,0x0,0x7,0x0,0x0,0x0,0x0,0x0,
0x0,0x0,0x0,0x0,0x58,0x3,0x0,0x0,
0x1,0x0,0x0,0x0,0x2f,0xf5,0x4,0x0,
0x0,0x3d,0xf6,0x4,0x0,0x0,0x18,0x7,
0x13,0x37,0x1,0x0,0x0,0x6c,0x7,0x18,
0x6,0x2,0x0,0x0,0x0,0x0,0x0,0x0,
0x44,0x0,0x0,0x0,0xd,0x0,0x0,0x0,
0x2e,0x1,0x0,0x0,0x0,0x0,0x0,0x0,
0x38,0x0,0x0,0x0,0x0,0x0,0x0,0x0,
0x38,0x0,0x0,0x0,0x0,0x0,0x1,0x0,
0xff,0xff,0xff,0xff,0x7,0x0,0x0,0x0,
0x59,0x3,0x90,0x1,0x0,0x0,0x0,0x0,
0x0,0x0,0x7,0x0,0x0,0x0,0x0,0x0,
0x0,0x0,0x0,0x0,0x59,0x3,0x0,0x0,
0x1,0x0,0x0,0x0,0x2f,0xf7,0x4,0x0,
0x0,0x3d,0xf8,0x4,0x0,0x0,0x18,0x6,
0x2,0x0,0x0,0x0,0x0,0x0,0x0,0x0,
0x50,0x0,0x0,0x0,0x1b,0x0,0x0,0x0,
0xeb,0x0,0x0,0x0,0x0,0x0,0x0,0x0,
0x38,0x0,0x0,0x0,0x0,0x0,0x0,0x0,
0x38,0x0,0x0,0x0,0x0,0x0,0x2,0x0,
0xff,0xff,0xff,0xff,0xa,0x0,0x0,0x0,
0x5a,0x3,0x90,0x1,0x0,0x0,0x0,0x0,
0x0,0x0,0x7,0x0,0x0,0x0,0x0,0x0,
0x0,0x0,0x0,0x0,0x5a,0x3,0x0,0x0,
0x0,0x0,0x0,0x0,0x1,0x0,0x0,0x0,
0x5a,0x3,0x0,0x0,0x1,0x0,0x0,0x0,
0xca,0x13,0x37,0x1,0x0,0x0,0x18,0x9,
0xb5,0xf9,0x4,0x0,0x0,0x1,0x0,0x0,
0x0,0x9,0x0,0x0,0x0,0x18,0x6,0xd4,
0x16,0x6,0x2,0x0,0x0,0x0,0x0,0x0,
0x50,0x0,0x0,0x0,0xc,0x0,0x0,0x0,
0x30,0x1,0x0,0x0,0x0,0x0,0x0,0x0,
0x38,0x0,0x0,0x0,0x0,0x0,0x0,0x0,
0x38,0x0,0x0,0x0,0x0,0x0,0x2,0x0,
0x2f,0x1,0x0,0x0,0x7,0x0,0x0,0x0,
0x5b,0x3,0x90,0x1,0x0,0x0,0x0,0x0,
0x0,0x0,0x7,0x0,0x0,0x0,0x8,0x0,
0x0,0x0,0x0,0x0,0x5b,0x3,0x0,0x0,
0x0,0x0,0x0,0x0,0x1,0x0,0x0,0x0,
0x5b,0x3,0x0,0x0,0x1,0x0,0x0,0x0,
0xca,0x29,0x2f,0x1,0x0,0x0,0x18,0x6,
0xd4,0x16,0x6,0x2,0x0,0x0,0x0,0x0,
0x0,0x0,0x0,0x0,0x0,0x0,0x0,0x0,
0x4c,0x0,0x0,0x0,0x24,0x0,0x0,0x0,
0x0,0x0,0x0,0x0,0x1,0x0,0x1,0x0,
0x38,0x0,0x0,0x0,0x0,0x0,0x0,0x0,
0x40,0x0,0x0,0x0,0x0,0x0,0x1,0x0,
0xff,0xff,0xff,0xff,0xb,0x0,0x0,0x0,
0x5b,0x3,0x10,0x3,0x0,0x0,0x0,0x0,
0x0,0x0,0x8,0x0,0x0,0x0,0x2,0x0,
0x4f,0x2,0x0,0x0,0x0,0x0,0x0,0x0,
0x0,0x0,0x0,0x0,0x5b,0x3,0x0,0x0,
0x1,0x0,0x0,0x0,0x2f,0xfa,0x4,0x0,
0x0,0x18,0x8,0x1a,0x6,0x9,0x2f,0xfb,
0x4,0x0,0x0,0x3d,0xfc,0x4,0x0,0x0,
0x9e,0x9,0x18,0xa,0x43,0xfd,0x4,0x0,
0x0,0x8,0x0,0x0,0x0,0x16,0xa,0x2,
0x0,0x0,0x0,0x0,0x0,0x0,0x0,0x0,
0x44,0x0,0x0,0x0,0xd,0x0,0x0,0x0,
0xb5,0x0,0x0,0x0,0x0,0x0,0x0,0x0,
0x38,0x0,0x0,0x0,0x0,0x0,0x0,0x0,
0x38,0x0,0x0,0x0,0x0,0x0,0x1,0x0,
0xff,0xff,0xff,0xff,0x7,0x0,0x0,0x0,
0x5e,0x3,0x90,0x1,0x0,0x0,0x0,0x0,
0x0,0x0,0x7,0x0,0x0,0x0,0x0,0x0,
0x0,0x0,0x0,0x0,0x5e,0x3,0x0,0x0,
0x1,0x0,0x0,0x0,0x2f,0xfe,0x4,0x0,
0x0,0x3d,0xff,0x4,0x0,0x0,0x18,0x6,
0x2,0x0,0x0,0x0,0x0,0x0,0x0,0x0,
0x44,0x0,0x0,0x0,0xd,0x0,0x0,0x0,
0x93,0x0,0x0,0x0,0x0,0x0,0x0,0x0,
0x38,0x0,0x0,0x0,0x0,0x0,0x0,0x0,
0x38,0x0,0x0,0x0,0x0,0x0,0x1,0x0,
0xff,0xff,0xff,0xff,0x7,0x0,0x0,0x0,
0x5e,0x3,0x30,0x6,0x0,0x0,0x0,0x0,
0x0,0x0,0x7,0x0,0x0,0x0,0x0,0x0,
0x0,0x0,0x0,0x0,0x5e,0x3,0x0,0x0,
0x1,0x0,0x0,0x0,0x2f,0x0,0x5,0x0,
0x0,0x3d,0x1,0x5,0x0,0x0,0x18,0x6,
0x2,0x0,0x0,0x0,0x0,0x0,0x0,0x0,
0x44,0x0,0x0,0x0,0x1b,0x0,0x0,0x0,
0x28,0x1,0x0,0x0,0x0,0x0,0x0,0x0,
0x38,0x0,0x0,0x0,0x0,0x0,0x0,0x0,
0x38,0x0,0x0,0x0,0x0,0x0,0x1,0x0,
0xff,0xff,0xff,0xff,0x8,0x0,0x0,0x0,
0x5f,0x3,0x90,0x1,0x0,0x0,0x0,0x0,
0x0,0x0,0x7,0x0,0x0,0x0,0x0,0x0,
0x0,0x0,0x0,0x0,0x5f,0x3,0x0,0x0,
0x1,0x0,0x0,0x0,0x2f,0x2,0x5,0x0,
0x0,0x3d,0x3,0x5,0x0,0x0,0x18,0x7,
0x2f,0x4,0x5,0x0,0x0,0x3d,0x5,0x5,
0x0,0x0,0x9c,0x7,0x18,0x6,0x2,0x0,
0x0,0x0,0x0,0x0,0x0,0x0,0x0,0x0,
0x44,0x0,0x0,0x0,0xd,0x0,0x0,0x0,
0xd2,0x0,0x0,0x0,0x0,0x0,0x0,0x0,
0x38,0x0,0x0,0x0,0x0,0x0,0x0,0x0,
0x38,0x0,0x0,0x0,0x0,0x0,0x1,0x0,
0xff,0xff,0xff,0xff,0x7,0x0,0x0,0x0,
0x60,0x3,0x90,0x1,0x0,0x0,0x0,0x0,
0x0,0x0,0x7,0x0,0x0,0x0,0x0,0x0,
0x0,0x0,0x0,0x0,0x60,0x3,0x0,0x0,
0x1,0x0,0x0,0x0,0x2f,0x6,0x5,0x0,
0x0,0x3d,0x7,0x5,0x0,0x0,0x18,0x6,
0x2,0x0,0x0,0x0,0x0,0x0,0x0,0x0,
0x44,0x0,0x0,0x0,0x16,0x0,0x0,0x0,
0x2c,0x1,0x0,0x0,0x0,0x0,0x0,0x0,
0x38,0x0,0x0,0x0,0x0,0x0,0x0,0x0,
0x38,0x0,0x0,0x0,0x0,0x0,0x1,0x0,
0xff,0xff,0xff,0xff,0x8,0x0,0x0,0x0,
0x62,0x3,0x90,0x1,0x0,0x0,0x0,0x0,
0x0,0x0,0x7,0x0,0x0,0x0,0x0,0x0,
0x0,0x0,0x0,0x0,0x62,0x3,0x0,0x0,
0x1,0x0,0x0,0x0,0x2f,0x8,0x5,0x0,
0x0,0x3d,0x9,0x5,0x0,0x0,0x18,0x7,
0x13,0x39,0x1,0x0,0x0,0x6c,0x7,0x18,
0x6,0x2,0x0,0x0,0x0,0x0,0x0,0x0,
0x44,0x0,0x0,0x0,0xd,0x0,0x0,0x0,
0x2e,0x1,0x0,0x0,0x0,0x0,0x0,0x0,
0x38,0x0,0x0,0x0,0x0,0x0,0x0,0x0,
0x38,0x0,0x0,0x0,0x0,0x0,0x1,0x0,
0xff,0xff,0xff,0xff,0x7,0x0,0x0,0x0,
0x63,0x3,0x90,0x1,0x0,0x0,0x0,0x0,
0x0,0x0,0x7,0x0,0x0,0x0,0x0,0x0,
0x0,0x0,0x0,0x0,0x63,0x3,0x0,0x0,
0x1,0x0,0x0,0x0,0x2f,0xa,0x5,0x0,
0x0,0x3d,0xb,0x5,0x0,0x0,0x18,0x6,
0x2,0x0,0x0,0x0,0x0,0x0,0x0,0x0,
0x50,0x0,0x0,0x0,0x1b,0x0,0x0,0x0,
0xeb,0x0,0x0,0x0,0x0,0x0,0x0,0x0,
0x38,0x0,0x0,0x0,0x0,0x0,0x0,0x0,
0x38,0x0,0x0,0x0,0x0,0x0,0x2,0x0,
0xff,0xff,0xff,0xff,0xa,0x0,0x0,0x0,
0x64,0x3,0x90,0x1,0x0,0x0,0x0,0x0,
0x0,0x0,0x7,0x0,0x0,0x0,0x0,0x0,
0x0,0x0,0x0,0x0,0x64,0x3,0x0,0x0,
0x0,0x0,0x0,0x0,0x1,0x0,0x0,0x0,
0x64,0x3,0x0,0x0,0x1,0x0,0x0,0x0,
0xca,0x13,0x39,0x1,0x0,0x0,0x18,0x9,
0xb5,0xc,0x5,0x0,0x0,0x1,0x0,0x0,
0x0,0x9,0x0,0x0,0x0,0x18,0x6,0xd4,
0x16,0x6,0x2,0x0,0x0,0x0,0x0,0x0,
0x50,0x0,0x0,0x0,0xc,0x0,0x0,0x0,
0x30,0x1,0x0,0x0,0x0,0x0,0x0,0x0,
0x38,0x0,0x0,0x0,0x0,0x0,0x0,0x0,
0x38,0x0,0x0,0x0,0x0,0x0,0x2,0x0,
0x38,0x1,0x0,0x0,0x7,0x0,0x0,0x0,
0x65,0x3,0x90,0x1,0x0,0x0,0x0,0x0,
0x0,0x0,0x7,0x0,0x0,0x0,0x8,0x0,
0x0,0x0,0x0,0x0,0x65,0x3,0x0,0x0,
0x0,0x0,0x0,0x0,0x1,0x0,0x0,0x0,
0x65,0x3,0x0,0x0,0x1,0x0,0x0,0x0,
0xca,0x29,0x38,0x1,0x0,0x0,0x18,0x6,
0xd4,0x16,0x6,0x2,0x0,0x0,0x0,0x0,
0x0,0x0,0x0,0x0,0x0,0x0,0x0,0x0,
0x4c,0x0,0x0,0x0,0x24,0x0,0x0,0x0,
0x0,0x0,0x0,0x0,0x1,0x0,0x1,0x0,
0x38,0x0,0x0,0x0,0x0,0x0,0x0,0x0,
0x40,0x0,0x0,0x0,0x0,0x0,0x1,0x0,
0xff,0xff,0xff,0xff,0xb,0x0,0x0,0x0,
0x65,0x3,0x10,0x3,0x0,0x0,0x0,0x0,
0x0,0x0,0x8,0x0,0x0,0x0,0x2,0x0,
0x4f,0x2,0x0,0x0,0x0,0x0,0x0,0x0,
0x0,0x0,0x0,0x0,0x65,0x3,0x0,0x0,
0x1,0x0,0x0,0x0,0x2f,0xd,0x5,0x0,
0x0,0x18,0x8,0x1a,0x6,0x9,0x2f,0xe,
0x5,0x0,0x0,0x3d,0xf,0x5,0x0,0x0,
0x9e,0x9,0x18,0xa,0x43,0x10,0x5,0x0,
0x0,0x8,0x0,0x0,0x0,0x16,0xa,0x2,
0x0,0x0,0x0,0x0,0x0,0x0,0x0,0x0,
0x44,0x0,0x0,0x0,0xd,0x0,0x0,0x0,
0xb5,0x0,0x0,0x0,0x0,0x0,0x0,0x0,
0x38,0x0,0x0,0x0,0x0,0x0,0x0,0x0,
0x38,0x0,0x0,0x0,0x0,0x0,0x1,0x0,
0xff,0xff,0xff,0xff,0x7,0x0,0x0,0x0,
0x68,0x3,0x90,0x1,0x0,0x0,0x0,0x0,
0x0,0x0,0x7,0x0,0x0,0x0,0x0,0x0,
0x0,0x0,0x0,0x0,0x68,0x3,0x0,0x0,
0x1,0x0,0x0,0x0,0x2f,0x11,0x5,0x0,
0x0,0x3d,0x12,0x5,0x0,0x0,0x18,0x6,
0x2,0x0,0x0,0x0,0x0,0x0,0x0,0x0,
0x44,0x0,0x0,0x0,0xd,0x0,0x0,0x0,
0x93,0x0,0x0,0x0,0x0,0x0,0x0,0x0,
0x38,0x0,0x0,0x0,0x0,0x0,0x0,0x0,
0x38,0x0,0x0,0x0,0x0,0x0,0x1,0x0,
0xff,0xff,0xff,0xff,0x7,0x0,0x0,0x0,
0x68,0x3,0x50,0x6,0x0,0x0,0x0,0x0,
0x0,0x0,0x7,0x0,0x0,0x0,0x0,0x0,
0x0,0x0,0x0,0x0,0x68,0x3,0x0,0x0,
0x1,0x0,0x0,0x0,0x2f,0x13,0x5,0x0,
0x0,0x3d,0x14,0x5,0x0,0x0,0x18,0x6,
0x2,0x0,0x0,0x0,0x0,0x0,0x0,0x0,
0x44,0x0,0x0,0x0,0x1b,0x0,0x0,0x0,
0x28,0x1,0x0,0x0,0x0,0x0,0x0,0x0,
0x38,0x0,0x0,0x0,0x0,0x0,0x0,0x0,
0x38,0x0,0x0,0x0,0x0,0x0,0x1,0x0,
0xff,0xff,0xff,0xff,0x8,0x0,0x0,0x0,
0x69,0x3,0x90,0x1,0x0,0x0,0x0,0x0,
0x0,0x0,0x7,0x0,0x0,0x0,0x0,0x0,
0x0,0x0,0x0,0x0,0x69,0x3,0x0,0x0,
0x1,0x0,0x0,0x0,0x2f,0x15,0x5,0x0,
0x0,0x3d,0x16,0x5,0x0,0x0,0x18,0x7,
0x2f,0x17,0x5,0x0,0x0,0x3d,0x18,0x5,
0x0,0x0,0x9c,0x7,0x18,0x6,0x2,0x0,
0x0,0x0,0x0,0x0,0x0,0x0,0x0,0x0,
0x44,0x0,0x0,0x0,0xd,0x0,0x0,0x0,
0xd2,0x0,0x0,0x0,0x0,0x0,0x0,0x0,
0x38,0x0,0x0,0x0,0x0,0x0,0x0,0x0,
0x38,0x0,0x0,0x0,0x0,0x0,0x1,0x0,
0xff,0xff,0xff,0xff,0x7,0x0,0x0,0x0,
0x6a,0x3,0x90,0x1,0x0,0x0,0x0,0x0,
0x0,0x0,0x7,0x0,0x0,0x0,0x0,0x0,
0x0,0x0,0x0,0x0,0x6a,0x3,0x0,0x0,
0x1,0x0,0x0,0x0,0x2f,0x19,0x5,0x0,
0x0,0x3d,0x1a,0x5,0x0,0x0,0x18,0x6,
0x2,0x0,0x0,0x0,0x0,0x0,0x0,0x0,
0x44,0x0,0x0,0x0,0x16,0x0,0x0,0x0,
0x2c,0x1,0x0,0x0,0x0,0x0,0x0,0x0,
0x38,0x0,0x0,0x0,0x0,0x0,0x0,0x0,
0x38,0x0,0x0,0x0,0x0,0x0,0x1,0x0,
0xff,0xff,0xff,0xff,0x8,0x0,0x0,0x0,
0x6c,0x3,0x90,0x1,0x0,0x0,0x0,0x0,
0x0,0x0,0x7,0x0,0x0,0x0,0x0,0x0,
0x0,0x0,0x0,0x0,0x6c,0x3,0x0,0x0,
0x1,0x0,0x0,0x0,0x2f,0x1b,0x5,0x0,
0x0,0x3d,0x1c,0x5,0x0,0x0,0x18,0x7,
0x13,0x3b,0x1,0x0,0x0,0x6c,0x7,0x18,
0x6,0x2,0x0,0x0,0x0,0x0,0x0,0x0,
0x44,0x0,0x0,0x0,0xd,0x0,0x0,0x0,
0x2e,0x1,0x0,0x0,0x0,0x0,0x0,0x0,
0x38,0x0,0x0,0x0,0x0,0x0,0x0,0x0,
0x38,0x0,0x0,0x0,0x0,0x0,0x1,0x0,
0xff,0xff,0xff,0xff,0x7,0x0,0x0,0x0,
0x6d,0x3,0x90,0x1,0x0,0x0,0x0,0x0,
0x0,0x0,0x7,0x0,0x0,0x0,0x0,0x0,
0x0,0x0,0x0,0x0,0x6d,0x3,0x0,0x0,
0x1,0x0,0x0,0x0,0x2f,0x1d,0x5,0x0,
0x0,0x3d,0x1e,0x5,0x0,0x0,0x18,0x6,
0x2,0x0,0x0,0x0,0x0,0x0,0x0,0x0,
0x50,0x0,0x0,0x0,0x1b,0x0,0x0,0x0,
0xeb,0x0,0x0,0x0,0x0,0x0,0x0,0x0,
0x38,0x0,0x0,0x0,0x0,0x0,0x0,0x0,
0x38,0x0,0x0,0x0,0x0,0x0,0x2,0x0,
0xff,0xff,0xff,0xff,0xa,0x0,0x0,0x0,
0x6e,0x3,0x90,0x1,0x0,0x0,0x0,0x0,
0x0,0x0,0x7,0x0,0x0,0x0,0x0,0x0,
0x0,0x0,0x0,0x0,0x6e,0x3,0x0,0x0,
0x0,0x0,0x0,0x0,0x1,0x0,0x0,0x0,
0x6e,0x3,0x0,0x0,0x1,0x0,0x0,0x0,
0xca,0x13,0x3b,0x1,0x0,0x0,0x18,0x9,
0xb5,0x1f,0x5,0x0,0x0,0x1,0x0,0x0,
0x0,0x9,0x0,0x0,0x0,0x18,0x6,0xd4,
0x16,0x6,0x2,0x0,0x0,0x0,0x0,0x0,
0x50,0x0,0x0,0x0,0xc,0x0,0x0,0x0,
0x30,0x1,0x0,0x0,0x0,0x0,0x0,0x0,
0x38,0x0,0x0,0x0,0x0,0x0,0x0,0x0,
0x38,0x0,0x0,0x0,0x0,0x0,0x2,0x0,
0x41,0x1,0x0,0x0,0x7,0x0,0x0,0x0,
0x6f,0x3,0x90,0x1,0x0,0x0,0x0,0x0,
0x0,0x0,0x7,0x0,0x0,0x0,0x8,0x0,
0x0,0x0,0x0,0x0,0x6f,0x3,0x0,0x0,
0x0,0x0,0x0,0x0,0x1,0x0,0x0,0x0,
0x6f,0x3,0x0,0x0,0x1,0x0,0x0,0x0,
0xca,0x29,0x41,0x1,0x0,0x0,0x18,0x6,
0xd4,0x16,0x6,0x2,0x0,0x0,0x0,0x0,
0x0,0x0,0x0,0x0,0x0,0x0,0x0,0x0,
0x4c,0x0,0x0,0x0,0x24,0x0,0x0,0x0,
0x0,0x0,0x0,0x0,0x1,0x0,0x1,0x0,
0x38,0x0,0x0,0x0,0x0,0x0,0x0,0x0,
0x40,0x0,0x0,0x0,0x0,0x0,0x1,0x0,
0xff,0xff,0xff,0xff,0xb,0x0,0x0,0x0,
0x6f,0x3,0x10,0x3,0x0,0x0,0x0,0x0,
0x0,0x0,0x8,0x0,0x0,0x0,0x2,0x0,
0x4f,0x2,0x0,0x0,0x0,0x0,0x0,0x0,
0x0,0x0,0x0,0x0,0x6f,0x3,0x0,0x0,
0x1,0x0,0x0,0x0,0x2f,0x20,0x5,0x0,
0x0,0x18,0x8,0x1a,0x6,0x9,0x2f,0x21,
0x5,0x0,0x0,0x3d,0x22,0x5,0x0,0x0,
0x9e,0x9,0x18,0xa,0x43,0x23,0x5,0x0,
0x0,0x8,0x0,0x0,0x0,0x16,0xa,0x2,
0x0,0x0,0x0,0x0,0x0,0x0,0x0,0x0,
0x44,0x0,0x0,0x0,0xd,0x0,0x0,0x0,
0xb5,0x0,0x0,0x0,0x0,0x0,0x0,0x0,
0x38,0x0,0x0,0x0,0x0,0x0,0x0,0x0,
0x38,0x0,0x0,0x0,0x0,0x0,0x1,0x0,
0xff,0xff,0xff,0xff,0x7,0x0,0x0,0x0,
0x72,0x3,0x90,0x1,0x0,0x0,0x0,0x0,
0x0,0x0,0x7,0x0,0x0,0x0,0x0,0x0,
0x0,0x0,0x0,0x0,0x72,0x3,0x0,0x0,
0x1,0x0,0x0,0x0,0x2f,0x24,0x5,0x0,
0x0,0x3d,0x25,0x5,0x0,0x0,0x18,0x6,
0x2,0x0,0x0,0x0,0x0,0x0,0x0,0x0,
0x44,0x0,0x0,0x0,0xd,0x0,0x0,0x0,
0x93,0x0,0x0,0x0,0x0,0x0,0x0,0x0,
0x38,0x0,0x0,0x0,0x0,0x0,0x0,0x0,
0x38,0x0,0x0,0x0,0x0,0x0,0x1,0x0,
0xff,0xff,0xff,0xff,0x7,0x0,0x0,0x0,
0x72,0x3,0xc0,0x6,0x0,0x0,0x0,0x0,
0x0,0x0,0x7,0x0,0x0,0x0,0x0,0x0,
0x0,0x0,0x0,0x0,0x72,0x3,0x0,0x0,
0x1,0x0,0x0,0x0,0x2f,0x26,0x5,0x0,
0x0,0x3d,0x27,0x5,0x0,0x0,0x18,0x6,
0x2,0x0,0x0,0x0,0x0,0x0,0x0,0x0,
0x44,0x0,0x0,0x0,0x1b,0x0,0x0,0x0,
0x28,0x1,0x0,0x0,0x0,0x0,0x0,0x0,
0x38,0x0,0x0,0x0,0x0,0x0,0x0,0x0,
0x38,0x0,0x0,0x0,0x0,0x0,0x1,0x0,
0xff,0xff,0xff,0xff,0x8,0x0,0x0,0x0,
0x73,0x3,0x90,0x1,0x0,0x0,0x0,0x0,
0x0,0x0,0x7,0x0,0x0,0x0,0x0,0x0,
0x0,0x0,0x0,0x0,0x73,0x3,0x0,0x0,
0x1,0x0,0x0,0x0,0x2f,0x28,0x5,0x0,
0x0,0x3d,0x29,0x5,0x0,0x0,0x18,0x7,
0x2f,0x2a,0x5,0x0,0x0,0x3d,0x2b,0x5,
0x0,0x0,0x9c,0x7,0x18,0x6,0x2,0x0,
0x0,0x0,0x0,0x0,0x0,0x0,0x0,0x0,
0x44,0x0,0x0,0x0,0x16,0x0,0x0,0x0,
0x2c,0x1,0x0,0x0,0x0,0x0,0x0,0x0,
0x38,0x0,0x0,0x0,0x0,0x0,0x0,0x0,
0x38,0x0,0x0,0x0,0x0,0x0,0x1,0x0,
0xff,0xff,0xff,0xff,0x8,0x0,0x0,0x0,
0x75,0x3,0x90,0x1,0x0,0x0,0x0,0x0,
0x0,0x0,0x7,0x0,0x0,0x0,0x0,0x0,
0x0,0x0,0x0,0x0,0x75,0x3,0x0,0x0,
0x1,0x0,0x0,0x0,0x2f,0x2c,0x5,0x0,
0x0,0x3d,0x2d,0x5,0x0,0x0,0x18,0x7,
0x13,0x3d,0x1,0x0,0x0,0x6c,0x7,0x18,
0x6,0x2,0x0,0x0,0x0,0x0,0x0,0x0,
0x44,0x0,0x0,0x0,0xd,0x0,0x0,0x0,
0x2e,0x1,0x0,0x0,0x0,0x0,0x0,0x0,
0x38,0x0,0x0,0x0,0x0,0x0,0x0,0x0,
0x38,0x0,0x0,0x0,0x0,0x0,0x1,0x0,
0xff,0xff,0xff,0xff,0x7,0x0,0x0,0x0,
0x76,0x3,0x90,0x1,0x0,0x0,0x0,0x0,
0x0,0x0,0x7,0x0,0x0,0x0,0x0,0x0,
0x0,0x0,0x0,0x0,0x76,0x3,0x0,0x0,
0x1,0x0,0x0,0x0,0x2f,0x2e,0x5,0x0,
0x0,0x3d,0x2f,0x5,0x0,0x0,0x18,0x6,
0x2,0x0,0x0,0x0,0x0,0x0,0x0,0x0,
0x50,0x0,0x0,0x0,0x1b,0x0,0x0,0x0,
0xeb,0x0,0x0,0x0,0x0,0x0,0x0,0x0,
0x38,0x0,0x0,0x0,0x0,0x0,0x0,0x0,
0x38,0x0,0x0,0x0,0x0,0x0,0x2,0x0,
0xff,0xff,0xff,0xff,0xa,0x0,0x0,0x0,
0x77,0x3,0x90,0x1,0x0,0x0,0x0,0x0,
0x0,0x0,0x7,0x0,0x0,0x0,0x0,0x0,
0x0,0x0,0x0,0x0,0x77,0x3,0x0,0x0,
0x0,0x0,0x0,0x0,0x1,0x0,0x0,0x0,
0x77,0x3,0x0,0x0,0x1,0x0,0x0,0x0,
0xca,0x13,0x3d,0x1,0x0,0x0,0x18,0x9,
0xb5,0x30,0x5,0x0,0x0,0x1,0x0,0x0,
0x0,0x9,0x0,0x0,0x0,0x18,0x6,0xd4,
0x16,0x6,0x2,0x0,0x0,0x0,0x0,0x0,
0x50,0x0,0x0,0x0,0xc,0x0,0x0,0x0,
0x30,0x1,0x0,0x0,0x0,0x0,0x0,0x0,
0x38,0x0,0x0,0x0,0x0,0x0,0x0,0x0,
0x38,0x0,0x0,0x0,0x0,0x0,0x2,0x0,
0x49,0x1,0x0,0x0,0x7,0x0,0x0,0x0,
0x78,0x3,0x90,0x1,0x0,0x0,0x0,0x0,
0x0,0x0,0x7,0x0,0x0,0x0,0x8,0x0,
0x0,0x0,0x0,0x0,0x78,0x3,0x0,0x0,
0x0,0x0,0x0,0x0,0x1,0x0,0x0,0x0,
0x78,0x3,0x0,0x0,0x1,0x0,0x0,0x0,
0xca,0x29,0x49,0x1,0x0,0x0,0x18,0x6,
0xd4,0x16,0x6,0x2,0x0,0x0,0x0,0x0,
0x0,0x0,0x0,0x0,0x0,0x0,0x0,0x0,
0x4c,0x0,0x0,0x0,0x24,0x0,0x0,0x0,
0x0,0x0,0x0,0x0,0x1,0x0,0x1,0x0,
0x38,0x0,0x0,0x0,0x0,0x0,0x0,0x0,
0x40,0x0,0x0,0x0,0x0,0x0,0x1,0x0,
0xff,0xff,0xff,0xff,0xb,0x0,0x0,0x0,
0x78,0x3,0x10,0x3,0x0,0x0,0x0,0x0,
0x0,0x0,0x8,0x0,0x0,0x0,0x2,0x0,
0x4f,0x2,0x0,0x0,0x0,0x0,0x0,0x0,
0x0,0x0,0x0,0x0,0x78,0x3,0x0,0x0,
0x1,0x0,0x0,0x0,0x2f,0x31,0x5,0x0,
0x0,0x18,0x8,0x1a,0x6,0x9,0x2f,0x32,
0x5,0x0,0x0,0x3d,0x33,0x5,0x0,0x0,
0x9e,0x9,0x18,0xa,0x43,0x34,0x5,0x0,
0x0,0x8,0x0,0x0,0x0,0x16,0xa,0x2,
0x0,0x0,0x0,0x0,0x0,0x0,0x0,0x0,
0x44,0x0,0x0,0x0,0xd,0x0,0x0,0x0,
0xb5,0x0,0x0,0x0,0x0,0x0,0x0,0x0,
0x38,0x0,0x0,0x0,0x0,0x0,0x0,0x0,
0x38,0x0,0x0,0x0,0x0,0x0,0x1,0x0,
0xff,0xff,0xff,0xff,0x7,0x0,0x0,0x0,
0x7b,0x3,0x90,0x1,0x0,0x0,0x0,0x0,
0x0,0x0,0x7,0x0,0x0,0x0,0x0,0x0,
0x0,0x0,0x0,0x0,0x7b,0x3,0x0,0x0,
0x1,0x0,0x0,0x0,0x2f,0x35,0x5,0x0,
0x0,0x3d,0x36,0x5,0x0,0x0,0x18,0x6,
0x2,0x0,0x0,0x0,0x0,0x0,0x0,0x0,
0x44,0x0,0x0,0x0,0xd,0x0,0x0,0x0,
0x93,0x0,0x0,0x0,0x0,0x0,0x0,0x0,
0x38,0x0,0x0,0x0,0x0,0x0,0x0,0x0,
0x38,0x0,0x0,0x0,0x0,0x0,0x1,0x0,
0xff,0xff,0xff,0xff,0x7,0x0,0x0,0x0,
0x7b,0x3,0xa0,0x5,0x0,0x0,0x0,0x0,
0x0,0x0,0x7,0x0,0x0,0x0,0x0,0x0,
0x0,0x0,0x0,0x0,0x7b,0x3,0x0,0x0,
0x1,0x0,0x0,0x0,0x2f,0x37,0x5,0x0,
0x0,0x3d,0x38,0x5,0x0,0x0,0x18,0x6,
0x2,0x0,0x0,0x0,0x0,0x0,0x0,0x0,
0x44,0x0,0x0,0x0,0x1b,0x0,0x0,0x0,
0x28,0x1,0x0,0x0,0x0,0x0,0x0,0x0,
0x38,0x0,0x0,0x0,0x0,0x0,0x0,0x0,
0x38,0x0,0x0,0x0,0x0,0x0,0x1,0x0,
0xff,0xff,0xff,0xff,0x8,0x0,0x0,0x0,
0x7c,0x3,0x90,0x1,0x0,0x0,0x0,0x0,
0x0,0x0,0x7,0x0,0x0,0x0,0x0,0x0,
0x0,0x0,0x0,0x0,0x7c,0x3,0x0,0x0,
0x1,0x0,0x0,0x0,0x2f,0x39,0x5,0x0,
0x0,0x3d,0x3a,0x5,0x0,0x0,0x18,0x7,
0x2f,0x3b,0x5,0x0,0x0,0x3d,0x3c,0x5,
0x0,0x0,0x9c,0x7,0x18,0x6,0x2,0x0,
0x0,0x0,0x0,0x0,0x0,0x0,0x0,0x0,
0x44,0x0,0x0,0x0,0x16,0x0,0x0,0x0,
0x2c,0x1,0x0,0x0,0x0,0x0,0x0,0x0,
0x38,0x0,0x0,0x0,0x0,0x0,0x0,0x0,
0x38,0x0,0x0,0x0,0x0,0x0,0x1,0x0,
0xff,0xff,0xff,0xff,0x8,0x0,0x0,0x0,
0x7e,0x3,0x90,0x1,0x0,0x0,0x0,0x0,
0x0,0x0,0x7,0x0,0x0,0x0,0x0,0x0,
0x0,0x0,0x0,0x0,0x7e,0x3,0x0,0x0,
0x1,0x0,0x0,0x0,0x2f,0x3d,0x5,0x0,
0x0,0x3d,0x3e,0x5,0x0,0x0,0x18,0x7,
0x13,0x3f,0x1,0x0,0x0,0x6c,0x7,0x18,
0x6,0x2,0x0,0x0,0x0,0x0,0x0,0x0,
0x44,0x0,0x0,0x0,0xd,0x0,0x0,0x0,
0x2e,0x1,0x0,0x0,0x0,0x0,0x0,0x0,
0x38,0x0,0x0,0x0,0x0,0x0,0x0,0x0,
0x38,0x0,0x0,0x0,0x0,0x0,0x1,0x0,
0xff,0xff,0xff,0xff,0x7,0x0,0x0,0x0,
0x7f,0x3,0x90,0x1,0x0,0x0,0x0,0x0,
0x0,0x0,0x7,0x0,0x0,0x0,0x0,0x0,
0x0,0x0,0x0,0x0,0x7f,0x3,0x0,0x0,
0x1,0x0,0x0,0x0,0x2f,0x3f,0x5,0x0,
0x0,0x3d,0x40,0x5,0x0,0x0,0x18,0x6,
0x2,0x0,0x0,0x0,0x0,0x0,0x0,0x0,
0x50,0x0,0x0,0x0,0x1b,0x0,0x0,0x0,
0xeb,0x0,0x0,0x0,0x0,0x0,0x0,0x0,
0x38,0x0,0x0,0x0,0x0,0x0,0x0,0x0,
0x38,0x0,0x0,0x0,0x0,0x0,0x2,0x0,
0xff,0xff,0xff,0xff,0xa,0x0,0x0,0x0,
0x80,0x3,0x90,0x1,0x0,0x0,0x0,0x0,
0x0,0x0,0x7,0x0,0x0,0x0,0x0,0x0,
0x0,0x0,0x0,0x0,0x80,0x3,0x0,0x0,
0x0,0x0,0x0,0x0,0x1,0x0,0x0,0x0,
0x80,0x3,0x0,0x0,0x1,0x0,0x0,0x0,
0xca,0x13,0x3f,0x1,0x0,0x0,0x18,0x9,
0xb5,0x41,0x5,0x0,0x0,0x1,0x0,0x0,
0x0,0x9,0x0,0x0,0x0,0x18,0x6,0xd4,
0x16,0x6,0x2,0x0,0x0,0x0,0x0,0x0,
0x50,0x0,0x0,0x0,0xc,0x0,0x0,0x0,
0x30,0x1,0x0,0x0,0x0,0x0,0x0,0x0,
0x38,0x0,0x0,0x0,0x0,0x0,0x0,0x0,
0x38,0x0,0x0,0x0,0x0,0x0,0x2,0x0,
0x51,0x1,0x0,0x0,0x7,0x0,0x0,0x0,
0x81,0x3,0x90,0x1,0x0,0x0,0x0,0x0,
0x0,0x0,0x7,0x0,0x0,0x0,0x8,0x0,
0x0,0x0,0x0,0x0,0x81,0x3,0x0,0x0,
0x0,0x0,0x0,0x0,0x1,0x0,0x0,0x0,
0x81,0x3,0x0,0x0,0x1,0x0,0x0,0x0,
0xca,0x29,0x51,0x1,0x0,0x0,0x18,0x6,
0xd4,0x16,0x6,0x2,0x0,0x0,0x0,0x0,
0x0,0x0,0x0,0x0,0x0,0x0,0x0,0x0,
0x4c,0x0,0x0,0x0,0x24,0x0,0x0,0x0,
0x0,0x0,0x0,0x0,0x1,0x0,0x1,0x0,
0x38,0x0,0x0,0x0,0x0,0x0,0x0,0x0,
0x40,0x0,0x0,0x0,0x0,0x0,0x1,0x0,
0xff,0xff,0xff,0xff,0xb,0x0,0x0,0x0,
0x81,0x3,0x10,0x3,0x0,0x0,0x0,0x0,
0x0,0x0,0x8,0x0,0x0,0x0,0x2,0x0,
0x4f,0x2,0x0,0x0,0x0,0x0,0x0,0x0,
0x0,0x0,0x0,0x0,0x81,0x3,0x0,0x0,
0x1,0x0,0x0,0x0,0x2f,0x42,0x5,0x0,
0x0,0x18,0x8,0x1a,0x6,0x9,0x2f,0x43,
0x5,0x0,0x0,0x3d,0x44,0x5,0x0,0x0,
0x9e,0x9,0x18,0xa,0x43,0x45,0x5,0x0,
0x0,0x8,0x0,0x0,0x0,0x16,0xa,0x2,
0x0,0x0,0x0,0x0,0x0,0x0,0x0,0x0,
0x44,0x0,0x0,0x0,0xd,0x0,0x0,0x0,
0xb5,0x0,0x0,0x0,0x0,0x0,0x0,0x0,
0x38,0x0,0x0,0x0,0x0,0x0,0x0,0x0,
0x38,0x0,0x0,0x0,0x0,0x0,0x1,0x0,
0xff,0xff,0xff,0xff,0x7,0x0,0x0,0x0,
0x84,0x3,0x90,0x1,0x0,0x0,0x0,0x0,
0x0,0x0,0x7,0x0,0x0,0x0,0x0,0x0,
0x0,0x0,0x0,0x0,0x84,0x3,0x0,0x0,
0x1,0x0,0x0,0x0,0x2f,0x46,0x5,0x0,
0x0,0x3d,0x47,0x5,0x0,0x0,0x18,0x6,
0x2,0x0,0x0,0x0,0x0,0x0,0x0,0x0,
0x44,0x0,0x0,0x0,0xd,0x0,0x0,0x0,
0x93,0x0,0x0,0x0,0x0,0x0,0x0,0x0,
0x38,0x0,0x0,0x0,0x0,0x0,0x0,0x0,
0x38,0x0,0x0,0x0,0x0,0x0,0x1,0x0,
0xff,0xff,0xff,0xff,0x7,0x0,0x0,0x0,
0x84,0x3,0xa0,0x5,0x0,0x0,0x0,0x0,
0x0,0x0,0x7,0x0,0x0,0x0,0x0,0x0,
0x0,0x0,0x0,0x0,0x84,0x3,0x0,0x0,
0x1,0x0,0x0,0x0,0x2f,0x48,0x5,0x0,
0x0,0x3d,0x49,0x5,0x0,0x0,0x18,0x6,
0x2,0x0,0x0,0x0,0x0,0x0,0x0,0x0,
0x44,0x0,0x0,0x0,0x1b,0x0,0x0,0x0,
0x28,0x1,0x0,0x0,0x0,0x0,0x0,0x0,
0x38,0x0,0x0,0x0,0x0,0x0,0x0,0x0,
0x38,0x0,0x0,0x0,0x0,0x0,0x1,0x0,
0xff,0xff,0xff,0xff,0x8,0x0,0x0,0x0,
0x85,0x3,0x90,0x1,0x0,0x0,0x0,0x0,
0x0,0x0,0x7,0x0,0x0,0x0,0x0,0x0,
0x0,0x0,0x0,0x0,0x85,0x3,0x0,0x0,
0x1,0x0,0x0,0x0,0x2f,0x4a,0x5,0x0,
0x0,0x3d,0x4b,0x5,0x0,0x0,0x18,0x7,
0x2f,0x4c,0x5,0x0,0x0,0x3d,0x4d,0x5,
0x0,0x0,0x9c,0x7,0x18,0x6,0x2,0x0,
0x0,0x0,0x0,0x0,0x0,0x0,0x0,0x0,
0x44,0x0,0x0,0x0,0x16,0x0,0x0,0x0,
0x2c,0x1,0x0,0x0,0x0,0x0,0x0,0x0,
0x38,0x0,0x0,0x0,0x0,0x0,0x0,0x0,
0x38,0x0,0x0,0x0,0x0,0x0,0x1,0x0,
0xff,0xff,0xff,0xff,0x8,0x0,0x0,0x0,
0x87,0x3,0x90,0x1,0x0,0x0,0x0,0x0,
0x0,0x0,0x7,0x0,0x0,0x0,0x0,0x0,
0x0,0x0,0x0,0x0,0x87,0x3,0x0,0x0,
0x1,0x0,0x0,0x0,0x2f,0x4e,0x5,0x0,
0x0,0x3d,0x4f,0x5,0x0,0x0,0x18,0x7,
0x13,0x41,0x1,0x0,0x0,0x6c,0x7,0x18,
0x6,0x2,0x0,0x0,0x0,0x0,0x0,0x0,
0x44,0x0,0x0,0x0,0xd,0x0,0x0,0x0,
0x2e,0x1,0x0,0x0,0x0,0x0,0x0,0x0,
0x38,0x0,0x0,0x0,0x0,0x0,0x0,0x0,
0x38,0x0,0x0,0x0,0x0,0x0,0x1,0x0,
0xff,0xff,0xff,0xff,0x7,0x0,0x0,0x0,
0x88,0x3,0x90,0x1,0x0,0x0,0x0,0x0,
0x0,0x0,0x7,0x0,0x0,0x0,0x0,0x0,
0x0,0x0,0x0,0x0,0x88,0x3,0x0,0x0,
0x1,0x0,0x0,0x0,0x2f,0x50,0x5,0x0,
0x0,0x3d,0x51,0x5,0x0,0x0,0x18,0x6,
0x2,0x0,0x0,0x0,0x0,0x0,0x0,0x0,
0x50,0x0,0x0,0x0,0x1b,0x0,0x0,0x0,
0xeb,0x0,0x0,0x0,0x0,0x0,0x0,0x0,
0x38,0x0,0x0,0x0,0x0,0x0,0x0,0x0,
0x38,0x0,0x0,0x0,0x0,0x0,0x2,0x0,
0xff,0xff,0xff,0xff,0xa,0x0,0x0,0x0,
0x89,0x3,0x90,0x1,0x0,0x0,0x0,0x0,
0x0,0x0,0x7,0x0,0x0,0x0,0x0,0x0,
0x0,0x0,0x0,0x0,0x89,0x3,0x0,0x0,
0x0,0x0,0x0,0x0,0x1,0x0,0x0,0x0,
0x89,0x3,0x0,0x0,0x1,0x0,0x0,0x0,
0xca,0x13,0x41,0x1,0x0,0x0,0x18,0x9,
0xb5,0x52,0x5,0x0,0x0,0x1,0x0,0x0,
0x0,0x9,0x0,0x0,0x0,0x18,0x6,0xd4,
0x16,0x6,0x2,0x0,0x0,0x0,0x0,0x0,
0x50,0x0,0x0,0x0,0xc,0x0,0x0,0x0,
0x30,0x1,0x0,0x0,0x0,0x0,0x0,0x0,
0x38,0x0,0x0,0x0,0x0,0x0,0x0,0x0,
0x38,0x0,0x0,0x0,0x0,0x0,0x2,0x0,
0x59,0x1,0x0,0x0,0x7,0x0,0x0,0x0,
0x8a,0x3,0x90,0x1,0x0,0x0,0x0,0x0,
0x0,0x0,0x7,0x0,0x0,0x0,0x8,0x0,
0x0,0x0,0x0,0x0,0x8a,0x3,0x0,0x0,
0x0,0x0,0x0,0x0,0x1,0x0,0x0,0x0,
0x8a,0x3,0x0,0x0,0x1,0x0,0x0,0x0,
0xca,0x29,0x59,0x1,0x0,0x0,0x18,0x6,
0xd4,0x16,0x6,0x2,0x0,0x0,0x0,0x0,
0x0,0x0,0x0,0x0,0x0,0x0,0x0,0x0,
0x4c,0x0,0x0,0x0,0x24,0x0,0x0,0x0,
0x0,0x0,0x0,0x0,0x1,0x0,0x1,0x0,
0x38,0x0,0x0,0x0,0x0,0x0,0x0,0x0,
0x40,0x0,0x0,0x0,0x0,0x0,0x1,0x0,
0xff,0xff,0xff,0xff,0xb,0x0,0x0,0x0,
0x8a,0x3,0x10,0x3,0x0,0x0,0x0,0x0,
0x0,0x0,0x8,0x0,0x0,0x0,0x2,0x0,
0x4f,0x2,0x0,0x0,0x0,0x0,0x0,0x0,
0x0,0x0,0x0,0x0,0x8a,0x3,0x0,0x0,
0x1,0x0,0x0,0x0,0x2f,0x53,0x5,0x0,
0x0,0x18,0x8,0x1a,0x6,0x9,0x2f,0x54,
0x5,0x0,0x0,0x3d,0x55,0x5,0x0,0x0,
0x9e,0x9,0x18,0xa,0x43,0x56,0x5,0x0,
0x0,0x8,0x0,0x0,0x0,0x16,0xa,0x2,
0x0,0x0,0x0,0x0,0x0,0x0,0x0,0x0,
0x44,0x0,0x0,0x0,0xd,0x0,0x0,0x0,
0xb5,0x0,0x0,0x0,0x0,0x0,0x0,0x0,
0x38,0x0,0x0,0x0,0x0,0x0,0x0,0x0,
0x38,0x0,0x0,0x0,0x0,0x0,0x1,0x0,
0xff,0xff,0xff,0xff,0x7,0x0,0x0,0x0,
0x8d,0x3,0x90,0x1,0x0,0x0,0x0,0x0,
0x0,0x0,0x7,0x0,0x0,0x0,0x0,0x0,
0x0,0x0,0x0,0x0,0x8d,0x3,0x0,0x0,
0x1,0x0,0x0,0x0,0x2f,0x57,0x5,0x0,
0x0,0x3d,0x58,0x5,0x0,0x0,0x18,0x6,
0x2,0x0,0x0,0x0,0x0,0x0,0x0,0x0,
0x44,0x0,0x0,0x0,0xd,0x0,0x0,0x0,
0x93,0x0,0x0,0x0,0x0,0x0,0x0,0x0,
0x38,0x0,0x0,0x0,0x0,0x0,0x0,0x0,
0x38,0x0,0x0,0x0,0x0,0x0,0x1,0x0,
0xff,0xff,0xff,0xff,0x7,0x0,0x0,0x0,
0x8d,0x3,0x0,0x6,0x0,0x0,0x0,0x0,
0x0,0x0,0x7,0x0,0x0,0x0,0x0,0x0,
0x0,0x0,0x0,0x0,0x8d,0x3,0x0,0x0,
0x1,0x0,0x0,0x0,0x2f,0x59,0x5,0x0,
0x0,0x3d,0x5a,0x5,0x0,0x0,0x18,0x6,
0x2,0x0,0x0,0x0,0x0,0x0,0x0,0x0,
0x44,0x0,0x0,0x0,0x1b,0x0,0x0,0x0,
0x28,0x1,0x0,0x0,0x0,0x0,0x0,0x0,
0x38,0x0,0x0,0x0,0x0,0x0,0x0,0x0,
0x38,0x0,0x0,0x0,0x0,0x0,0x1,0x0,
0xff,0xff,0xff,0xff,0x8,0x0,0x0,0x0,
0x8e,0x3,0x90,0x1,0x0,0x0,0x0,0x0,
0x0,0x0,0x7,0x0,0x0,0x0,0x0,0x0,
0x0,0x0,0x0,0x0,0x8e,0x3,0x0,0x0,
0x1,0x0,0x0,0x0,0x2f,0x5b,0x5,0x0,
0x0,0x3d,0x5c,0x5,0x0,0x0,0x18,0x7,
0x2f,0x5d,0x5,0x0,0x0,0x3d,0x5e,0x5,
0x0,0x0,0x9c,0x7,0x18,0x6,0x2,0x0,
0x0,0x0,0x0,0x0,0x0,0x0,0x0,0x0,
0x44,0x0,0x0,0x0,0x16,0x0,0x0,0x0,
0x2c,0x1,0x0,0x0,0x0,0x0,0x0,0x0,
0x38,0x0,0x0,0x0,0x0,0x0,0x0,0x0,
0x38,0x0,0x0,0x0,0x0,0x0,0x1,0x0,
0xff,0xff,0xff,0xff,0x8,0x0,0x0,0x0,
0x91,0x3,0x90,0x1,0x0,0x0,0x0,0x0,
0x0,0x0,0x7,0x0,0x0,0x0,0x0,0x0,
0x0,0x0,0x0,0x0,0x91,0x3,0x0,0x0,
0x1,0x0,0x0,0x0,0x2f,0x5f,0x5,0x0,
0x0,0x3d,0x60,0x5,0x0,0x0,0x18,0x7,
0x13,0x43,0x1,0x0,0x0,0x6c,0x7,0x18,
0x6,0x2,0x0,0x0,0x0,0x0,0x0,0x0,
0x44,0x0,0x0,0x0,0xd,0x0,0x0,0x0,
0x2e,0x1,0x0,0x0,0x0,0x0,0x0,0x0,
0x38,0x0,0x0,0x0,0x0,0x0,0x0,0x0,
0x38,0x0,0x0,0x0,0x0,0x0,0x1,0x0,
0xff,0xff,0xff,0xff,0x7,0x0,0x0,0x0,
0x92,0x3,0x90,0x1,0x0,0x0,0x0,0x0,
0x0,0x0,0x7,0x0,0x0,0x0,0x0,0x0,
0x0,0x0,0x0,0x0,0x92,0x3,0x0,0x0,
0x1,0x0,0x0,0x0,0x2f,0x61,0x5,0x0,
0x0,0x3d,0x62,0x5,0x0,0x0,0x18,0x6,
0x2,0x0,0x0,0x0,0x0,0x0,0x0,0x0,
0x50,0x0,0x0,0x0,0x1b,0x0,0x0,0x0,
0xeb,0x0,0x0,0x0,0x0,0x0,0x0,0x0,
0x38,0x0,0x0,0x0,0x0,0x0,0x0,0x0,
0x38,0x0,0x0,0x0,0x0,0x0,0x2,0x0,
0xff,0xff,0xff,0xff,0xa,0x0,0x0,0x0,
0x93,0x3,0x90,0x1,0x0,0x0,0x0,0x0,
0x0,0x0,0x7,0x0,0x0,0x0,0x0,0x0,
0x0,0x0,0x0,0x0,0x93,0x3,0x0,0x0,
0x0,0x0,0x0,0x0,0x1,0x0,0x0,0x0,
0x93,0x3,0x0,0x0,0x1,0x0,0x0,0x0,
0xca,0x13,0x43,0x1,0x0,0x0,0x18,0x9,
0xb5,0x63,0x5,0x0,0x0,0x1,0x0,0x0,
0x0,0x9,0x0,0x0,0x0,0x18,0x6,0xd4,
0x16,0x6,0x2,0x0,0x0,0x0,0x0,0x0,
0x50,0x0,0x0,0x0,0xc,0x0,0x0,0x0,
0x30,0x1,0x0,0x0,0x0,0x0,0x0,0x0,
0x38,0x0,0x0,0x0,0x0,0x0,0x0,0x0,
0x38,0x0,0x0,0x0,0x0,0x0,0x2,0x0,
0x61,0x1,0x0,0x0,0x7,0x0,0x0,0x0,
0x94,0x3,0x90,0x1,0x0,0x0,0x0,0x0,
0x0,0x0,0x7,0x0,0x0,0x0,0x8,0x0,
0x0,0x0,0x0,0x0,0x94,0x3,0x0,0x0,
0x0,0x0,0x0,0x0,0x1,0x0,0x0,0x0,
0x94,0x3,0x0,0x0,0x1,0x0,0x0,0x0,
0xca,0x29,0x61,0x1,0x0,0x0,0x18,0x6,
0xd4,0x16,0x6,0x2,0x0,0x0,0x0,0x0,
0x0,0x0,0x0,0x0,0x0,0x0,0x0,0x0,
0x4c,0x0,0x0,0x0,0x24,0x0,0x0,0x0,
0x0,0x0,0x0,0x0,0x1,0x0,0x1,0x0,
0x38,0x0,0x0,0x0,0x0,0x0,0x0,0x0,
0x40,0x0,0x0,0x0,0x0,0x0,0x1,0x0,
0xff,0xff,0xff,0xff,0xb,0x0,0x0,0x0,
0x94,0x3,0x10,0x3,0x0,0x0,0x0,0x0,
0x0,0x0,0x8,0x0,0x0,0x0,0x2,0x0,
0x4f,0x2,0x0,0x0,0x0,0x0,0x0,0x0,
0x0,0x0,0x0,0x0,0x94,0x3,0x0,0x0,
0x1,0x0,0x0,0x0,0x2f,0x64,0x5,0x0,
0x0,0x18,0x8,0x1a,0x6,0x9,0x2f,0x65,
0x5,0x0,0x0,0x3d,0x66,0x5,0x0,0x0,
0x9e,0x9,0x18,0xa,0x43,0x67,0x5,0x0,
0x0,0x8,0x0,0x0,0x0,0x16,0xa,0x2,
0x0,0x0,0x0,0x0,0x0,0x0,0x0,0x0,
0x44,0x0,0x0,0x0,0xd,0x0,0x0,0x0,
0x59,0x0,0x0,0x0,0x0,0x0,0x0,0x0,
0x38,0x0,0x0,0x0,0x0,0x0,0x0,0x0,
0x38,0x0,0x0,0x0,0x0,0x0,0x1,0x0,
0xff,0xff,0xff,0xff,0x7,0x0,0x0,0x0,
0x9a,0x3,0xc0,0x3,0x0,0x0,0x0,0x0,
0x0,0x0,0x7,0x0,0x0,0x0,0x0,0x0,
0x0,0x0,0x0,0x0,0x9a,0x3,0x0,0x0,
0x1,0x0,0x0,0x0,0x2f,0x68,0x5,0x0,
0x0,0x3d,0x69,0x5,0x0,0x0,0x18,0x6,
0x2,0x0,0x0,0x0,0x0,0x0,0x0,0x0,
0x44,0x0,0x0,0x0,0xd,0x0,0x0,0x0,
0x55,0x0,0x0,0x0,0x0,0x0,0x0,0x0,
0x38,0x0,0x0,0x0,0x0,0x0,0x0,0x0,
0x38,0x0,0x0,0x0,0x0,0x0,0x1,0x0,
0xff,0xff,0xff,0xff,0x7,0x0,0x0,0x0,
0x9a,0x3,0xc0,0x5,0x0,0x0,0x0,0x0,
0x0,0x0,0x7,0x0,0x0,0x0,0x0,0x0,
0x0,0x0,0x0,0x0,0x9a,0x3,0x0,0x0,
0x1,0x0,0x0,0x0,0x2f,0x6a,0x5,0x0,
0x0,0x3d,0x6b,0x5,0x0,0x0,0x18,0x6,
0x2,0x0,0x0,0x0,0x0,0x0,0x0,0x0,
0x44,0x0,0x0,0x0,0xd,0x0,0x0,0x0,
0xf4,0x0,0x0,0x0,0x0,0x0,0x0,0x0,
0x38,0x0,0x0,0x0,0x0,0x0,0x0,0x0,
0x38,0x0,0x0,0x0,0x0,0x0,0x1,0x0,
0xff,0xff,0xff,0xff,0x7,0x0,0x0,0x0,
0x9a,0x3,0xd0,0x1,0x0,0x0,0x0,0x0,
0x0,0x0,0x7,0x0,0x0,0x0,0x0,0x0,
0x0,0x0,0x0,0x0,0x9a,0x3,0x0,0x0,
0x1,0x0,0x0,0x0,0x2f,0x6c,0x5,0x0,
0x0,0x3d,0x6d,0x5,0x0,0x0,0x18,0x6,
0x2,0x0,0x0,0x0,0x0,0x0,0x0,0x0,
0x44,0x0,0x0,0x0,0xd,0x0,0x0,0x0,
0x8,0x1,0x0,0x0,0x0,0x0,0x0,0x0,
0x38,0x0,0x0,0x0,0x0,0x0,0x0,0x0,
0x38,0x0,0x0,0x0,0x0,0x0,0x1,0x0,
0xff,0xff,0xff,0xff,0x7,0x0,0x0,0x0,
0x9f,0x3,0x50,0x1,0x0,0x0,0x0,0x0,
0x0,0x0,0x7,0x0,0x0,0x0,0x0,0x0,
0x0,0x0,0x0,0x0,0x9f,0x3,0x0,0x0,
0x1,0x0,0x0,0x0,0x2f,0x6e,0x5,0x0,
0x0,0x3d,0x6f,0x5,0x0,0x0,0x18,0x6,
0x2,0x0,0x0,0x0,0x0,0x0,0x0,0x0,
0x44,0x0,0x0,0x0,0x8,0x0,0x0,0x0,
0xb,0x1,0x0,0x0,0x0,0x0,0x0,0x0,
0x38,0x0,0x0,0x0,0x0,0x0,0x0,0x0,
0x38,0x0,0x0,0x0,0x0,0x0,0x1,0x0,
0xff,0xff,0xff,0xff,0x7,0x0,0x0,0x0,
0x9f,0x3,0xe0,0x3,0x0,0x0,0x0,0x0,
0x0,0x0,0x7,0x0,0x0,0x0,0x0,0x0,
0x0,0x0,0x0,0x0,0x9f,0x3,0x0,0x0,
0x1,0x0,0x0,0x0,0x2f,0x70,0x5,0x0,
0x0,0x18,0x6,0x2,0x0,0x0,0x0,0x0,
0x44,0x0,0x0,0x0,0xd,0x0,0x0,0x0,
0xd,0x1,0x0,0x0,0x0,0x0,0x0,0x0,
0x38,0x0,0x0,0x0,0x0,0x0,0x0,0x0,
0x38,0x0,0x0,0x0,0x0,0x0,0x1,0x0,
0xff,0xff,0xff,0xff,0x7,0x0,0x0,0x0,
0xa1,0x3,0xd0,0x0,0x0,0x0,0x0,0x0,
0x0,0x0,0x7,0x0,0x0,0x0,0x0,0x0,
0x0,0x0,0x0,0x0,0xa1,0x3,0x0,0x0,
0x1,0x0,0x0,0x0,0x2f,0x71,0x5,0x0,
0x0,0x3d,0x72,0x5,0x0,0x0,0x18,0x6,
0x2,0x0,0x0,0x0,0x0,0x0,0x0,0x0,
0x44,0x0,0x0,0x0,0xd,0x0,0x0,0x0,
0x12,0x1,0x0,0x0,0x0,0x0,0x0,0x0,
0x38,0x0,0x0,0x0,0x0,0x0,0x0,0x0,
0x38,0x0,0x0,0x0,0x0,0x0,0x1,0x0,
0xff,0xff,0xff,0xff,0x7,0x0,0x0,0x0,
0xa5,0x3,0xd0,0x0,0x0,0x0,0x0,0x0,
0x0,0x0,0x7,0x0,0x0,0x0,0x0,0x0,
0x0,0x0,0x0,0x0,0xa5,0x3,0x0,0x0,
0x1,0x0,0x0,0x0,0x2f,0x73,0x5,0x0,
0x0,0x3d,0x74,0x5,0x0,0x0,0x18,0x6,
0x2,0x0,0x0,0x0,0x0,0x0,0x0,0x0,
0x44,0x0,0x0,0x0,0x33,0x0,0x0,0x0,
0x49,0x1,0x0,0x0,0x0,0x0,0x0,0x0,
0x38,0x0,0x0,0x0,0x0,0x0,0x0,0x0,
0x38,0x0,0x0,0x0,0x0,0x0,0x1,0x0,
0xff,0xff,0xff,0xff,0xd,0x0,0x0,0x0,
0xac,0x3,0xd0,0x0,0x0,0x0,0x0,0x0,
0x0,0x0,0x7,0x0,0x0,0x0,0x0,0x0,
0x0,0x0,0x0,0x0,0xac,0x3,0x0,0x0,
0x1,0x0,0x0,0x0,0x2f,0x75,0x5,0x0,
0x0,0x18,0x7,0x14,0x3a,0xa,0x2f,0x76,
0x5,0x0,0x0,0x18,0xc,0x2f,0x77,0x5,
0x0,0x0,0x3d,0x78,0x5,0x0,0x0,0x9c,
0xc,0x18,0xb,0xad,0x79,0x5,0x0,0x0,
0x7,0x0,0x0,0x0,0x2,0x0,0x0,0x0,
0xa,0x0,0x0,0x0,0x18,0x6,0x2,0x0,
0x0,0x0,0x0,0x0,0x0,0x0,0x0,0x0,
0x44,0x0,0x0,0x0,0x33,0x0,0x0,0x0,
0x4b,0x1,0x0,0x0,0x0,0x0,0x0,0x0,
0x38,0x0,0x0,0x0,0x0,0x0,0x0,0x0,
0x38,0x0,0x0,0x0,0x0,0x0,0x1,0x0,
0xff,0xff,0xff,0xff,0xd,0x0,0x0,0x0,
0xad,0x3,0xd0,0x0,0x0,0x0,0x0,0x0,
0x0,0x0,0x7,0x0,0x0,0x0,0x0,0x0,
0x0,0x0,0x0,0x0,0xad,0x3,0x0,0x0,
0x1,0x0,0x0,0x0,0x2f,0x7a,0x5,0x0,
0x0,0x18,0x7,0x14,0x3b,0xa,0x2f,0x7b,
0x5,0x0,0x0,0x18,0xc,0x2f,0x7c,0x5,
0x0,0x0,0x3d,0x7d,0x5,0x0,0x0,0x9c,
0xc,0x18,0xb,0xad,0x7e,0x5,0x0,0x0,
0x7,0x0,0x0,0x0,0x2,0x0,0x0,0x0,
0xa,0x0,0x0,0x0,0x18,0x6,0x2,0x0,
0x0,0x0,0x0,0x0,0x0,0x0,0x0,0x0,
0x50,0x0,0x0,0x0,0x1f,0x0,0x0,0x0,
0x18,0x1,0x0,0x0,0x0,0x0,0x0,0x0,
0x38,0x0,0x0,0x0,0x0,0x0,0x0,0x0,
0x38,0x0,0x0,0x0,0x0,0x0,0x2,0x0,
0xff,0xff,0xff,0xff,0xa,0x0,0x0,0x0,
0xb0,0x3,0xd0,0x0,0x0,0x0,0x0,0x0,
0x0,0x0,0x7,0x0,0x0,0x0,0x0,0x0,
0x0,0x0,0x0,0x0,0xb0,0x3,0x0,0x0,
0x0,0x0,0x0,0x0,0x1,0x0,0x0,0x0,
0xb0,0x3,0x0,0x0,0x1,0x0,0x0,0x0,
0xca,0x2f,0x7f,0x5,0x0,0x0,0x18,0x7,
0xad,0x80,0x5,0x0,0x0,0x7,0x0,0x0,
0x0,0x0,0x0,0x0,0x0,0x0,0x0,0x0,
0x0,0x18,0x6,0xd4,0x16,0x6,0x2,0x0,
0x50,0x0,0x0,0x0,0x1f,0x0,0x0,0x0,
0x1a,0x1,0x0,0x0,0x0,0x0,0x0,0x0,
0x38,0x0,0x0,0x0,0x0,0x0,0x0,0x0,
0x38,0x0,0x0,0x0,0x0,0x0,0x2,0x0,
0xff,0xff,0xff,0xff,0xa,0x0,0x0,0x0,
0xb1,0x3,0xd0,0x0,0x0,0x0,0x0,0x0,
0x0,0x0,0x7,0x0,0x0,0x0,0x0,0x0,
0x0,0x0,0x0,0x0,0xb1,0x3,0x0,0x0,
0x0,0x0,0x0,0x0,0x1,0x0,0x0,0x0,
0xb1,0x3,0x0,0x0,0x1,0x0,0x0,0x0,
0xca,0x2f,0x81,0x5,0x0,0x0,0x18,0x7,
0xad,0x82,0x5,0x0,0x0,0x7,0x0,0x0,
0x0,0x0,0x0,0x0,0x0,0x0,0x0,0x0,
0x0,0x18,0x6,0xd4,0x16,0x6,0x2,0x0,
0x50,0x0,0x0,0x0,0x1f,0x0,0x0,0x0,
0x1c,0x1,0x0,0x0,0x0,0x0,0x0,0x0,
0x38,0x0,0x0,0x0,0x0,0x0,0x0,0x0,
0x38,0x0,0x0,0x0,0x0,0x0,0x2,0x0,
0xff,0xff,0xff,0xff,0xa,0x0,0x0,0x0,
0xb2,0x3,0xd0,0x0,0x0,0x0,0x0,0x0,
0x0,0x0,0x7,0x0,0x0,0x0,0x0,0x0,
0x0,0x0,0x0,0x0,0xb2,0x3,0x0,0x0,
0x0,0x0,0x0,0x0,0x1,0x0,0x0,0x0,
0xb2,0x3,0x0,0x0,0x1,0x0,0x0,0x0,
0xca,0x2f,0x83,0x5,0x0,0x0,0x18,0x7,
0xad,0x84,0x5,0x0,0x0,0x7,0x0,0x0,
0x0,0x0,0x0,0x0,0x0,0x0,0x0,0x0,
0x0,0x18,0x6,0xd4,0x16,0x6,0x2,0x0,
0x5c,0x0,0x0,0x0,0xc,0x0,0x0,0x0,
0x14,0x1,0x0,0x0,0x0,0x0,0x0,0x0,
0x38,0x0,0x0,0x0,0x0,0x0,0x0,0x0,
0x38,0x0,0x0,0x0,0x0,0x0,0x3,0x0,
0x6f,0x1,0x0,0x0,0x7,0x0,0x0,0x0,
0xa6,0x3,0xd0,0x0,0x0,0x0,0x0,0x0,
0x0,0x0,0x7,0x0,0x0,0x0,0x8,0x0,
0x0,0x0,0x0,0x0,0xa6,0x3,0x0,0x0,
0x0,0x0,0x0,0x0,0x1,0x0,0x0,0x0,
0xa6,0x3,0x0,0x0,0x1,0x0,0x0,0x0,
0x8,0x0,0x0,0x0,0xab,0x3,0x0,0x0,
0x1,0x0,0x0,0x0,0xca,0x29,0x6f,0x1,
0x0,0x0,0x18,0x6,0xd4,0x16,0x6,0x2,
0x0,0x0,0x0,0x0,0x0,0x0,0x0,0x0,
0x70,0x0,0x0,0x0,0x2b,0x0,0x0,0x0,
0x0,0x0,0x0,0x0,0x1,0x0,0x1,0x0,
0x38,0x0,0x0,0x0,0x0,0x0,0x0,0x0,
0x40,0x0,0x0,0x0,0x0,0x0,0x4,0x0,
0xff,0xff,0xff,0xff,0xb,0x0,0x0,0x0,
0xa6,0x3,0x30,0x2,0x0,0x0,0x0,0x0,
0x0,0x0,0x8,0x0,0x0,0x0,0x2,0x0,
0x4b,0x2,0x0,0x0,0x0,0x0,0x0,0x0,
0x0,0x0,0x0,0x0,0xa7,0x3,0x0,0x0,
0x1,0x0,0x0,0x0,0x7,0x0,0x0,0x0,
0xa8,0x3,0x0,0x0,0x4,0x0,0x0,0x0,
0x1f,0x0,0x0,0x0,0xa9,0x3,0x0,0x0,
0x6,0x0,0x0,0x0,0x29,0x0,0x0,0x0,
0xab,0x3,0x0,0x0,0x6,0x0,0x0,0x0,
0x2f,0x85,0x5,0x0,0x0,0x50,0x22,0x2f,
0x86,0x5,0x0,0x0,0x18,0x8,0xad,0x87,
0x5,0x0,0x0,0x8,0x0,0x0,0x0,0x0,
0x0,0x0,0x0,0x0,0x0,0x0,0x0,0x8,
0x43,0x88,0x5,0x0,0x0,0x6,0x0,0x0,
0x0,0xe,0x2,0x0,0x0,0x0,0x0,0x0,
0x0,0x0,0x0,0x0,0x0,0x0,0x0,0x0,
0x44,0x0,0x0,0x0,0xd,0x0,0x0,0x0,
0x1f,0x1,0x0,0x0,0x0,0x0,0x0,0x0,
0x38,0x0,0x0,0x0,0x0,0x0,0x0,0x0,
0x38,0x0,0x0,0x0,0x0,0x0,0x1,0x0,
0xff,0xff,0xff,0xff,0x7,0x0,0x0,0x0,
0xb3,0x3,0xd0,0x2,0x0,0x0,0x0,0x0,
0x0,0x0,0x7,0x0,0x0,0x0,0x0,0x0,
0x0,0x0,0x0,0x0,0xb3,0x3,0x0,0x0,
0x1,0x0,0x0,0x0,0x2f,0x89,0x5,0x0,
0x0,0x3d,0x8a,0x5,0x0,0x0,0x18,0x6,
0x2,0x0,0x0,0x0,0x0,0x0,0x0,0x0,
0x44,0x0,0x0,0x0,0xd,0x0,0x0,0x0,
0x1f,0x1,0x0,0x0,0x0,0x0,0x0,0x0,
0x38,0x0,0x0,0x0,0x0,0x0,0x0,0x0,
0x38,0x0,0x0,0x0,0x0,0x0,0x1,0x0,
0xff,0xff,0xff,0xff,0x7,0x0,0x0,0x0,
0xb4,0x3,0xf0,0x2,0x0,0x0,0x0,0x0,
0x0,0x0,0x7,0x0,0x0,0x0,0x0,0x0,
0x0,0x0,0x0,0x0,0xb4,0x3,0x0,0x0,
0x1,0x0,0x0,0x0,0x2f,0x8b,0x5,0x0,
0x0,0x3d,0x8c,0x5,0x0,0x0,0x18,0x6,
0x2,0x0,0x0,0x0,0x0,0x0,0x0,0x0,
0x44,0x0,0x0,0x0,0xd,0x0,0x0,0x0,
0x8,0x1,0x0,0x0,0x0,0x0,0x0,0x0,
0x38,0x0,0x0,0x0,0x0,0x0,0x0,0x0,
0x38,0x0,0x0,0x0,0x0,0x0,0x1,0x0,
0xff,0xff,0xff,0xff,0x7,0x0,0x0,0x0,
0xba,0x3,0xd0,0x0,0x0,0x0,0x0,0x0,
0x0,0x0,0x7,0x0,0x0,0x0,0x0,0x0,
0x0,0x0,0x0,0x0,0xba,0x3,0x0,0x0,
0x1,0x0,0x0,0x0,0x2f,0x8d,0x5,0x0,
0x0,0x3d,0x8e,0x5,0x0,0x0,0x18,0x6,
0x2,0x0,0x0,0x0,0x0,0x0,0x0,0x0,
0x44,0x0,0x0,0x0,0xd,0x0,0x0,0x0,
0xd,0x1,0x0,0x0,0x0,0x0,0x0,0x0,
0x38,0x0,0x0,0x0,0x0,0x0,0x0,0x0,
0x38,0x0,0x0,0x0,0x0,0x0,0x1,0x0,
0xff,0xff,0xff,0xff,0x7,0x0,0x0,0x0,
0xbd,0x3,0xd0,0x0,0x0,0x0,0x0,0x0,
0x0,0x0,0x7,0x0,0x0,0x0,0x0,0x0,
0x0,0x0,0x0,0x0,0xbd,0x3,0x0,0x0,
0x1,0x0,0x0,0x0,0x2f,0x8f,0x5,0x0,
0x0,0x3d,0x90,0x5,0x0,0x0,0x18,0x6,
0x2,0x0,0x0,0x0,0x0,0x0,0x0,0x0,
0x44,0x0,0x0,0x0,0xd,0x0,0x0,0x0,
0x50,0x1,0x0,0x0,0x0,0x0,0x0,0x0,
0x38,0x0,0x0,0x0,0x0,0x0,0x0,0x0,
0x38,0x0,0x0,0x0,0x0,0x0,0x1,0x0,
0xff,0xff,0xff,0xff,0x7,0x0,0x0,0x0,
0xc1,0x3,0x10,0x1,0x0,0x0,0x0,0x0,
0x0,0x0,0x7,0x0,0x0,0x0,0x0,0x0,
0x0,0x0,0x0,0x0,0xc1,0x3,0x0,0x0,
0x1,0x0,0x0,0x0,0x2f,0x91,0x5,0x0,
0x0,0x3d,0x92,0x5,0x0,0x0,0x18,0x6,
0x2,0x0,0x0,0x0,0x0,0x0,0x0,0x0,
0x44,0x0,0x0,0x0,0x12,0x0,0x0,0x0,
0x52,0x1,0x0,0x0,0x0,0x0,0x0,0x0,
0x38,0x0,0x0,0x0,0x0,0x0,0x0,0x0,
0x38,0x0,0x0,0x0,0x0,0x0,0x1,0x0,
0xff,0xff,0xff,0xff,0x8,0x0,0x0,0x0,
0xc2,0x3,0x10,0x1,0x0,0x0,0x0,0x0,
0x0,0x0,0x7,0x0,0x0,0x0,0x0,0x0,
0x0,0x0,0x0,0x0,0xc2,0x3,0x0,0x0,
0x1,0x0,0x0,0x0,0x14,0x3c,0x7,0x2f,
0x93,0x5,0x0,0x0,0x3d,0x94,0x5,0x0,
0x0,0x9c,0x7,0x18,0x6,0x2,0x0,0x0,
0x0,0x0,0x0,0x0,0x0,0x0,0x0,0x0,
0x44,0x0,0x0,0x0,0x2c,0x0,0x0,0x0,
0xaa,0x0,0x0,0x0,0x0,0x0,0x0,0x0,
0x38,0x0,0x0,0x0,0x0,0x0,0x0,0x0,
0x38,0x0,0x0,0x0,0x0,0x0,0x1,0x0,
0xff,0xff,0xff,0xff,0x9,0x0,0x0,0x0,
0xc4,0x3,0x10,0x1,0x0,0x0,0x0,0x0,
0x0,0x0,0x7,0x0,0x0,0x0,0x0,0x0,
0x0,0x0,0x0,0x0,0xc4,0x3,0x0,0x0,
0x1,0x0,0x0,0x0,0x2f,0x95,0x5,0x0,
0x0,0x3d,0x96,0x5,0x0,0x0,0x18,0x7,
0x6,0x66,0x7,0x50,0x18,0x2f,0x97,0x5,
0x0,0x0,0x3d,0x98,0x5,0x0,0x0,0x18,
0x8,0x2f,0x99,0x5,0x0,0x0,0x3d,0x9a,
0x5,0x0,0x0,0x6c,0x8,0x18,0x6,0x2,
0x0,0x0,0x0,0x0,0x0,0x0,0x0,0x0,
0x44,0x0,0x0,0x0,0x41,0x0,0x0,0x0,
0xac,0x0,0x0,0x0,0x0,0x0,0x0,0x0,
0x38,0x0,0x0,0x0,0x0,0x0,0x0,0x0,
0x38,0x0,0x0,0x0,0x0,0x0,0x1,0x0,
0xff,0xff,0xff,0xff,0xb,0x0,0x0,0x0,
0xc5,0x3,0x10,0x1,0x0,0x0,0x0,0x0,
0x0,0x0,0x7,0x0,0x0,0x0,0x0,0x0,
0x0,0x0,0x0,0x0,0xc5,0x3,0x0,0x0,
0x1,0x0,0x0,0x0,0x2f,0x9b,0x5,0x0,
0x0,0x50,0xa,0x2f,0x9c,0x5,0x0,0x0,
0x3d,0x9d,0x5,0x0,0x0,0x50,0x29,0x2f,
0x9e,0x5,0x0,0x0,0x3d,0x9f,0x5,0x0,
0x0,0x18,0x7,0x2f,0xa0,0x5,0x0,0x0,
0x3d,0xa1,0x5,0x0,0x0,0x18,0xa,0xad,
0xa2,0x5,0x0,0x0,0x7,0x0,0x0,0x0,
0x1,0x0,0x0,0x0,0xa,0x0,0x0,0x0,
0x74,0x74,0x18,0x6,0x2,0x0,0x0,0x0,
0x0,0x0,0x0,0x0,0x0,0x0,0x0,0x0,
0x44,0x0,0x0,0x0,0x16,0x0,0x0,0x0,
0xae,0x0,0x0,0x0,0x0,0x0,0x0,0x0,
0x38,0x0,0x0,0x0,0x0,0x0,0x0,0x0,
0x38,0x0,0x0,0x0,0x0,0x0,0x1,0x0,
0xff,0xff,0xff,0xff,0x7,0x0,0x0,0x0,
0xc6,0x3,0x10,0x1,0x0,0x0,0x0,0x0,
0x0,0x0,0x7,0x0,0x0,0x0,0x0,0x0,
0x0,0x0,0x0,0x0,0xc6,0x3,0x0,0x0,
0x1,0x0,0x0,0x0,0x2f,0xa3,0x5,0x0,
0x0,0x50,0xa,0x2f,0xa4,0x5,0x0,0x0,
0x3d,0xa5,0x5,0x0,0x0,0x74,0x74,0x18,
0x6,0x2,0x0,0x0,0x0,0x0,0x0,0x0,
0x44,0x0,0x0,0x0,0x30,0x0,0x0,0x0,
0x55,0x0,0x0,0x0,0x0,0x0,0x0,0x0,
0x38,0x0,0x0,0x0,0x0,0x0,0x0,0x0,
0x38,0x0,0x0,0x0,0x0,0x0,0x1,0x0,
0xff,0xff,0xff,0xff,0x7,0x0,0x0,0x0,
0xca,0x3,0x50,0x1,0x0,0x0,0x0,0x0,
0x0,0x0,0x7,0x0,0x0,0x0,0x0,0x0,
0x0,0x0,0x0,0x0,0xca,0x3,0x0,0x0,
0x1,0x0,0x0,0x0,0x2f,0xa6,0x5,0x0,
0x0,0x50,0xc,0x2f,0xa7,0x5,0x0,0x0,
0x3d,0xa8,0x5,0x0,0x0,0x4c,0x1a,0x2f,
0xa9,0x5,0x0,0x0,0x3d,0xaa,0x5,0x0,
0x0,0x50,0xc,0x2f,0xab,0x5,0x0,0x0,
0x3d,0xac,0x5,0x0,0x0,0x4c,0x2,0x12,
0x56,0x18,0x6,0x2,0x0,0x0,0x0,0x0,
0x44,0x0,0x0,0x0,0x14,0x0,0x0,0x0,
0xb5,0x0,0x0,0x0,0x0,0x0,0x0,0x0,
0x38,0x0,0x0,0x0,0x0,0x0,0x0,0x0,
0x38,0x0,0x0,0x0,0x0,0x0,0x1,0x0,
0xff,0xff,0xff,0xff,0x7,0x0,0x0,0x0,
0xcb,0x3,0x50,0x1,0x0,0x0,0x0,0x0,
0x0,0x0,0x7,0x0,0x0,0x0,0x0,0x0,
0x0,0x0,0x0,0x0,0xcb,0x3,0x0,0x0,
0x1,0x0,0x0,0x0,0x2f,0xad,0x5,0x0,
0x0,0x4e,0xa,0x2f,0xae,0x5,0x0,0x0,
0x3d,0xaf,0x5,0x0,0x0,0x18,0x6,0x2,
0x0,0x0,0x0,0x0,0x0,0x0,0x0,0x0,
0x44,0x0,0x0,0x0,0x8,0x0,0x0,0x0,
0x12,0x0,0x0,0x0,0x0,0x0,0x0,0x0,
0x38,0x0,0x0,0x0,0x0,0x0,0x0,0x0,
0x38,0x0,0x0,0x0,0x0,0x0,0x1,0x0,
0xff,0xff,0xff,0xff,0x7,0x0,0x0,0x0,
0xc9,0x3,0x50,0x1,0x0,0x0,0x0,0x0,
0x0,0x0,0x7,0x0,0x0,0x0,0x0,0x0,
0x0,0x0,0x0,0x0,0xc9,0x3,0x0,0x0,
0x1,0x0,0x0,0x0,0x2f,0xb0,0x5,0x0,
0x0,0x18,0x6,0x2,0x0,0x0,0x0,0x0,
0x44,0x0,0x0,0x0,0x8,0x0,0x0,0x0,
0xb5,0x0,0x0,0x0,0x0,0x0,0x0,0x0,
0x38,0x0,0x0,0x0,0x0,0x0,0x0,0x0,
0x38,0x0,0x0,0x0,0x0,0x0,0x1,0x0,
0xff,0xff,0xff,0xff,0x7,0x0,0x0,0x0,
0xcf,0x3,0x50,0x1,0x0,0x0,0x0,0x0,
0x0,0x0,0x7,0x0,0x0,0x0,0x0,0x0,
0x0,0x0,0x0,0x0,0xcf,0x3,0x0,0x0,
0x1,0x0,0x0,0x0,0x2f,0xb1,0x5,0x0,
0x0,0x18,0x6,0x2,0x0,0x0,0x0,0x0,
0x44,0x0,0x0,0x0,0x54,0x0,0x0,0x0,
0x55,0x0,0x0,0x0,0x0,0x0,0x0,0x0,
0x38,0x0,0x0,0x0,0x0,0x0,0x0,0x0,
0x38,0x0,0x0,0x0,0x0,0x0,0x1,0x0,
0xff,0xff,0xff,0xff,0xe,0x0,0x0,0x0,
0xd0,0x3,0x50,0x1,0x0,0x0,0x0,0x0,
0x0,0x0,0x7,0x0,0x0,0x0,0x0,0x0,
0x0,0x0,0x0,0x0,0xd0,0x3,0x0,0x0,
0x1,0x0,0x0,0x0,0x2f,0xb2,0x5,0x0,
0x0,0x50,0x26,0x2f,0xb3,0x5,0x0,0x0,
0x18,0x7,0x14,0x29,0xa,0x14,0x2a,0xb,
0x14,0x2b,0xc,0x14,0x2c,0xd,0xad,0xb4,
0x5,0x0,0x0,0x7,0x0,0x0,0x0,0x4,
0x0,0x0,0x0,0xa,0x0,0x0,0x0,0x4c,
0x24,0x2f,0xb5,0x5,0x0,0x0,0x18,0x7,
0x14,0x2b,0xa,0x14,0x2d,0xb,0x14,0x29,
0xc,0x14,0x2e,0xd,0xad,0xb6,0x5,0x0,
0x0,0x7,0x0,0x0,0x0,0x4,0x0,0x0,
0x0,0xa,0x0,0x0,0x0,0x18,0x6,0x2,
0x0,0x0,0x0,0x0,0x0,0x0,0x0,0x0,
0x44,0x0,0x0,0x0,0x8,0x0,0x0,0x0,
0x12,0x0,0x0,0x0,0x0,0x0,0x0,0x0,
0x38,0x0,0x0,0x0,0x0,0x0,0x0,0x0,
0x38,0x0,0x0,0x0,0x0,0x0,0x1,0x0,
0xff,0xff,0xff,0xff,0x7,0x0,0x0,0x0,
0xce,0x3,0x50,0x1,0x0,0x0,0x0,0x0,
0x0,0x0,0x7,0x0,0x0,0x0,0x0,0x0,
0x0,0x0,0x0,0x0,0xce,0x3,0x0,0x0,
0x1,0x0,0x0,0x0,0x2f,0xb7,0x5,0x0,
0x0,0x18,0x6,0x2,0x0,0x0,0x0,0x0,
0x44,0x0,0x0,0x0,0x54,0x0,0x0,0x0,
0x55,0x0,0x0,0x0,0x0,0x0,0x0,0x0,
0x38,0x0,0x0,0x0,0x0,0x0,0x0,0x0,
0x38,0x0,0x0,0x0,0x0,0x0,0x1,0x0,
0xff,0xff,0xff,0xff,0xe,0x0,0x0,0x0,
0xd2,0x3,0x50,0x1,0x0,0x0,0x0,0x0,
0x0,0x0,0x7,0x0,0x0,0x0,0x0,0x0,
0x0,0x0,0x0,0x0,0xd2,0x3,0x0,0x0,
0x1,0x0,0x0,0x0,0x2f,0xb8,0x5,0x0,
0x0,0x50,0x26,0x2f,0xb9,0x5,0x0,0x0,
0x18,0x7,0x14,0x29,0xa,0x14,0x2a,0xb,
0x14,0x2b,0xc,0x14,0x2d,0xd,0xad,0xba,
0x5,0x0,0x0,0x7,0x0,0x0,0x0,0x4,
0x0,0x0,0x0,0xa,0x0,0x0,0x0,0x4c,
0x24,0x2f,0xbb,0x5,0x0,0x0,0x18,0x7,
0x14,0x2b,0xa,0x14,0x2d,0xb,0x14,0x29,
0xc,0x14,0x2a,0xd,0xad,0xbc,0x5,0x0,
0x0,0x7,0x0,0x0,0x0,0x4,0x0,0x0,
0x0,0xa,0x0,0x0,0x0,0x18,0x6,0x2,
0x0,0x0,0x0,0x0,0x0,0x0,0x0,0x0,
0x44,0x0,0x0,0x0,0x12,0x0,0x0,0x0,
0x54,0x1,0x0,0x0,0x0,0x0,0x0,0x0,
0x38,0x0,0x0,0x0,0x0,0x0,0x0,0x0,
0x38,0x0,0x0,0x0,0x0,0x0,0x1,0x0,
0xff,0xff,0xff,0xff,0x8,0x0,0x0,0x0,
0xd8,0x3,0x50,0x1,0x0,0x0,0x0,0x0,
0x0,0x0,0x7,0x0,0x0,0x0,0x0,0x0,
0x0,0x0,0x0,0x0,0xd8,0x3,0x0,0x0,
0x1,0x0,0x0,0x0,0x14,0x30,0x7,0x2f,
0xbd,0x5,0x0,0x0,0x3d,0xbe,0x5,0x0,
0x0,0x9c,0x7,0x18,0x6,0x2,0x0,0x0,
0x0,0x0,0x0,0x0,0x0,0x0,0x0,0x0,
0x44,0x0,0x0,0x0,0x8,0x0,0x0,0x0,
0x12,0x0,0x0,0x0,0x0,0x0,0x0,0x0,
0x38,0x0,0x0,0x0,0x0,0x0,0x0,0x0,
0x38,0x0,0x0,0x0,0x0,0x0,0x1,0x0,
0xff,0xff,0xff,0xff,0x7,0x0,0x0,0x0,
0xd6,0x3,0x50,0x1,0x0,0x0,0x0,0x0,
0x0,0x0,0x7,0x0,0x0,0x0,0x0,0x0,
0x0,0x0,0x0,0x0,0xd6,0x3,0x0,0x0,
0x1,0x0,0x0,0x0,0x2f,0xbf,0x5,0x0,
0x0,0x18,0x6,0x2,0x0,0x0,0x0,0x0,
0x44,0x0,0x0,0x0,0x36,0x0,0x0,0x0,
0x53,0x1,0x0,0x0,0x0,0x0,0x0,0x0,
0x38,0x0,0x0,0x0,0x0,0x0,0x0,0x0,
0x38,0x0,0x0,0x0,0x0,0x0,0x1,0x0,
0xff,0xff,0xff,0xff,0xb,0x0,0x0,0x0,
0xd7,0x3,0x50,0x1,0x0,0x0,0x0,0x0,
0x0,0x0,0x7,0x0,0x0,0x0,0x0,0x0,
0x0,0x0,0x0,0x0,0xd7,0x3,0x0,0x0,
0x1,0x0,0x0,0x0,0x2f,0xc0,0x5,0x0,
0x0,0x3d,0xc1,0x5,0x0,0x0,0x4e,0x1,
0x6,0x18,0x7,0x14,0x3d,0x8,0x2f,0xc2,
0x5,0x0,0x0,0x3d,0xc3,0x5,0x0,0x0,
0x9c,0x8,0x9c,0x7,0x18,0x9,0x14,0x30,
0xa,0x2f,0xc4,0x5,0x0,0x0,0x3d,0xc5,
0x5,0x0,0x0,0x9c,0xa,0x80,0x9,0x18,
0x6,0x2,0x0,0x0,0x0,0x0,0x0,0x0,
0x44,0x0,0x0,0x0,0x1b,0x0,0x0,0x0,
0x56,0x1,0x0,0x0,0x0,0x0,0x0,0x0,
0x38,0x0,0x0,0x0,0x0,0x0,0x0,0x0,
0x38,0x0,0x0,0x0,0x0,0x0,0x1,0x0,
0xff,0xff,0xff,0xff,0x7,0x0,0x0,0x0,
0xdb,0x3,0x90,0x1,0x0,0x0,0x0,0x0,
0x0,0x0,0x7,0x0,0x0,0x0,0x0,0x0,
0x0,0x0,0x0,0x0,0xdb,0x3,0x0,0x0,
0x1,0x0,0x0,0x0,0x2f,0xc6,0x5,0x0,
0x0,0x3d,0xc7,0x5,0x0,0x0,0x50,0x7,
0x13,0x28,0x2,0x0,0x0,0x4c,0x5,0x13,
0x29,0x2,0x0,0x0,0x18,0x6,0x2,0x0,
0x0,0x0,0x0,0x0,0x0,0x0,0x0,0x0,
0x44,0x0,0x0,0x0,0x12,0x0,0x0,0x0,
0x58,0x1,0x0,0x0,0x0,0x0,0x0,0x0,
0x38,0x0,0x0,0x0,0x0,0x0,0x0,0x0,
0x38,0x0,0x0,0x0,0x0,0x0,0x1,0x0,
0xff,0xff,0xff,0xff,0x8,0x0,0x0,0x0,
0xdc,0x3,0x90,0x1,0x0,0x0,0x0,0x0,
0x0,0x0,0x7,0x0,0x0,0x0,0x0,0x0,
0x0,0x0,0x0,0x0,0xdc,0x3,0x0,0x0,
0x1,0x0,0x0,0x0,0x14,0x32,0x7,0x2f,
0xc8,0x5,0x0,0x0,0x3d,0xc9,0x5,0x0,
0x0,0x9c,0x7,0x18,0x6,0x2,0x0,0x0,
0x0,0x0,0x0,0x0,0x0,0x0,0x0,0x0,
0x44,0x0,0x0,0x0,0xd,0x0,0x0,0x0,
0x55,0x0,0x0,0x0,0x0,0x0,0x0,0x0,
0x38,0x0,0x0,0x0,0x0,0x0,0x0,0x0,
0x38,0x0,0x0,0x0,0x0,0x0,0x1,0x0,
0xff,0xff,0xff,0xff,0x7,0x0,0x0,0x0,
0xdd,0x3,0x90,0x1,0x0,0x0,0x0,0x0,
0x0,0x0,0x7,0x0,0x0,0x0,0x0,0x0,
0x0,0x0,0x0,0x0,0xdd,0x3,0x0,0x0,
0x1,0x0,0x0,0x0,0x2f,0xca,0x5,0x0,
0x0,0x3d,0xcb,0x5,0x0,0x0,0x18,0x6,
0x2,0x0,0x0,0x0,0x0,0x0,0x0,0x0,
0x44,0x0,0x0,0x0,0xd,0x0,0x0,0x0,
0xb5,0x0,0x0,0x0,0x0,0x0,0x0,0x0,
0x38,0x0,0x0,0x0,0x0,0x0,0x0,0x0,
0x38,0x0,0x0,0x0,0x0,0x0,0x1,0x0,
0xff,0xff,0xff,0xff,0x7,0x0,0x0,0x0,
0xde,0x3,0x90,0x1,0x0,0x0,0x0,0x0,
0x0,0x0,0x7,0x0,0x0,0x0,0x0,0x0,
0x0,0x0,0x0,0x0,0xde,0x3,0x0,0x0,
0x1,0x0,0x0,0x0,0x2f,0xcc,0x5,0x0,
0x0,0x3d,0xcd,0x5,0x0,0x0,0x18,0x6,
0x2,0x0,0x0,0x0,0x0,0x0,0x0,0x0,
0x74,0x0,0x0,0x0,0x5f,0x0,0x0,0x0,
0xeb,0x0,0x0,0x0,0x0,0x0,0x0,0x0,
0x38,0x0,0x0,0x0,0x0,0x0,0x0,0x0,
0x38,0x0,0x0,0x0,0x0,0x0,0x5,0x0,
0xff,0xff,0xff,0xff,0xb,0x0,0x0,0x0,
0xe1,0x3,0xd0,0x1,0x0,0x0,0x0,0x0,
0x0,0x0,0x7,0x0,0x0,0x0,0x0,0x0,
0x0,0x0,0x0,0x0,0xe1,0x3,0x0,0x0,
0x0,0x0,0x0,0x0,0x1,0x0,0x0,0x0,
0xe2,0x3,0x0,0x0,0x2,0x0,0x0,0x0,
0xd,0x0,0x0,0x0,0xe2,0x3,0x0,0x0,
0x3,0x0,0x0,0x0,0x35,0x0,0x0,0x0,
0xe3,0x3,0x0,0x0,0x4,0x0,0x0,0x0,
0x5b,0x0,0x0,0x0,0xe4,0x3,0x0,0x0,
0x4,0x0,0x0,0x0,0xca,0x2f,0xce,0x5,
0x0,0x0,0x3d,0xcf,0x5,0x0,0x0,0x50,
0x28,0x2f,0xd0,0x5,0x0,0x0,0x18,0x7,
0x2f,0xd1,0x5,0x0,0x0,0x3d,0xd2,0x5,
0x0,0x0,0x18,0xa,0xad,0xd3,0x5,0x0,
0x0,0x7,0x0,0x0,0x0,0x1,0x0,0x0,
0x0,0xa,0x0,0x0,0x0,0x18,0x6,0x4c,
0x26,0x2f,0xd4,0x5,0x0,0x0,0x18,0x7,
0x2f,0xd5,0x5,0x0,0x0,0x3d,0xd6,0x5,
0x0,0x0,0x18,0xa,0xad,0xd7,0x5,0x0,
0x0,0x7,0x0,0x0,0x0,0x1,0x0,0x0,
0x0,0xa,0x0,0x0,0x0,0x18,0x6,0xd4,
0x16,0x6,0x2,0x0,0x0,0x0,0x0,0x0,
0x44,0x0,0x0,0x0,0x8,0x0,0x0,0x0,
0x12,0x0,0x0,0x0,0x0,0x0,0x0,0x0,
0x38,0x0,0x0,0x0,0x0,0x0,0x0,0x0,
0x38,0x0,0x0,0x0,0x0,0x0,0x1,0x0,
0xff,0xff,0xff,0xff,0x7,0x0,0x0,0x0,
0xe0,0x3,0xd0,0x1,0x0,0x0,0x0,0x0,
0x0,0x0,0x7,0x0,0x0,0x0,0x0,0x0,
0x0,0x0,0x0,0x0,0xe0,0x3,0x0,0x0,
0x1,0x0,0x0,0x0,0x2f,0xd8,0x5,0x0,
0x0,0x18,0x6,0x2,0x0,0x0,0x0,0x0,
0x44,0x0,0x0,0x0,0xd,0x0,0x0,0x0,
0xc0,0x0,0x0,0x0,0x0,0x0,0x0,0x0,
0x38,0x0,0x0,0x0,0x0,0x0,0x0,0x0,
0x38,0x0,0x0,0x0,0x0,0x0,0x1,0x0,
0xff,0xff,0xff,0xff,0x7,0x0,0x0,0x0,
0xeb,0x3,0x90,0x1,0x0,0x0,0x0,0x0,
0x0,0x0,0x7,0x0,0x0,0x0,0x0,0x0,
0x0,0x0,0x0,0x0,0xeb,0x3,0x0,0x0,
0x1,0x0,0x0,0x0,0x2f,0xd9,0x5,0x0,
0x0,0x3d,0xda,0x5,0x0,0x0,0x18,0x6,
0x2,0x0,0x0,0x0,0x0,0x0,0x0,0x0,
0x44,0x0,0x0,0x0,0xd,0x0,0x0,0x0,
0xc2,0x0,0x0,0x0,0x0,0x0,0x0,0x0,
0x38,0x0,0x0,0x0,0x0,0x0,0x0,0x0,
0x38,0x0,0x0,0x0,0x0,0x0,0x1,0x0,
0xff,0xff,0xff,0xff,0x7,0x0,0x0,0x0,
0xec,0x3,0x90,0x1,0x0,0x0,0x0,0x0,
0x0,0x0,0x7,0x0,0x0,0x0,0x0,0x0,
0x0,0x0,0x0,0x0,0xec,0x3,0x0,0x0,
0x1,0x0,0x0,0x0,0x2f,0xdb,0x5,0x0,
0x0,0x3d,0xdc,0x5,0x0,0x0,0x18,0x6,
0x2,0x0,0x0,0x0,0x0,0x0,0x0,0x0,
0x44,0x0,0x0,0x0,0xd,0x0,0x0,0x0,
0x93,0x0,0x0,0x0,0x0,0x0,0x0,0x0,
0x38,0x0,0x0,0x0,0x0,0x0,0x0,0x0,
0x38,0x0,0x0,0x0,0x0,0x0,0x1,0x0,
0xff,0xff,0xff,0xff,0x7,0x0,0x0,0x0,
0xed,0x3,0x90,0x1,0x0,0x0,0x0,0x0,
0x0,0x0,0x7,0x0,0x0,0x0,0x0,0x0,
0x0,0x0,0x0,0x0,0xed,0x3,0x0,0x0,
0x1,0x0,0x0,0x0,0x2f,0xdd,0x5,0x0,
0x0,0x3d,0xde,0x5,0x0,0x0,0x18,0x6,
0x2,0x0,0x0,0x0,0x0,0x0,0x0,0x0,
0x44,0x0,0x0,0x0,0x36,0x0,0x0,0x0,
0xc4,0x0,0x0,0x0,0x0,0x0,0x0,0x0,
0x38,0x0,0x0,0x0,0x0,0x0,0x0,0x0,
0x38,0x0,0x0,0x0,0x0,0x0,0x1,0x0,
0xff,0xff,0xff,0xff,0x8,0x0,0x0,0x0,
0xee,0x3,0x90,0x1,0x0,0x0,0x0,0x0,
0x0,0x0,0x7,0x0,0x0,0x0,0x0,0x0,
0x0,0x0,0x0,0x0,0xee,0x3,0x0,0x0,
0x1,0x0,0x0,0x0,0x2f,0xdf,0x5,0x0,
0x0,0x50,0x2a,0x2f,0xe0,0x5,0x0,0x0,
0x3d,0xe1,0x5,0x0,0x0,0x50,0x1e,0x2f,
0xe2,0x5,0x0,0x0,0x3d,0xe3,0x5,0x0,
0x0,0x18,0x7,0x2f,0xe4,0x5,0x0,0x0,
0x3d,0xe5,0x5,0x0,0x0,0x34,0x7,0x4e,
0x2,0x12,0x0,0x4c,0x2,0x12,0x0,0x18,
0x6,0x2,0x0,0x0,0x0,0x0,0x0,0x0,
0x44,0x0,0x0,0x0,0x12,0x0,0x0,0x0,
0xba,0x0,0x0,0x0,0x0,0x0,0x0,0x0,
0x38,0x0,0x0,0x0,0x0,0x0,0x0,0x0,
0x38,0x0,0x0,0x0,0x0,0x0,0x1,0x0,
0xff,0xff,0xff,0xff,0x8,0x0,0x0,0x0,
0xe9,0x3,0x90,0x1,0x0,0x0,0x0,0x0,
0x0,0x0,0x7,0x0,0x0,0x0,0x0,0x0,
0x0,0x0,0x0,0x0,0xe9,0x3,0x0,0x0,
0x1,0x0,0x0,0x0,0x14,0x3e,0x7,0x2f,
0xe6,0x5,0x0,0x0,0x3d,0xe7,0x5,0x0,
0x0,0x9c,0x7,0x18,0x6,0x2,0x0,0x0,
0x0,0x0,0x0,0x0,0x0,0x0,0x0,0x0,
0x44,0x0,0x0,0x0,0x12,0x0,0x0,0x0,
0xbe,0x0,0x0,0x0,0x0,0x0,0x0,0x0,
0x38,0x0,0x0,0x0,0x0,0x0,0x0,0x0,
0x38,0x0,0x0,0x0,0x0,0x0,0x1,0x0,
0xff,0xff,0xff,0xff,0x8,0x0,0x0,0x0,
0xea,0x3,0x90,0x1,0x0,0x0,0x0,0x0,
0x0,0x0,0x7,0x0,0x0,0x0,0x0,0x0,
0x0,0x0,0x0,0x0,0xea,0x3,0x0,0x0,
0x1,0x0,0x0,0x0,0x14,0x3e,0x7,0x2f,
0xe8,0x5,0x0,0x0,0x3d,0xe9,0x5,0x0,
0x0,0x9c,0x7,0x18,0x6,0x2,0x0,0x0,
0x0,0x0,0x0,0x0,0x0,0x0,0x0,0x0,
0x44,0x0,0x0,0x0,0xd,0x0,0x0,0x0,
0xc5,0x0,0x0,0x0,0x0,0x0,0x0,0x0,
0x38,0x0,0x0,0x0,0x0,0x0,0x0,0x0,
0x38,0x0,0x0,0x0,0x0,0x0,0x1,0x0,
0xff,0xff,0xff,0xff,0x7,0x0,0x0,0x0,
0xf2,0x3,0x90,0x1,0x0,0x0,0x0,0x0,
0x0,0x0,0x7,0x0,0x0,0x0,0x0,0x0,
0x0,0x0,0x0,0x0,0xf2,0x3,0x0,0x0,
0x1,0x0,0x0,0x0,0x2f,0xea,0x5,0x0,
0x0,0x3d,0xeb,0x5,0x0,0x0,0x18,0x6,
0x2,0x0,0x0,0x0,0x0,0x0,0x0,0x0,
0x44,0x0,0x0,0x0,0xd,0x0,0x0,0x0,
0xc9,0x0,0x0,0x0,0x0,0x0,0x0,0x0,
0x38,0x0,0x0,0x0,0x0,0x0,0x0,0x0,
0x38,0x0,0x0,0x0,0x0,0x0,0x1,0x0,
0xff,0xff,0xff,0xff,0x7,0x0,0x0,0x0,
0xf4,0x3,0x90,0x1,0x0,0x0,0x0,0x0,
0x0,0x0,0x7,0x0,0x0,0x0,0x0,0x0,
0x0,0x0,0x0,0x0,0xf4,0x3,0x0,0x0,
0x1,0x0,0x0,0x0,0x2f,0xec,0x5,0x0,
0x0,0x3d,0xed,0x5,0x0,0x0,0x18,0x6,
0x2,0x0,0x0,0x0,0x0,0x0,0x0,0x0,
0x44,0x0,0x0,0x0,0x25,0x0,0x0,0x0,
0x55,0x0,0x0,0x0,0x0,0x0,0x0,0x0,
0x38,0x0,0x0,0x0,0x0,0x0,0x0,0x0,
0x38,0x0,0x0,0x0,0x0,0x0,0x1,0x0,
0xff,0xff,0xff,0xff,0x7,0x0,0x0,0x0,
0xf5,0x3,0x90,0x1,0x0,0x0,0x0,0x0,
0x0,0x0,0x7,0x0,0x0,0x0,0x0,0x0,
0x0,0x0,0x0,0x0,0xf5,0x3,0x0,0x0,
0x1,0x0,0x0,0x0,0x2f,0xee,0x5,0x0,
0x0,0x3d,0xef,0x5,0x0,0x0,0x50,0xc,
0x2f,0xf0,0x5,0x0,0x0,0x3d,0xf1,0x5,
0x0,0x0,0x4c,0xa,0x2f,0xf2,0x5,0x0,
0x0,0x3d,0xf3,0x5,0x0,0x0,0x18,0x6,
0x2,0x0,0x0,0x0,0x0,0x0,0x0,0x0,
0x44,0x0,0x0,0x0,0x12,0x0,0x0,0x0,
0xca,0x0,0x0,0x0,0x0,0x0,0x0,0x0,
0x38,0x0,0x0,0x0,0x0,0x0,0x0,0x0,
0x38,0x0,0x0,0x0,0x0,0x0,0x1,0x0,
0xff,0xff,0xff,0xff,0x8,0x0,0x0,0x0,
0xf6,0x3,0x90,0x1,0x0,0x0,0x0,0x0,
0x0,0x0,0x7,0x0,0x0,0x0,0x0,0x0,
0x0,0x0,0x0,0x0,0xf6,0x3,0x0,0x0,
0x1,0x0,0x0,0x0,0x14,0x31,0x7,0x2f,
0xf4,0x5,0x0,0x0,0x3d,0xf5,0x5,0x0,
0x0,0x9c,0x7,0x18,0x6,0x2,0x0,0x0,
0x0,0x0,0x0,0x0,0x0,0x0,0x0,0x0,
0x44,0x0,0x0,0x0,0xd,0x0,0x0,0x0,
0xb5,0x0,0x0,0x0,0x0,0x0,0x0,0x0,
0x38,0x0,0x0,0x0,0x0,0x0,0x0,0x0,
0x38,0x0,0x0,0x0,0x0,0x0,0x1,0x0,
0xff,0xff,0xff,0xff,0x7,0x0,0x0,0x0,
0xf8,0x3,0x50,0x1,0x0,0x0,0x0,0x0,
0x0,0x0,0x7,0x0,0x0,0x0,0x0,0x0,
0x0,0x0,0x0,0x0,0xf8,0x3,0x0,0x0,
0x1,0x0,0x0,0x0,0x2f,0xf6,0x5,0x0,
0x0,0x3d,0xf7,0x5,0x0,0x0,0x18,0x6,
0x2,0x0,0x0,0x0,0x0,0x0,0x0,0x0,
0x44,0x0,0x0,0x0,0xd,0x0,0x0,0x0,
0xc5,0x0,0x0,0x0,0x0,0x0,0x0,0x0,
0x38,0x0,0x0,0x0,0x0,0x0,0x0,0x0,
0x38,0x0,0x0,0x0,0x0,0x0,0x1,0x0,
0xff,0xff,0xff,0xff,0x7,0x0,0x0,0x0,
0xf9,0x3,0x50,0x1,0x0,0x0,0x0,0x0,
0x0,0x0,0x7,0x0,0x0,0x0,0x0,0x0,
0x0,0x0,0x0,0x0,0xf9,0x3,0x0,0x0,
0x1,0x0,0x0,0x0,0x2f,0xf8,0x5,0x0,
0x0,0x3d,0xf9,0x5,0x0,0x0,0x18,0x6,
0x2,0x0,0x0,0x0,0x0,0x0,0x0,0x0,
0x74,0x0,0x0,0x0,0x67,0x0,0x0,0x0,
0xeb,0x0,0x0,0x0,0x0,0x0,0x0,0x0,
0x38,0x0,0x0,0x0,0x0,0x0,0x0,0x0,
0x38,0x0,0x0,0x0,0x0,0x0,0x5,0x0,
0xff,0xff,0xff,0xff,0xb,0x0,0x0,0x0,
0x0,0x4,0x50,0x1,0x0,0x0,0x0,0x0,
0x0,0x0,0x7,0x0,0x0,0x0,0x0,0x0,
0x0,0x0,0x0,0x0,0x0,0x4,0x0,0x0,
0x0,0x0,0x0,0x0,0x1,0x0,0x0,0x0,
0x1,0x4,0x0,0x0,0x3,0x0,0x0,0x0,
0x25,0x0,0x0,0x0,0x2,0x4,0x0,0x0,
0x4,0x0,0x0,0x0,0x3d,0x0,0x0,0x0,
0x2,0x4,0x0,0x0,0x5,0x0,0x0,0x0,
0x63,0x0,0x0,0x0,0x3,0x4,0x0,0x0,
0x5,0x0,0x0,0x0,0xca,0x2f,0xfa,0x5,
0x0,0x0,0x18,0x7,0x2f,0xfb,0x5,0x0,
0x0,0x3d,0xfc,0x5,0x0,0x0,0x18,0xa,
0xad,0xfd,0x5,0x0,0x0,0x7,0x0,0x0,
0x0,0x1,0x0,0x0,0x0,0xa,0x0,0x0,
0x0,0x2f,0xfe,0x5,0x0,0x0,0x3d,0xff,
0x5,0x0,0x0,0x50,0x32,0x2f,0x0,0x6,
0x0,0x0,0x3d,0x1,0x6,0x0,0x0,0x50,
0x26,0x2f,0x2,0x6,0x0,0x0,0x18,0x7,
0x2f,0x3,0x6,0x0,0x0,0x3d,0x4,0x6,
0x0,0x0,0x18,0xa,0xad,0x5,0x6,0x0,
0x0,0x7,0x0,0x0,0x0,0x1,0x0,0x0,
0x0,0xa,0x0,0x0,0x0,0x18,0x6,0xd4,
0x16,0x6,0x2,0x0,0x0,0x0,0x0,0x0,
0x5c,0x0,0x0,0x0,0x44,0x0,0x0,0x0,
0xed,0x0,0x0,0x0,0x0,0x0,0x0,0x0,
0x38,0x0,0x0,0x0,0x0,0x0,0x0,0x0,
0x38,0x0,0x0,0x0,0x0,0x0,0x3,0x0,
0xff,0xff,0xff,0xff,0xb,0x0,0x0,0x0,
0x4,0x4,0x50,0x1,0x0,0x0,0x0,0x0,
0x0,0x0,0x7,0x0,0x0,0x0,0x0,0x0,
0x0,0x0,0x0,0x0,0x4,0x4,0x0,0x0,
0x0,0x0,0x0,0x0,0x1,0x0,0x0,0x0,
0x4,0x4,0x0,0x0,0x1,0x0,0x0,0x0,
0x1a,0x0,0x0,0x0,0x4,0x4,0x0,0x0,
0x2,0x0,0x0,0x0,0xca,0x2f,0x6,0x6,
0x0,0x0,0x3d,0x7,0x6,0x0,0x0,0x50,
0x33,0x2f,0x8,0x6,0x0,0x0,0x3d,0x9,
0x6,0x0,0x0,0x74,0x50,0x26,0x2f,0xa,
0x6,0x0,0x0,0x18,0x7,0x2f,0xb,0x6,
0x0,0x0,0x3d,0xc,0x6,0x0,0x0,0x18,
0xa,0xad,0xd,0x6,0x0,0x0,0x7,0x0,
0x0,0x0,0x1,0x0,0x0,0x0,0xa,0x0,
0x0,0x0,0x18,0x6,0xd4,0x16,0x6,0x2,
0x0,0x0,0x0,0x0,0x0,0x0,0x0,0x0,
0x44,0x0,0x0,0x0,0x8,0x0,0x0,0x0,
0x12,0x0,0x0,0x0,0x0,0x0,0x0,0x0,
0x38,0x0,0x0,0x0,0x0,0x0,0x0,0x0,
0x38,0x0,0x0,0x0,0x0,0x0,0x1,0x0,
0xff,0xff,0xff,0xff,0x7,0x0,0x0,0x0,
0xfe,0x3,0x50,0x1,0x0,0x0,0x0,0x0,
0x0,0x0,0x7,0x0,0x0,0x0,0x0,0x0,
0x0,0x0,0x0,0x0,0xfe,0x3,0x0,0x0,
0x1,0x0,0x0,0x0,0x2f,0xe,0x6,0x0,
0x0,0x18,0x6,0x2,0x0,0x0,0x0,0x0,
0x44,0x0,0x0,0x0,0xd,0x0,0x0,0x0,
0x1f,0x1,0x0,0x0,0x0,0x0,0x0,0x0,
0x38,0x0,0x0,0x0,0x0,0x0,0x0,0x0,
0x38,0x0,0x0,0x0,0x0,0x0,0x1,0x0,
0xff,0xff,0xff,0xff,0x7,0x0,0x0,0x0,
0x8,0x4,0xd0,0x2,0x0,0x0,0x0,0x0,
0x0,0x0,0x7,0x0,0x0,0x0,0x0,0x0,
0x0,0x0,0x0,0x0,0x8,0x4,0x0,0x0,
0x1,0x0,0x0,0x0,0x2f,0xf,0x6,0x0,
0x0,0x3d,0x10,0x6,0x0,0x0,0x18,0x6,
0x2,0x0,0x0,0x0,0x0,0x0,0x0,0x0,
0x44,0x0,0x0,0x0,0xd,0x0,0x0,0x0,
0x55,0x0,0x0,0x0,0x0,0x0,0x0,0x0,
0x38,0x0,0x0,0x0,0x0,0x0,0x0,0x0,
0x38,0x0,0x0,0x0,0x0,0x0,0x1,0x0,
0xff,0xff,0xff,0xff,0x7,0x0,0x0,0x0,
0xf,0x4,0x90,0x0,0x0,0x0,0x0,0x0,
0x0,0x0,0x7,0x0,0x0,0x0,0x0,0x0,
0x0,0x0,0x0,0x0,0xf,0x4,0x0,0x0,
0x1,0x0,0x0,0x0,0x2f,0x11,0x6,0x0,
0x0,0x3d,0x12,0x6,0x0,0x0,0x18,0x6,
0x2,0x0,0x0,0x0,0x0,0x0,0x0,0x0,
0x44,0x0,0x0,0x0,0x19,0x0,0x0,0x0,
0xb5,0x0,0x0,0x0,0x0,0x0,0x0,0x0,
0x38,0x0,0x0,0x0,0x0,0x0,0x0,0x0,
0x38,0x0,0x0,0x0,0x0,0x0,0x1,0x0,
0xff,0xff,0xff,0xff,0x7,0x0,0x0,0x0,
0x10,0x4,0x90,0x0,0x0,0x0,0x0,0x0,
0x0,0x0,0x7,0x0,0x0,0x0,0x0,0x0,
0x0,0x0,0x0,0x0,0x10,0x4,0x0,0x0,
0x1,0x0,0x0,0x0,0x2f,0x13,0x6,0x0,
0x0,0x3d,0x14,0x6,0x0,0x0,0x4e,0xa,
0x2f,0x15,0x6,0x0,0x0,0x3d,0x16,0x6,
0x0,0x0,0x18,0x6,0x2,0x0,0x0,0x0,
0x0,0x0,0x0,0x0,0x0,0x0,0x0,0x0,
0x44,0x0,0x0,0x0,0x8,0x0,0x0,0x0,
0x12,0x0,0x0,0x0,0x0,0x0,0x0,0x0,
0x38,0x0,0x0,0x0,0x0,0x0,0x0,0x0,
0x38,0x0,0x0,0x0,0x0,0x0,0x1,0x0,
0xff,0xff,0xff,0xff,0x7,0x0,0x0,0x0,
0xe,0x4,0x90,0x0,0x0,0x0,0x0,0x0,
0x0,0x0,0x7,0x0,0x0,0x0,0x0,0x0,
0x0,0x0,0x0,0x0,0xe,0x4,0x0,0x0,
0x1,0x0,0x0,0x0,0x2f,0x17,0x6,0x0,
0x0,0x18,0x6,0x2,0x0,0x0,0x0,0x0,
0x44,0x0,0x0,0x0,0x8,0x0,0x0,0x0,
0x7b,0x0,0x0,0x0,0x0,0x0,0x0,0x0,
0x38,0x0,0x0,0x0,0x0,0x0,0x0,0x0,
0x38,0x0,0x0,0x0,0x0,0x0,0x1,0x0,
0xff,0xff,0xff,0xff,0x7,0x0,0x0,0x0,
0x15,0x4,0xd0,0x0,0x0,0x0,0x0,0x0,
0x0,0x0,0x7,0x0,0x0,0x0,0x0,0x0,
0x0,0x0,0x0,0x0,0x15,0x4,0x0,0x0,
0x1,0x0,0x0,0x0,0x2f,0x18,0x6,0x0,
0x0,0x18,0x6,0x2,0x0,0x0,0x0,0x0,
0x44,0x0,0x0,0x0,0x12,0x0,0x0,0x0,
0x4e,0x0,0x0,0x0,0x0,0x0,0x0,0x0,
0x38,0x0,0x0,0x0,0x0,0x0,0x0,0x0,
0x38,0x0,0x0,0x0,0x0,0x0,0x1,0x0,
0xff,0xff,0xff,0xff,0x7,0x0,0x0,0x0,
0x19,0x4,0x10,0x1,0x0,0x0,0x0,0x0,
0x0,0x0,0x7,0x0,0x0,0x0,0x0,0x0,
0x0,0x0,0x0,0x0,0x19,0x4,0x0,0x0,
0x1,0x0,0x0,0x0,0x2f,0x19,0x6,0x0,
0x0,0x3d,0x1a,0x6,0x0,0x0,0x3d,0x1b,
0x6,0x0,0x0,0x18,0x6,0x2,0x0,0x0,
0x0,0x0,0x0,0x0,0x0,0x0,0x0,0x0,
0x44,0x0,0x0,0x0,0xd,0x0,0x0,0x0,
0x5c,0x1,0x0,0x0,0x0,0x0,0x0,0x0,
0x38,0x0,0x0,0x0,0x0,0x0,0x0,0x0,
0x38,0x0,0x0,0x0,0x0,0x0,0x1,0x0,
0xff,0xff,0xff,0xff,0x7,0x0,0x0,0x0,
0x18,0x4,0x10,0x1,0x0,0x0,0x0,0x0,
0x0,0x0,0x7,0x0,0x0,0x0,0x0,0x0,
0x0,0x0,0x0,0x0,0x18,0x4,0x0,0x0,
0x1,0x0,0x0,0x0,0x2f,0x1c,0x6,0x0,
0x0,0x3d,0x1d,0x6,0x0,0x0,0x18,0x6,
0x2,0x0,0x0,0x0,0x0,0x0,0x0,0x0,
0x44,0x0,0x0,0x0,0x1b,0x0,0x0,0x0,
0xc5,0x0,0x0,0x0,0x0,0x0,0x0,0x0,
0x38,0x0,0x0,0x0,0x0,0x0,0x0,0x0,
0x38,0x0,0x0,0x0,0x0,0x0,0x1,0x0,
0xff,0xff,0xff,0xff,0x7,0x0,0x0,0x0,
0x1c,0x4,0x10,0x1,0x0,0x0,0x0,0x0,
0x0,0x0,0x7,0x0,0x0,0x0,0x0,0x0,
0x0,0x0,0x0,0x0,0x1c,0x4,0x0,0x0,
0x1,0x0,0x0,0x0,0x2f,0x1e,0x6,0x0,
0x0,0x3d,0x1f,0x6,0x0,0x0,0x50,0x7,
0x13,0x30,0x2,0x0,0x0,0x4c,0x5,0x13,
0x31,0x2,0x0,0x0,0x18,0x6,0x2,0x0,
0x0,0x0,0x0,0x0,0x0,0x0,0x0,0x0,
0x44,0x0,0x0,0x0,0xd,0x0,0x0,0x0,
0x55,0x0,0x0,0x0,0x0,0x0,0x0,0x0,
0x38,0x0,0x0,0x0,0x0,0x0,0x0,0x0,
0x38,0x0,0x0,0x0,0x0,0x0,0x1,0x0,
0xff,0xff,0xff,0xff,0x7,0x0,0x0,0x0,
0x1d,0x4,0x10,0x1,0x0,0x0,0x0,0x0,
0x0,0x0,0x7,0x0,0x0,0x0,0x0,0x0,
0x0,0x0,0x0,0x0,0x1d,0x4,0x0,0x0,
0x1,0x0,0x0,0x0,0x2f,0x20,0x6,0x0,
0x0,0x3d,0x21,0x6,0x0,0x0,0x18,0x6,
0x2,0x0,0x0,0x0,0x0,0x0,0x0,0x0,
0x44,0x0,0x0,0x0,0x31,0x0,0x0,0x0,
0xb5,0x0,0x0,0x0,0x0,0x0,0x0,0x0,
0x38,0x0,0x0,0x0,0x0,0x0,0x0,0x0,
0x38,0x0,0x0,0x0,0x0,0x0,0x1,0x0,
0xff,0xff,0xff,0xff,0x8,0x0,0x0,0x0,
0x27,0x4,0x90,0x0,0x0,0x0,0x0,0x0,
0x0,0x0,0x7,0x0,0x0,0x0,0x0,0x0,
0x0,0x0,0x0,0x0,0x27,0x4,0x0,0x0,
0x1,0x0,0x0,0x0,0x2f,0x22,0x6,0x0,
0x0,0x3d,0x23,0x6,0x0,0x0,0x74,0x50,
0xb,0x2f,0x24,0x6,0x0,0x0,0x3d,0x25,
0x6,0x0,0x0,0x74,0x50,0x14,0x2f,0x26,
0x6,0x0,0x0,0x3d,0x27,0x6,0x0,0x0,
0x3d,0x28,0x6,0x0,0x0,0x18,0x7,0x6,
0x6c,0x7,0x18,0x6,0x2,0x0,0x0,0x0,
0x0,0x0,0x0,0x0,0x0,0x0,0x0,0x0,
0x44,0x0,0x0,0x0,0x8,0x0,0x0,0x0,
0x12,0x0,0x0,0x0,0x0,0x0,0x0,0x0,
0x38,0x0,0x0,0x0,0x0,0x0,0x0,0x0,
0x38,0x0,0x0,0x0,0x0,0x0,0x1,0x0,
0xff,0xff,0xff,0xff,0x7,0x0,0x0,0x0,
0x26,0x4,0x90,0x0,0x0,0x0,0x0,0x0,
0x0,0x0,0x7,0x0,0x0,0x0,0x0,0x0,
0x0,0x0,0x0,0x0,0x26,0x4,0x0,0x0,
0x1,0x0,0x0,0x0,0x2f,0x29,0x6,0x0,
0x0,0x18,0x6,0x2,0x0,0x0,0x0,0x0,
0x44,0x0,0x0,0x0,0x8,0x0,0x0,0x0,
0x7b,0x0,0x0,0x0,0x0,0x0,0x0,0x0,
0x38,0x0,0x0,0x0,0x0,0x0,0x0,0x0,
0x38,0x0,0x0,0x0,0x0,0x0,0x1,0x0,
0xff,0xff,0xff,0xff,0x7,0x0,0x0,0x0,
0x2b,0x4,0xd0,0x0,0x0,0x0,0x0,0x0,
0x0,0x0,0x7,0x0,0x0,0x0,0x0,0x0,
0x0,0x0,0x0,0x0,0x2b,0x4,0x0,0x0,
0x1,0x0,0x0,0x0,0x2f,0x2a,0x6,0x0,
0x0,0x18,0x6,0x2,0x0,0x0,0x0,0x0,
0x44,0x0,0x0,0x0,0xd,0x0,0x0,0x0,
0x55,0x0,0x0,0x0,0x0,0x0,0x0,0x0,
0x38,0x0,0x0,0x0,0x0,0x0,0x0,0x0,
0x38,0x0,0x0,0x0,0x0,0x0,0x1,0x0,
0xff,0xff,0xff,0xff,0x7,0x0,0x0,0x0,
0x32,0x4,0x10,0x1,0x0,0x0,0x0,0x0,
0x0,0x0,0x7,0x0,0x0,0x0,0x0,0x0,
0x0,0x0,0x0,0x0,0x32,0x4,0x0,0x0,
0x1,0x0,0x0,0x0,0x2f,0x2b,0x6,0x0,
0x0,0x3d,0x2c,0x6,0x0,0x0,0x18,0x6,
0x2,0x0,0x0,0x0,0x0,0x0,0x0,0x0,
0x44,0x0,0x0,0x0,0xd,0x0,0x0,0x0,
0x5c,0x1,0x0,0x0,0x0,0x0,0x0,0x0,
0x38,0x0,0x0,0x0,0x0,0x0,0x0,0x0,
0x38,0x0,0x0,0x0,0x0,0x0,0x1,0x0,
0xff,0xff,0xff,0xff,0x7,0x0,0x0,0x0,
0x2f,0x4,0x10,0x1,0x0,0x0,0x0,0x0,
0x0,0x0,0x7,0x0,0x0,0x0,0x0,0x0,
0x0,0x0,0x0,0x0,0x2f,0x4,0x0,0x0,
0x1,0x0,0x0,0x0,0x2f,0x2d,0x6,0x0,
0x0,0x3d,0x2e,0x6,0x0,0x0,0x18,0x6,
0x2,0x0,0x0,0x0,0x0,0x0,0x0,0x0,
0x44,0x0,0x0,0x0,0xd,0x0,0x0,0x0,
0x5c,0x1,0x0,0x0,0x0,0x0,0x0,0x0,
0x38,0x0,0x0,0x0,0x0,0x0,0x0,0x0,
0x38,0x0,0x0,0x0,0x0,0x0,0x1,0x0,
0xff,0xff,0xff,0xff,0x7,0x0,0x0,0x0,
0x37,0x4,0x10,0x1,0x0,0x0,0x0,0x0,
0x0,0x0,0x7,0x0,0x0,0x0,0x0,0x0,
0x0,0x0,0x0,0x0,0x37,0x4,0x0,0x0,
0x1,0x0,0x0,0x0,0x2f,0x2f,0x6,0x0,
0x0,0x3d,0x30,0x6,0x0,0x0,0x18,0x6,
0x2,0x0,0x0,0x0,0x0,0x0,0x0,0x0,
0x44,0x0,0x0,0x0,0x1b,0x0,0x0,0x0,
0xc5,0x0,0x0,0x0,0x0,0x0,0x0,0x0,
0x38,0x0,0x0,0x0,0x0,0x0,0x0,0x0,
0x38,0x0,0x0,0x0,0x0,0x0,0x1,0x0,
0xff,0xff,0xff,0xff,0x7,0x0,0x0,0x0,
0x3b,0x4,0x50,0x1,0x0,0x0,0x0,0x0,
0x0,0x0,0x7,0x0,0x0,0x0,0x0,0x0,
0x0,0x0,0x0,0x0,0x3b,0x4,0x0,0x0,
0x1,0x0,0x0,0x0,0x2f,0x31,0x6,0x0,
0x0,0x3d,0x32,0x6,0x0,0x0,0x50,0x7,
0x13,0x35,0x2,0x0,0x0,0x4c,0x5,0x13,
0x36,0x2,0x0,0x0,0x18,0x6,0x2,0x0,
0x0,0x0,0x0,0x0,0x0,0x0,0x0,0x0,
0x44,0x0,0x0,0x0,0xd,0x0,0x0,0x0,
0x55,0x0,0x0,0x0,0x0,0x0,0x0,0x0,
0x38,0x0,0x0,0x0,0x0,0x0,0x0,0x0,
0x38,0x0,0x0,0x0,0x0,0x0,0x1,0x0,
0xff,0xff,0xff,0xff,0x7,0x0,0x0,0x0,
0x3c,0x4,0x50,0x1,0x0,0x0,0x0,0x0,
0x0,0x0,0x7,0x0,0x0,0x0,0x0,0x0,
0x0,0x0,0x0,0x0,0x3c,0x4,0x0,0x0,
0x1,0x0,0x0,0x0,0x2f,0x33,0x6,0x0,
0x0,0x3d,0x34,0x6,0x0,0x0,0x18,0x6,
0x2,0x0,0x0,0x0,0x0,0x0,0x0,0x0,
0x44,0x0,0x0,0x0,0xd,0x0,0x0,0x0,
0xf2,0x0,0x0,0x0,0x0,0x0,0x0,0x0,
0x38,0x0,0x0,0x0,0x0,0x0,0x0,0x0,
0x38,0x0,0x0,0x0,0x0,0x0,0x1,0x0,
0xff,0xff,0xff,0xff,0x7,0x0,0x0,0x0,
0x3a,0x4,0x50,0x1,0x0,0x0,0x0,0x0,
0x0,0x0,0x7,0x0,0x0,0x0,0x0,0x0,
0x0,0x0,0x0,0x0,0x3a,0x4,0x0,0x0,
0x1,0x0,0x0,0x0,0x2f,0x35,0x6,0x0,
0x0,0x3d,0x36,0x6,0x0,0x0,0x18,0x6,
0x2,0x0,0x0,0x0,0x0,0x0,0x0,0x0,
0x44,0x0,0x0,0x0,0xd,0x0,0x0,0x0,
0xcc,0x0,0x0,0x0,0x0,0x0,0x0,0x0,
0x38,0x0,0x0,0x0,0x0,0x0,0x0,0x0,
0x38,0x0,0x0,0x0,0x0,0x0,0x1,0x0,
0xff,0xff,0xff,0xff,0x7,0x0,0x0,0x0,
0x3e,0x4,0x50,0x1,0x0,0x0,0x0,0x0,
0x0,0x0,0x7,0x0,0x0,0x0,0x0,0x0,
0x0,0x0,0x0,0x0,0x3e,0x4,0x0,0x0,
0x1,0x0,0x0,0x0,0x2f,0x37,0x6,0x0,
0x0,0x3d,0x38,0x6,0x0,0x0,0x18,0x6,
0x2,0x0,0x0,0x0,0x0,0x0,0x0,0x0,
0x50,0x0,0x0,0x0,0x1b,0x0,0x0,0x0,
0xc5,0x0,0x0,0x0,0x0,0x0,0x0,0x0,
0x38,0x0,0x0,0x0,0x0,0x0,0x0,0x0,
0x38,0x0,0x0,0x0,0x0,0x0,0x2,0x0,
0xff,0xff,0xff,0xff,0x7,0x0,0x0,0x0,
0x42,0x4,0x50,0x1,0x0,0x0,0x0,0x0,
0x0,0x0,0x7,0x0,0x0,0x0,0x0,0x0,
0x0,0x0,0x0,0x0,0x42,0x4,0x0,0x0,
0x1,0x0,0x0,0x0,0x1a,0x0,0x0,0x0,
0x44,0x4,0x0,0x0,0x1,0x0,0x0,0x0,
0x2f,0x39,0x6,0x0,0x0,0x3d,0x3a,0x6,
0x0,0x0,0x50,0x7,0x13,0x37,0x2,0x0,
0x0,0x4c,0x5,0x13,0x38,0x2,0x0,0x0,
0x18,0x6,0x2,0x0,0x0,0x0,0x0,0x0,
0x44,0x0,0x0,0x0,0xd,0x0,0x0,0x0,
0x55,0x0,0x0,0x0,0x0,0x0,0x0,0x0,
0x38,0x0,0x0,0x0,0x0,0x0,0x0,0x0,
0x38,0x0,0x0,0x0,0x0,0x0,0x1,0x0,
0xff,0xff,0xff,0xff,0x7,0x0,0x0,0x0,
0x45,0x4,0x50,0x1,0x0,0x0,0x0,0x0,
0x0,0x0,0x7,0x0,0x0,0x0,0x0,0x0,
0x0,0x0,0x0,0x0,0x45,0x4,0x0,0x0,
0x1,0x0,0x0,0x0,0x2f,0x3b,0x6,0x0,
0x0,0x3d,0x3c,0x6,0x0,0x0,0x18,0x6,
0x2,0x0,0x0,0x0,0x0,0x0,0x0,0x0,
0x44,0x0,0x0,0x0,0xd,0x0,0x0,0x0,
0xf2,0x0,0x0,0x0,0x0,0x0,0x0,0x0,
0x38,0x0,0x0,0x0,0x0,0x0,0x0,0x0,
0x38,0x0,0x0,0x0,0x0,0x0,0x1,0x0,
0xff,0xff,0xff,0xff,0x7,0x0,0x0,0x0,
0x41,0x4,0x50,0x1,0x0,0x0,0x0,0x0,
0x0,0x0,0x7,0x0,0x0,0x0,0x0,0x0,
0x0,0x0,0x0,0x0,0x41,0x4,0x0,0x0,
0x1,0x0,0x0,0x0,0x2f,0x3d,0x6,0x0,
0x0,0x3d,0x3e,0x6,0x0,0x0,0x18,0x6,
0x2,0x0,0x0,0x0,0x0,0x0,0x0,0x0,
0x44,0x0,0x0,0x0,0x8,0x0,0x0,0x0,
0xdd,0x0,0x0,0x0,0x0,0x0,0x0,0x0,
0x38,0x0,0x0,0x0,0x0,0x0,0x0,0x0,
0x38,0x0,0x0,0x0,0x0,0x0,0x1,0x0,
0xff,0xff,0xff,0xff,0x7,0x0,0x0,0x0,
0x4d,0x4,0x90,0x0,0x0,0x0,0x0,0x0,
0x0,0x0,0x7,0x0,0x0,0x0,0x0,0x0,
0x0,0x0,0x0,0x0,0x4d,0x4,0x0,0x0,
0x1,0x0,0x0,0x0,0x2f,0x3f,0x6,0x0,
0x0,0x18,0x6,0x2,0x0,0x0,0x0,0x0,
0x44,0x0,0x0,0x0,0x1a,0x0,0x0,0x0,
0x61,0x1,0x0,0x0,0x0,0x0,0x0,0x0,
0x38,0x0,0x0,0x0,0x0,0x0,0x0,0x0,
0x38,0x0,0x0,0x0,0x0,0x0,0x1,0x0,
0xff,0xff,0xff,0xff,0xa,0x0,0x0,0x0,
0x4e,0x4,0x90,0x0,0x0,0x0,0x0,0x0,
0x0,0x0,0x7,0x0,0x0,0x0,0x0,0x0,
0x0,0x0,0x0,0x0,0x4e,0x4,0x0,0x0,
0x2,0x0,0x0,0x0,0x2f,0x40,0x6,0x0,
0x0,0x18,0x7,0xad,0x41,0x6,0x0,0x0,
0x7,0x0,0x0,0x0,0x0,0x0,0x0,0x0,
0x0,0x0,0x0,0x0,0xe,0x2,0x0,0x0,
0x0,0x0,0x0,0x0,0x0,0x0,0x0,0x0,
0x5c,0x0,0x0,0x0,0x3e,0x0,0x0,0x0,
0x63,0x0,0x0,0x0,0x0,0x0,0x0,0x0,
0x38,0x0,0x0,0x0,0x0,0x0,0x0,0x0,
0x38,0x0,0x0,0x0,0x0,0x0,0x3,0x0,
0xff,0xff,0xff,0xff,0xb,0x0,0x0,0x0,
0x4f,0x4,0x90,0x0,0x0,0x0,0x0,0x0,
0x0,0x0,0x7,0x0,0x0,0x0,0x0,0x0,
0x0,0x0,0x0,0x0,0x50,0x4,0x0,0x0,
0x2,0x0,0x0,0x0,0x18,0x0,0x0,0x0,
0x51,0x4,0x0,0x0,0x4,0x0,0x0,0x0,
0x3c,0x0,0x0,0x0,0x52,0x4,0x0,0x0,
0x4,0x0,0x0,0x0,0x2f,0x42,0x6,0x0,
0x0,0x18,0x7,0xad,0x43,0x6,0x0,0x0,
0x7,0x0,0x0,0x0,0x0,0x0,0x0,0x0,
0x0,0x0,0x0,0x0,0x2f,0x44,0x6,0x0,
0x0,0x18,0x7,0x2f,0x45,0x6,0x0,0x0,
0x3d,0x46,0x6,0x0,0x0,0x18,0xa,0xad,
0x47,0x6,0x0,0x0,0x7,0x0,0x0,0x0,
0x1,0x0,0x0,0x0,0xa,0x0,0x0,0x0,
0xe,0x2,0x0,0x0,0x0,0x0,0x0,0x0,
0x5c,0x0,0x0,0x0,0x3a,0x0,0x0,0x0,
0x62,0x1,0x0,0x0,0x0,0x0,0x0,0x0,
0x38,0x0,0x0,0x0,0x0,0x0,0x0,0x0,
0x38,0x0,0x0,0x0,0x0,0x0,0x3,0x0,
0xff,0xff,0xff,0xff,0xb,0x0,0x0,0x0,
0x53,0x4,0x90,0x0,0x0,0x0,0x0,0x0,
0x0,0x0,0x7,0x0,0x0,0x0,0x0,0x0,
0x0,0x0,0x0,0x0,0x54,0x4,0x0,0x0,
0x1,0x0,0x0,0x0,0x14,0x0,0x0,0x0,
0x54,0x4,0x0,0x0,0x3,0x0,0x0,0x0,
0x38,0x0,0x0,0x0,0x55,0x4,0x0,0x0,
0x3,0x0,0x0,0x0,0x2f,0x48,0x6,0x0,
0x0,0x50,0x31,0x2f,0x49,0x6,0x0,0x0,
0x3d,0x4a,0x6,0x0,0x0,0x74,0x50,0x24,
0x2f,0x4b,0x6,0x0,0x0,0x18,0x7,0x2f,
0x4c,0x6,0x0,0x0,0x3d,0x4d,0x6,0x0,
0x0,0x18,0xa,0xad,0x4e,0x6,0x0,0x0,
0x7,0x0,0x0,0x0,0x1,0x0,0x0,0x0,
0xa,0x0,0x0,0x0,0xe,0x2,0x0,0x0,
0x0,0x0,0x0,0x0,0x0,0x0,0x0,0x0,
0x44,0x0,0x0,0x0,0x17,0x0,0x0,0x0,
0xdd,0x0,0x0,0x0,0x0,0x0,0x0,0x0,
0x38,0x0,0x0,0x0,0x0,0x0,0x0,0x0,
0x38,0x0,0x0,0x0,0x0,0x0,0x1,0x0,
0xff,0xff,0xff,0xff,0x7,0x0,0x0,0x0,
0x59,0x4,0x90,0x0,0x0,0x0,0x0,0x0,
0x0,0x0,0x7,0x0,0x0,0x0,0x0,0x0,
0x0,0x0,0x0,0x0,0x59,0x4,0x0,0x0,
0x1,0x0,0x0,0x0,0x2f,0x4f,0x6,0x0,
0x0,0x50,0xc,0x2f,0x50,0x6,0x0,0x0,
0x3d,0x51,0x6,0x0,0x0,0x4c,0x1,0xc,
0x18,0x6,0x2,0x0,0x0,0x0,0x0,0x0,
0x44,0x0,0x0,0x0,0x1a,0x0,0x0,0x0,
0x1b,0x1,0x0,0x0,0x0,0x0,0x0,0x0,
0x38,0x0,0x0,0x0,0x0,0x0,0x0,0x0,
0x38,0x0,0x0,0x0,0x0,0x0,0x1,0x0,
0xff,0xff,0xff,0xff,0xa,0x0,0x0,0x0,
0x5a,0x4,0x90,0x0,0x0,0x0,0x0,0x0,
0x0,0x0,0x7,0x0,0x0,0x0,0x0,0x0,
0x0,0x0,0x0,0x0,0x5a,0x4,0x0,0x0,
0x2,0x0,0x0,0x0,0x2f,0x52,0x6,0x0,
0x0,0x18,0x7,0xad,0x53,0x6,0x0,0x0,
0x7,0x0,0x0,0x0,0x0,0x0,0x0,0x0,
0x0,0x0,0x0,0x0,0xe,0x2,0x0,0x0,
0x0,0x0,0x0,0x0,0x0,0x0,0x0,0x0,
0x44,0x0,0x0,0x0,0x37,0x0,0x0,0x0,
0xda,0x0,0x0,0x0,0x0,0x0,0x0,0x0,
0x38,0x0,0x0,0x0,0x0,0x0,0x0,0x0,
0x38,0x0,0x0,0x0,0x0,0x0,0x1,0x0,
0xff,0xff,0xff,0xff,0xa,0x0,0x0,0x0,
0x5e,0x4,0x60,0x2,0x0,0x0,0x0,0x0,
0x0,0x0,0x7,0x0,0x0,0x0,0x0,0x0,
0x0,0x0,0x0,0x0,0x5e,0x4,0x0,0x0,
0x1,0x0,0x0,0x0,0x2f,0x54,0x6,0x0,
0x0,0x3d,0x55,0x6,0x0,0x0,0x18,0x7,
0x2f,0x56,0x6,0x0,0x0,0x3d,0x57,0x6,
0x0,0x0,0x84,0x7,0x18,0x8,0x2f,0x58,
0x6,0x0,0x0,0x3d,0x59,0x6,0x0,0x0,
0x84,0x8,0x18,0x9,0x2f,0x5a,0x6,0x0,
0x0,0x3d,0x5b,0x6,0x0,0x0,0x84,0x9,
0x18,0x6,0x2,0x0,0x0,0x0,0x0,0x0,
0x5c,0x0,0x0,0x0,0xc,0x0,0x0,0x0,
0xeb,0x0,0x0,0x0,0x0,0x0,0x0,0x0,
0x38,0x0,0x0,0x0,0x0,0x0,0x0,0x0,
0x38,0x0,0x0,0x0,0x0,0x0,0x3,0x0,
0xb6,0x1,0x0,0x0,0x7,0x0,0x0,0x0,
0x5f,0x4,0x90,0x0,0x0,0x0,0x0,0x0,
0x0,0x0,0x7,0x0,0x0,0x0,0x8,0x0,
0x0,0x0,0x0,0x0,0x5f,0x4,0x0,0x0,
0x0,0x0,0x0,0x0,0x1,0x0,0x0,0x0,
0x5f,0x4,0x0,0x0,0x1,0x0,0x0,0x0,
0x8,0x0,0x0,0x0,0x67,0x4,0x0,0x0,
0x1,0x0,0x0,0x0,0xca,0x29,0xb6,0x1,
0x0,0x0,0x18,0x6,0xd4,0x16,0x6,0x2,
0x0,0x0,0x0,0x0,0x0,0x0,0x0,0x0,
0xb8,0x0,0x0,0x0,0xdf,0x0,0x0,0x0,
0x0,0x0,0x0,0x0,0x1,0x0,0x1,0x0,
0x38,0x0,0x0,0x0,0x0,0x0,0x0,0x0,
0x40,0x0,0x0,0x0,0x0,0x0,0xa,0x0,
0xff,0xff,0xff,0xff,0xf,0x0,0x0,0x0,
0x5f,0x4,0x40,0x1,0x0,0x0,0x0,0x0,
0x0,0x0,0x8,0x0,0x0,0x0,0x2,0x0,
0x4e,0x2,0x0,0x0,0x0,0x0,0x0,0x0,
0x0,0x0,0x0,0x0,0x60,0x4,0x0,0x0,
0x2,0x0,0x0,0x0,0x18,0x0,0x0,0x0,
0x61,0x4,0x0,0x0,0x3,0x0,0x0,0x0,
0x2f,0x0,0x0,0x0,0x61,0x4,0x0,0x0,
0x5,0x0,0x0,0x0,0x4c,0x0,0x0,0x0,
0x62,0x4,0x0,0x0,0x6,0x0,0x0,0x0,
0x63,0x0,0x0,0x0,0x62,0x4,0x0,0x0,
0x8,0x0,0x0,0x0,0x7d,0x0,0x0,0x0,
0x63,0x4,0x0,0x0,0x9,0x0,0x0,0x0,
0x94,0x0,0x0,0x0,0x63,0x4,0x0,0x0,
0xb,0x0,0x0,0x0,0xae,0x0,0x0,0x0,
0x64,0x4,0x0,0x0,0xc,0x0,0x0,0x0,
0xc5,0x0,0x0,0x0,0x65,0x4,0x0,0x0,
0xf,0x0,0x0,0x0,0xdd,0x0,0x0,0x0,
0x67,0x4,0x0,0x0,0xf,0x0,0x0,0x0,
0x2f,0x5c,0x6,0x0,0x0,0x18,0x8,0xad,
0x5d,0x6,0x0,0x0,0x8,0x0,0x0,0x0,
0x0,0x0,0x0,0x0,0x0,0x0,0x0,0x0,
0x16,0x6,0x3d,0x5e,0x6,0x0,0x0,0x18,
0x8,0x2f,0x5f,0x6,0x0,0x0,0x3d,0x60,
0x6,0x0,0x0,0x6c,0x8,0x50,0x1d,0x2f,
0x61,0x6,0x0,0x0,0x18,0x9,0xad,0x62,
0x6,0x0,0x0,0x9,0x0,0x0,0x0,0x0,
0x0,0x0,0x0,0x0,0x0,0x0,0x0,0x4d,
0x91,0x0,0x0,0x0,0x16,0x6,0x3d,0x63,
0x6,0x0,0x0,0x18,0x9,0x2f,0x64,0x6,
0x0,0x0,0x3d,0x65,0x6,0x0,0x0,0x6c,
0x9,0x50,0x1a,0x2f,0x66,0x6,0x0,0x0,
0x18,0xa,0xad,0x67,0x6,0x0,0x0,0xa,
0x0,0x0,0x0,0x0,0x0,0x0,0x0,0x0,
0x0,0x0,0x0,0x4c,0x60,0x16,0x6,0x3d,
0x68,0x6,0x0,0x0,0x18,0xa,0x2f,0x69,
0x6,0x0,0x0,0x3d,0x6a,0x6,0x0,0x0,
0x6c,0xa,0x50,0x1a,0x2f,0x6b,0x6,0x0,
0x0,0x18,0xb,0xad,0x6c,0x6,0x0,0x0,
0xb,0x0,0x0,0x0,0x0,0x0,0x0,0x0,
0x0,0x0,0x0,0x0,0x4c,0x2f,0x16,0x6,
0x3d,0x6d,0x6,0x0,0x0,0x18,0xb,0x2f,
0x6e,0x6,0x0,0x0,0x3d,0x6f,0x6,0x0,
0x0,0x6c,0xb,0x50,0x18,0x2f,0x70,0x6,
0x0,0x0,0x18,0xc,0xad,0x71,0x6,0x0,
0x0,0xc,0x0,0x0,0x0,0x0,0x0,0x0,
0x0,0x0,0x0,0x0,0x0,0xe,0x2,0x0,
0x0,0x0,0x0,0x0,0x0,0x0,0x0,0x0,
0x44,0x0,0x0,0x0,0x8,0x0,0x0,0x0,
0x12,0x0,0x0,0x0,0x0,0x0,0x0,0x0,
0x38,0x0,0x0,0x0,0x0,0x0,0x0,0x0,
0x38,0x0,0x0,0x0,0x0,0x0,0x1,0x0,
0xff,0xff,0xff,0xff,0x7,0x0,0x0,0x0,
0x5e,0x4,0x90,0x0,0x0,0x0,0x0,0x0,
0x0,0x0,0x7,0x0,0x0,0x0,0x0,0x0,
0x0,0x0,0x0,0x0,0x5e,0x4,0x0,0x0,
0x1,0x0,0x0,0x0,0x2f,0x72,0x6,0x0,
0x0,0x18,0x6,0x2,0x0,0x0,0x0,0x0,
0x44,0x0,0x0,0x0,0x8,0x0,0x0,0x0,
0x12,0x0,0x0,0x0,0x0,0x0,0x0,0x0,
0x38,0x0,0x0,0x0,0x0,0x0,0x0,0x0,
0x38,0x0,0x0,0x0,0x0,0x0,0x1,0x0,
0xff,0xff,0xff,0xff,0x7,0x0,0x0,0x0,
0x6c,0x4,0x90,0x0,0x0,0x0,0x0,0x0,
0x0,0x0,0x7,0x0,0x0,0x0,0x0,0x0,
0x0,0x0,0x0,0x0,0x6c,0x4,0x0,0x0,
0x1,0x0,0x0,0x0,0x2f,0x73,0x6,0x0,
0x0,0x18,0x6,0x2,0x0,0x0,0x0,0x0,
0x5c,0x0,0x0,0x0,0xc,0x0,0x0,0x0,
0x69,0x1,0x0,0x0,0x0,0x0,0x0,0x0,
0x38,0x0,0x0,0x0,0x0,0x0,0x0,0x0,
0x38,0x0,0x0,0x0,0x0,0x0,0x3,0x0,
0xba,0x1,0x0,0x0,0x7,0x0,0x0,0x0,
0x74,0x4,0xd0,0x0,0x0,0x0,0x0,0x0,
0x0,0x0,0x7,0x0,0x0,0x0,0x8,0x0,
0x0,0x0,0x0,0x0,0x74,0x4,0x0,0x0,
0x0,0x0,0x0,0x0,0x1,0x0,0x0,0x0,
0x74,0x4,0x0,0x0,0x1,0x0,0x0,0x0,
0x8,0x0,0x0,0x0,0x9d,0x4,0x0,0x0,
0x1,0x0,0x0,0x0,0xca,0x29,0xba,0x1,
0x0,0x0,0x18,0x6,0xd4,0x16,0x6,0x2,
0x0,0x0,0x0,0x0,0x0,0x0,0x0,0x0,
0xd8,0x1,0x0,0x0,0x57,0x3,0x0,0x0,
0x0,0x0,0x0,0x0,0x1,0x0,0x1,0x0,
0x38,0x0,0x0,0x0,0x0,0x0,0x0,0x0,
0x40,0x0,0x0,0x0,0x0,0x0,0x22,0x0,
0xff,0xff,0xff,0xff,0x1c,0x0,0x0,0x0,
0x74,0x4,0x60,0x1,0x0,0x0,0x0,0x0,
0x0,0x0,0x8,0x0,0x7,0x0,0x2,0x0,
0x4b,0x2,0x0,0x0,0x0,0x0,0x0,0x0,
0x0,0x0,0x0,0x0,0x75,0x4,0x0,0x0,
0x1,0x0,0x0,0x0,0x1a,0x0,0x0,0x0,
0x76,0x4,0x0,0x0,0x2,0x0,0x0,0x0,
0x1d,0x0,0x0,0x0,0x76,0x4,0x0,0x0,
0x3,0x0,0x0,0x0,0x1f,0x0,0x0,0x0,
0x78,0x4,0x0,0x0,0x4,0x0,0x0,0x0,
0x54,0x0,0x0,0x0,0x79,0x4,0x0,0x0,
0x7,0x0,0x0,0x0,0x70,0x0,0x0,0x0,
0x7a,0x4,0x0,0x0,0x8,0x0,0x0,0x0,
0x97,0x0,0x0,0x0,0x7a,0x4,0x0,0x0,
0x9,0x0,0x0,0x0,0x9b,0x0,0x0,0x0,
0x7b,0x4,0x0,0x0,0xa,0x0,0x0,0x0,
0xc2,0x0,0x0,0x0,0x7c,0x4,0x0,0x0,
0xc,0x0,0x0,0x0,0xf1,0x0,0x0,0x0,
0x7d,0x4,0x0,0x0,0xe,0x0,0x0,0x0,
0x8,0x1,0x0,0x0,0x7f,0x4,0x0,0x0,
0x10,0x0,0x0,0x0,0x12,0x1,0x0,0x0,
0x80,0x4,0x0,0x0,0x11,0x0,0x0,0x0,
0x14,0x1,0x0,0x0,0x83,0x4,0x0,0x0,
0x12,0x0,0x0,0x0,0x22,0x1,0x0,0x0,
0x84,0x4,0x0,0x0,0x13,0x0,0x0,0x0,
0x30,0x1,0x0,0x0,0x85,0x4,0x0,0x0,
0x14,0x0,0x0,0x0,0x3e,0x1,0x0,0x0,
0x86,0x4,0x0,0x0,0x15,0x0,0x0,0x0,
0x4c,0x1,0x0,0x0,0x88,0x4,0x0,0x0,
0x16,0x0,0x0,0x0,0x61,0x1,0x0,0x0,
0x89,0x4,0x0,0x0,0x16,0x0,0x0,0x0,
0x91,0x1,0x0,0x0,0x8b,0x4,0x0,0x0,
0x17,0x0,0x0,0x0,0x96,0x1,0x0,0x0,
0x8b,0x4,0x0,0x0,0x18,0x0,0x0,0x0,
0x9a,0x1,0x0,0x0,0x8c,0x4,0x0,0x0,
0x19,0x0,0x0,0x0,0xdd,0x1,0x0,0x0,
0x8d,0x4,0x0,0x0,0x1b,0x0,0x0,0x0,
0xef,0x1,0x0,0x0,0x8e,0x4,0x0,0x0,
0x1c,0x0,0x0,0x0,0x16,0x2,0x0,0x0,
0x8f,0x4,0x0,0x0,0x1f,0x0,0x0,0x0,
0x80,0x2,0x0,0x0,0x90,0x4,0x0,0x0,
0x21,0x0,0x0,0x0,0x86,0x2,0x0,0x0,
0x92,0x4,0x0,0x0,0x23,0x0,0x0,0x0,
0x90,0x2,0x0,0x0,0x93,0x4,0x0,0x0,
0x24,0x0,0x0,0x0,0x92,0x2,0x0,0x0,
0x96,0x4,0x0,0x0,0x25,0x0,0x0,0x0,
0xa1,0x2,0x0,0x0,0x97,0x4,0x0,0x0,
0x27,0x0,0x0,0x0,0xb3,0x2,0x0,0x0,
0x98,0x4,0x0,0x0,0x28,0x0,0x0,0x0,
0xda,0x2,0x0,0x0,0x99,0x4,0x0,0x0,
0x2b,0x0,0x0,0x0,0x44,0x3,0x0,0x0,
0x9a,0x4,0x0,0x0,0x2d,0x0,0x0,0x0,
0x4a,0x3,0x0,0x0,0x9c,0x4,0x0,0x0,
0x2f,0x0,0x0,0x0,0x54,0x3,0x0,0x0,
0x9d,0x4,0x0,0x0,0x2f,0x0,0x0,0x0,
0x2f,0x74,0x6,0x0,0x0,0x18,0xf,0xad,
0x75,0x6,0x0,0x0,0xf,0x0,0x0,0x0,
0x0,0x0,0x0,0x0,0x0,0x0,0x0,0x0,
0x18,0xb,0x74,0x50,0x2,0xe,0x2,0x16,
0x6,0x3d,0x76,0x6,0x0,0x0,0x18,0xf,
0x2f,0x77,0x6,0x0,0x0,0x3d,0x78,0x6,
0x0,0x0,0x82,0xf,0x51,0xdb,0x0,0x0,
0x0,0x16,0x6,0x3d,0x79,0x6,0x0,0x0,
0x18,0x10,0x2f,0x7a,0x6,0x0,0x0,0x3d,
0x7b,0x6,0x0,0x0,0x82,0x10,0x74,0x51,
0xc0,0x0,0x0,0x0,0x2f,0x7c,0x6,0x0,
0x0,0x18,0x11,0x16,0x6,0x3d,0x7d,0x6,
0x0,0x0,0x3d,0x7e,0x6,0x0,0x0,0x80,
0x11,0x18,0x12,0x31,0x65,0x1,0x0,0x0,
0x2f,0x7f,0x6,0x0,0x0,0x18,0x11,0x2f,
0x80,0x6,0x0,0x0,0x18,0x14,0xad,0x81,
0x6,0x0,0x0,0x11,0x0,0x0,0x0,0x1,
0x0,0x0,0x0,0x14,0x0,0x0,0x0,0x18,
0x11,0x10,0x28,0x66,0x11,0x50,0x71,0x1,
0x2,0x12,0x1,0x2f,0x82,0x6,0x0,0x0,
0x18,0x13,0x2f,0x83,0x6,0x0,0x0,0x18,
0x17,0x10,0x28,0x9e,0x17,0x18,0x16,0xad,
0x84,0x6,0x0,0x0,0x13,0x0,0x0,0x0,
0x1,0x0,0x0,0x0,0x16,0x0,0x0,0x0,
0x18,0x12,0x2f,0x85,0x6,0x0,0x0,0x18,
0x13,0x2f,0x86,0x6,0x0,0x0,0x3d,0x87,
0x6,0x0,0x0,0x18,0x17,0x1a,0x12,0x18,
0x10,0x5,0x9c,0x18,0x80,0x17,0x18,0x16,
0xad,0x88,0x6,0x0,0x0,0x13,0x0,0x0,
0x0,0x1,0x0,0x0,0x0,0x16,0x0,0x0,
0x0,0x2f,0x89,0x6,0x0,0x0,0x18,0x13,
0x1a,0x12,0x14,0x10,0x28,0x9c,0x14,0xa2,
0x13,0x18,0x15,0x31,0x65,0x1,0x0,0x0,
0x8,0x43,0x8a,0x6,0x0,0x0,0x6,0x0,
0x0,0x0,0xe,0x2,0x16,0x6,0x3d,0x8b,
0x6,0x0,0x0,0x3d,0x8c,0x6,0x0,0x0,
0x18,0xd,0x16,0x6,0x3d,0x8d,0x6,0x0,
0x0,0x3d,0x8e,0x6,0x0,0x0,0x18,0xe,
0x16,0x6,0x3d,0x8f,0x6,0x0,0x0,0x3d,
0x90,0x6,0x0,0x0,0x18,0x8,0x16,0x6,
0x3d,0x91,0x6,0x0,0x0,0x3d,0x92,0x6,
0x0,0x0,0x18,0x9,0x16,0x6,0x3d,0x93,
0x6,0x0,0x0,0x18,0xf,0x2f,0x94,0x6,
0x0,0x0,0x3d,0x95,0x6,0x0,0x0,0x82,
0xf,0x4e,0x2c,0x16,0x6,0x3d,0x96,0x6,
0x0,0x0,0x18,0x10,0x2f,0x97,0x6,0x0,
0x0,0x3d,0x98,0x6,0x0,0x0,0x82,0x10,
0x50,0x15,0x16,0x6,0x3d,0x99,0x6,0x0,
0x0,0x18,0x11,0x2f,0x9a,0x6,0x0,0x0,
0x3d,0x9b,0x6,0x0,0x0,0x82,0x11,0x18,
0xc,0x51,0xfc,0x0,0x0,0x0,0x1,0x2,
0xf,0x1,0x16,0xd,0xc3,0x44,0x2,0x0,
0x0,0x18,0x10,0x6,0x6e,0x10,0x50,0x9,
0x16,0xd,0xc3,0x44,0x2,0x0,0x0,0x4c,
0x2a,0x16,0x8,0xc3,0x45,0x2,0x0,0x0,
0x18,0x11,0x6,0x6e,0x11,0x50,0xf,0x16,
0x8,0xc3,0x45,0x2,0x0,0x0,0x18,0x12,
0x10,0x2,0x9e,0x12,0x4c,0xd,0x16,0x9,
0xc3,0x46,0x2,0x0,0x0,0x18,0x13,0x10,
0x2,0x9e,0x13,0x18,0xf,0x2f,0x9c,0x6,
0x0,0x0,0x18,0x10,0x16,0xf,0x80,0x10,
0x18,0x11,0x31,0x66,0x1,0x0,0x0,0x2f,
0x9d,0x6,0x0,0x0,0x18,0x10,0x2f,0x9e,
0x6,0x0,0x0,0x18,0x13,0xad,0x9f,0x6,
0x0,0x0,0x10,0x0,0x0,0x0,0x1,0x0,
0x0,0x0,0x13,0x0,0x0,0x0,0x18,0x10,
0x10,0x1,0x66,0x10,0x50,0x70,0x2f,0xa0,
0x6,0x0,0x0,0x18,0x11,0x14,0x22,0x14,
0x2f,0xa1,0x6,0x0,0x0,0x18,0x16,0x16,
0xb,0xc2,0x0,0x3d,0xa2,0x6,0x0,0x0,
0x18,0x1b,0x16,0xb,0xc2,0x0,0x3d,0xa3,
0x6,0x0,0x0,0xa2,0x1b,0x18,0x19,0x16,
0xb,0xc2,0x0,0x3d,0xa4,0x6,0x0,0x0,
0x18,0x1b,0x2f,0xa5,0x6,0x0,0x0,0xa2,
0x1b,0x18,0x1a,0xad,0xa6,0x6,0x0,0x0,
0x16,0x0,0x0,0x0,0x2,0x0,0x0,0x0,
0x19,0x0,0x0,0x0,0x18,0x15,0xad,0xa7,
0x6,0x0,0x0,0x11,0x0,0x0,0x0,0x2,
0x0,0x0,0x0,0x14,0x0,0x0,0x0,0x43,
0xa8,0x6,0x0,0x0,0xb,0x0,0x0,0x0,
0x6,0x31,0x66,0x1,0x0,0x0,0x8,0x43,
0xa9,0x6,0x0,0x0,0x6,0x0,0x0,0x0,
0xe,0x2,0x6,0x6e,0xe,0x50,0x4,0x16,
0xe,0x4c,0x4,0x10,0x2,0x9e,0x9,0x18,
0xa,0x2f,0xaa,0x6,0x0,0x0,0x18,0xf,
0x16,0xa,0x80,0xf,0x18,0x10,0x31,0x67,
0x1,0x0,0x0,0x2f,0xab,0x6,0x0,0x0,
0x18,0xf,0x2f,0xac,0x6,0x0,0x0,0x18,
0x12,0xad,0xad,0x6,0x0,0x0,0xf,0x0,
0x0,0x0,0x1,0x0,0x0,0x0,0x12,0x0,
0x0,0x0,0x18,0xf,0x10,0x1,0x66,0xf,
0x50,0x70,0x2f,0xae,0x6,0x0,0x0,0x18,
0x10,0x14,0x22,0x13,0x2f,0xaf,0x6,0x0,
0x0,0x18,0x15,0x16,0xb,0xc2,0x0,0x3d,
0xb0,0x6,0x0,0x0,0x18,0x1a,0x16,0xb,
0xc2,0x0,0x3d,0xb1,0x6,0x0,0x0,0xa2,
0x1a,0x18,0x18,0x16,0xb,0xc2,0x0,0x3d,
0xb2,0x6,0x0,0x0,0x18,0x1a,0x2f,0xb3,
0x6,0x0,0x0,0xa2,0x1a,0x18,0x19,0xad,
0xb4,0x6,0x0,0x0,0x15,0x0,0x0,0x0,
0x2,0x0,0x0,0x0,0x18,0x0,0x0,0x0,
0x18,0x14,0xad,0xb5,0x6,0x0,0x0,0x10,
0x0,0x0,0x0,0x2,0x0,0x0,0x0,0x13,
0x0,0x0,0x0,0x43,0xb6,0x6,0x0,0x0,
0xb,0x0,0x0,0x0,0x6,0x31,0x67,0x1,
0x0,0x0,0x8,0x43,0xb7,0x6,0x0,0x0,
0x6,0x0,0x0,0x0,0x16,0x7,0x2,0x0,
0x0,0x0,0x0,0x0,0x0,0x0,0x0,0x0,
0x0,0x0,0x0,0x0,0x0,0x0,0x0,0x0,
0x5c,0x0,0x0,0x0,0x20,0x0,0x0,0x0,
0x6d,0x1,0x0,0x0,0x0,0x0,0x0,0x0,
0x38,0x0,0x0,0x0,0x0,0x0,0x0,0x0,
0x38,0x0,0x0,0x0,0x0,0x0,0x3,0x0,
0xff,0xff,0xff,0xff,0x8,0x0,0x0,0x0,
0xa4,0x4,0xd0,0x0,0x0,0x0,0x0,0x0,
0x0,0x0,0x7,0x0,0x0,0x0,0x0,0x0,
0x0,0x0,0x0,0x0,0xa4,0x4,0x0,0x0,
0x0,0x0,0x0,0x0,0x1,0x0,0x0,0x0,
0xa4,0x4,0x0,0x0,0x1,0x0,0x0,0x0,
0x8,0x0,0x0,0x0,0xa4,0x4,0x0,0x0,
0x2,0x0,0x0,0x0,0xca,0x2f,0xb8,0x6,
0x0,0x0,0x50,0x14,0x2f,0xb9,0x6,0x0,
0x0,0x3d,0xba,0x6,0x0,0x0,0x18,0x7,
0x31,0x6b,0x1,0x0,0x0,0x1a,0x7,0x6,
0xd4,0x16,0x6,0x2,0x0,0x0,0x0,0x0,
0x68,0x0,0x0,0x0,0x69,0x0,0x0,0x0,
0x6f,0x1,0x0,0x0,0x0,0x0,0x0,0x0,
0x38,0x0,0x0,0x0,0x0,0x0,0x0,0x0,
0x38,0x0,0x0,0x0,0x0,0x0,0x4,0x0,
0xff,0xff,0xff,0xff,0x13,0x0,0x0,0x0,
0xa5,0x4,0xd0,0x0,0x0,0x0,0x0,0x0,
0x0,0x0,0x8,0x0,0x0,0x0,0x0,0x0,
0x0,0x0,0x0,0x0,0xa5,0x4,0x0,0x0,
0x0,0x0,0x0,0x0,0x1,0x0,0x0,0x0,
0xa6,0x4,0x0,0x0,0x2,0x0,0x0,0x0,
0x4b,0x0,0x0,0x0,0xa7,0x4,0x0,0x0,
0x3,0x0,0x0,0x0,0x65,0x0,0x0,0x0,
0xa8,0x4,0x0,0x0,0x3,0x0,0x0,0x0,
0xca,0x2f,0xbb,0x6,0x0,0x0,0x18,0x8,
0x14,0x1f,0xb,0x2f,0xbc,0x6,0x0,0x0,
0x18,0xd,0x14,0x20,0x10,0x2f,0xbd,0x6,
0x0,0x0,0x18,0x12,0x2f,0xbe,0x6,0x0,
0x0,0x9c,0x12,0x18,0x11,0xad,0xbf,0x6,
0x0,0x0,0xd,0x0,0x0,0x0,0x2,0x0,
0x0,0x0,0x10,0x0,0x0,0x0,0x18,0xc,
0xad,0xc0,0x6,0x0,0x0,0x8,0x0,0x0,
0x0,0x2,0x0,0x0,0x0,0xb,0x0,0x0,
0x0,0x18,0x7,0x2f,0xc1,0x6,0x0,0x0,
0x18,0x8,0xad,0xc2,0x6,0x0,0x0,0x8,
0x0,0x0,0x0,0x1,0x0,0x0,0x0,0x7,
0x0,0x0,0x0,0x18,0x6,0xd4,0x16,0x6,
0x2,0x0,0x0,0x0,0x0,0x0,0x0,0x0,
0x0,0x0,0x0,0x0,0x0,0x0,0x0,0x0,
0x0,0x0,0x0,0x0,0x10,0x0,0x0,0x0,
0x0,0x0,0x0,0x0,0x0,0x0,0x0,0x0,
0x0,0x0,0x0,0x0,0x10,0x0,0x0,0x0,
0x0,0x0,0x0,0x0,0x0,0x0,0x0,0x0,
0x0,0x0,0x0,0x0,0x10,0x0,0x0,0x0,
0x0,0x0,0x0,0x0,0x0,0x0,0x0,0x0,
0x0,0x0,0x0,0x0,0x10,0x0,0x0,0x0,
0x0,0x0,0x0,0x0,0x0,0x0,0x0,0x0,
0x0,0x0,0x0,0x0,0x10,0x0,0x0,0x0,
0x0,0x0,0x0,0x0,0x0,0x0,0x0,0x0,
0x0,0x0,0x0,0x0,0x10,0x0,0x0,0x0,
0x0,0x0,0x0,0x0,0x0,0x0,0x0,0x0,
0x0,0x0,0x0,0x0,0x10,0x0,0x0,0x0,
0x0,0x0,0x0,0x0,0x0,0x0,0x0,0x0,
0x0,0x0,0x0,0x0,0x10,0x0,0x0,0x0,
0x0,0x0,0x0,0x0,0x0,0x0,0x0,0x0,
0x0,0x0,0x0,0x0,0x10,0x0,0x0,0x0,
0x0,0x0,0x0,0x0,0x0,0x0,0x0,0x0,
0x0,0x0,0x0,0x0,0x10,0x0,0x0,0x0,
0x0,0x0,0x0,0x0,0x0,0x0,0x0,0x0,
0x0,0x0,0x0,0x0,0x10,0x0,0x0,0x0,
0x0,0x0,0x0,0x0,0x0,0x0,0x0,0x0,
0x0,0x0,0x0,0x0,0x10,0x0,0x0,0x0,
0x0,0x0,0x0,0x0,0x0,0x0,0x0,0x0,
0x0,0x0,0x0,0x0,0x10,0x0,0x0,0x0,
0x0,0x0,0x0,0x0,0x0,0x0,0x0,0x0,
0x0,0x0,0x0,0x0,0x10,0x0,0x0,0x0,
0x0,0x0,0x0,0x0,0x0,0x0,0x0,0x0,
0x0,0x0,0x0,0x0,0x10,0x0,0x0,0x0,
0x0,0x0,0x0,0x0,0x0,0x0,0x0,0x0,
0x0,0x0,0x0,0x0,0x10,0x0,0x0,0x0,
0x0,0x0,0x0,0x0,0x0,0x0,0x0,0x0,
0x0,0x0,0x0,0x0,0x10,0x0,0x0,0x0,
0x0,0x0,0x0,0x0,0x0,0x0,0x0,0x0,
0x0,0x0,0x0,0x0,0x10,0x0,0x0,0x0,
0x0,0x0,0x0,0x0,0x0,0x0,0x0,0x0,
0x0,0x0,0x0,0x0,0x10,0x0,0x0,0x0,
0x0,0x0,0x0,0x0,0x0,0x0,0x0,0x0,
0x0,0x0,0x0,0x0,0x10,0x0,0x0,0x0,
0x0,0x0,0x0,0x0,0x0,0x0,0x0,0x0,
0x0,0x0,0x0,0x0,0x10,0x0,0x0,0x0,
0x0,0x0,0x0,0x0,0x0,0x0,0x0,0x0,
0x0,0x0,0x0,0x0,0x10,0x0,0x0,0x0,
0x0,0x0,0x0,0x0,0x0,0x0,0x0,0x0,
0x0,0x0,0x0,0x0,0x10,0x0,0x0,0x0,
0x0,0x0,0x0,0x0,0x0,0x0,0x0,0x0,
0x0,0x0,0x0,0x0,0x10,0x0,0x0,0x0,
0x0,0x0,0x0,0x0,0x0,0x0,0x0,0x0,
0x0,0x0,0x0,0x0,0x10,0x0,0x0,0x0,
0x0,0x0,0x0,0x0,0x0,0x0,0x0,0x0,
0x0,0x0,0x0,0x0,0x10,0x0,0x0,0x0,
0x0,0x0,0x0,0x0,0x0,0x0,0x0,0x0,
0x0,0x0,0x0,0x0,0x10,0x0,0x0,0x0,
0x0,0x0,0x0,0x0,0x0,0x0,0x0,0x0,
0x0,0x0,0x0,0x0,0x10,0x0,0x0,0x0,
0x0,0x0,0x0,0x0,0x0,0x0,0x0,0x0,
0x0,0x0,0x0,0x0,0x10,0x0,0x0,0x0,
0x0,0x0,0x0,0x0,0x0,0x0,0x0,0x0,
0x0,0x0,0x0,0x0,0x10,0x0,0x0,0x0,
0x0,0x0,0x0,0x0,0x0,0x0,0x0,0x0,
0x0,0x0,0x0,0x0,0x10,0x0,0x0,0x0,
0x0,0x0,0x0,0x0,0x0,0x0,0x0,0x0,
0x0,0x0,0x0,0x0,0x10,0x0,0x0,0x0,
0x0,0x0,0x0,0x0,0x0,0x0,0x0,0x0,
0x0,0x0,0x0,0x0,0x10,0x0,0x0,0x0,
0x0,0x0,0x0,0x0,0x0,0x0,0x0,0x0,
0x0,0x0,0x0,0x0,0x10,0x0,0x0,0x0,
0x0,0x0,0x0,0x0,0x0,0x0,0x0,0x0,
0x0,0x0,0x0,0x0,0x10,0x0,0x0,0x0,
0x0,0x0,0x0,0x0,0x0,0x0,0x0,0x0,
0x0,0x0,0x0,0x0,0x10,0x0,0x0,0x0,
0x0,0x0,0x0,0x0,0x0,0x0,0x0,0x0,
0x0,0x0,0x0,0x0,0x10,0x0,0x0,0x0,
0x0,0x0,0x0,0x0,0x0,0x0,0x0,0x0,
0x0,0x0,0x0,0x0,0x10,0x0,0x0,0x0,
0x0,0x0,0x0,0x0,0x0,0x0,0x0,0x0,
0x0,0x0,0x0,0x0,0x10,0x0,0x0,0x0,
0x0,0x0,0x0,0x0,0x0,0x0,0x0,0x0,
0x0,0x0,0x0,0x0,0x10,0x0,0x0,0x0,
0x0,0x0,0x0,0x0,0x0,0x0,0x0,0x0,
0x0,0x0,0x0,0x0,0x10,0x0,0x0,0x0,
0x0,0x0,0x0,0x0,0x0,0x0,0x0,0x0,
0x0,0x0,0x0,0x0,0x10,0x0,0x0,0x0,
0x0,0x0,0x0,0x0,0x0,0x0,0x0,0x0,
0x0,0x0,0x0,0x0,0x10,0x0,0x0,0x0,
0x0,0x0,0x0,0x0,0x0,0x0,0x0,0x0,
0x0,0x0,0x0,0x0,0x10,0x0,0x0,0x0,
0x0,0x0,0x0,0x0,0x0,0x0,0x0,0x0,
0x0,0x0,0x0,0x0,0x10,0x0,0x0,0x0,
0x0,0x0,0x0,0x0,0x0,0x0,0x0,0x0,
0x0,0x0,0x0,0x0,0x10,0x0,0x0,0x0,
0x0,0x0,0x0,0x0,0x0,0x0,0x0,0x0,
0x0,0x0,0x0,0x0,0x10,0x0,0x0,0x0,
0x0,0x0,0x0,0x0,0x0,0x0,0x0,0x0,
0x0,0x0,0x0,0x0,0x10,0x0,0x0,0x0,
0x0,0x0,0x0,0x0,0x0,0x0,0x0,0x0,
0x0,0x0,0x0,0x0,0x10,0x0,0x0,0x0,
0x0,0x0,0x0,0x0,0x0,0x0,0x0,0x0,
0x0,0x0,0x0,0x0,0x10,0x0,0x0,0x0,
0x0,0x0,0x0,0x0,0x0,0x0,0x0,0x0,
0x0,0x0,0x0,0x0,0x10,0x0,0x0,0x0,
0x0,0x0,0x0,0x0,0x0,0x0,0x0,0x0,
0x0,0x0,0x0,0x0,0x10,0x0,0x0,0x0,
0x0,0x0,0x0,0x0,0x0,0x0,0x0,0x0,
0x0,0x0,0x0,0x0,0x10,0x0,0x0,0x0,
0x0,0x0,0x0,0x0,0x0,0x0,0x0,0x0,
0x0,0x0,0x0,0x0,0x10,0x0,0x0,0x0,
0x0,0x0,0x0,0x0,0x0,0x0,0x0,0x0,
0x0,0x0,0x0,0x0,0x10,0x0,0x0,0x0,
0x0,0x0,0x0,0x0,0x0,0x0,0x0,0x0,
0x0,0x0,0x0,0x0,0x10,0x0,0x0,0x0,
0x0,0x0,0x0,0x0,0x0,0x0,0x0,0x0,
0x0,0x0,0x0,0x0,0x10,0x0,0x0,0x0,
0x0,0x0,0x0,0x0,0x0,0x0,0x0,0x0,
0x0,0x0,0x0,0x0,0x10,0x0,0x0,0x0,
0x0,0x0,0x0,0x0,0x0,0x0,0x0,0x0,
0x0,0x0,0x0,0x0,0x10,0x0,0x0,0x0,
0x0,0x0,0x0,0x0,0x0,0x0,0x0,0x0,
0x0,0x0,0x0,0x0,0x10,0x0,0x0,0x0,
0x0,0x0,0x0,0x0,0x0,0x0,0x0,0x0,
0x0,0x0,0x0,0x0,0x10,0x0,0x0,0x0,
0x0,0x0,0x0,0x0,0x0,0x0,0x0,0x0,
0x0,0x0,0x0,0x0,0x10,0x0,0x0,0x0,
0x0,0x0,0x0,0x0,0x0,0x0,0x0,0x0,
0x0,0x0,0x0,0x0,0x10,0x0,0x0,0x0,
0x0,0x0,0x0,0x0,0x0,0x0,0x0,0x0,
0x0,0x0,0x0,0x0,0x10,0x0,0x0,0x0,
0x0,0x0,0x0,0x0,0x0,0x0,0x0,0x0,
0x0,0x0,0x0,0x0,0x10,0x0,0x0,0x0,
0x0,0x0,0x0,0x0,0x0,0x0,0x0,0x0,
0xe0,0xb,0x1,0x0,0xe8,0xb,0x1,0x0,
0x0,0xc,0x1,0x0,0x28,0xc,0x1,0x0,
0x60,0xc,0x1,0x0,0x88,0xc,0x1,0x0,
0xc8,0xc,0x1,0x0,0xe0,0xc,0x1,0x0,
0x0,0xd,0x1,0x0,0x10,0xd,0x1,0x0,
0x20,0xd,0x1,0x0,0x30,0xd,0x1,0x0,
0x58,0xd,0x1,0x0,0x68,0xd,0x1,0x0,
0x80,0xd,0x1,0x0,0xb8,0xd,0x1,0x0,
0xd0,0xd,0x1,0x0,0xe8,0xd,0x1,0x0,
0xf8,0xd,0x1,0x0,0x28,0xe,0x1,0x0,
0x40,0xe,0x1,0x0,0x78,0xe,0x1,0x0,
0x98,0xe,0x1,0x0,0xb8,0xe,0x1,0x0,
0xc8,0xe,0x1,0x0,0xf0,0xe,0x1,0x0,
0x18,0xf,0x1,0x0,0x40,0xf,0x1,0x0,
0x50,0xf,0x1,0x0,0x68,0xf,0x1,0x0,
0x88,0xf,0x1,0x0,0xb0,0xf,0x1,0x0,
0xd0,0xf,0x1,0x0,0xf8,0xf,0x1,0x0,
0x10,0x10,0x1,0x0,0x48,0x10,0x1,0x0,
0x70,0x10,0x1,0x0,0xb8,0x10,0x1,0x0,
0xd8,0x10,0x1,0x0,0xf8,0x10,0x1,0x0,
0x20,0x11,0x1,0x0,0x38,0x11,0x1,0x0,
0x70,0x11,0x1,0x0,0x88,0x11,0x1,0x0,
0xa0,0x11,0x1,0x0,0xb8,0x11,0x1,0x0,
0xd0,0x11,0x1,0x0,0xe8,0x11,0x1,0x0,
0xf8,0x11,0x1,0x0,0x20,0x12,0x1,0x0,
0x38,0x12,0x1,0x0,0x50,0x12,0x1,0x0,
0x70,0x12,0x1,0x0,0xb0,0x12,0x1,0x0,
0xd0,0x12,0x1,0x0,0x8,0x13,0x1,0x0,
0x30,0x13,0x1,0x0,0x60,0x13,0x1,0x0,
0x80,0x13,0x1,0x0,0x90,0x13,0x1,0x0,
0xb8,0x13,0x1,0x0,0xe0,0x13,0x1,0x0,
0xf8,0x13,0x1,0x0,0x18,0x14,0x1,0x0,
0x28,0x14,0x1,0x0,0x48,0x14,0x1,0x0,
0x58,0x14,0x1,0x0,0x80,0x14,0x1,0x0,
0xa8,0x14,0x1,0x0,0xd8,0x14,0x1,0x0,
0x0,0x15,0x1,0x0,0x18,0x15,0x1,0x0,
0x38,0x15,0x1,0x0,0x48,0x15,0x1,0x0,
0x80,0x15,0x1,0x0,0xa8,0x15,0x1,0x0,
0xd0,0x15,0x1,0x0,0x0,0x16,0x1,0x0,
0x18,0x16,0x1,0x0,0x50,0x16,0x1,0x0,
0x68,0x16,0x1,0x0,0xa0,0x16,0x1,0x0,
0xc0,0x16,0x1,0x0,0xd0,0x16,0x1,0x0,
0xe8,0x16,0x1,0x0,0xf8,0x16,0x1,0x0,
0x28,0x17,0x1,0x0,0x48,0x17,0x1,0x0,
0x60,0x17,0x1,0x0,0x70,0x17,0x1,0x0,
0xa0,0x17,0x1,0x0,0xb8,0x17,0x1,0x0,
0xe8,0x17,0x1,0x0,0xf0,0x17,0x1,0x0,
0x10,0x18,0x1,0x0,0x28,0x18,0x1,0x0,
0x48,0x18,0x1,0x0,0x88,0x18,0x1,0x0,
0xb0,0x18,0x1,0x0,0xf8,0x18,0x1,0x0,
0x28,0x19,0x1,0x0,0x78,0x19,0x1,0x0,
0xa8,0x19,0x1,0x0,0xf0,0x19,0x1,0x0,
0x18,0x1a,0x1,0x0,0x60,0x1a,0x1,0x0,
0x80,0x1a,0x1,0x0,0xc0,0x1a,0x1,0x0,
0xe8,0x1a,0x1,0x0,0x30,0x1b,0x1,0x0,
0x48,0x1b,0x1,0x0,0x80,0x1b,0x1,0x0,
0xa8,0x1b,0x1,0x0,0xe8,0x1b,0x1,0x0,
0x10,0x1c,0x1,0x0,0x58,0x1c,0x1,0x0,
0x78,0x1c,0x1,0x0,0x90,0x1c,0x1,0x0,
0xc0,0x1c,0x1,0x0,0xe0,0x1c,0x1,0x0,
0xf0,0x1c,0x1,0x0,0x18,0x1d,0x1,0x0,
0x60,0x1d,0x1,0x0,0x78,0x1d,0x1,0x0,
0xb0,0x1d,0x1,0x0,0xd0,0x1d,0x1,0x0,
0xf8,0x1d,0x1,0x0,0x8,0x1e,0x1,0x0,
0x28,0x1e,0x1,0x0,0x40,0x1e,0x1,0x0,
0x50,0x1e,0x1,0x0,0x70,0x1e,0x1,0x0,
0x80,0x1e,0x1,0x0,0x98,0x1e,0x1,0x0,
0xb0,0x1e,0x1,0x0,0xc8,0x1e,0x1,0x0,
0xe0,0x1e,0x1,0x0,0x8,0x1f,0x1,0x0,
0x28,0x1f,0x1,0x0,0x48,0x1f,0x1,0x0,
0x68,0x1f,0x1,0x0,0x80,0x1f,0x1,0x0,
0xb8,0x1f,0x1,0x0,0xd8,0x1f,0x1,0x0,
0x10,0x20,0x1,0x0,0x20,0x20,0x1,0x0,
0x38,0x20,0x1,0x0,0x50,0x20,0x1,0x0,
0x80,0x20,0x1,0x0,0xa0,0x20,0x1,0x0,
0xd8,0x20,0x1,0x0,0xf0,0x20,0x1,0x0,
0x10,0x21,0x1,0x0,0x28,0x21,0x1,0x0,
0x40,0x21,0x1,0x0,0x78,0x21,0x1,0x0,
0x88,0x21,0x1,0x0,0xa0,0x21,0x1,0x0,
0xd8,0x21,0x1,0x0,0xf8,0x21,0x1,0x0,
0x10,0x22,0x1,0x0,0x30,0x22,0x1,0x0,
0x50,0x22,0x1,0x0,0x60,0x22,0x1,0x0,
0x78,0x22,0x1,0x0,0xf8,0x22,0x1,0x0,
0x18,0x23,0x1,0x0,0x30,0x23,0x1,0x0,
0x48,0x23,0x1,0x0,0x78,0x23,0x1,0x0,
0xa8,0x23,0x1,0x0,0xf0,0x23,0x1,0x0,
0x10,0x24,0x1,0x0,0x50,0x24,0x1,0x0,
0x70,0x24,0x1,0x0,0xb0,0x24,0x1,0x0,
0xc8,0x24,0x1,0x0,0x0,0x25,0x1,0x0,
0x18,0x25,0x1,0x0,0x50,0x25,0x1,0x0,
0x68,0x25,0x1,0x0,0x80,0x25,0x1,0x0,
0xb8,0x25,0x1,0x0,0xd0,0x25,0x1,0x0,
0xf0,0x25,0x1,0x0,0x10,0x26,0x1,0x0,
0x38,0x26,0x1,0x0,0x78,0x26,0x1,0x0,
0x98,0x26,0x1,0x0,0xb0,0x26,0x1,0x0,
0xd8,0x26,0x1,0x0,0x20,0x27,0x1,0x0,
0x30,0x27,0x1,0x0,0x60,0x27,0x1,0x0,
0x78,0x27,0x1,0x0,0xb0,0x27,0x1,0x0,
0xc8,0x27,0x1,0x0,0x0,0x28,0x1,0x0,
0x30,0x28,0x1,0x0,0x50,0x28,0x1,0x0,
0x88,0x28,0x1,0x0,0x98,0x28,0x1,0x0,
0xc8,0x28,0x1,0x0,0x0,0x29,0x1,0x0,
0x18,0x29,0x1,0x0,0x48,0x29,0x1,0x0,
0x60,0x29,0x1,0x0,0x80,0x29,0x1,0x0,
0xa8,0x29,0x1,0x0,0xf0,0x29,0x1,0x0,
0x20,0x2a,0x1,0x0,0x70,0x2a,0x1,0x0,
0x90,0x2a,0x1,0x0,0xa8,0x2a,0x1,0x0,
0xc0,0x2a,0x1,0x0,0xd8,0x2a,0x1,0x0,
0xf0,0x2a,0x1,0x0,0x10,0x2b,0x1,0x0,
0x38,0x2b,0x1,0x0,0x80,0x2b,0x1,0x0,
0x90,0x2b,0x1,0x0,0xa8,0x2b,0x1,0x0,
0xd8,0x2b,0x1,0x0,0xf0,0x2b,0x1,0x0,
0x8,0x2c,0x1,0x0,0x18,0x2c,0x1,0x0,
0x30,0x2c,0x1,0x0,0x60,0x2c,0x1,0x0,
0x90,0x2c,0x1,0x0,0xb8,0x2c,0x1,0x0,
0x0,0x2d,0x1,0x0,0x10,0x2d,0x1,0x0,
0x40,0x2d,0x1,0x0,0x58,0x2d,0x1,0x0,
0x90,0x2d,0x1,0x0,0xa8,0x2d,0x1,0x0,
0xe0,0x2d,0x1,0x0,0x8,0x2e,0x1,0x0,
0x50,0x2e,0x1,0x0,0x70,0x2e,0x1,0x0,
0x88,0x2e,0x1,0x0,0xc0,0x2e,0x1,0x0,
0xe8,0x2e,0x1,0x0,0x30,0x2f,0x1,0x0,
0x48,0x2f,0x1,0x0,0x78,0x2f,0x1,0x0,
0x88,0x2f,0x1,0x0,0xa0,0x2f,0x1,0x0,
0xb8,0x2f,0x1,0x0,0xf0,0x2f,0x1,0x0,
0x10,0x30,0x1,0x0,0x20,0x30,0x1,0x0,
0x38,0x30,0x1,0x0,0x70,0x30,0x1,0x0,
0x98,0x30,0x1,0x0,0xe0,0x30,0x1,0x0,
0xf8,0x30,0x1,0x0,0x18,0x31,0x1,0x0,
0x38,0x31,0x1,0x0,0x50,0x31,0x1,0x0,
0x70,0x31,0x1,0x0,0xb0,0x31,0x1,0x0,
0xc8,0x31,0x1,0x0,0xd8,0x31,0x1,0x0,
0xe8,0x31,0x1,0x0,0x18,0x32,0x1,0x0,
0x28,0x32,0x1,0x0,0x40,0x32,0x1,0x0,
0x78,0x32,0x1,0x0,0xa0,0x32,0x1,0x0,
0xe0,0x32,0x1,0x0,0x8,0x33,0x1,0x0,
0x38,0x33,0x1,0x0,0x58,0x33,0x1,0x0,
0x88,0x33,0x1,0x0,0xd0,0x33,0x1,0x0,
0xf8,0x33,0x1,0x0,0x40,0x34,0x1,0x0,
0x60,0x34,0x1,0x0,0x80,0x34,0x1,0x0,
0xa8,0x34,0x1,0x0,0xf0,0x34,0x1,0x0,
0x18,0x35,0x1,0x0,0x60,0x35,0x1,0x0,
0x88,0x35,0x1,0x0,0xc8,0x35,0x1,0x0,
0xe0,0x35,0x1,0x0,0xf8,0x35,0x1,0x0,
0x28,0x36,0x1,0x0,0x40,0x36,0x1,0x0,
0x60,0x36,0x1,0x0,0x88,0x36,0x1,0x0,
0xd0,0x36,0x1,0x0,0xf0,0x36,0x1,0x0,
0x0,0x37,0x1,0x0,0x18,0x37,0x1,0x0,
0x38,0x37,0x1,0x0,0x78,0x37,0x1,0x0,
0x98,0x37,0x1,0x0,0xd8,0x37,0x1,0x0,
0xf8,0x37,0x1,0x0,0x38,0x38,0x1,0x0,
0x58,0x38,0x1,0x0,0x98,0x38,0x1,0x0,
0xd0,0x38,0x1,0x0,0x20,0x39,0x1,0x0,
0x30,0x39,0x1,0x0,0x40,0x39,0x1,0x0,
0x60,0x39,0x1,0x0,0x70,0x39,0x1,0x0,
0x80,0x39,0x1,0x0,0xa0,0x39,0x1,0x0,
0xb0,0x39,0x1,0x0,0xd0,0x39,0x1,0x0,
0xe0,0x39,0x1,0x0,0x0,0x3a,0x1,0x0,
0x10,0x3a,0x1,0x0,0x30,0x3a,0x1,0x0,
0x50,0x3a,0x1,0x0,0x60,0x3a,0x1,0x0,
0x70,0x3a,0x1,0x0,0x80,0x3a,0x1,0x0,
0x90,0x3a,0x1,0x0,0xa8,0x3a,0x1,0x0,
0xc0,0x3a,0x1,0x0,0xe0,0x3a,0x1,0x0,
0xf8,0x3a,0x1,0x0,0x10,0x3b,0x1,0x0,
0x20,0x3b,0x1,0x0,0x38,0x3b,0x1,0x0,
0x70,0x3b,0x1,0x0,0x90,0x3b,0x1,0x0,
0xc8,0x3b,0x1,0x0,0xe0,0x3b,0x1,0x0,
0xf8,0x3b,0x1,0x0,0x18,0x3c,0x1,0x0,
0x38,0x3c,0x1,0x0,0x78,0x3c,0x1,0x0,
0xa0,0x3c,0x1,0x0,0xe0,0x3c,0x1,0x0,
0x18,0x3d,0x1,0x0,0x50,0x3d,0x1,0x0,
0x60,0x3d,0x1,0x0,0x90,0x3d,0x1,0x0,
0xa8,0x3d,0x1,0x0,0xe0,0x3d,0x1,0x0,
0xf8,0x3d,0x1,0x0,0x18,0x3e,0x1,0x0,
0x30,0x3e,0x1,0x0,0x68,0x3e,0x1,0x0,
0x88,0x3e,0x1,0x0,0xa0,0x3e,0x1,0x0,
0xb8,0x3e,0x1,0x0,0xd8,0x3e,0x1,0x0,
0x0,0x3f,0x1,0x0,0x28,0x3f,0x1,0x0,
0x48,0x3f,0x1,0x0,0x78,0x3f,0x1,0x0,
0xa0,0x3f,0x1,0x0,0xc0,0x3f,0x1,0x0,
0xe0,0x3f,0x1,0x0,0xf8,0x3f,0x1,0x0,
0x30,0x40,0x1,0x0,0x50,0x40,0x1,0x0,
0x68,0x40,0x1,0x0,0x90,0x40,0x1,0x0,
0xd8,0x40,0x1,0x0,0x0,0x41,0x1,0x0,
0x40,0x41,0x1,0x0,0x60,0x41,0x1,0x0,
0x70,0x41,0x1,0x0,0x80,0x41,0x1,0x0,
0x90,0x41,0x1,0x0,0xa0,0x41,0x1,0x0,
0xb8,0x41,0x1,0x0,0xe0,0x41,0x1,0x0,
0xf0,0x41,0x1,0x0,0x8,0x42,0x1,0x0,
0x20,0x42,0x1,0x0,0x40,0x42,0x1,0x0,
0x60,0x42,0x1,0x0,0x78,0x42,0x1,0x0,
0x88,0x42,0x1,0x0,0xb8,0x42,0x1,0x0,
0xd0,0x42,0x1,0x0,0xe0,0x42,0x1,0x0,
0x0,0x43,0x1,0x0,0x18,0x43,0x1,0x0,
0x28,0x43,0x1,0x0,0x48,0x43,0x1,0x0,
0x78,0x43,0x1,0x0,0xa0,0x43,0x1,0x0,
0xc8,0x43,0x1,0x0,0xe8,0x43,0x1,0x0,
0x0,0x44,0x1,0x0,0x18,0x44,0x1,0x0,
0x28,0x44,0x1,0x0,0x48,0x44,0x1,0x0,
0x70,0x44,0x1,0x0,0x88,0x44,0x1,0x0,
0x98,0x44,0x1,0x0,0xa8,0x44,0x1,0x0,
0xd0,0x44,0x1,0x0,0xe0,0x44,0x1,0x0,
0x8,0x45,0x1,0x0,0x20,0x45,0x1,0x0,
0x40,0x45,0x1,0x0,0x60,0x45,0x1,0x0,
0x80,0x45,0x1,0x0,0x98,0x45,0x1,0x0,
0xb0,0x45,0x1,0x0,0xc8,0x45,0x1,0x0,
0x0,0x46,0x1,0x0,0x18,0x46,0x1,0x0,
0x30,0x46,0x1,0x0,0x48,0x46,0x1,0x0,
0x60,0x46,0x1,0x0,0x90,0x46,0x1,0x0,
0xa8,0x46,0x1,0x0,0xc8,0x46,0x1,0x0,
0xe8,0x46,0x1,0x0,0x8,0x47,0x1,0x0,
0x18,0x47,0x1,0x0,0x28,0x47,0x1,0x0,
0x40,0x47,0x1,0x0,0x58,0x47,0x1,0x0,
0x68,0x47,0x1,0x0,0x88,0x47,0x1,0x0,
0xa8,0x47,0x1,0x0,0xc0,0x47,0x1,0x0,
0xe0,0x47,0x1,0x0,0x0,0x48,0x1,0x0,
0x18,0x48,0x1,0x0,0x38,0x48,0x1,0x0,
0x48,0x48,0x1,0x0,0x68,0x48,0x1,0x0,
0x88,0x48,0x1,0x0,0xb0,0x48,0x1,0x0,
0xd0,0x48,0x1,0x0,0xf8,0x48,0x1,0x0,
0x10,0x49,0x1,0x0,0x28,0x49,0x1,0x0,
0x40,0x49,0x1,0x0,0x58,0x49,0x1,0x0,
0x68,0x49,0x1,0x0,0x78,0x49,0x1,0x0,
0xa0,0x49,0x1,0x0,0xb8,0x49,0x1,0x0,
0xc8,0x49,0x1,0x0,0xd0,0x49,0x1,0x0,
0xe8,0x49,0x1,0x0,0x8,0x4a,0x1,0x0,
0x28,0x4a,0x1,0x0,0x50,0x4a,0x1,0x0,
0x78,0x4a,0x1,0x0,0x90,0x4a,0x1,0x0,
0xb8,0x4a,0x1,0x0,0xc8,0x4a,0x1,0x0,
0xd8,0x4a,0x1,0x0,0xf8,0x4a,0x1,0x0,
0x18,0x4b,0x1,0x0,0x30,0x4b,0x1,0x0,
0x50,0x4b,0x1,0x0,0x70,0x4b,0x1,0x0,
0x98,0x4b,0x1,0x0,0xb8,0x4b,0x1,0x0,
0xd0,0x4b,0x1,0x0,0xe0,0x4b,0x1,0x0,
0x18,0x4c,0x1,0x0,0x30,0x4c,0x1,0x0,
0x60,0x4c,0x1,0x0,0x88,0x4c,0x1,0x0,
0xb0,0x4c,0x1,0x0,0xe8,0x4c,0x1,0x0,
0x0,0x4d,0x1,0x0,0x10,0x4d,0x1,0x0,
0x28,0x4d,0x1,0x0,0x48,0x4d,0x1,0x0,
0x60,0x4d,0x1,0x0,0x70,0x4d,0x1,0x0,
0x80,0x4d,0x1,0x0,0xa8,0x4d,0x1,0x0,
0xd0,0x4d,0x1,0x0,0xf0,0x4d,0x1,0x0,
0x8,0x4e,0x1,0x0,0x20,0x4e,0x1,0x0,
0x30,0x4e,0x1,0x0,0x58,0x4e,0x1,0x0,
0x70,0x4e,0x1,0x0,0x98,0x4e,0x1,0x0,
0xb0,0x4e,0x1,0x0,0xb8,0x4e,0x1,0x0,
0xd8,0x4e,0x1,0x0,0xf0,0x4e,0x1,0x0,
0x10,0x4f,0x1,0x0,0x20,0x4f,0x1,0x0,
0x30,0x4f,0x1,0x0,0x50,0x4f,0x1,0x0,
0x68,0x4f,0x1,0x0,0x88,0x4f,0x1,0x0,
0x98,0x4f,0x1,0x0,0xb0,0x4f,0x1,0x0,
0xc8,0x4f,0x1,0x0,0xe0,0x4f,0x1,0x0,
0x0,0x50,0x1,0x0,0x20,0x50,0x1,0x0,
0x40,0x50,0x1,0x0,0x60,0x50,0x1,0x0,
0x78,0x50,0x1,0x0,0x98,0x50,0x1,0x0,
0xb0,0x50,0x1,0x0,0xd0,0x50,0x1,0x0,
0xf0,0x50,0x1,0x0,0x10,0x51,0x1,0x0,
0x38,0x51,0x1,0x0,0x60,0x51,0x1,0x0,
0x80,0x51,0x1,0x0,0xa8,0x51,0x1,0x0,
0xd0,0x51,0x1,0x0,0xf8,0x51,0x1,0x0,
0x18,0x52,0x1,0x0,0x30,0x52,0x1,0x0,
0x50,0x52,0x1,0x0,0x68,0x52,0x1,0x0,
0x88,0x52,0x1,0x0,0xa0,0x52,0x1,0x0,
0xc0,0x52,0x1,0x0,0xe0,0x52,0x1,0x0,
0x0,0x53,0x1,0x0,0x18,0x53,0x1,0x0,
0x38,0x53,0x1,0x0,0x58,0x53,0x1,0x0,
0x78,0x53,0x1,0x0,0x88,0x53,0x1,0x0,
0xa0,0x53,0x1,0x0,0xc8,0x53,0x1,0x0,
0xf0,0x53,0x1,0x0,0x8,0x54,0x1,0x0,
0x18,0x54,0x1,0x0,0x38,0x54,0x1,0x0,
0x50,0x54,0x1,0x0,0x70,0x54,0x1,0x0,
0x88,0x54,0x1,0x0,0x98,0x54,0x1,0x0,
0xb0,0x54,0x1,0x0,0xd0,0x54,0x1,0x0,
0x0,0x55,0x1,0x0,0x20,0x55,0x1,0x0,
0x38,0x55,0x1,0x0,0x58,0x55,0x1,0x0,
0x70,0x55,0x1,0x0,0x80,0x55,0x1,0x0,
0xa0,0x55,0x1,0x0,0xc0,0x55,0x1,0x0,
0xe0,0x55,0x1,0x0,0x0,0x56,0x1,0x0,
0x20,0x56,0x1,0x0,0x38,0x56,0x1,0x0,
0x50,0x56,0x1,0x0,0x68,0x56,0x1,0x0,
0x80,0x56,0x1,0x0,0xa0,0x56,0x1,0x0,
0xc0,0x56,0x1,0x0,0xd0,0x56,0x1,0x0,
0xe8,0x56,0x1,0x0,0x10,0x57,0x1,0x0,
0x38,0x57,0x1,0x0,0x60,0x57,0x1,0x0,
0xa8,0x57,0x1,0x0,0xf0,0x57,0x1,0x0,
0x10,0x58,0x1,0x0,0x30,0x58,0x1,0x0,
0x40,0x58,0x1,0x0,0x58,0x58,0x1,0x0,
0x70,0x58,0x1,0x0,0x90,0x58,0x1,0x0,
0x98,0x58,0x1,0x0,0xa8,0x58,0x1,0x0,
0xb8,0x58,0x1,0x0,0xd8,0x58,0x1,0x0,
0xe0,0x58,0x1,0x0,0xf8,0x58,0x1,0x0,
0x10,0x59,0x1,0x0,0x28,0x59,0x1,0x0,
0x40,0x59,0x1,0x0,0x60,0x59,0x1,0x0,
0x80,0x59,0x1,0x0,0x90,0x59,0x1,0x0,
0xa0,0x59,0x1,0x0,0xb0,0x59,0x1,0x0,
0xc0,0x59,0x1,0x0,0xd0,0x59,0x1,0x0,
0x0,0x0,0x0,0x0,0x0,0x0,0x0,0x0,
0x7,0x0,0x0,0x0,0x51,0x0,0x74,0x0,
0x51,0x0,0x75,0x0,0x69,0x0,0x63,0x0,
0x6b,0x0,0x0,0x0,0x0,0x0,0x0,0x0,
0x10,0x0,0x0,0x0,0x51,0x0,0x74,0x0,
0x51,0x0,0x75,0x0,0x69,0x0,0x63,0x0,
0x6b,0x0,0x2e,0x0,0x43,0x0,0x6f,0x0,
0x6e,0x0,0x74,0x0,0x72,0x0,0x6f,0x0,
0x6c,0x0,0x73,0x0,0x0,0x0,0x0,0x0,
0x19,0x0,0x0,0x0,0x51,0x0,0x74,0x0,
0x51,0x0,0x75,0x0,0x69,0x0,0x63,0x0,
0x6b,0x0,0x2e,0x0,0x43,0x0,0x6f,0x0,
0x6e,0x0,0x74,0x0,0x72,0x0,0x6f,0x0,
0x6c,0x0,0x73,0x0,0x2e,0x0,0x4d,0x0,
0x61,0x0,0x74,0x0,0x65,0x0,0x72,0x0,
0x69,0x0,0x61,0x0,0x6c,0x0,0x0,0x0,
0xf,0x0,0x0,0x0,0x51,0x0,0x74,0x0,
0x51,0x0,0x75,0x0,0x69,0x0,0x63,0x0,
0x6b,0x0,0x2e,0x0,0x4c,0x0,0x61,0x0,
0x79,0x0,0x6f,0x0,0x75,0x0,0x74,0x0,
0x73,0x0,0x0,0x0,0x0,0x0,0x0,0x0,
0x1a,0x0,0x0,0x0,0x51,0x0,0x74,0x0,
0x35,0x0,0x43,0x0,0x6f,0x0,0x6d,0x0,
0x70,0x0,0x61,0x0,0x74,0x0,0x2e,0x0,
0x47,0x0,0x72,0x0,0x61,0x0,0x70,0x0,
0x68,0x0,0x69,0x0,0x63,0x0,0x61,0x0,
0x6c,0x0,0x45,0x0,0x66,0x0,0x66,0x0,
0x65,0x0,0x63,0x0,0x74,0x0,0x73,0x0,
0x0,0x0,0x0,0x0,0x0,0x0,0x0,0x0,
0x6,0x0,0x0,0x0,0x51,0x0,0x74,0x0,
0x43,0x0,0x6f,0x0,0x72,0x0,0x65,0x0,
0x0,0x0,0x0,0x0,0x0,0x0,0x0,0x0,
0xb,0x0,0x0,0x0,0x4c,0x0,0x69,0x0,
0x70,0x0,0x68,0x0,0x69,0x0,0x73,0x0,
0x2e,0x0,0x43,0x0,0x6f,0x0,0x72,0x0,
0x65,0x0,0x0,0x0,0x0,0x0,0x0,0x0,
0x4,0x0,0x0,0x0,0x49,0x0,0x74,0x0,
0x65,0x0,0x6d,0x0,0x0,0x0,0x0,0x0,
0x4,0x0,0x0,0x0,0x72,0x0,0x6f,0x0,
0x6f,0x0,0x74,0x0,0x0,0x0,0x0,0x0,
0x5,0x0,0x0,0x0,0x66,0x0,0x6f,0x0,
0x63,0x0,0x75,0x0,0x73,0x0,0x0,0x0,
0x10,0x0,0x0,0x0,0x61,0x0,0x63,0x0,
0x74,0x0,0x69,0x0,0x76,0x0,0x65,0x0,
0x46,0x0,0x6f,0x0,0x63,0x0,0x75,0x0,
0x73,0x0,0x4f,0x0,0x6e,0x0,0x54,0x0,
0x61,0x0,0x62,0x0,0x0,0x0,0x0,0x0,
0x4,0x0,0x0,0x0,0x4b,0x0,0x65,0x0,
0x79,0x0,0x73,0x0,0x0,0x0,0x0,0x0,
0x8,0x0,0x0,0x0,0x70,0x0,0x72,0x0,
0x69,0x0,0x6f,0x0,0x72,0x0,0x69,0x0,
0x74,0x0,0x79,0x0,0x0,0x0,0x0,0x0,
0x17,0x0,0x0,0x0,0x65,0x0,0x78,0x0,
0x70,0x0,0x72,0x0,0x65,0x0,0x73,0x0,
0x73,0x0,0x69,0x0,0x6f,0x0,0x6e,0x0,
0x20,0x0,0x66,0x0,0x6f,0x0,0x72,0x0,
0x20,0x0,0x70,0x0,0x72,0x0,0x69,0x0,
0x6f,0x0,0x72,0x0,0x69,0x0,0x74,0x0,
0x79,0x0,0x0,0x0,0x0,0x0,0x0,0x0,
0x8,0x0,0x0,0x0,0x44,0x0,0x72,0x0,
0x6f,0x0,0x70,0x0,0x41,0x0,0x72,0x0,
0x65,0x0,0x61,0x0,0x0,0x0,0x0,0x0,
0x7,0x0,0x0,0x0,0x61,0x0,0x6e,0x0,
0x63,0x0,0x68,0x0,0x6f,0x0,0x72,0x0,
0x73,0x0,0x0,0x0,0x0,0x0,0x0,0x0,
0x4,0x0,0x0,0x0,0x66,0x0,0x69,0x0,
0x6c,0x0,0x6c,0x0,0x0,0x0,0x0,0x0,
0x13,0x0,0x0,0x0,0x65,0x0,0x78,0x0,
0x70,0x0,0x72,0x0,0x65,0x0,0x73,0x0,
0x73,0x0,0x69,0x0,0x6f,0x0,0x6e,0x0,
0x20,0x0,0x66,0x0,0x6f,0x0,0x72,0x0,
0x20,0x0,0x66,0x0,0x69,0x0,0x6c,0x0,
0x6c,0x0,0x0,0x0,0x0,0x0,0x0,0x0,
0x9,0x0,0x0,0x0,0x6f,0x0,0x6e,0x0,
0x44,0x0,0x72,0x0,0x6f,0x0,0x70,0x0,
0x70,0x0,0x65,0x0,0x64,0x0,0x0,0x0,
0x18,0x0,0x0,0x0,0x65,0x0,0x78,0x0,
0x70,0x0,0x72,0x0,0x65,0x0,0x73,0x0,
0x73,0x0,0x69,0x0,0x6f,0x0,0x6e,0x0,
0x20,0x0,0x66,0x0,0x6f,0x0,0x72,0x0,
0x20,0x0,0x6f,0x0,0x6e,0x0,0x44,0x0,
0x72,0x0,0x6f,0x0,0x70,0x0,0x70,0x0,
0x65,0x0,0x64,0x0,0x0,0x0,0x0,0x0,
0xb,0x0,0x0,0x0,0x69,0x0,0x6e,0x0,
0x69,0x0,0x74,0x0,0x69,0x0,0x61,0x0,
0x6c,0x0,0x50,0x0,0x61,0x0,0x74,0x0,
0x68,0x0,0x0,0x0,0x0,0x0,0x0,0x0,
0xa,0x0,0x0,0x0,0x63,0x0,0x6f,0x0,
0x6e,0x0,0x74,0x0,0x72,0x0,0x6f,0x0,
0x6c,0x0,0x6c,0x0,0x65,0x0,0x72,0x0,
0x0,0x0,0x0,0x0,0x0,0x0,0x0,0x0,
0x5,0x0,0x0,0x0,0x74,0x0,0x68,0x0,
0x65,0x0,0x6d,0x0,0x65,0x0,0x0,0x0,
0xf,0x0,0x0,0x0,0x69,0x0,0x74,0x0,
0x65,0x0,0x6d,0x0,0x4d,0x0,0x65,0x0,
0x6e,0x0,0x75,0x0,0x48,0x0,0x61,0x0,
0x6e,0x0,0x64,0x0,0x6c,0x0,0x65,0x0,
0x72,0x0,0x0,0x0,0x0,0x0,0x0,0x0,
0xf,0x0,0x0,0x0,0x72,0x0,0x65,0x0,
0x71,0x0,0x75,0x0,0x65,0x0,0x73,0x0,
0x74,0x0,0x65,0x0,0x64,0x0,0x41,0x0,
0x63,0x0,0x74,0x0,0x69,0x0,0x76,0x0,
0x65,0x0,0x0,0x0,0x0,0x0,0x0,0x0,
0xf,0x0,0x0,0x0,0x74,0x0,0x61,0x0,
0x62,0x0,0x54,0x0,0x69,0x0,0x74,0x0,
0x6c,0x0,0x65,0x0,0x43,0x0,0x68,0x0,
0x61,0x0,0x6e,0x0,0x67,0x0,0x65,0x0,
0x64,0x0,0x0,0x0,0x0,0x0,0x0,0x0,
0x5,0x0,0x0,0x0,0x74,0x0,0x69,0x0,
0x74,0x0,0x6c,0x0,0x65,0x0,0x0,0x0,
0x6,0x0,0x0,0x0,0x73,0x0,0x74,0x0,
0x72,0x0,0x69,0x0,0x6e,0x0,0x67,0x0,
0x0,0x0,0x0,0x0,0x0,0x0,0x0,0x0,
0xd,0x0,0x0,0x0,0x6b,0x0,0x65,0x0,
0x79,0x0,0x62,0x0,0x6f,0x0,0x61,0x0,
0x72,0x0,0x64,0x0,0x49,0x0,0x6e,0x0,
0x64,0x0,0x65,0x0,0x78,0x0,0x0,0x0,
0x10,0x0,0x0,0x0,0x72,0x0,0x61,0x0,
0x6e,0x0,0x67,0x0,0x65,0x0,0x41,0x0,
0x6e,0x0,0x63,0x0,0x68,0x0,0x6f,0x0,
0x72,0x0,0x49,0x0,0x6e,0x0,0x64,0x0,
0x65,0x0,0x78,0x0,0x0,0x0,0x0,0x0,
0xa,0x0,0x0,0x0,0x74,0x0,0x79,0x0,
0x70,0x0,0x65,0x0,0x42,0x0,0x75,0x0,
0x66,0x0,0x66,0x0,0x65,0x0,0x72,0x0,
0x0,0x0,0x0,0x0,0x0,0x0,0x0,0x0,
0xf,0x0,0x0,0x0,0x63,0x0,0x79,0x0,
0x63,0x0,0x6c,0x0,0x65,0x0,0x4d,0x0,
0x61,0x0,0x74,0x0,0x63,0x0,0x68,0x0,
0x49,0x0,0x6e,0x0,0x64,0x0,0x65,0x0,
0x78,0x0,0x0,0x0,0x0,0x0,0x0,0x0,
0x9,0x0,0x0,0x0,0x7a,0x0,0x6f,0x0,
0x6f,0x0,0x6d,0x0,0x4c,0x0,0x65,0x0,
0x76,0x0,0x65,0x0,0x6c,0x0,0x0,0x0,
0x18,0x0,0x0,0x0,0x65,0x0,0x78,0x0,
0x70,0x0,0x72,0x0,0x65,0x0,0x73,0x0,
0x73,0x0,0x69,0x0,0x6f,0x0,0x6e,0x0,
0x20,0x0,0x66,0x0,0x6f,0x0,0x72,0x0,
0x20,0x0,0x7a,0x0,0x6f,0x0,0x6f,0x0,
0x6d,0x0,0x4c,0x0,0x65,0x0,0x76,0x0,
0x65,0x0,0x6c,0x0,0x0,0x0,0x0,0x0,
0x10,0x0,0x0,0x0,0x70,0x0,0x65,0x0,
0x6e,0x0,0x64,0x0,0x69,0x0,0x6e,0x0,
0x67,0x0,0x5a,0x0,0x6f,0x0,0x6f,0x0,
0x6d,0x0,0x4c,0x0,0x65,0x0,0x76,0x0,
0x65,0x0,0x6c,0x0,0x0,0x0,0x0,0x0,
0x1f,0x0,0x0,0x0,0x65,0x0,0x78,0x0,
0x70,0x0,0x72,0x0,0x65,0x0,0x73,0x0,
0x73,0x0,0x69,0x0,0x6f,0x0,0x6e,0x0,
0x20,0x0,0x66,0x0,0x6f,0x0,0x72,0x0,
0x20,0x0,0x70,0x0,0x65,0x0,0x6e,0x0,
0x64,0x0,0x69,0x0,0x6e,0x0,0x67,0x0,
0x5a,0x0,0x6f,0x0,0x6f,0x0,0x6d,0x0,
0x4c,0x0,0x65,0x0,0x76,0x0,0x65,0x0,
0x6c,0x0,0x0,0x0,0x0,0x0,0x0,0x0,
0xc,0x0,0x0,0x0,0x62,0x0,0x61,0x0,
0x73,0x0,0x65,0x0,0x43,0x0,0x65,0x0,
0x6c,0x0,0x6c,0x0,0x53,0x0,0x69,0x0,
0x7a,0x0,0x65,0x0,0x0,0x0,0x0,0x0,
0xc,0x0,0x0,0x0,0x62,0x0,0x61,0x0,
0x73,0x0,0x65,0x0,0x49,0x0,0x63,0x0,
0x6f,0x0,0x6e,0x0,0x53,0x0,0x69,0x0,
0x7a,0x0,0x65,0x0,0x0,0x0,0x0,0x0,
0xe,0x0,0x0,0x0,0x62,0x0,0x61,0x0,
0x73,0x0,0x65,0x0,0x4c,0x0,0x69,0x0,
0x73,0x0,0x74,0x0,0x48,0x0,0x65,0x0,
0x69,0x0,0x67,0x0,0x68,0x0,0x74,0x0,
0x0,0x0,0x0,0x0,0x0,0x0,0x0,0x0,
0x9,0x0,0x0,0x0,0x7a,0x0,0x6f,0x0,
0x6f,0x0,0x6d,0x0,0x53,0x0,0x63,0x0,
0x61,0x0,0x6c,0x0,0x65,0x0,0x0,0x0,
0x18,0x0,0x0,0x0,0x65,0x0,0x78,0x0,
0x70,0x0,0x72,0x0,0x65,0x0,0x73,0x0,
0x73,0x0,0x69,0x0,0x6f,0x0,0x6e,0x0,
0x20,0x0,0x66,0x0,0x6f,0x0,0x72,0x0,
0x20,0x0,0x7a,0x0,0x6f,0x0,0x6f,0x0,
0x6d,0x0,0x53,0x0,0x63,0x0,0x61,0x0,
0x6c,0x0,0x65,0x0,0x0,0x0,0x0,0x0,
0x9,0x0,0x0,0x0,0x71,0x0,0x75,0x0,
0x65,0x0,0x75,0x0,0x65,0x0,0x5a,0x0,
0x6f,0x0,0x6f,0x0,0x6d,0x0,0x0,0x0,
0x8,0x0,0x0,0x0,0x6e,0x0,0x65,0x0,
0x78,0x0,0x74,0x0,0x5a,0x0,0x6f,0x0,
0x6f,0x0,0x6d,0x0,0x0,0x0,0x0,0x0,
0x6,0x0,0x0,0x0,0x7a,0x0,0x6f,0x0,
0x6f,0x0,0x6d,0x0,0x49,0x0,0x6e,0x0,
0x0,0x0,0x0,0x0,0x0,0x0,0x0,0x0,
0x7,0x0,0x0,0x0,0x7a,0x0,0x6f,0x0,
0x6f,0x0,0x6d,0x0,0x4f,0x0,0x75,0x0,
0x74,0x0,0x0,0x0,0x0,0x0,0x0,0x0,
0x9,0x0,0x0,0x0,0x72,0x0,0x65,0x0,
0x73,0x0,0x65,0x0,0x74,0x0,0x5a,0x0,
0x6f,0x0,0x6f,0x0,0x6d,0x0,0x0,0x0,
0x5,0x0,0x0,0x0,0x54,0x0,0x69,0x0,
0x6d,0x0,0x65,0x0,0x72,0x0,0x0,0x0,
0xe,0x0,0x0,0x0,0x7a,0x0,0x6f,0x0,
0x6f,0x0,0x6d,0x0,0x41,0x0,0x70,0x0,
0x70,0x0,0x6c,0x0,0x79,0x0,0x54,0x0,
0x69,0x0,0x6d,0x0,0x65,0x0,0x72,0x0,
0x0,0x0,0x0,0x0,0x0,0x0,0x0,0x0,
0x8,0x0,0x0,0x0,0x69,0x0,0x6e,0x0,
0x74,0x0,0x65,0x0,0x72,0x0,0x76,0x0,
0x61,0x0,0x6c,0x0,0x0,0x0,0x0,0x0,
0x6,0x0,0x0,0x0,0x72,0x0,0x65,0x0,
0x70,0x0,0x65,0x0,0x61,0x0,0x74,0x0,
0x0,0x0,0x0,0x0,0x0,0x0,0x0,0x0,
0xb,0x0,0x0,0x0,0x6f,0x0,0x6e,0x0,
0x54,0x0,0x72,0x0,0x69,0x0,0x67,0x0,
0x67,0x0,0x65,0x0,0x72,0x0,0x65,0x0,
0x64,0x0,0x0,0x0,0x0,0x0,0x0,0x0,
0x1a,0x0,0x0,0x0,0x65,0x0,0x78,0x0,
0x70,0x0,0x72,0x0,0x65,0x0,0x73,0x0,
0x73,0x0,0x69,0x0,0x6f,0x0,0x6e,0x0,
0x20,0x0,0x66,0x0,0x6f,0x0,0x72,0x0,
0x20,0x0,0x6f,0x0,0x6e,0x0,0x54,0x0,
0x72,0x0,0x69,0x0,0x67,0x0,0x67,0x0,
0x65,0x0,0x72,0x0,0x65,0x0,0x64,0x0,
0x0,0x0,0x0,0x0,0x0,0x0,0x0,0x0,
0xd,0x0,0x0,0x0,0x66,0x0,0x6f,0x0,
0x63,0x0,0x75,0x0,0x73,0x0,0x46,0x0,
0x69,0x0,0x6c,0x0,0x65,0x0,0x41,0x0,
0x72,0x0,0x65,0x0,0x61,0x0,0x0,0x0,
0x16,0x0,0x0,0x0,0x6f,0x0,0x70,0x0,
0x65,0x0,0x6e,0x0,0x43,0x0,0x72,0x0,
0x65,0x0,0x61,0x0,0x74,0x0,0x65,0x0,
0x46,0x0,0x6f,0x0,0x6c,0x0,0x64,0x0,
0x65,0x0,0x72,0x0,0x44,0x0,0x69,0x0,
0x61,0x0,0x6c,0x0,0x6f,0x0,0x67,0x0,
0x0,0x0,0x0,0x0,0x0,0x0,0x0,0x0,
0xf,0x0,0x0,0x0,0x63,0x0,0x75,0x0,
0x72,0x0,0x72,0x0,0x65,0x0,0x6e,0x0,
0x74,0x0,0x52,0x0,0x6f,0x0,0x77,0x0,
0x43,0x0,0x6f,0x0,0x75,0x0,0x6e,0x0,
0x74,0x0,0x0,0x0,0x0,0x0,0x0,0x0,
0x13,0x0,0x0,0x0,0x65,0x0,0x6e,0x0,
0x73,0x0,0x75,0x0,0x72,0x0,0x65,0x0,
0x4b,0x0,0x65,0x0,0x79,0x0,0x62,0x0,
0x6f,0x0,0x61,0x0,0x72,0x0,0x64,0x0,
0x49,0x0,0x6e,0x0,0x64,0x0,0x65,0x0,
0x78,0x0,0x0,0x0,0x0,0x0,0x0,0x0,
0xd,0x0,0x0,0x0,0x65,0x0,0x6e,0x0,
0x73,0x0,0x75,0x0,0x72,0x0,0x65,0x0,
0x56,0x0,0x69,0x0,0x73,0x0,0x69,0x0,
0x62,0x0,0x6c,0x0,0x65,0x0,0x0,0x0,
0x5,0x0,0x0,0x0,0x69,0x0,0x6e,0x0,
0x64,0x0,0x65,0x0,0x78,0x0,0x0,0x0,
0xf,0x0,0x0,0x0,0x61,0x0,0x63,0x0,
0x74,0x0,0x69,0x0,0x76,0x0,0x65,0x0,
0x46,0x0,0x6c,0x0,0x69,0x0,0x63,0x0,
0x6b,0x0,0x61,0x0,0x62,0x0,0x6c,0x0,
0x65,0x0,0x0,0x0,0x0,0x0,0x0,0x0,
0xe,0x0,0x0,0x0,0x61,0x0,0x70,0x0,
0x70,0x0,0x6c,0x0,0x79,0x0,0x53,0x0,
0x65,0x0,0x6c,0x0,0x65,0x0,0x63,0x0,
0x74,0x0,0x69,0x0,0x6f,0x0,0x6e,0x0,
0x0,0x0,0x0,0x0,0x0,0x0,0x0,0x0,
0x9,0x0,0x0,0x0,0x6d,0x0,0x6f,0x0,
0x64,0x0,0x69,0x0,0x66,0x0,0x69,0x0,
0x65,0x0,0x72,0x0,0x73,0x0,0x0,0x0,
0xa,0x0,0x0,0x0,0x6d,0x0,0x6f,0x0,
0x76,0x0,0x65,0x0,0x43,0x0,0x75,0x0,
0x72,0x0,0x73,0x0,0x6f,0x0,0x72,0x0,
0x0,0x0,0x0,0x0,0x0,0x0,0x0,0x0,
0x4,0x0,0x0,0x0,0x73,0x0,0x74,0x0,
0x65,0x0,0x70,0x0,0x0,0x0,0x0,0x0,
0xa,0x0,0x0,0x0,0x74,0x0,0x6f,0x0,
0x67,0x0,0x67,0x0,0x6c,0x0,0x65,0x0,
0x53,0x0,0x6f,0x0,0x72,0x0,0x74,0x0,
0x0,0x0,0x0,0x0,0x0,0x0,0x0,0x0,
0x5,0x0,0x0,0x0,0x66,0x0,0x69,0x0,
0x65,0x0,0x6c,0x0,0x64,0x0,0x0,0x0,
0x11,0x0,0x0,0x0,0x67,0x0,0x72,0x0,
0x69,0x0,0x64,0x0,0x53,0x0,0x74,0x0,
0x65,0x0,0x70,0x0,0x46,0x0,0x6f,0x0,
0x72,0x0,0x55,0x0,0x70,0x0,0x44,0x0,
0x6f,0x0,0x77,0x0,0x6e,0x0,0x0,0x0,
0xe,0x0,0x0,0x0,0x6f,0x0,0x70,0x0,
0x65,0x0,0x6e,0x0,0x42,0x0,0x75,0x0,
0x6c,0x0,0x6b,0x0,0x52,0x0,0x65,0x0,
0x6e,0x0,0x61,0x0,0x6d,0x0,0x65,0x0,
0x0,0x0,0x0,0x0,0x0,0x0,0x0,0x0,
0x14,0x0,0x0,0x0,0x6f,0x0,0x70,0x0,
0x65,0x0,0x6e,0x0,0x43,0x0,0x75,0x0,
0x72,0x0,0x72,0x0,0x65,0x0,0x6e,0x0,
0x74,0x0,0x53,0x0,0x65,0x0,0x6c,0x0,
0x65,0x0,0x63,0x0,0x74,0x0,0x69,0x0,
0x6f,0x0,0x6e,0x0,0x0,0x0,0x0,0x0,
0xe,0x0,0x0,0x0,0x73,0x0,0x65,0x0,
0x6c,0x0,0x65,0x0,0x63,0x0,0x74,0x0,
0x42,0x0,0x79,0x0,0x54,0x0,0x79,0x0,
0x70,0x0,0x69,0x0,0x6e,0x0,0x67,0x0,
0x0,0x0,0x0,0x0,0x0,0x0,0x0,0x0,
0x8,0x0,0x0,0x0,0x63,0x0,0x68,0x0,
0x61,0x0,0x72,0x0,0x54,0x0,0x65,0x0,
0x78,0x0,0x74,0x0,0x0,0x0,0x0,0x0,
0xb,0x0,0x0,0x0,0x64,0x0,0x69,0x0,
0x73,0x0,0x70,0x0,0x6c,0x0,0x61,0x0,
0x79,0x0,0x4e,0x0,0x61,0x0,0x6d,0x0,
0x65,0x0,0x0,0x0,0x0,0x0,0x0,0x0,
0x4,0x0,0x0,0x0,0x6e,0x0,0x61,0x0,
0x6d,0x0,0x65,0x0,0x0,0x0,0x0,0x0,
0x18,0x0,0x0,0x0,0x72,0x0,0x65,0x0,
0x71,0x0,0x75,0x0,0x65,0x0,0x73,0x0,
0x74,0x0,0x56,0x0,0x69,0x0,0x73,0x0,
0x69,0x0,0x62,0x0,0x6c,0x0,0x65,0x0,
0x54,0x0,0x68,0x0,0x75,0x0,0x6d,0x0,
0x62,0x0,0x6e,0x0,0x61,0x0,0x69,0x0,
0x6c,0x0,0x73,0x0,0x0,0x0,0x0,0x0,
0xe,0x0,0x0,0x0,0x74,0x0,0x79,0x0,
0x70,0x0,0x65,0x0,0x52,0x0,0x65,0x0,
0x73,0x0,0x65,0x0,0x74,0x0,0x54,0x0,
0x69,0x0,0x6d,0x0,0x65,0x0,0x72,0x0,
0x0,0x0,0x0,0x0,0x0,0x0,0x0,0x0,
0xe,0x0,0x0,0x0,0x74,0x0,0x68,0x0,
0x75,0x0,0x6d,0x0,0x62,0x0,0x73,0x0,
0x44,0x0,0x65,0x0,0x62,0x0,0x6f,0x0,
0x75,0x0,0x6e,0x0,0x63,0x0,0x65,0x0,
0x0,0x0,0x0,0x0,0x0,0x0,0x0,0x0,
0x12,0x0,0x0,0x0,0x74,0x0,0x68,0x0,
0x75,0x0,0x6d,0x0,0x62,0x0,0x73,0x0,
0x44,0x0,0x75,0x0,0x72,0x0,0x69,0x0,
0x6e,0x0,0x67,0x0,0x53,0x0,0x65,0x0,
0x61,0x0,0x72,0x0,0x63,0x0,0x68,0x0,
0x0,0x0,0x0,0x0,0x0,0x0,0x0,0x0,
0x7,0x0,0x0,0x0,0x72,0x0,0x75,0x0,
0x6e,0x0,0x6e,0x0,0x69,0x0,0x6e,0x0,
0x67,0x0,0x0,0x0,0x0,0x0,0x0,0x0,
0x16,0x0,0x0,0x0,0x65,0x0,0x78,0x0,
0x70,0x0,0x72,0x0,0x65,0x0,0x73,0x0,
0x73,0x0,0x69,0x0,0x6f,0x0,0x6e,0x0,
0x20,0x0,0x66,0x0,0x6f,0x0,0x72,0x0,
0x20,0x0,0x72,0x0,0x75,0x0,0x6e,0x0,
0x6e,0x0,0x69,0x0,0x6e,0x0,0x67,0x0,
0x0,0x0,0x0,0x0,0x0,0x0,0x0,0x0,
0x9,0x0,0x0,0x0,0x6f,0x0,0x6e,0x0,
0x50,0x0,0x72,0x0,0x65,0x0,0x73,0x0,
0x73,0x0,0x65,0x0,0x64,0x0,0x0,0x0,
0x18,0x0,0x0,0x0,0x65,0x0,0x78,0x0,
0x70,0x0,0x72,0x0,0x65,0x0,0x73,0x0,
0x73,0x0,0x69,0x0,0x6f,0x0,0x6e,0x0,
0x20,0x0,0x66,0x0,0x6f,0x0,0x72,0x0,
0x20,0x0,0x6f,0x0,0x6e,0x0,0x50,0x0,
0x72,0x0,0x65,0x0,0x73,0x0,0x73,0x0,
0x65,0x0,0x64,0x0,0x0,0x0,0x0,0x0,
0xd,0x0,0x0,0x0,0x6e,0x0,0x6f,0x0,
0x72,0x0,0x6d,0x0,0x61,0x0,0x6c,0x0,
0x69,0x0,0x7a,0x0,0x65,0x0,0x50,0x0,
0x61,0x0,0x74,0x0,0x68,0x0,0x0,0x0,
0x4,0x0,0x0,0x0,0x70,0x0,0x61,0x0,
0x74,0x0,0x68,0x0,0x0,0x0,0x0,0x0,
0x9,0x0,0x0,0x0,0x52,0x0,0x65,0x0,
0x63,0x0,0x74,0x0,0x61,0x0,0x6e,0x0,
0x67,0x0,0x6c,0x0,0x65,0x0,0x0,0x0,
0x5,0x0,0x0,0x0,0x63,0x0,0x6f,0x0,
0x6c,0x0,0x6f,0x0,0x72,0x0,0x0,0x0,
0x14,0x0,0x0,0x0,0x65,0x0,0x78,0x0,
0x70,0x0,0x72,0x0,0x65,0x0,0x73,0x0,
0x73,0x0,0x69,0x0,0x6f,0x0,0x6e,0x0,
0x20,0x0,0x66,0x0,0x6f,0x0,0x72,0x0,
0x20,0x0,0x63,0x0,0x6f,0x0,0x6c,0x0,
0x6f,0x0,0x72,0x0,0x0,0x0,0x0,0x0,
0xb,0x0,0x0,0x0,0x74,0x0,0x72,0x0,
0x61,0x0,0x6e,0x0,0x73,0x0,0x70,0x0,
0x61,0x0,0x72,0x0,0x65,0x0,0x6e,0x0,
0x74,0x0,0x0,0x0,0x0,0x0,0x0,0x0,
0x6,0x0,0x0,0x0,0x62,0x0,0x6f,0x0,
0x72,0x0,0x64,0x0,0x65,0x0,0x72,0x0,
0x0,0x0,0x0,0x0,0x0,0x0,0x0,0x0,
0x5,0x0,0x0,0x0,0x77,0x0,0x69,0x0,
0x64,0x0,0x74,0x0,0x68,0x0,0x0,0x0,
0x14,0x0,0x0,0x0,0x65,0x0,0x78,0x0,
0x70,0x0,0x72,0x0,0x65,0x0,0x73,0x0,
0x73,0x0,0x69,0x0,0x6f,0x0,0x6e,0x0,
0x20,0x0,0x66,0x0,0x6f,0x0,0x72,0x0,
0x20,0x0,0x77,0x0,0x69,0x0,0x64,0x0,
0x74,0x0,0x68,0x0,0x0,0x0,0x0,0x0,
0x6,0x0,0x0,0x0,0x72,0x0,0x61,0x0,
0x64,0x0,0x69,0x0,0x75,0x0,0x73,0x0,
0x0,0x0,0x0,0x0,0x0,0x0,0x0,0x0,
0x15,0x0,0x0,0x0,0x65,0x0,0x78,0x0,
0x70,0x0,0x72,0x0,0x65,0x0,0x73,0x0,
0x73,0x0,0x69,0x0,0x6f,0x0,0x6e,0x0,
0x20,0x0,0x66,0x0,0x6f,0x0,0x72,0x0,
0x20,0x0,0x72,0x0,0x61,0x0,0x64,0x0,
0x69,0x0,0x75,0x0,0x73,0x0,0x0,0x0,
0x1,0x0,0x0,0x0,0x7a,0x0,0x0,0x0,
0xd,0x0,0x0,0x0,0x41,0x0,0x70,0x0,
0x70,0x0,0x43,0x0,0x6f,0x0,0x6e,0x0,
0x74,0x0,0x72,0x0,0x6f,0x0,0x6c,0x0,
0x6c,0x0,0x65,0x0,0x72,0x0,0x0,0x0,
0x9,0x0,0x0,0x0,0x43,0x0,0x6f,0x0,
0x6d,0x0,0x70,0x0,0x6f,0x0,0x6e,0x0,
0x65,0x0,0x6e,0x0,0x74,0x0,0x0,0x0,
0xb,0x0,0x0,0x0,0x6f,0x0,0x6e,0x0,
0x43,0x0,0x6f,0x0,0x6d,0x0,0x70,0x0,
0x6c,0x0,0x65,0x0,0x74,0x0,0x65,0x0,
0x64,0x0,0x0,0x0,0x0,0x0,0x0,0x0,
0x1a,0x0,0x0,0x0,0x65,0x0,0x78,0x0,
0x70,0x0,0x72,0x0,0x65,0x0,0x73,0x0,
0x73,0x0,0x69,0x0,0x6f,0x0,0x6e,0x0,
0x20,0x0,0x66,0x0,0x6f,0x0,0x72,0x0,
0x20,0x0,0x6f,0x0,0x6e,0x0,0x43,0x0,
0x6f,0x0,0x6d,0x0,0x70,0x0,0x6c,0x0,
0x65,0x0,0x74,0x0,0x65,0x0,0x64,0x0,
0x0,0x0,0x0,0x0,0x0,0x0,0x0,0x0,
0x11,0x0,0x0,0x0,0x6f,0x0,0x6e,0x0,
0x52,0x0,0x65,0x0,0x6e,0x0,0x61,0x0,
0x6d,0x0,0x65,0x0,0x52,0x0,0x65,0x0,
0x71,0x0,0x75,0x0,0x65,0x0,0x73,0x0,
0x74,0x0,0x65,0x0,0x64,0x0,0x0,0x0,
0x20,0x0,0x0,0x0,0x65,0x0,0x78,0x0,
0x70,0x0,0x72,0x0,0x65,0x0,0x73,0x0,
0x73,0x0,0x69,0x0,0x6f,0x0,0x6e,0x0,
0x20,0x0,0x66,0x0,0x6f,0x0,0x72,0x0,
0x20,0x0,0x6f,0x0,0x6e,0x0,0x52,0x0,
0x65,0x0,0x6e,0x0,0x61,0x0,0x6d,0x0,
0x65,0x0,0x52,0x0,0x65,0x0,0x71,0x0,
0x75,0x0,0x65,0x0,0x73,0x0,0x74,0x0,
0x65,0x0,0x64,0x0,0x0,0x0,0x0,0x0,
0x14,0x0,0x0,0x0,0x6f,0x0,0x6e,0x0,
0x43,0x0,0x75,0x0,0x72,0x0,0x72,0x0,
0x65,0x0,0x6e,0x0,0x74,0x0,0x50,0x0,
0x61,0x0,0x74,0x0,0x68,0x0,0x43,0x0,
0x68,0x0,0x61,0x0,0x6e,0x0,0x67,0x0,
0x65,0x0,0x64,0x0,0x0,0x0,0x0,0x0,
0x23,0x0,0x0,0x0,0x65,0x0,0x78,0x0,
0x70,0x0,0x72,0x0,0x65,0x0,0x73,0x0,
0x73,0x0,0x69,0x0,0x6f,0x0,0x6e,0x0,
0x20,0x0,0x66,0x0,0x6f,0x0,0x72,0x0,
0x20,0x0,0x6f,0x0,0x6e,0x0,0x43,0x0,
0x75,0x0,0x72,0x0,0x72,0x0,0x65,0x0,
0x6e,0x0,0x74,0x0,0x50,0x0,0x61,0x0,
0x74,0x0,0x68,0x0,0x43,0x0,0x68,0x0,
0x61,0x0,0x6e,0x0,0x67,0x0,0x65,0x0,
0x64,0x0,0x0,0x0,0x0,0x0,0x0,0x0,
0x12,0x0,0x0,0x0,0x6f,0x0,0x6e,0x0,
0x4f,0x0,0x70,0x0,0x65,0x0,0x72,0x0,
0x61,0x0,0x74,0x0,0x69,0x0,0x6f,0x0,
0x6e,0x0,0x53,0x0,0x75,0x0,0x63,0x0,
0x63,0x0,0x65,0x0,0x73,0x0,0x73,0x0,
0x0,0x0,0x0,0x0,0x0,0x0,0x0,0x0,
0x21,0x0,0x0,0x0,0x65,0x0,0x78,0x0,
0x70,0x0,0x72,0x0,0x65,0x0,0x73,0x0,
0x73,0x0,0x69,0x0,0x6f,0x0,0x6e,0x0,
0x20,0x0,0x66,0x0,0x6f,0x0,0x72,0x0,
0x20,0x0,0x6f,0x0,0x6e,0x0,0x4f,0x0,
0x70,0x0,0x65,0x0,0x72,0x0,0x61,0x0,
0x74,0x0,0x69,0x0,0x6f,0x0,0x6e,0x0,
0x53,0x0,0x75,0x0,0x63,0x0,0x63,0x0,
0x65,0x0,0x73,0x0,0x73,0x0,0x0,0x0,
0x10,0x0,0x0,0x0,0x6f,0x0,0x6e,0x0,
0x4f,0x0,0x70,0x0,0x65,0x0,0x72,0x0,
0x61,0x0,0x74,0x0,0x69,0x0,0x6f,0x0,
0x6e,0x0,0x45,0x0,0x72,0x0,0x72,0x0,
0x6f,0x0,0x72,0x0,0x0,0x0,0x0,0x0,
0x1f,0x0,0x0,0x0,0x65,0x0,0x78,0x0,
0x70,0x0,0x72,0x0,0x65,0x0,0x73,0x0,
0x73,0x0,0x69,0x0,0x6f,0x0,0x6e,0x0,
0x20,0x0,0x66,0x0,0x6f,0x0,0x72,0x0,
0x20,0x0,0x6f,0x0,0x6e,0x0,0x4f,0x0,
0x70,0x0,0x65,0x0,0x72,0x0,0x61,0x0,
0x74,0x0,0x69,0x0,0x6f,0x0,0x6e,0x0,
0x45,0x0,0x72,0x0,0x72,0x0,0x6f,0x0,
0x72,0x0,0x0,0x0,0x0,0x0,0x0,0x0,
0xc,0x0,0x0,0x0,0x76,0x0,0x69,0x0,
0x65,0x0,0x77,0x0,0x53,0x0,0x65,0x0,
0x74,0x0,0x74,0x0,0x69,0x0,0x6e,0x0,
0x67,0x0,0x73,0x0,0x0,0x0,0x0,0x0,
0x1b,0x0,0x0,0x0,0x65,0x0,0x78,0x0,
0x70,0x0,0x72,0x0,0x65,0x0,0x73,0x0,
0x73,0x0,0x69,0x0,0x6f,0x0,0x6e,0x0,
0x20,0x0,0x66,0x0,0x6f,0x0,0x72,0x0,
0x20,0x0,0x76,0x0,0x69,0x0,0x65,0x0,
0x77,0x0,0x53,0x0,0x65,0x0,0x74,0x0,
0x74,0x0,0x69,0x0,0x6e,0x0,0x67,0x0,
0x73,0x0,0x0,0x0,0x0,0x0,0x0,0x0,
0xf,0x0,0x0,0x0,0x67,0x0,0x65,0x0,
0x6e,0x0,0x65,0x0,0x72,0x0,0x61,0x0,
0x6c,0x0,0x53,0x0,0x65,0x0,0x74,0x0,
0x74,0x0,0x69,0x0,0x6e,0x0,0x67,0x0,
0x73,0x0,0x0,0x0,0x0,0x0,0x0,0x0,
0x1e,0x0,0x0,0x0,0x65,0x0,0x78,0x0,
0x70,0x0,0x72,0x0,0x65,0x0,0x73,0x0,
0x73,0x0,0x69,0x0,0x6f,0x0,0x6e,0x0,
0x20,0x0,0x66,0x0,0x6f,0x0,0x72,0x0,
0x20,0x0,0x67,0x0,0x65,0x0,0x6e,0x0,
0x65,0x0,0x72,0x0,0x61,0x0,0x6c,0x0,
0x53,0x0,0x65,0x0,0x74,0x0,0x74,0x0,
0x69,0x0,0x6e,0x0,0x67,0x0,0x73,0x0,
0x0,0x0,0x0,0x0,0x0,0x0,0x0,0x0,
0x8,0x0,0x0,0x0,0x68,0x0,0x6f,0x0,
0x6d,0x0,0x65,0x0,0x50,0x0,0x61,0x0,
0x74,0x0,0x68,0x0,0x0,0x0,0x0,0x0,
0x17,0x0,0x0,0x0,0x65,0x0,0x78,0x0,
0x70,0x0,0x72,0x0,0x65,0x0,0x73,0x0,
0x73,0x0,0x69,0x0,0x6f,0x0,0x6e,0x0,
0x20,0x0,0x66,0x0,0x6f,0x0,0x72,0x0,
0x20,0x0,0x68,0x0,0x6f,0x0,0x6d,0x0,
0x65,0x0,0x50,0x0,0x61,0x0,0x74,0x0,
0x68,0x0,0x0,0x0,0x0,0x0,0x0,0x0,
0xe,0x0,0x0,0x0,0x63,0x0,0x6f,0x0,
0x6c,0x0,0x54,0x0,0x65,0x0,0x78,0x0,
0x74,0x0,0x50,0x0,0x72,0x0,0x69,0x0,
0x6d,0x0,0x61,0x0,0x72,0x0,0x79,0x0,
0x0,0x0,0x0,0x0,0x0,0x0,0x0,0x0,
0x1d,0x0,0x0,0x0,0x65,0x0,0x78,0x0,
0x70,0x0,0x72,0x0,0x65,0x0,0x73,0x0,
0x73,0x0,0x69,0x0,0x6f,0x0,0x6e,0x0,
0x20,0x0,0x66,0x0,0x6f,0x0,0x72,0x0,
0x20,0x0,0x63,0x0,0x6f,0x0,0x6c,0x0,
0x54,0x0,0x65,0x0,0x78,0x0,0x74,0x0,
0x50,0x0,0x72,0x0,0x69,0x0,0x6d,0x0,
0x61,0x0,0x72,0x0,0x79,0x0,0x0,0x0,
0x10,0x0,0x0,0x0,0x63,0x0,0x6f,0x0,
0x6c,0x0,0x54,0x0,0x65,0x0,0x78,0x0,
0x74,0x0,0x53,0x0,0x65,0x0,0x63,0x0,
0x6f,0x0,0x6e,0x0,0x64,0x0,0x61,0x0,
0x72,0x0,0x79,0x0,0x0,0x0,0x0,0x0,
0x1f,0x0,0x0,0x0,0x65,0x0,0x78,0x0,
0x70,0x0,0x72,0x0,0x65,0x0,0x73,0x0,
0x73,0x0,0x69,0x0,0x6f,0x0,0x6e,0x0,
0x20,0x0,0x66,0x0,0x6f,0x0,0x72,0x0,
0x20,0x0,0x63,0x0,0x6f,0x0,0x6c,0x0,
0x54,0x0,0x65,0x0,0x78,0x0,0x74,0x0,
0x53,0x0,0x65,0x0,0x63,0x0,0x6f,0x0,
0x6e,0x0,0x64,0x0,0x61,0x0,0x72,0x0,
0x79,0x0,0x0,0x0,0x0,0x0,0x0,0x0,
0xc,0x0,0x0,0x0,0x72,0x0,0x65,0x0,
0x6e,0x0,0x61,0x0,0x6d,0x0,0x69,0x0,
0x6e,0x0,0x67,0x0,0x50,0x0,0x61,0x0,
0x74,0x0,0x68,0x0,0x0,0x0,0x0,0x0,
0x6,0x0,0x0,0x0,0x44,0x0,0x69,0x0,
0x61,0x0,0x6c,0x0,0x6f,0x0,0x67,0x0,
0x0,0x0,0x0,0x0,0x0,0x0,0x0,0x0,
0x12,0x0,0x0,0x0,0x63,0x0,0x72,0x0,
0x65,0x0,0x61,0x0,0x74,0x0,0x65,0x0,
0x46,0x0,0x6f,0x0,0x6c,0x0,0x64,0x0,
0x65,0x0,0x72,0x0,0x44,0x0,0x69,0x0,
0x61,0x0,0x6c,0x0,0x6f,0x0,0x67,0x0,
0x0,0x0,0x0,0x0,0x0,0x0,0x0,0x0,
0xd,0x0,0x0,0x0,0x43,0x0,0x72,0x0,
0x65,0x0,0x61,0x0,0x74,0x0,0x65,0x0,
0x20,0x0,0x46,0x0,0x6f,0x0,0x6c,0x0,
0x64,0x0,0x65,0x0,0x72,0x0,0x0,0x0,
0x5,0x0,0x0,0x0,0x6d,0x0,0x6f,0x0,
0x64,0x0,0x61,0x0,0x6c,0x0,0x0,0x0,
0xf,0x0,0x0,0x0,0x73,0x0,0x74,0x0,
0x61,0x0,0x6e,0x0,0x64,0x0,0x61,0x0,
0x72,0x0,0x64,0x0,0x42,0x0,0x75,0x0,
0x74,0x0,0x74,0x0,0x6f,0x0,0x6e,0x0,
0x73,0x0,0x0,0x0,0x0,0x0,0x0,0x0,
0x1e,0x0,0x0,0x0,0x65,0x0,0x78,0x0,
0x70,0x0,0x72,0x0,0x65,0x0,0x73,0x0,
0x73,0x0,0x69,0x0,0x6f,0x0,0x6e,0x0,
0x20,0x0,0x66,0x0,0x6f,0x0,0x72,0x0,
0x20,0x0,0x73,0x0,0x74,0x0,0x61,0x0,
0x6e,0x0,0x64,0x0,0x61,0x0,0x72,0x0,
0x64,0x0,0x42,0x0,0x75,0x0,0x74,0x0,
0x74,0x0,0x6f,0x0,0x6e,0x0,0x73,0x0,
0x0,0x0,0x0,0x0,0x0,0x0,0x0,0x0,
0x8,0x0,0x0,0x0,0x63,0x0,0x65,0x0,
0x6e,0x0,0x74,0x0,0x65,0x0,0x72,0x0,
0x49,0x0,0x6e,0x0,0x0,0x0,0x0,0x0,
0x17,0x0,0x0,0x0,0x65,0x0,0x78,0x0,
0x70,0x0,0x72,0x0,0x65,0x0,0x73,0x0,
0x73,0x0,0x69,0x0,0x6f,0x0,0x6e,0x0,
0x20,0x0,0x66,0x0,0x6f,0x0,0x72,0x0,
0x20,0x0,0x63,0x0,0x65,0x0,0x6e,0x0,
0x74,0x0,0x65,0x0,0x72,0x0,0x49,0x0,
0x6e,0x0,0x0,0x0,0x0,0x0,0x0,0x0,
0xa,0x0,0x0,0x0,0x66,0x0,0x6f,0x0,
0x6c,0x0,0x64,0x0,0x65,0x0,0x72,0x0,
0x4e,0x0,0x61,0x0,0x6d,0x0,0x65,0x0,
0x0,0x0,0x0,0x0,0x0,0x0,0x0,0x0,
0xf,0x0,0x0,0x0,0x66,0x0,0x6f,0x0,
0x6c,0x0,0x64,0x0,0x65,0x0,0x72,0x0,
0x4e,0x0,0x61,0x0,0x6d,0x0,0x65,0x0,
0x46,0x0,0x69,0x0,0x65,0x0,0x6c,0x0,
0x64,0x0,0x0,0x0,0x0,0x0,0x0,0x0,
0x4,0x0,0x0,0x0,0x74,0x0,0x65,0x0,
0x78,0x0,0x74,0x0,0x0,0x0,0x0,0x0,
0xc,0x0,0x0,0x0,0x43,0x0,0x6f,0x0,
0x6c,0x0,0x75,0x0,0x6d,0x0,0x6e,0x0,
0x4c,0x0,0x61,0x0,0x79,0x0,0x6f,0x0,
0x75,0x0,0x74,0x0,0x0,0x0,0x0,0x0,
0x7,0x0,0x0,0x0,0x73,0x0,0x70,0x0,
0x61,0x0,0x63,0x0,0x69,0x0,0x6e,0x0,
0x67,0x0,0x0,0x0,0x0,0x0,0x0,0x0,
0x4,0x0,0x0,0x0,0x54,0x0,0x65,0x0,
0x78,0x0,0x74,0x0,0x0,0x0,0x0,0x0,
0xb,0x0,0x0,0x0,0x46,0x0,0x6f,0x0,
0x6c,0x0,0x64,0x0,0x65,0x0,0x72,0x0,
0x20,0x0,0x6e,0x0,0x61,0x0,0x6d,0x0,
0x65,0x0,0x0,0x0,0x0,0x0,0x0,0x0,
0x4,0x0,0x0,0x0,0x66,0x0,0x6f,0x0,
0x6e,0x0,0x74,0x0,0x0,0x0,0x0,0x0,
0x9,0x0,0x0,0x0,0x70,0x0,0x69,0x0,
0x78,0x0,0x65,0x0,0x6c,0x0,0x53,0x0,
0x69,0x0,0x7a,0x0,0x65,0x0,0x0,0x0,
0x9,0x0,0x0,0x0,0x54,0x0,0x65,0x0,
0x78,0x0,0x74,0x0,0x46,0x0,0x69,0x0,
0x65,0x0,0x6c,0x0,0x64,0x0,0x0,0x0,
0x6,0x0,0x0,0x0,0x4c,0x0,0x61,0x0,
0x79,0x0,0x6f,0x0,0x75,0x0,0x74,0x0,
0x0,0x0,0x0,0x0,0x0,0x0,0x0,0x0,
0x9,0x0,0x0,0x0,0x66,0x0,0x69,0x0,
0x6c,0x0,0x6c,0x0,0x57,0x0,0x69,0x0,
0x64,0x0,0x74,0x0,0x68,0x0,0x0,0x0,
0xf,0x0,0x0,0x0,0x70,0x0,0x6c,0x0,
0x61,0x0,0x63,0x0,0x65,0x0,0x68,0x0,
0x6f,0x0,0x6c,0x0,0x64,0x0,0x65,0x0,
0x72,0x0,0x54,0x0,0x65,0x0,0x78,0x0,
0x74,0x0,0x0,0x0,0x0,0x0,0x0,0x0,
0xa,0x0,0x0,0x0,0x4e,0x0,0x65,0x0,
0x77,0x0,0x20,0x0,0x46,0x0,0x6f,0x0,
0x6c,0x0,0x64,0x0,0x65,0x0,0x72,0x0,
0x0,0x0,0x0,0x0,0x0,0x0,0x0,0x0,
0xd,0x0,0x0,0x0,0x73,0x0,0x65,0x0,
0x6c,0x0,0x65,0x0,0x63,0x0,0x74,0x0,
0x42,0x0,0x79,0x0,0x4d,0x0,0x6f,0x0,
0x75,0x0,0x73,0x0,0x65,0x0,0x0,0x0,
0xb,0x0,0x0,0x0,0x63,0x0,0x6f,0x0,
0x6e,0x0,0x74,0x0,0x65,0x0,0x6e,0x0,
0x74,0x0,0x49,0x0,0x74,0x0,0x65,0x0,
0x6d,0x0,0x0,0x0,0x0,0x0,0x0,0x0,
0x8,0x0,0x0,0x0,0x6f,0x0,0x6e,0x0,
0x4f,0x0,0x70,0x0,0x65,0x0,0x6e,0x0,
0x65,0x0,0x64,0x0,0x0,0x0,0x0,0x0,
0x17,0x0,0x0,0x0,0x65,0x0,0x78,0x0,
0x70,0x0,0x72,0x0,0x65,0x0,0x73,0x0,
0x73,0x0,0x69,0x0,0x6f,0x0,0x6e,0x0,
0x20,0x0,0x66,0x0,0x6f,0x0,0x72,0x0,
0x20,0x0,0x6f,0x0,0x6e,0x0,0x4f,0x0,
0x70,0x0,0x65,0x0,0x6e,0x0,0x65,0x0,
0x64,0x0,0x0,0x0,0x0,0x0,0x0,0x0,
0xa,0x0,0x0,0x0,0x6f,0x0,0x6e,0x0,
0x41,0x0,0x63,0x0,0x63,0x0,0x65,0x0,
0x70,0x0,0x74,0x0,0x65,0x0,0x64,0x0,
0x0,0x0,0x0,0x0,0x0,0x0,0x0,0x0,
0x19,0x0,0x0,0x0,0x65,0x0,0x78,0x0,
0x70,0x0,0x72,0x0,0x65,0x0,0x73,0x0,
0x73,0x0,0x69,0x0,0x6f,0x0,0x6e,0x0,
0x20,0x0,0x66,0x0,0x6f,0x0,0x72,0x0,
0x20,0x0,0x6f,0x0,0x6e,0x0,0x41,0x0,
0x63,0x0,0x63,0x0,0x65,0x0,0x70,0x0,
0x74,0x0,0x65,0x0,0x64,0x0,0x0,0x0,
0x4,0x0,0x0,0x0,0x4d,0x0,0x65,0x0,
0x6e,0x0,0x75,0x0,0x0,0x0,0x0,0x0,
0x6,0x0,0x0,0x0,0x62,0x0,0x67,0x0,
0x4d,0x0,0x65,0x0,0x6e,0x0,0x75,0x0,
0x0,0x0,0x0,0x0,0x0,0x0,0x0,0x0,
0x8,0x0,0x0,0x0,0x4d,0x0,0x61,0x0,
0x74,0x0,0x65,0x0,0x72,0x0,0x69,0x0,
0x61,0x0,0x6c,0x0,0x0,0x0,0x0,0x0,
0x14,0x0,0x0,0x0,0x65,0x0,0x78,0x0,
0x70,0x0,0x72,0x0,0x65,0x0,0x73,0x0,
0x73,0x0,0x69,0x0,0x6f,0x0,0x6e,0x0,
0x20,0x0,0x66,0x0,0x6f,0x0,0x72,0x0,
0x20,0x0,0x74,0x0,0x68,0x0,0x65,0x0,
0x6d,0x0,0x65,0x0,0x0,0x0,0x0,0x0,
0xa,0x0,0x0,0x0,0x62,0x0,0x61,0x0,
0x63,0x0,0x6b,0x0,0x67,0x0,0x72,0x0,
0x6f,0x0,0x75,0x0,0x6e,0x0,0x64,0x0,
0x0,0x0,0x0,0x0,0x0,0x0,0x0,0x0,
0x19,0x0,0x0,0x0,0x65,0x0,0x78,0x0,
0x70,0x0,0x72,0x0,0x65,0x0,0x73,0x0,
0x73,0x0,0x69,0x0,0x6f,0x0,0x6e,0x0,
0x20,0x0,0x66,0x0,0x6f,0x0,0x72,0x0,
0x20,0x0,0x62,0x0,0x61,0x0,0x63,0x0,
0x6b,0x0,0x67,0x0,0x72,0x0,0x6f,0x0,
0x75,0x0,0x6e,0x0,0x64,0x0,0x0,0x0,
0x8,0x0,0x0,0x0,0x4d,0x0,0x65,0x0,
0x6e,0x0,0x75,0x0,0x49,0x0,0x74,0x0,
0x65,0x0,0x6d,0x0,0x0,0x0,0x0,0x0,
0xb,0x0,0x0,0x0,0x53,0x0,0x68,0x0,
0x6f,0x0,0x77,0x0,0x20,0x0,0x48,0x0,
0x69,0x0,0x64,0x0,0x64,0x0,0x65,0x0,
0x6e,0x0,0x0,0x0,0x0,0x0,0x0,0x0,
0x9,0x0,0x0,0x0,0x63,0x0,0x68,0x0,
0x65,0x0,0x63,0x0,0x6b,0x0,0x61,0x0,
0x62,0x0,0x6c,0x0,0x65,0x0,0x0,0x0,
0x7,0x0,0x0,0x0,0x63,0x0,0x68,0x0,
0x65,0x0,0x63,0x0,0x6b,0x0,0x65,0x0,
0x64,0x0,0x0,0x0,0x0,0x0,0x0,0x0,
0x16,0x0,0x0,0x0,0x65,0x0,0x78,0x0,
0x70,0x0,0x72,0x0,0x65,0x0,0x73,0x0,
0x73,0x0,0x69,0x0,0x6f,0x0,0x6e,0x0,
0x20,0x0,0x66,0x0,0x6f,0x0,0x72,0x0,
0x20,0x0,0x63,0x0,0x68,0x0,0x65,0x0,
0x63,0x0,0x6b,0x0,0x65,0x0,0x64,0x0,
0x0,0x0,0x0,0x0,0x0,0x0,0x0,0x0,
0x5,0x0,0x0,0x0,0x50,0x0,0x61,0x0,
0x73,0x0,0x74,0x0,0x65,0x0,0x0,0x0,
0x7,0x0,0x0,0x0,0x65,0x0,0x6e,0x0,
0x61,0x0,0x62,0x0,0x6c,0x0,0x65,0x0,
0x64,0x0,0x0,0x0,0x0,0x0,0x0,0x0,
0x16,0x0,0x0,0x0,0x65,0x0,0x78,0x0,
0x70,0x0,0x72,0x0,0x65,0x0,0x73,0x0,
0x73,0x0,0x69,0x0,0x6f,0x0,0x6e,0x0,
0x20,0x0,0x66,0x0,0x6f,0x0,0x72,0x0,
0x20,0x0,0x65,0x0,0x6e,0x0,0x61,0x0,
0x62,0x0,0x6c,0x0,0x65,0x0,0x64,0x0,
0x0,0x0,0x0,0x0,0x0,0x0,0x0,0x0,
0xc,0x0,0x0,0x0,0x47,0x0,0x6f,0x0,
0x20,0x0,0x74,0x0,0x6f,0x0,0x20,0x0,
0x50,0x0,0x61,0x0,0x72,0x0,0x65,0x0,
0x6e,0x0,0x74,0x0,0x0,0x0,0x0,0x0,
0x7,0x0,0x0,0x0,0x52,0x0,0x65,0x0,
0x66,0x0,0x72,0x0,0x65,0x0,0x73,0x0,
0x68,0x0,0x0,0x0,0x0,0x0,0x0,0x0,
0xd,0x0,0x0,0x0,0x4d,0x0,0x65,0x0,
0x6e,0x0,0x75,0x0,0x53,0x0,0x65,0x0,
0x70,0x0,0x61,0x0,0x72,0x0,0x61,0x0,
0x74,0x0,0x6f,0x0,0x72,0x0,0x0,0x0,
0xb,0x0,0x0,0x0,0x51,0x0,0x75,0x0,
0x69,0x0,0x74,0x0,0x20,0x0,0x4c,0x0,
0x69,0x0,0x70,0x0,0x68,0x0,0x69,0x0,
0x73,0x0,0x0,0x0,0x0,0x0,0x0,0x0,
0x4,0x0,0x0,0x0,0x69,0x0,0x63,0x0,
0x6f,0x0,0x6e,0x0,0x0,0x0,0x0,0x0,
0x6,0x0,0x0,0x0,0x73,0x0,0x6f,0x0,
0x75,0x0,0x72,0x0,0x63,0x0,0x65,0x0,
0x0,0x0,0x0,0x0,0x0,0x0,0x0,0x0,
0x3a,0x0,0x0,0x0,0x71,0x0,0x72,0x0,
0x63,0x0,0x3a,0x0,0x2f,0x0,0x71,0x0,
0x74,0x0,0x2f,0x0,0x71,0x0,0x6d,0x0,
0x6c,0x0,0x2f,0x0,0x6c,0x0,0x69,0x0,
0x70,0x0,0x68,0x0,0x69,0x0,0x73,0x0,
0x2f,0x0,0x73,0x0,0x72,0x0,0x63,0x0,
0x2f,0x0,0x71,0x0,0x6d,0x0,0x6c,0x0,
0x2f,0x0,0x61,0x0,0x73,0x0,0x73,0x0,
0x65,0x0,0x74,0x0,0x73,0x0,0x2f,0x0,
0x69,0x0,0x63,0x0,0x6f,0x0,0x6e,0x0,
0x73,0x0,0x2f,0x0,0x6f,0x0,0x75,0x0,
0x74,0x0,0x6c,0x0,0x69,0x0,0x6e,0x0,
0x65,0x0,0x2f,0x0,0x6c,0x0,0x6f,0x0,
0x67,0x0,0x6f,0x0,0x75,0x0,0x74,0x0,
0x2e,0x0,0x73,0x0,0x76,0x0,0x67,0x0,
0x0,0x0,0x0,0x0,0x0,0x0,0x0,0x0,
0xc,0x0,0x0,0x0,0x6c,0x0,0x69,0x0,
0x73,0x0,0x74,0x0,0x44,0x0,0x65,0x0,
0x6c,0x0,0x65,0x0,0x67,0x0,0x61,0x0,
0x74,0x0,0x65,0x0,0x0,0x0,0x0,0x0,
0x8,0x0,0x0,0x0,0x6c,0x0,0x69,0x0,
0x73,0x0,0x74,0x0,0x52,0x0,0x6f,0x0,
0x6f,0x0,0x74,0x0,0x0,0x0,0x0,0x0,
0x6,0x0,0x0,0x0,0x68,0x0,0x65,0x0,
0x69,0x0,0x67,0x0,0x68,0x0,0x74,0x0,
0x0,0x0,0x0,0x0,0x0,0x0,0x0,0x0,
0x15,0x0,0x0,0x0,0x65,0x0,0x78,0x0,
0x70,0x0,0x72,0x0,0x65,0x0,0x73,0x0,
0x73,0x0,0x69,0x0,0x6f,0x0,0x6e,0x0,
0x20,0x0,0x66,0x0,0x6f,0x0,0x72,0x0,
0x20,0x0,0x68,0x0,0x65,0x0,0x69,0x0,
0x67,0x0,0x68,0x0,0x74,0x0,0x0,0x0,
0x12,0x0,0x0,0x0,0x69,0x0,0x73,0x0,
0x41,0x0,0x63,0x0,0x74,0x0,0x75,0x0,
0x61,0x0,0x6c,0x0,0x6c,0x0,0x79,0x0,
0x53,0x0,0x65,0x0,0x6c,0x0,0x65,0x0,
0x63,0x0,0x74,0x0,0x65,0x0,0x64,0x0,
0x0,0x0,0x0,0x0,0x0,0x0,0x0,0x0,
0x21,0x0,0x0,0x0,0x65,0x0,0x78,0x0,
0x70,0x0,0x72,0x0,0x65,0x0,0x73,0x0,
0x73,0x0,0x69,0x0,0x6f,0x0,0x6e,0x0,
0x20,0x0,0x66,0x0,0x6f,0x0,0x72,0x0,
0x20,0x0,0x69,0x0,0x73,0x0,0x41,0x0,
0x63,0x0,0x74,0x0,0x75,0x0,0x61,0x0,
0x6c,0x0,0x6c,0x0,0x79,0x0,0x53,0x0,
0x65,0x0,0x6c,0x0,0x65,0x0,0x63,0x0,
0x74,0x0,0x65,0x0,0x64,0x0,0x0,0x0,
0xb,0x0,0x0,0x0,0x69,0x0,0x6e,0x0,
0x43,0x0,0x6c,0x0,0x69,0x0,0x70,0x0,
0x62,0x0,0x6f,0x0,0x61,0x0,0x72,0x0,
0x64,0x0,0x0,0x0,0x0,0x0,0x0,0x0,
0x1a,0x0,0x0,0x0,0x65,0x0,0x78,0x0,
0x70,0x0,0x72,0x0,0x65,0x0,0x73,0x0,
0x73,0x0,0x69,0x0,0x6f,0x0,0x6e,0x0,
0x20,0x0,0x66,0x0,0x6f,0x0,0x72,0x0,
0x20,0x0,0x69,0x0,0x6e,0x0,0x43,0x0,
0x6c,0x0,0x69,0x0,0x70,0x0,0x62,0x0,
0x6f,0x0,0x61,0x0,0x72,0x0,0x64,0x0,
0x0,0x0,0x0,0x0,0x0,0x0,0x0,0x0,
0xc,0x0,0x0,0x0,0x63,0x0,0x6c,0x0,
0x69,0x0,0x70,0x0,0x62,0x0,0x6f,0x0,
0x61,0x0,0x72,0x0,0x64,0x0,0x43,0x0,
0x75,0x0,0x74,0x0,0x0,0x0,0x0,0x0,
0x1b,0x0,0x0,0x0,0x65,0x0,0x78,0x0,
0x70,0x0,0x72,0x0,0x65,0x0,0x73,0x0,
0x73,0x0,0x69,0x0,0x6f,0x0,0x6e,0x0,
0x20,0x0,0x66,0x0,0x6f,0x0,0x72,0x0,
0x20,0x0,0x63,0x0,0x6c,0x0,0x69,0x0,
0x70,0x0,0x62,0x0,0x6f,0x0,0x61,0x0,
0x72,0x0,0x64,0x0,0x43,0x0,0x75,0x0,
0x74,0x0,0x0,0x0,0x0,0x0,0x0,0x0,
0x8,0x0,0x0,0x0,0x69,0x0,0x73,0x0,
0x48,0x0,0x69,0x0,0x64,0x0,0x64,0x0,
0x65,0x0,0x6e,0x0,0x0,0x0,0x0,0x0,
0x17,0x0,0x0,0x0,0x65,0x0,0x78,0x0,
0x70,0x0,0x72,0x0,0x65,0x0,0x73,0x0,
0x73,0x0,0x69,0x0,0x6f,0x0,0x6e,0x0,
0x20,0x0,0x66,0x0,0x6f,0x0,0x72,0x0,
0x20,0x0,0x69,0x0,0x73,0x0,0x48,0x0,
0x69,0x0,0x64,0x0,0x64,0x0,0x65,0x0,
0x6e,0x0,0x0,0x0,0x0,0x0,0x0,0x0,
0x7,0x0,0x0,0x0,0x6f,0x0,0x70,0x0,
0x61,0x0,0x63,0x0,0x69,0x0,0x74,0x0,
0x79,0x0,0x0,0x0,0x0,0x0,0x0,0x0,
0x16,0x0,0x0,0x0,0x65,0x0,0x78,0x0,
0x70,0x0,0x72,0x0,0x65,0x0,0x73,0x0,
0x73,0x0,0x69,0x0,0x6f,0x0,0x6e,0x0,
0x20,0x0,0x66,0x0,0x6f,0x0,0x72,0x0,
0x20,0x0,0x6f,0x0,0x70,0x0,0x61,0x0,
0x63,0x0,0x69,0x0,0x74,0x0,0x79,0x0,
0x0,0x0,0x0,0x0,0x0,0x0,0x0,0x0,
0x7,0x0,0x0,0x0,0x6d,0x0,0x61,0x0,
0x72,0x0,0x67,0x0,0x69,0x0,0x6e,0x0,
0x73,0x0,0x0,0x0,0x0,0x0,0x0,0x0,
0x7,0x0,0x0,0x0,0x76,0x0,0x69,0x0,
0x73,0x0,0x69,0x0,0x62,0x0,0x6c,0x0,
0x65,0x0,0x0,0x0,0x0,0x0,0x0,0x0,
0x16,0x0,0x0,0x0,0x65,0x0,0x78,0x0,
0x70,0x0,0x72,0x0,0x65,0x0,0x73,0x0,
0x73,0x0,0x69,0x0,0x6f,0x0,0x6e,0x0,
0x20,0x0,0x66,0x0,0x6f,0x0,0x72,0x0,
0x20,0x0,0x76,0x0,0x69,0x0,0x73,0x0,
0x69,0x0,0x62,0x0,0x6c,0x0,0x65,0x0,
0x0,0x0,0x0,0x0,0x0,0x0,0x0,0x0,
0x9,0x0,0x0,0x0,0x52,0x0,0x6f,0x0,
0x77,0x0,0x4c,0x0,0x61,0x0,0x79,0x0,
0x6f,0x0,0x75,0x0,0x74,0x0,0x0,0x0,
0xa,0x0,0x0,0x0,0x6c,0x0,0x65,0x0,
0x66,0x0,0x74,0x0,0x4d,0x0,0x61,0x0,
0x72,0x0,0x67,0x0,0x69,0x0,0x6e,0x0,
0x0,0x0,0x0,0x0,0x0,0x0,0x0,0x0,
0xb,0x0,0x0,0x0,0x72,0x0,0x69,0x0,
0x67,0x0,0x68,0x0,0x74,0x0,0x4d,0x0,
0x61,0x0,0x72,0x0,0x67,0x0,0x69,0x0,
0x6e,0x0,0x0,0x0,0x0,0x0,0x0,0x0,
0xe,0x0,0x0,0x0,0x70,0x0,0x72,0x0,
0x65,0x0,0x66,0x0,0x65,0x0,0x72,0x0,
0x72,0x0,0x65,0x0,0x64,0x0,0x57,0x0,
0x69,0x0,0x64,0x0,0x74,0x0,0x68,0x0,
0x0,0x0,0x0,0x0,0x0,0x0,0x0,0x0,
0x1d,0x0,0x0,0x0,0x65,0x0,0x78,0x0,
0x70,0x0,0x72,0x0,0x65,0x0,0x73,0x0,
0x73,0x0,0x69,0x0,0x6f,0x0,0x6e,0x0,
0x20,0x0,0x66,0x0,0x6f,0x0,0x72,0x0,
0x20,0x0,0x70,0x0,0x72,0x0,0x65,0x0,
0x66,0x0,0x65,0x0,0x72,0x0,0x72,0x0,
0x65,0x0,0x64,0x0,0x57,0x0,0x69,0x0,
0x64,0x0,0x74,0x0,0x68,0x0,0x0,0x0,
0xa,0x0,0x0,0x0,0x66,0x0,0x69,0x0,
0x6c,0x0,0x6c,0x0,0x48,0x0,0x65,0x0,
0x69,0x0,0x67,0x0,0x68,0x0,0x74,0x0,
0x0,0x0,0x0,0x0,0x0,0x0,0x0,0x0,
0x8,0x0,0x0,0x0,0x46,0x0,0x69,0x0,
0x6c,0x0,0x65,0x0,0x49,0x0,0x63,0x0,
0x6f,0x0,0x6e,0x0,0x0,0x0,0x0,0x0,
0xf,0x0,0x0,0x0,0x70,0x0,0x72,0x0,
0x65,0x0,0x66,0x0,0x65,0x0,0x72,0x0,
0x72,0x0,0x65,0x0,0x64,0x0,0x48,0x0,
0x65,0x0,0x69,0x0,0x67,0x0,0x68,0x0,
0x74,0x0,0x0,0x0,0x0,0x0,0x0,0x0,
0x1e,0x0,0x0,0x0,0x65,0x0,0x78,0x0,
0x70,0x0,0x72,0x0,0x65,0x0,0x73,0x0,
0x73,0x0,0x69,0x0,0x6f,0x0,0x6e,0x0,
0x20,0x0,0x66,0x0,0x6f,0x0,0x72,0x0,
0x20,0x0,0x70,0x0,0x72,0x0,0x65,0x0,
0x66,0x0,0x65,0x0,0x72,0x0,0x72,0x0,
0x65,0x0,0x64,0x0,0x48,0x0,0x65,0x0,
0x69,0x0,0x67,0x0,0x68,0x0,0x74,0x0,
0x0,0x0,0x0,0x0,0x0,0x0,0x0,0x0,
0x5,0x0,0x0,0x0,0x69,0x0,0x73,0x0,
0x44,0x0,0x69,0x0,0x72,0x0,0x0,0x0,
0x14,0x0,0x0,0x0,0x65,0x0,0x78,0x0,
0x70,0x0,0x72,0x0,0x65,0x0,0x73,0x0,
0x73,0x0,0x69,0x0,0x6f,0x0,0x6e,0x0,
0x20,0x0,0x66,0x0,0x6f,0x0,0x72,0x0,
0x20,0x0,0x69,0x0,0x73,0x0,0x44,0x0,
0x69,0x0,0x72,0x0,0x0,0x0,0x0,0x0,
0x8,0x0,0x0,0x0,0x69,0x0,0x63,0x0,
0x6f,0x0,0x6e,0x0,0x4e,0x0,0x61,0x0,
0x6d,0x0,0x65,0x0,0x0,0x0,0x0,0x0,
0x17,0x0,0x0,0x0,0x65,0x0,0x78,0x0,
0x70,0x0,0x72,0x0,0x65,0x0,0x73,0x0,
0x73,0x0,0x69,0x0,0x6f,0x0,0x6e,0x0,
0x20,0x0,0x66,0x0,0x6f,0x0,0x72,0x0,
0x20,0x0,0x69,0x0,0x63,0x0,0x6f,0x0,
0x6e,0x0,0x4e,0x0,0x61,0x0,0x6d,0x0,
0x65,0x0,0x0,0x0,0x0,0x0,0x0,0x0,
0x9,0x0,0x0,0x0,0x67,0x0,0x69,0x0,
0x74,0x0,0x53,0x0,0x74,0x0,0x61,0x0,
0x74,0x0,0x75,0x0,0x73,0x0,0x0,0x0,
0x18,0x0,0x0,0x0,0x65,0x0,0x78,0x0,
0x70,0x0,0x72,0x0,0x65,0x0,0x73,0x0,
0x73,0x0,0x69,0x0,0x6f,0x0,0x6e,0x0,
0x20,0x0,0x66,0x0,0x6f,0x0,0x72,0x0,
0x20,0x0,0x67,0x0,0x69,0x0,0x74,0x0,
0x53,0x0,0x74,0x0,0x61,0x0,0x74,0x0,
0x75,0x0,0x73,0x0,0x0,0x0,0x0,0x0,
0x13,0x0,0x0,0x0,0x65,0x0,0x78,0x0,
0x70,0x0,0x72,0x0,0x65,0x0,0x73,0x0,
0x73,0x0,0x69,0x0,0x6f,0x0,0x6e,0x0,
0x20,0x0,0x66,0x0,0x6f,0x0,0x72,0x0,
0x20,0x0,0x74,0x0,0x65,0x0,0x78,0x0,
0x74,0x0,0x0,0x0,0x0,0x0,0x0,0x0,
0xa,0x0,0x0,0x0,0x74,0x0,0x65,0x0,
0x78,0x0,0x74,0x0,0x46,0x0,0x6f,0x0,
0x72,0x0,0x6d,0x0,0x61,0x0,0x74,0x0,
0x0,0x0,0x0,0x0,0x0,0x0,0x0,0x0,
0x19,0x0,0x0,0x0,0x65,0x0,0x78,0x0,
0x70,0x0,0x72,0x0,0x65,0x0,0x73,0x0,
0x73,0x0,0x69,0x0,0x6f,0x0,0x6e,0x0,
0x20,0x0,0x66,0x0,0x6f,0x0,0x72,0x0,
0x20,0x0,0x74,0x0,0x65,0x0,0x78,0x0,
0x74,0x0,0x46,0x0,0x6f,0x0,0x72,0x0,
0x6d,0x0,0x61,0x0,0x74,0x0,0x0,0x0,
0x5,0x0,0x0,0x0,0x65,0x0,0x6c,0x0,
0x69,0x0,0x64,0x0,0x65,0x0,0x0,0x0,
0x14,0x0,0x0,0x0,0x65,0x0,0x78,0x0,
0x70,0x0,0x72,0x0,0x65,0x0,0x73,0x0,
0x73,0x0,0x69,0x0,0x6f,0x0,0x6e,0x0,
0x20,0x0,0x66,0x0,0x6f,0x0,0x72,0x0,
0x20,0x0,0x65,0x0,0x6c,0x0,0x69,0x0,
0x64,0x0,0x65,0x0,0x0,0x0,0x0,0x0,
0x18,0x0,0x0,0x0,0x65,0x0,0x78,0x0,
0x70,0x0,0x72,0x0,0x65,0x0,0x73,0x0,
0x73,0x0,0x69,0x0,0x6f,0x0,0x6e,0x0,
0x20,0x0,0x66,0x0,0x6f,0x0,0x72,0x0,
0x20,0x0,0x70,0x0,0x69,0x0,0x78,0x0,
0x65,0x0,0x6c,0x0,0x53,0x0,0x69,0x0,
0x7a,0x0,0x65,0x0,0x0,0x0,0x0,0x0,
0x6,0x0,0x0,0x0,0x77,0x0,0x65,0x0,
0x69,0x0,0x67,0x0,0x68,0x0,0x74,0x0,
0x0,0x0,0x0,0x0,0x0,0x0,0x0,0x0,
0x15,0x0,0x0,0x0,0x65,0x0,0x78,0x0,
0x70,0x0,0x72,0x0,0x65,0x0,0x73,0x0,
0x73,0x0,0x69,0x0,0x6f,0x0,0x6e,0x0,
0x20,0x0,0x66,0x0,0x6f,0x0,0x72,0x0,
0x20,0x0,0x77,0x0,0x65,0x0,0x69,0x0,
0x67,0x0,0x68,0x0,0x74,0x0,0x0,0x0,
0x7,0x0,0x0,0x0,0x54,0x0,0x6f,0x0,
0x6f,0x0,0x6c,0x0,0x54,0x0,0x69,0x0,
0x70,0x0,0x0,0x0,0x0,0x0,0x0,0x0,
0xc,0x0,0x0,0x0,0x72,0x0,0x69,0x0,
0x67,0x0,0x68,0x0,0x74,0x0,0x50,0x0,
0x61,0x0,0x64,0x0,0x64,0x0,0x69,0x0,
0x6e,0x0,0x67,0x0,0x0,0x0,0x0,0x0,
0x11,0x0,0x0,0x0,0x76,0x0,0x65,0x0,
0x72,0x0,0x74,0x0,0x69,0x0,0x63,0x0,
0x61,0x0,0x6c,0x0,0x41,0x0,0x6c,0x0,
0x69,0x0,0x67,0x0,0x6e,0x0,0x6d,0x0,
0x65,0x0,0x6e,0x0,0x74,0x0,0x0,0x0,
0x20,0x0,0x0,0x0,0x65,0x0,0x78,0x0,
0x70,0x0,0x72,0x0,0x65,0x0,0x73,0x0,
0x73,0x0,0x69,0x0,0x6f,0x0,0x6e,0x0,
0x20,0x0,0x66,0x0,0x6f,0x0,0x72,0x0,
0x20,0x0,0x76,0x0,0x65,0x0,0x72,0x0,
0x74,0x0,0x69,0x0,0x63,0x0,0x61,0x0,
0x6c,0x0,0x41,0x0,0x6c,0x0,0x69,0x0,
0x67,0x0,0x6e,0x0,0x6d,0x0,0x65,0x0,
0x6e,0x0,0x74,0x0,0x0,0x0,0x0,0x0,
0x13,0x0,0x0,0x0,0x68,0x0,0x6f,0x0,
0x72,0x0,0x69,0x0,0x7a,0x0,0x6f,0x0,
0x6e,0x0,0x74,0x0,0x61,0x0,0x6c,0x0,
0x41,0x0,0x6c,0x0,0x69,0x0,0x67,0x0,
0x6e,0x0,0x6d,0x0,0x65,0x0,0x6e,0x0,
0x74,0x0,0x0,0x0,0x0,0x0,0x0,0x0,
0x22,0x0,0x0,0x0,0x65,0x0,0x78,0x0,
0x70,0x0,0x72,0x0,0x65,0x0,0x73,0x0,
0x73,0x0,0x69,0x0,0x6f,0x0,0x6e,0x0,
0x20,0x0,0x66,0x0,0x6f,0x0,0x72,0x0,
0x20,0x0,0x68,0x0,0x6f,0x0,0x72,0x0,
0x69,0x0,0x7a,0x0,0x6f,0x0,0x6e,0x0,
0x74,0x0,0x61,0x0,0x6c,0x0,0x41,0x0,
0x6c,0x0,0x69,0x0,0x67,0x0,0x6e,0x0,
0x6d,0x0,0x65,0x0,0x6e,0x0,0x74,0x0,
0x0,0x0,0x0,0x0,0x0,0x0,0x0,0x0,
0xb,0x0,0x0,0x0,0x6c,0x0,0x65,0x0,
0x66,0x0,0x74,0x0,0x50,0x0,0x61,0x0,
0x64,0x0,0x64,0x0,0x69,0x0,0x6e,0x0,
0x67,0x0,0x0,0x0,0x0,0x0,0x0,0x0,
0x6,0x0,0x0,0x0,0x66,0x0,0x61,0x0,
0x6d,0x0,0x69,0x0,0x6c,0x0,0x79,0x0,
0x0,0x0,0x0,0x0,0x0,0x0,0x0,0x0,
0x9,0x0,0x0,0x0,0x4d,0x0,0x6f,0x0,
0x6e,0x0,0x6f,0x0,0x73,0x0,0x70,0x0,
0x61,0x0,0x63,0x0,0x65,0x0,0x0,0x0,
0x9,0x0,0x0,0x0,0x4d,0x0,0x6f,0x0,
0x75,0x0,0x73,0x0,0x65,0x0,0x41,0x0,
0x72,0x0,0x65,0x0,0x61,0x0,0x0,0x0,
0x6,0x0,0x0,0x0,0x6c,0x0,0x69,0x0,
0x73,0x0,0x74,0x0,0x4d,0x0,0x41,0x0,
0x0,0x0,0x0,0x0,0x0,0x0,0x0,0x0,
0xc,0x0,0x0,0x0,0x68,0x0,0x6f,0x0,
0x76,0x0,0x65,0x0,0x72,0x0,0x45,0x0,
0x6e,0x0,0x61,0x0,0x62,0x0,0x6c,0x0,
0x65,0x0,0x64,0x0,0x0,0x0,0x0,0x0,
0xf,0x0,0x0,0x0,0x61,0x0,0x63,0x0,
0x63,0x0,0x65,0x0,0x70,0x0,0x74,0x0,
0x65,0x0,0x64,0x0,0x42,0x0,0x75,0x0,
0x74,0x0,0x74,0x0,0x6f,0x0,0x6e,0x0,
0x73,0x0,0x0,0x0,0x0,0x0,0x0,0x0,
0x1e,0x0,0x0,0x0,0x65,0x0,0x78,0x0,
0x70,0x0,0x72,0x0,0x65,0x0,0x73,0x0,
0x73,0x0,0x69,0x0,0x6f,0x0,0x6e,0x0,
0x20,0x0,0x66,0x0,0x6f,0x0,0x72,0x0,
0x20,0x0,0x61,0x0,0x63,0x0,0x63,0x0,
0x65,0x0,0x70,0x0,0x74,0x0,0x65,0x0,
0x64,0x0,0x42,0x0,0x75,0x0,0x74,0x0,
0x74,0x0,0x6f,0x0,0x6e,0x0,0x73,0x0,
0x0,0x0,0x0,0x0,0x0,0x0,0x0,0x0,
0x4,0x0,0x0,0x0,0x64,0x0,0x72,0x0,
0x61,0x0,0x67,0x0,0x0,0x0,0x0,0x0,
0x6,0x0,0x0,0x0,0x74,0x0,0x61,0x0,
0x72,0x0,0x67,0x0,0x65,0x0,0x74,0x0,
0x0,0x0,0x0,0x0,0x0,0x0,0x0,0x0,
0x15,0x0,0x0,0x0,0x65,0x0,0x78,0x0,
0x70,0x0,0x72,0x0,0x65,0x0,0x73,0x0,
0x73,0x0,0x69,0x0,0x6f,0x0,0x6e,0x0,
0x20,0x0,0x66,0x0,0x6f,0x0,0x72,0x0,
0x20,0x0,0x74,0x0,0x61,0x0,0x72,0x0,
0x67,0x0,0x65,0x0,0x74,0x0,0x0,0x0,
0x9,0x0,0x0,0x0,0x74,0x0,0x68,0x0,
0x72,0x0,0x65,0x0,0x73,0x0,0x68,0x0,
0x6f,0x0,0x6c,0x0,0x64,0x0,0x0,0x0,
0x9,0x0,0x0,0x0,0x64,0x0,0x72,0x0,
0x61,0x0,0x67,0x0,0x50,0x0,0x72,0x0,
0x6f,0x0,0x78,0x0,0x79,0x0,0x0,0x0,
0x4,0x0,0x0,0x0,0x44,0x0,0x72,0x0,
0x61,0x0,0x67,0x0,0x0,0x0,0x0,0x0,
0x6,0x0,0x0,0x0,0x61,0x0,0x63,0x0,
0x74,0x0,0x69,0x0,0x76,0x0,0x65,0x0,
0x0,0x0,0x0,0x0,0x0,0x0,0x0,0x0,
0x15,0x0,0x0,0x0,0x65,0x0,0x78,0x0,
0x70,0x0,0x72,0x0,0x65,0x0,0x73,0x0,
0x73,0x0,0x69,0x0,0x6f,0x0,0x6e,0x0,
0x20,0x0,0x66,0x0,0x6f,0x0,0x72,0x0,
0x20,0x0,0x61,0x0,0x63,0x0,0x74,0x0,
0x69,0x0,0x76,0x0,0x65,0x0,0x0,0x0,
0x15,0x0,0x0,0x0,0x65,0x0,0x78,0x0,
0x70,0x0,0x72,0x0,0x65,0x0,0x73,0x0,
0x73,0x0,0x69,0x0,0x6f,0x0,0x6e,0x0,
0x20,0x0,0x66,0x0,0x6f,0x0,0x72,0x0,
0x20,0x0,0x73,0x0,0x6f,0x0,0x75,0x0,
0x72,0x0,0x63,0x0,0x65,0x0,0x0,0x0,
0x10,0x0,0x0,0x0,0x73,0x0,0x75,0x0,
0x70,0x0,0x70,0x0,0x6f,0x0,0x72,0x0,
0x74,0x0,0x65,0x0,0x64,0x0,0x41,0x0,
0x63,0x0,0x74,0x0,0x69,0x0,0x6f,0x0,
0x6e,0x0,0x73,0x0,0x0,0x0,0x0,0x0,
0x1f,0x0,0x0,0x0,0x65,0x0,0x78,0x0,
0x70,0x0,0x72,0x0,0x65,0x0,0x73,0x0,
0x73,0x0,0x69,0x0,0x6f,0x0,0x6e,0x0,
0x20,0x0,0x66,0x0,0x6f,0x0,0x72,0x0,
0x20,0x0,0x73,0x0,0x75,0x0,0x70,0x0,
0x70,0x0,0x6f,0x0,0x72,0x0,0x74,0x0,
0x65,0x0,0x64,0x0,0x41,0x0,0x63,0x0,
0x74,0x0,0x69,0x0,0x6f,0x0,0x6e,0x0,
0x73,0x0,0x0,0x0,0x0,0x0,0x0,0x0,
0x4,0x0,0x0,0x0,0x6b,0x0,0x65,0x0,
0x79,0x0,0x73,0x0,0x0,0x0,0x0,0x0,
0x13,0x0,0x0,0x0,0x65,0x0,0x78,0x0,
0x70,0x0,0x72,0x0,0x65,0x0,0x73,0x0,
0x73,0x0,0x69,0x0,0x6f,0x0,0x6e,0x0,
0x20,0x0,0x66,0x0,0x6f,0x0,0x72,0x0,
0x20,0x0,0x6b,0x0,0x65,0x0,0x79,0x0,
0x73,0x0,0x0,0x0,0x0,0x0,0x0,0x0,
0x8,0x0,0x0,0x0,0x6d,0x0,0x69,0x0,
0x6d,0x0,0x65,0x0,0x44,0x0,0x61,0x0,
0x74,0x0,0x61,0x0,0x0,0x0,0x0,0x0,
0x17,0x0,0x0,0x0,0x65,0x0,0x78,0x0,
0x70,0x0,0x72,0x0,0x65,0x0,0x73,0x0,
0x73,0x0,0x69,0x0,0x6f,0x0,0x6e,0x0,
0x20,0x0,0x66,0x0,0x6f,0x0,0x72,0x0,
0x20,0x0,0x6d,0x0,0x69,0x0,0x6d,0x0,
0x65,0x0,0x44,0x0,0x61,0x0,0x74,0x0,
0x61,0x0,0x0,0x0,0x0,0x0,0x0,0x0,
0x9,0x0,0x0,0x0,0x6f,0x0,0x6e,0x0,
0x43,0x0,0x6c,0x0,0x69,0x0,0x63,0x0,
0x6b,0x0,0x65,0x0,0x64,0x0,0x0,0x0,
0x18,0x0,0x0,0x0,0x65,0x0,0x78,0x0,
0x70,0x0,0x72,0x0,0x65,0x0,0x73,0x0,
0x73,0x0,0x69,0x0,0x6f,0x0,0x6e,0x0,
0x20,0x0,0x66,0x0,0x6f,0x0,0x72,0x0,
0x20,0x0,0x6f,0x0,0x6e,0x0,0x43,0x0,
0x6c,0x0,0x69,0x0,0x63,0x0,0x6b,0x0,
0x65,0x0,0x64,0x0,0x0,0x0,0x0,0x0,
0xf,0x0,0x0,0x0,0x6f,0x0,0x6e,0x0,
0x44,0x0,0x6f,0x0,0x75,0x0,0x62,0x0,
0x6c,0x0,0x65,0x0,0x43,0x0,0x6c,0x0,
0x69,0x0,0x63,0x0,0x6b,0x0,0x65,0x0,
0x64,0x0,0x0,0x0,0x0,0x0,0x0,0x0,
0x1e,0x0,0x0,0x0,0x65,0x0,0x78,0x0,
0x70,0x0,0x72,0x0,0x65,0x0,0x73,0x0,
0x73,0x0,0x69,0x0,0x6f,0x0,0x6e,0x0,
0x20,0x0,0x66,0x0,0x6f,0x0,0x72,0x0,
0x20,0x0,0x6f,0x0,0x6e,0x0,0x44,0x0,
0x6f,0x0,0x75,0x0,0x62,0x0,0x6c,0x0,
0x65,0x0,0x43,0x0,0x6c,0x0,0x69,0x0,
0x63,0x0,0x6b,0x0,0x65,0x0,0x64,0x0,
0x0,0x0,0x0,0x0,0x0,0x0,0x0,0x0,
0xc,0x0,0x0,0x0,0x67,0x0,0x72,0x0,
0x69,0x0,0x64,0x0,0x44,0x0,0x65,0x0,
0x6c,0x0,0x65,0x0,0x67,0x0,0x61,0x0,
0x74,0x0,0x65,0x0,0x0,0x0,0x0,0x0,
0x8,0x0,0x0,0x0,0x67,0x0,0x72,0x0,
0x69,0x0,0x64,0x0,0x52,0x0,0x6f,0x0,
0x6f,0x0,0x74,0x0,0x0,0x0,0x0,0x0,
0x16,0x0,0x0,0x0,0x65,0x0,0x78,0x0,
0x70,0x0,0x72,0x0,0x65,0x0,0x73,0x0,
0x73,0x0,0x69,0x0,0x6f,0x0,0x6e,0x0,
0x20,0x0,0x66,0x0,0x6f,0x0,0x72,0x0,
0x20,0x0,0x6d,0x0,0x61,0x0,0x72,0x0,
0x67,0x0,0x69,0x0,0x6e,0x0,0x73,0x0,
0x0,0x0,0x0,0x0,0x0,0x0,0x0,0x0,
0x10,0x0,0x0,0x0,0x68,0x0,0x6f,0x0,
0x72,0x0,0x69,0x0,0x7a,0x0,0x6f,0x0,
0x6e,0x0,0x74,0x0,0x61,0x0,0x6c,0x0,
0x43,0x0,0x65,0x0,0x6e,0x0,0x74,0x0,
0x65,0x0,0x72,0x0,0x0,0x0,0x0,0x0,
0x1f,0x0,0x0,0x0,0x65,0x0,0x78,0x0,
0x70,0x0,0x72,0x0,0x65,0x0,0x73,0x0,
0x73,0x0,0x69,0x0,0x6f,0x0,0x6e,0x0,
0x20,0x0,0x66,0x0,0x6f,0x0,0x72,0x0,
0x20,0x0,0x68,0x0,0x6f,0x0,0x72,0x0,
0x69,0x0,0x7a,0x0,0x6f,0x0,0x6e,0x0,
0x74,0x0,0x61,0x0,0x6c,0x0,0x43,0x0,
0x65,0x0,0x6e,0x0,0x74,0x0,0x65,0x0,
0x72,0x0,0x0,0x0,0x0,0x0,0x0,0x0,
0x6,0x0,0x0,0x0,0x62,0x0,0x6f,0x0,
0x74,0x0,0x74,0x0,0x6f,0x0,0x6d,0x0,
0x0,0x0,0x0,0x0,0x0,0x0,0x0,0x0,
0x15,0x0,0x0,0x0,0x65,0x0,0x78,0x0,
0x70,0x0,0x72,0x0,0x65,0x0,0x73,0x0,
0x73,0x0,0x69,0x0,0x6f,0x0,0x6e,0x0,
0x20,0x0,0x66,0x0,0x6f,0x0,0x72,0x0,
0x20,0x0,0x62,0x0,0x6f,0x0,0x74,0x0,
0x74,0x0,0x6f,0x0,0x6d,0x0,0x0,0x0,
0x5,0x0,0x0,0x0,0x49,0x0,0x6d,0x0,
0x61,0x0,0x67,0x0,0x65,0x0,0x0,0x0,
0x9,0x0,0x0,0x0,0x67,0x0,0x72,0x0,
0x69,0x0,0x64,0x0,0x54,0x0,0x68,0x0,
0x75,0x0,0x6d,0x0,0x62,0x0,0x0,0x0,
0x8,0x0,0x0,0x0,0x66,0x0,0x69,0x0,
0x6c,0x0,0x6c,0x0,0x4d,0x0,0x6f,0x0,
0x64,0x0,0x65,0x0,0x0,0x0,0x0,0x0,
0x17,0x0,0x0,0x0,0x65,0x0,0x78,0x0,
0x70,0x0,0x72,0x0,0x65,0x0,0x73,0x0,
0x73,0x0,0x69,0x0,0x6f,0x0,0x6e,0x0,
0x20,0x0,0x66,0x0,0x6f,0x0,0x72,0x0,
0x20,0x0,0x66,0x0,0x69,0x0,0x6c,0x0,
0x6c,0x0,0x4d,0x0,0x6f,0x0,0x64,0x0,
0x65,0x0,0x0,0x0,0x0,0x0,0x0,0x0,
0xc,0x0,0x0,0x0,0x61,0x0,0x73,0x0,
0x79,0x0,0x6e,0x0,0x63,0x0,0x68,0x0,
0x72,0x0,0x6f,0x0,0x6e,0x0,0x6f,0x0,
0x75,0x0,0x73,0x0,0x0,0x0,0x0,0x0,
0x5,0x0,0x0,0x0,0x63,0x0,0x61,0x0,
0x63,0x0,0x68,0x0,0x65,0x0,0x0,0x0,
0x8,0x0,0x0,0x0,0x77,0x0,0x72,0x0,
0x61,0x0,0x70,0x0,0x4d,0x0,0x6f,0x0,
0x64,0x0,0x65,0x0,0x0,0x0,0x0,0x0,
0x17,0x0,0x0,0x0,0x65,0x0,0x78,0x0,
0x70,0x0,0x72,0x0,0x65,0x0,0x73,0x0,
0x73,0x0,0x69,0x0,0x6f,0x0,0x6e,0x0,
0x20,0x0,0x66,0x0,0x6f,0x0,0x72,0x0,
0x20,0x0,0x77,0x0,0x72,0x0,0x61,0x0,
0x70,0x0,0x4d,0x0,0x6f,0x0,0x64,0x0,
0x65,0x0,0x0,0x0,0x0,0x0,0x0,0x0,
0x10,0x0,0x0,0x0,0x6d,0x0,0x61,0x0,
0x78,0x0,0x69,0x0,0x6d,0x0,0x75,0x0,
0x6d,0x0,0x4c,0x0,0x69,0x0,0x6e,0x0,
0x65,0x0,0x43,0x0,0x6f,0x0,0x75,0x0,
0x6e,0x0,0x74,0x0,0x0,0x0,0x0,0x0,
0x1f,0x0,0x0,0x0,0x65,0x0,0x78,0x0,
0x70,0x0,0x72,0x0,0x65,0x0,0x73,0x0,
0x73,0x0,0x69,0x0,0x6f,0x0,0x6e,0x0,
0x20,0x0,0x66,0x0,0x6f,0x0,0x72,0x0,
0x20,0x0,0x6d,0x0,0x61,0x0,0x78,0x0,
0x69,0x0,0x6d,0x0,0x75,0x0,0x6d,0x0,
0x4c,0x0,0x69,0x0,0x6e,0x0,0x65,0x0,
0x43,0x0,0x6f,0x0,0x75,0x0,0x6e,0x0,
0x74,0x0,0x0,0x0,0x0,0x0,0x0,0x0,
0x6,0x0,0x0,0x0,0x67,0x0,0x72,0x0,
0x69,0x0,0x64,0x0,0x4d,0x0,0x41,0x0,
0x0,0x0,0x0,0x0,0x0,0x0,0x0,0x0,
0xd,0x0,0x0,0x0,0x67,0x0,0x72,0x0,
0x69,0x0,0x64,0x0,0x44,0x0,0x72,0x0,
0x61,0x0,0x67,0x0,0x50,0x0,0x72,0x0,
0x6f,0x0,0x78,0x0,0x79,0x0,0x0,0x0,
0xb,0x0,0x0,0x0,0x53,0x0,0x74,0x0,
0x61,0x0,0x63,0x0,0x6b,0x0,0x4c,0x0,
0x61,0x0,0x79,0x0,0x6f,0x0,0x75,0x0,
0x74,0x0,0x0,0x0,0x0,0x0,0x0,0x0,
0x9,0x0,0x0,0x0,0x76,0x0,0x69,0x0,
0x65,0x0,0x77,0x0,0x53,0x0,0x74,0x0,
0x61,0x0,0x63,0x0,0x6b,0x0,0x0,0x0,
0xc,0x0,0x0,0x0,0x63,0x0,0x75,0x0,
0x72,0x0,0x72,0x0,0x65,0x0,0x6e,0x0,
0x74,0x0,0x49,0x0,0x6e,0x0,0x64,0x0,
0x65,0x0,0x78,0x0,0x0,0x0,0x0,0x0,
0x1b,0x0,0x0,0x0,0x65,0x0,0x78,0x0,
0x70,0x0,0x72,0x0,0x65,0x0,0x73,0x0,
0x73,0x0,0x69,0x0,0x6f,0x0,0x6e,0x0,
0x20,0x0,0x66,0x0,0x6f,0x0,0x72,0x0,
0x20,0x0,0x63,0x0,0x75,0x0,0x72,0x0,
0x72,0x0,0x65,0x0,0x6e,0x0,0x74,0x0,
0x49,0x0,0x6e,0x0,0x64,0x0,0x65,0x0,
0x78,0x0,0x0,0x0,0x0,0x0,0x0,0x0,
0x8,0x0,0x0,0x0,0x4c,0x0,0x69,0x0,
0x73,0x0,0x74,0x0,0x56,0x0,0x69,0x0,
0x65,0x0,0x77,0x0,0x0,0x0,0x0,0x0,
0x2,0x0,0x0,0x0,0x6c,0x0,0x76,0x0,
0x0,0x0,0x0,0x0,0x0,0x0,0x0,0x0,
0x5,0x0,0x0,0x0,0x6d,0x0,0x6f,0x0,
0x64,0x0,0x65,0x0,0x6c,0x0,0x0,0x0,
0x14,0x0,0x0,0x0,0x65,0x0,0x78,0x0,
0x70,0x0,0x72,0x0,0x65,0x0,0x73,0x0,
0x73,0x0,0x69,0x0,0x6f,0x0,0x6e,0x0,
0x20,0x0,0x66,0x0,0x6f,0x0,0x72,0x0,
0x20,0x0,0x6d,0x0,0x6f,0x0,0x64,0x0,
0x65,0x0,0x6c,0x0,0x0,0x0,0x0,0x0,
0x4,0x0,0x0,0x0,0x63,0x0,0x6c,0x0,
0x69,0x0,0x70,0x0,0x0,0x0,0x0,0x0,
0x8,0x0,0x0,0x0,0x64,0x0,0x65,0x0,
0x6c,0x0,0x65,0x0,0x67,0x0,0x61,0x0,
0x74,0x0,0x65,0x0,0x0,0x0,0x0,0x0,
0x17,0x0,0x0,0x0,0x65,0x0,0x78,0x0,
0x70,0x0,0x72,0x0,0x65,0x0,0x73,0x0,
0x73,0x0,0x69,0x0,0x6f,0x0,0x6e,0x0,
0x20,0x0,0x66,0x0,0x6f,0x0,0x72,0x0,
0x20,0x0,0x64,0x0,0x65,0x0,0x6c,0x0,
0x65,0x0,0x67,0x0,0x61,0x0,0x74,0x0,
0x65,0x0,0x0,0x0,0x0,0x0,0x0,0x0,
0xe,0x0,0x0,0x0,0x62,0x0,0x6f,0x0,
0x75,0x0,0x6e,0x0,0x64,0x0,0x73,0x0,
0x42,0x0,0x65,0x0,0x68,0x0,0x61,0x0,
0x76,0x0,0x69,0x0,0x6f,0x0,0x72,0x0,
0x0,0x0,0x0,0x0,0x0,0x0,0x0,0x0,
0x1d,0x0,0x0,0x0,0x65,0x0,0x78,0x0,
0x70,0x0,0x72,0x0,0x65,0x0,0x73,0x0,
0x73,0x0,0x69,0x0,0x6f,0x0,0x6e,0x0,
0x20,0x0,0x66,0x0,0x6f,0x0,0x72,0x0,
0x20,0x0,0x62,0x0,0x6f,0x0,0x75,0x0,
0x6e,0x0,0x64,0x0,0x73,0x0,0x42,0x0,
0x65,0x0,0x68,0x0,0x61,0x0,0x76,0x0,
0x69,0x0,0x6f,0x0,0x72,0x0,0x0,0x0,
0x11,0x0,0x0,0x0,0x66,0x0,0x6c,0x0,
0x69,0x0,0x63,0x0,0x6b,0x0,0x44,0x0,
0x65,0x0,0x63,0x0,0x65,0x0,0x6c,0x0,
0x65,0x0,0x72,0x0,0x61,0x0,0x74,0x0,
0x69,0x0,0x6f,0x0,0x6e,0x0,0x0,0x0,
0x14,0x0,0x0,0x0,0x6d,0x0,0x61,0x0,
0x78,0x0,0x69,0x0,0x6d,0x0,0x75,0x0,
0x6d,0x0,0x46,0x0,0x6c,0x0,0x69,0x0,
0x63,0x0,0x6b,0x0,0x56,0x0,0x65,0x0,
0x6c,0x0,0x6f,0x0,0x63,0x0,0x69,0x0,
0x74,0x0,0x79,0x0,0x0,0x0,0x0,0x0,
0xb,0x0,0x0,0x0,0x69,0x0,0x6e,0x0,
0x74,0x0,0x65,0x0,0x72,0x0,0x61,0x0,
0x63,0x0,0x74,0x0,0x69,0x0,0x76,0x0,
0x65,0x0,0x0,0x0,0x0,0x0,0x0,0x0,
0x12,0x0,0x0,0x0,0x66,0x0,0x6c,0x0,
0x69,0x0,0x63,0x0,0x6b,0x0,0x61,0x0,
0x62,0x0,0x6c,0x0,0x65,0x0,0x44,0x0,
0x69,0x0,0x72,0x0,0x65,0x0,0x63,0x0,
0x74,0x0,0x69,0x0,0x6f,0x0,0x6e,0x0,
0x0,0x0,0x0,0x0,0x0,0x0,0x0,0x0,
0x21,0x0,0x0,0x0,0x65,0x0,0x78,0x0,
0x70,0x0,0x72,0x0,0x65,0x0,0x73,0x0,
0x73,0x0,0x69,0x0,0x6f,0x0,0x6e,0x0,
0x20,0x0,0x66,0x0,0x6f,0x0,0x72,0x0,
0x20,0x0,0x66,0x0,0x6c,0x0,0x69,0x0,
0x63,0x0,0x6b,0x0,0x61,0x0,0x62,0x0,
0x6c,0x0,0x65,0x0,0x44,0x0,0x69,0x0,
0x72,0x0,0x65,0x0,0x63,0x0,0x74,0x0,
0x69,0x0,0x6f,0x0,0x6e,0x0,0x0,0x0,
0xf,0x0,0x0,0x0,0x6f,0x0,0x6e,0x0,
0x45,0x0,0x73,0x0,0x63,0x0,0x61,0x0,
0x70,0x0,0x65,0x0,0x50,0x0,0x72,0x0,
0x65,0x0,0x73,0x0,0x73,0x0,0x65,0x0,
0x64,0x0,0x0,0x0,0x0,0x0,0x0,0x0,
0x1e,0x0,0x0,0x0,0x65,0x0,0x78,0x0,
0x70,0x0,0x72,0x0,0x65,0x0,0x73,0x0,
0x73,0x0,0x69,0x0,0x6f,0x0,0x6e,0x0,
0x20,0x0,0x66,0x0,0x6f,0x0,0x72,0x0,
0x20,0x0,0x6f,0x0,0x6e,0x0,0x45,0x0,
0x73,0x0,0x63,0x0,0x61,0x0,0x70,0x0,
0x65,0x0,0x50,0x0,0x72,0x0,0x65,0x0,
0x73,0x0,0x73,0x0,0x65,0x0,0x64,0x0,
0x0,0x0,0x0,0x0,0x0,0x0,0x0,0x0,
0xa,0x0,0x0,0x0,0x72,0x0,0x65,0x0,
0x75,0x0,0x73,0x0,0x65,0x0,0x49,0x0,
0x74,0x0,0x65,0x0,0x6d,0x0,0x73,0x0,
0x0,0x0,0x0,0x0,0x0,0x0,0x0,0x0,
0xb,0x0,0x0,0x0,0x63,0x0,0x61,0x0,
0x63,0x0,0x68,0x0,0x65,0x0,0x42,0x0,
0x75,0x0,0x66,0x0,0x66,0x0,0x65,0x0,
0x72,0x0,0x0,0x0,0x0,0x0,0x0,0x0,
0x11,0x0,0x0,0x0,0x6f,0x0,0x6e,0x0,
0x43,0x0,0x6f,0x0,0x6e,0x0,0x74,0x0,
0x65,0x0,0x6e,0x0,0x74,0x0,0x59,0x0,
0x43,0x0,0x68,0x0,0x61,0x0,0x6e,0x0,
0x67,0x0,0x65,0x0,0x64,0x0,0x0,0x0,
0x20,0x0,0x0,0x0,0x65,0x0,0x78,0x0,
0x70,0x0,0x72,0x0,0x65,0x0,0x73,0x0,
0x73,0x0,0x69,0x0,0x6f,0x0,0x6e,0x0,
0x20,0x0,0x66,0x0,0x6f,0x0,0x72,0x0,
0x20,0x0,0x6f,0x0,0x6e,0x0,0x43,0x0,
0x6f,0x0,0x6e,0x0,0x74,0x0,0x65,0x0,
0x6e,0x0,0x74,0x0,0x59,0x0,0x43,0x0,
0x68,0x0,0x61,0x0,0x6e,0x0,0x67,0x0,
0x65,0x0,0x64,0x0,0x0,0x0,0x0,0x0,
0x11,0x0,0x0,0x0,0x6f,0x0,0x6e,0x0,
0x43,0x0,0x6f,0x0,0x6e,0x0,0x74,0x0,
0x65,0x0,0x6e,0x0,0x74,0x0,0x58,0x0,
0x43,0x0,0x68,0x0,0x61,0x0,0x6e,0x0,
0x67,0x0,0x65,0x0,0x64,0x0,0x0,0x0,
0x20,0x0,0x0,0x0,0x65,0x0,0x78,0x0,
0x70,0x0,0x72,0x0,0x65,0x0,0x73,0x0,
0x73,0x0,0x69,0x0,0x6f,0x0,0x6e,0x0,
0x20,0x0,0x66,0x0,0x6f,0x0,0x72,0x0,
0x20,0x0,0x6f,0x0,0x6e,0x0,0x43,0x0,
0x6f,0x0,0x6e,0x0,0x74,0x0,0x65,0x0,
0x6e,0x0,0x74,0x0,0x58,0x0,0x43,0x0,
0x68,0x0,0x61,0x0,0x6e,0x0,0x67,0x0,
0x65,0x0,0x64,0x0,0x0,0x0,0x0,0x0,
0xe,0x0,0x0,0x0,0x6f,0x0,0x6e,0x0,
0x43,0x0,0x6f,0x0,0x75,0x0,0x6e,0x0,
0x74,0x0,0x43,0x0,0x68,0x0,0x61,0x0,
0x6e,0x0,0x67,0x0,0x65,0x0,0x64,0x0,
0x0,0x0,0x0,0x0,0x0,0x0,0x0,0x0,
0x1d,0x0,0x0,0x0,0x65,0x0,0x78,0x0,
0x70,0x0,0x72,0x0,0x65,0x0,0x73,0x0,
0x73,0x0,0x69,0x0,0x6f,0x0,0x6e,0x0,
0x20,0x0,0x66,0x0,0x6f,0x0,0x72,0x0,
0x20,0x0,0x6f,0x0,0x6e,0x0,0x43,0x0,
0x6f,0x0,0x75,0x0,0x6e,0x0,0x74,0x0,
0x43,0x0,0x68,0x0,0x61,0x0,0x6e,0x0,
0x67,0x0,0x65,0x0,0x64,0x0,0x0,0x0,
0x9,0x0,0x0,0x0,0x53,0x0,0x63,0x0,
0x72,0x0,0x6f,0x0,0x6c,0x0,0x6c,0x0,
0x42,0x0,0x61,0x0,0x72,0x0,0x0,0x0,
0x6,0x0,0x0,0x0,0x70,0x0,0x6f,0x0,
0x6c,0x0,0x69,0x0,0x63,0x0,0x79,0x0,
0x0,0x0,0x0,0x0,0x0,0x0,0x0,0x0,
0x15,0x0,0x0,0x0,0x65,0x0,0x78,0x0,
0x70,0x0,0x72,0x0,0x65,0x0,0x73,0x0,
0x73,0x0,0x69,0x0,0x6f,0x0,0x6e,0x0,
0x20,0x0,0x66,0x0,0x6f,0x0,0x72,0x0,
0x20,0x0,0x70,0x0,0x6f,0x0,0x6c,0x0,
0x69,0x0,0x63,0x0,0x79,0x0,0x0,0x0,
0x8,0x0,0x0,0x0,0x76,0x0,0x65,0x0,
0x72,0x0,0x74,0x0,0x69,0x0,0x63,0x0,
0x61,0x0,0x6c,0x0,0x0,0x0,0x0,0x0,
0xa,0x0,0x0,0x0,0x68,0x0,0x6f,0x0,
0x72,0x0,0x69,0x0,0x7a,0x0,0x6f,0x0,
0x6e,0x0,0x74,0x0,0x61,0x0,0x6c,0x0,
0x0,0x0,0x0,0x0,0x0,0x0,0x0,0x0,
0x11,0x0,0x0,0x0,0x68,0x0,0x65,0x0,
0x61,0x0,0x64,0x0,0x65,0x0,0x72,0x0,
0x50,0x0,0x6f,0x0,0x73,0x0,0x69,0x0,
0x74,0x0,0x69,0x0,0x6f,0x0,0x6e,0x0,
0x69,0x0,0x6e,0x0,0x67,0x0,0x0,0x0,
0x20,0x0,0x0,0x0,0x65,0x0,0x78,0x0,
0x70,0x0,0x72,0x0,0x65,0x0,0x73,0x0,
0x73,0x0,0x69,0x0,0x6f,0x0,0x6e,0x0,
0x20,0x0,0x66,0x0,0x6f,0x0,0x72,0x0,
0x20,0x0,0x68,0x0,0x65,0x0,0x61,0x0,
0x64,0x0,0x65,0x0,0x72,0x0,0x50,0x0,
0x6f,0x0,0x73,0x0,0x69,0x0,0x74,0x0,
0x69,0x0,0x6f,0x0,0x6e,0x0,0x69,0x0,
0x6e,0x0,0x67,0x0,0x0,0x0,0x0,0x0,
0xc,0x0,0x0,0x0,0x48,0x0,0x65,0x0,
0x61,0x0,0x64,0x0,0x65,0x0,0x72,0x0,
0x43,0x0,0x6f,0x0,0x6c,0x0,0x75,0x0,
0x6d,0x0,0x6e,0x0,0x0,0x0,0x0,0x0,
0x4,0x0,0x0,0x0,0x4e,0x0,0x61,0x0,
0x6d,0x0,0x65,0x0,0x0,0x0,0x0,0x0,
0x8,0x0,0x0,0x0,0x6d,0x0,0x69,0x0,
0x6e,0x0,0x57,0x0,0x69,0x0,0x64,0x0,
0x74,0x0,0x68,0x0,0x0,0x0,0x0,0x0,
0xb,0x0,0x0,0x0,0x63,0x0,0x6f,0x0,
0x6c,0x0,0x75,0x0,0x6d,0x0,0x6e,0x0,
0x57,0x0,0x69,0x0,0x64,0x0,0x74,0x0,
0x68,0x0,0x0,0x0,0x0,0x0,0x0,0x0,
0x1a,0x0,0x0,0x0,0x65,0x0,0x78,0x0,
0x70,0x0,0x72,0x0,0x65,0x0,0x73,0x0,
0x73,0x0,0x69,0x0,0x6f,0x0,0x6e,0x0,
0x20,0x0,0x66,0x0,0x6f,0x0,0x72,0x0,
0x20,0x0,0x63,0x0,0x6f,0x0,0x6c,0x0,
0x75,0x0,0x6d,0x0,0x6e,0x0,0x57,0x0,
0x69,0x0,0x64,0x0,0x74,0x0,0x68,0x0,
0x0,0x0,0x0,0x0,0x0,0x0,0x0,0x0,
0xb,0x0,0x0,0x0,0x70,0x0,0x61,0x0,
0x64,0x0,0x64,0x0,0x69,0x0,0x6e,0x0,
0x67,0x0,0x4c,0x0,0x65,0x0,0x66,0x0,
0x74,0x0,0x0,0x0,0x0,0x0,0x0,0x0,
0x1a,0x0,0x0,0x0,0x65,0x0,0x78,0x0,
0x70,0x0,0x72,0x0,0x65,0x0,0x73,0x0,
0x73,0x0,0x69,0x0,0x6f,0x0,0x6e,0x0,
0x20,0x0,0x66,0x0,0x6f,0x0,0x72,0x0,
0x20,0x0,0x70,0x0,0x61,0x0,0x64,0x0,
0x64,0x0,0x69,0x0,0x6e,0x0,0x67,0x0,
0x4c,0x0,0x65,0x0,0x66,0x0,0x74,0x0,
0x0,0x0,0x0,0x0,0x0,0x0,0x0,0x0,
0xc,0x0,0x0,0x0,0x69,0x0,0x73,0x0,
0x53,0x0,0x6f,0x0,0x72,0x0,0x74,0x0,
0x41,0x0,0x63,0x0,0x74,0x0,0x69,0x0,
0x76,0x0,0x65,0x0,0x0,0x0,0x0,0x0,
0x1b,0x0,0x0,0x0,0x65,0x0,0x78,0x0,
0x70,0x0,0x72,0x0,0x65,0x0,0x73,0x0,
0x73,0x0,0x69,0x0,0x6f,0x0,0x6e,0x0,
0x20,0x0,0x66,0x0,0x6f,0x0,0x72,0x0,
0x20,0x0,0x69,0x0,0x73,0x0,0x53,0x0,
0x6f,0x0,0x72,0x0,0x74,0x0,0x41,0x0,
0x63,0x0,0x74,0x0,0x69,0x0,0x76,0x0,
0x65,0x0,0x0,0x0,0x0,0x0,0x0,0x0,
0xd,0x0,0x0,0x0,0x73,0x0,0x6f,0x0,
0x72,0x0,0x74,0x0,0x41,0x0,0x73,0x0,
0x63,0x0,0x65,0x0,0x6e,0x0,0x64,0x0,
0x69,0x0,0x6e,0x0,0x67,0x0,0x0,0x0,
0x1c,0x0,0x0,0x0,0x65,0x0,0x78,0x0,
0x70,0x0,0x72,0x0,0x65,0x0,0x73,0x0,
0x73,0x0,0x69,0x0,0x6f,0x0,0x6e,0x0,
0x20,0x0,0x66,0x0,0x6f,0x0,0x72,0x0,
0x20,0x0,0x73,0x0,0x6f,0x0,0x72,0x0,
0x74,0x0,0x41,0x0,0x73,0x0,0x63,0x0,
0x65,0x0,0x6e,0x0,0x64,0x0,0x69,0x0,
0x6e,0x0,0x67,0x0,0x0,0x0,0x0,0x0,
0x16,0x0,0x0,0x0,0x6f,0x0,0x6e,0x0,
0x57,0x0,0x69,0x0,0x64,0x0,0x74,0x0,
0x68,0x0,0x43,0x0,0x68,0x0,0x61,0x0,
0x6e,0x0,0x67,0x0,0x65,0x0,0x64,0x0,
0x42,0x0,0x79,0x0,0x48,0x0,0x61,0x0,
0x6e,0x0,0x64,0x0,0x6c,0x0,0x65,0x0,
0x0,0x0,0x0,0x0,0x0,0x0,0x0,0x0,
0x25,0x0,0x0,0x0,0x65,0x0,0x78,0x0,
0x70,0x0,0x72,0x0,0x65,0x0,0x73,0x0,
0x73,0x0,0x69,0x0,0x6f,0x0,0x6e,0x0,
0x20,0x0,0x66,0x0,0x6f,0x0,0x72,0x0,
0x20,0x0,0x6f,0x0,0x6e,0x0,0x57,0x0,
0x69,0x0,0x64,0x0,0x74,0x0,0x68,0x0,
0x43,0x0,0x68,0x0,0x61,0x0,0x6e,0x0,
0x67,0x0,0x65,0x0,0x64,0x0,0x42,0x0,
0x79,0x0,0x48,0x0,0x61,0x0,0x6e,0x0,
0x64,0x0,0x6c,0x0,0x65,0x0,0x0,0x0,
0x4,0x0,0x0,0x0,0x53,0x0,0x69,0x0,
0x7a,0x0,0x65,0x0,0x0,0x0,0x0,0x0,
0x4,0x0,0x0,0x0,0x73,0x0,0x69,0x0,
0x7a,0x0,0x65,0x0,0x0,0x0,0x0,0x0,
0xc,0x0,0x0,0x0,0x70,0x0,0x61,0x0,
0x64,0x0,0x64,0x0,0x69,0x0,0x6e,0x0,
0x67,0x0,0x52,0x0,0x69,0x0,0x67,0x0,
0x68,0x0,0x74,0x0,0x0,0x0,0x0,0x0,
0x4,0x0,0x0,0x0,0x54,0x0,0x79,0x0,
0x70,0x0,0x65,0x0,0x0,0x0,0x0,0x0,
0x4,0x0,0x0,0x0,0x74,0x0,0x79,0x0,
0x70,0x0,0x65,0x0,0x0,0x0,0x0,0x0,
0xd,0x0,0x0,0x0,0x44,0x0,0x61,0x0,
0x74,0x0,0x65,0x0,0x20,0x0,0x4d,0x0,
0x6f,0x0,0x64,0x0,0x69,0x0,0x66,0x0,
0x69,0x0,0x65,0x0,0x64,0x0,0x0,0x0,
0x4,0x0,0x0,0x0,0x64,0x0,0x61,0x0,
0x74,0x0,0x65,0x0,0x0,0x0,0x0,0x0,
0xc,0x0,0x0,0x0,0x44,0x0,0x61,0x0,
0x74,0x0,0x65,0x0,0x20,0x0,0x43,0x0,
0x72,0x0,0x65,0x0,0x61,0x0,0x74,0x0,
0x65,0x0,0x64,0x0,0x0,0x0,0x0,0x0,
0x5,0x0,0x0,0x0,0x63,0x0,0x74,0x0,
0x69,0x0,0x6d,0x0,0x65,0x0,0x0,0x0,
0xd,0x0,0x0,0x0,0x44,0x0,0x61,0x0,
0x74,0x0,0x65,0x0,0x20,0x0,0x41,0x0,
0x63,0x0,0x63,0x0,0x65,0x0,0x73,0x0,
0x73,0x0,0x65,0x0,0x64,0x0,0x0,0x0,
0x5,0x0,0x0,0x0,0x61,0x0,0x74,0x0,
0x69,0x0,0x6d,0x0,0x65,0x0,0x0,0x0,
0xb,0x0,0x0,0x0,0x50,0x0,0x65,0x0,
0x72,0x0,0x6d,0x0,0x69,0x0,0x73,0x0,
0x73,0x0,0x69,0x0,0x6f,0x0,0x6e,0x0,
0x73,0x0,0x0,0x0,0x0,0x0,0x0,0x0,
0xb,0x0,0x0,0x0,0x70,0x0,0x65,0x0,
0x72,0x0,0x6d,0x0,0x69,0x0,0x73,0x0,
0x73,0x0,0x69,0x0,0x6f,0x0,0x6e,0x0,
0x73,0x0,0x0,0x0,0x0,0x0,0x0,0x0,
0x5,0x0,0x0,0x0,0x4f,0x0,0x77,0x0,
0x6e,0x0,0x65,0x0,0x72,0x0,0x0,0x0,
0x5,0x0,0x0,0x0,0x6f,0x0,0x77,0x0,
0x6e,0x0,0x65,0x0,0x72,0x0,0x0,0x0,
0x5,0x0,0x0,0x0,0x47,0x0,0x72,0x0,
0x6f,0x0,0x75,0x0,0x70,0x0,0x0,0x0,
0x5,0x0,0x0,0x0,0x67,0x0,0x72,0x0,
0x6f,0x0,0x75,0x0,0x70,0x0,0x0,0x0,
0x9,0x0,0x0,0x0,0x4d,0x0,0x49,0x0,
0x4d,0x0,0x45,0x0,0x20,0x0,0x54,0x0,
0x79,0x0,0x70,0x0,0x65,0x0,0x0,0x0,
0x8,0x0,0x0,0x0,0x6d,0x0,0x69,0x0,
0x6d,0x0,0x65,0x0,0x54,0x0,0x79,0x0,
0x70,0x0,0x65,0x0,0x0,0x0,0x0,0x0,
0xc,0x0,0x0,0x0,0x73,0x0,0x68,0x0,
0x6f,0x0,0x77,0x0,0x53,0x0,0x70,0x0,
0x6c,0x0,0x69,0x0,0x74,0x0,0x74,0x0,
0x65,0x0,0x72,0x0,0x0,0x0,0x0,0x0,
0x6,0x0,0x0,0x0,0x68,0x0,0x65,0x0,
0x61,0x0,0x64,0x0,0x65,0x0,0x72,0x0,
0x0,0x0,0x0,0x0,0x0,0x0,0x0,0x0,
0x8,0x0,0x0,0x0,0x47,0x0,0x72,0x0,
0x69,0x0,0x64,0x0,0x56,0x0,0x69,0x0,
0x65,0x0,0x77,0x0,0x0,0x0,0x0,0x0,
0x2,0x0,0x0,0x0,0x67,0x0,0x76,0x0,
0x0,0x0,0x0,0x0,0x0,0x0,0x0,0x0,
0x9,0x0,0x0,0x0,0x63,0x0,0x65,0x0,
0x6c,0x0,0x6c,0x0,0x57,0x0,0x69,0x0,
0x64,0x0,0x74,0x0,0x68,0x0,0x0,0x0,
0x18,0x0,0x0,0x0,0x65,0x0,0x78,0x0,
0x70,0x0,0x72,0x0,0x65,0x0,0x73,0x0,
0x73,0x0,0x69,0x0,0x6f,0x0,0x6e,0x0,
0x20,0x0,0x66,0x0,0x6f,0x0,0x72,0x0,
0x20,0x0,0x63,0x0,0x65,0x0,0x6c,0x0,
0x6c,0x0,0x57,0x0,0x69,0x0,0x64,0x0,
0x74,0x0,0x68,0x0,0x0,0x0,0x0,0x0,
0xa,0x0,0x0,0x0,0x63,0x0,0x65,0x0,
0x6c,0x0,0x6c,0x0,0x48,0x0,0x65,0x0,
0x69,0x0,0x67,0x0,0x68,0x0,0x74,0x0,
0x0,0x0,0x0,0x0,0x0,0x0,0x0,0x0,
0x19,0x0,0x0,0x0,0x65,0x0,0x78,0x0,
0x70,0x0,0x72,0x0,0x65,0x0,0x73,0x0,
0x73,0x0,0x69,0x0,0x6f,0x0,0x6e,0x0,
0x20,0x0,0x66,0x0,0x6f,0x0,0x72,0x0,
0x20,0x0,0x63,0x0,0x65,0x0,0x6c,0x0,
0x6c,0x0,0x48,0x0,0x65,0x0,0x69,0x0,
0x67,0x0,0x68,0x0,0x74,0x0,0x0,0x0,
0x8,0x0,0x0,0x0,0x54,0x0,0x72,0x0,
0x65,0x0,0x65,0x0,0x56,0x0,0x69,0x0,
0x65,0x0,0x77,0x0,0x0,0x0,0x0,0x0,
0x8,0x0,0x0,0x0,0x74,0x0,0x72,0x0,
0x65,0x0,0x65,0x0,0x56,0x0,0x69,0x0,
0x65,0x0,0x77,0x0,0x0,0x0,0x0,0x0,
0xc,0x0,0x0,0x0,0x74,0x0,0x72,0x0,
0x65,0x0,0x65,0x0,0x44,0x0,0x65,0x0,
0x6c,0x0,0x65,0x0,0x67,0x0,0x61,0x0,
0x74,0x0,0x65,0x0,0x0,0x0,0x0,0x0,
0xd,0x0,0x0,0x0,0x69,0x0,0x6d,0x0,
0x70,0x0,0x6c,0x0,0x69,0x0,0x63,0x0,
0x69,0x0,0x74,0x0,0x57,0x0,0x69,0x0,
0x64,0x0,0x74,0x0,0x68,0x0,0x0,0x0,
0x1c,0x0,0x0,0x0,0x65,0x0,0x78,0x0,
0x70,0x0,0x72,0x0,0x65,0x0,0x73,0x0,
0x73,0x0,0x69,0x0,0x6f,0x0,0x6e,0x0,
0x20,0x0,0x66,0x0,0x6f,0x0,0x72,0x0,
0x20,0x0,0x69,0x0,0x6d,0x0,0x70,0x0,
0x6c,0x0,0x69,0x0,0x63,0x0,0x69,0x0,
0x74,0x0,0x57,0x0,0x69,0x0,0x64,0x0,
0x74,0x0,0x68,0x0,0x0,0x0,0x0,0x0,
0xe,0x0,0x0,0x0,0x69,0x0,0x6d,0x0,
0x70,0x0,0x6c,0x0,0x69,0x0,0x63,0x0,
0x69,0x0,0x74,0x0,0x48,0x0,0x65,0x0,
0x69,0x0,0x67,0x0,0x68,0x0,0x74,0x0,
0x0,0x0,0x0,0x0,0x0,0x0,0x0,0x0,
0x1d,0x0,0x0,0x0,0x65,0x0,0x78,0x0,
0x70,0x0,0x72,0x0,0x65,0x0,0x73,0x0,
0x73,0x0,0x69,0x0,0x6f,0x0,0x6e,0x0,
0x20,0x0,0x66,0x0,0x6f,0x0,0x72,0x0,
0x20,0x0,0x69,0x0,0x6d,0x0,0x70,0x0,
0x6c,0x0,0x69,0x0,0x63,0x0,0x69,0x0,
0x74,0x0,0x48,0x0,0x65,0x0,0x69,0x0,
0x67,0x0,0x68,0x0,0x74,0x0,0x0,0x0,
0x19,0x0,0x0,0x0,0x65,0x0,0x78,0x0,
0x70,0x0,0x72,0x0,0x65,0x0,0x73,0x0,
0x73,0x0,0x69,0x0,0x6f,0x0,0x6e,0x0,
0x20,0x0,0x66,0x0,0x6f,0x0,0x72,0x0,
0x20,0x0,0x6c,0x0,0x65,0x0,0x66,0x0,
0x74,0x0,0x4d,0x0,0x61,0x0,0x72,0x0,
0x67,0x0,0x69,0x0,0x6e,0x0,0x0,0x0,
0x16,0x0,0x0,0x0,0x65,0x0,0x78,0x0,
0x70,0x0,0x72,0x0,0x65,0x0,0x73,0x0,
0x73,0x0,0x69,0x0,0x6f,0x0,0x6e,0x0,
0x20,0x0,0x66,0x0,0x6f,0x0,0x72,0x0,
0x20,0x0,0x73,0x0,0x70,0x0,0x61,0x0,
0x63,0x0,0x69,0x0,0x6e,0x0,0x67,0x0,
0x0,0x0,0x0,0x0,0x0,0x0,0x0,0x0,
0x4,0x0,0x0,0x0,0x49,0x0,0x63,0x0,
0x6f,0x0,0x6e,0x0,0x0,0x0,0x0,0x0,
0x13,0x0,0x0,0x0,0x65,0x0,0x78,0x0,
0x70,0x0,0x72,0x0,0x65,0x0,0x73,0x0,
0x73,0x0,0x69,0x0,0x6f,0x0,0x6e,0x0,
0x20,0x0,0x66,0x0,0x6f,0x0,0x72,0x0,
0x20,0x0,0x6e,0x0,0x61,0x0,0x6d,0x0,
0x65,0x0,0x0,0x0,0x0,0x0,0x0,0x0,
0x8,0x0,0x0,0x0,0x69,0x0,0x63,0x0,
0x6f,0x0,0x6e,0x0,0x53,0x0,0x69,0x0,
0x7a,0x0,0x65,0x0,0x0,0x0,0x0,0x0,
0x17,0x0,0x0,0x0,0x65,0x0,0x78,0x0,
0x70,0x0,0x72,0x0,0x65,0x0,0x73,0x0,
0x73,0x0,0x69,0x0,0x6f,0x0,0x6e,0x0,
0x20,0x0,0x66,0x0,0x6f,0x0,0x72,0x0,
0x20,0x0,0x69,0x0,0x63,0x0,0x6f,0x0,
0x6e,0x0,0x53,0x0,0x69,0x0,0x7a,0x0,
0x65,0x0,0x0,0x0,0x0,0x0,0x0,0x0,
0x6,0x0,0x0,0x0,0x74,0x0,0x72,0x0,
0x65,0x0,0x65,0x0,0x4d,0x0,0x41,0x0,
0x0,0x0,0x0,0x0,0x0,0x0,0x0,0x0,
0xd,0x0,0x0,0x0,0x42,0x0,0x75,0x0,
0x73,0x0,0x79,0x0,0x49,0x0,0x6e,0x0,
0x64,0x0,0x69,0x0,0x63,0x0,0x61,0x0,
0x74,0x0,0x6f,0x0,0x72,0x0,0x0,0x0,
0x9,0x0,0x0,0x0,0x61,0x0,0x6c,0x0,
0x69,0x0,0x67,0x0,0x6e,0x0,0x6d,0x0,
0x65,0x0,0x6e,0x0,0x74,0x0,0x0,0x0,
0x18,0x0,0x0,0x0,0x65,0x0,0x78,0x0,
0x70,0x0,0x72,0x0,0x65,0x0,0x73,0x0,
0x73,0x0,0x69,0x0,0x6f,0x0,0x6e,0x0,
0x20,0x0,0x66,0x0,0x6f,0x0,0x72,0x0,
0x20,0x0,0x61,0x0,0x6c,0x0,0x69,0x0,
0x67,0x0,0x6e,0x0,0x6d,0x0,0x65,0x0,
0x6e,0x0,0x74,0x0,0x0,0x0,0x0,0x0,
0xa,0x0,0x0,0x0,0x65,0x0,0x6d,0x0,
0x70,0x0,0x74,0x0,0x79,0x0,0x53,0x0,
0x74,0x0,0x61,0x0,0x74,0x0,0x65,0x0,
0x0,0x0,0x0,0x0,0x0,0x0,0x0,0x0,
0x6,0x0,0x0,0x0,0x73,0x0,0x65,0x0,
0x61,0x0,0x72,0x0,0x63,0x0,0x68,0x0,
0x0,0x0,0x0,0x0,0x0,0x0,0x0,0x0,
0x6,0x0,0x0,0x0,0x43,0x0,0x6f,0x0,
0x6c,0x0,0x75,0x0,0x6d,0x0,0x6e,0x0,
0x0,0x0,0x0,0x0,0x0,0x0,0x0,0x0,
0xb,0x0,0x0,0x0,0x43,0x0,0x6f,0x0,
0x6e,0x0,0x6e,0x0,0x65,0x0,0x63,0x0,
0x74,0x0,0x69,0x0,0x6f,0x0,0x6e,0x0,
0x73,0x0,0x0,0x0,0x0,0x0,0x0,0x0,
0x11,0x0,0x0,0x0,0x6f,0x0,0x6e,0x0,
0x56,0x0,0x69,0x0,0x65,0x0,0x77,0x0,
0x4d,0x0,0x6f,0x0,0x64,0x0,0x65,0x0,
0x43,0x0,0x68,0x0,0x61,0x0,0x6e,0x0,
0x67,0x0,0x65,0x0,0x64,0x0,0x0,0x0,
0x10,0x0,0x0,0x0,0x6f,0x0,0x6e,0x0,
0x4c,0x0,0x6f,0x0,0x61,0x0,0x64,0x0,
0x69,0x0,0x6e,0x0,0x67,0x0,0x43,0x0,
0x68,0x0,0x61,0x0,0x6e,0x0,0x67,0x0,
0x65,0x0,0x64,0x0,0x0,0x0,0x0,0x0,
0xc,0x0,0x0,0x0,0x57,0x0,0x68,0x0,
0x65,0x0,0x65,0x0,0x6c,0x0,0x48,0x0,
0x61,0x0,0x6e,0x0,0x64,0x0,0x6c,0x0,
0x65,0x0,0x72,0x0,0x0,0x0,0x0,0x0,
0x12,0x0,0x0,0x0,0x67,0x0,0x6c,0x0,
0x6f,0x0,0x62,0x0,0x61,0x0,0x6c,0x0,
0x57,0x0,0x68,0x0,0x65,0x0,0x65,0x0,
0x6c,0x0,0x48,0x0,0x61,0x0,0x6e,0x0,
0x64,0x0,0x6c,0x0,0x65,0x0,0x72,0x0,
0x0,0x0,0x0,0x0,0x0,0x0,0x0,0x0,
0xf,0x0,0x0,0x0,0x7a,0x0,0x6f,0x0,
0x6f,0x0,0x6d,0x0,0x41,0x0,0x63,0x0,
0x63,0x0,0x75,0x0,0x6d,0x0,0x75,0x0,
0x6c,0x0,0x61,0x0,0x74,0x0,0x6f,0x0,
0x72,0x0,0x0,0x0,0x0,0x0,0x0,0x0,
0xc,0x0,0x0,0x0,0x78,0x0,0x41,0x0,
0x63,0x0,0x63,0x0,0x75,0x0,0x6d,0x0,
0x75,0x0,0x6c,0x0,0x61,0x0,0x74,0x0,
0x6f,0x0,0x72,0x0,0x0,0x0,0x0,0x0,
0xc,0x0,0x0,0x0,0x79,0x0,0x41,0x0,
0x63,0x0,0x63,0x0,0x75,0x0,0x6d,0x0,
0x75,0x0,0x6c,0x0,0x61,0x0,0x74,0x0,
0x6f,0x0,0x72,0x0,0x0,0x0,0x0,0x0,
0x7,0x0,0x0,0x0,0x6f,0x0,0x6e,0x0,
0x57,0x0,0x68,0x0,0x65,0x0,0x65,0x0,
0x6c,0x0,0x0,0x0,0x0,0x0,0x0,0x0,
0x16,0x0,0x0,0x0,0x65,0x0,0x78,0x0,
0x70,0x0,0x72,0x0,0x65,0x0,0x73,0x0,
0x73,0x0,0x69,0x0,0x6f,0x0,0x6e,0x0,
0x20,0x0,0x66,0x0,0x6f,0x0,0x72,0x0,
0x20,0x0,0x6f,0x0,0x6e,0x0,0x57,0x0,
0x68,0x0,0x65,0x0,0x65,0x0,0x6c,0x0,
0x0,0x0,0x0,0x0,0x0,0x0,0x0,0x0,
0xc,0x0,0x0,0x0,0x50,0x0,0x69,0x0,
0x6e,0x0,0x63,0x0,0x68,0x0,0x48,0x0,
0x61,0x0,0x6e,0x0,0x64,0x0,0x6c,0x0,
0x65,0x0,0x72,0x0,0x0,0x0,0x0,0x0,
0x9,0x0,0x0,0x0,0x73,0x0,0x74,0x0,
0x61,0x0,0x72,0x0,0x74,0x0,0x5a,0x0,
0x6f,0x0,0x6f,0x0,0x6d,0x0,0x0,0x0,
0xf,0x0,0x0,0x0,0x6f,0x0,0x6e,0x0,
0x41,0x0,0x63,0x0,0x74,0x0,0x69,0x0,
0x76,0x0,0x65,0x0,0x43,0x0,0x68,0x0,
0x61,0x0,0x6e,0x0,0x67,0x0,0x65,0x0,
0x64,0x0,0x0,0x0,0x0,0x0,0x0,0x0,
0x1e,0x0,0x0,0x0,0x65,0x0,0x78,0x0,
0x70,0x0,0x72,0x0,0x65,0x0,0x73,0x0,
0x73,0x0,0x69,0x0,0x6f,0x0,0x6e,0x0,
0x20,0x0,0x66,0x0,0x6f,0x0,0x72,0x0,
0x20,0x0,0x6f,0x0,0x6e,0x0,0x41,0x0,
0x63,0x0,0x74,0x0,0x69,0x0,0x76,0x0,
0x65,0x0,0x43,0x0,0x68,0x0,0x61,0x0,
0x6e,0x0,0x67,0x0,0x65,0x0,0x64,0x0,
0x0,0x0,0x0,0x0,0x0,0x0,0x0,0x0,
0xe,0x0,0x0,0x0,0x6f,0x0,0x6e,0x0,
0x53,0x0,0x63,0x0,0x61,0x0,0x6c,0x0,
0x65,0x0,0x43,0x0,0x68,0x0,0x61,0x0,
0x6e,0x0,0x67,0x0,0x65,0x0,0x64,0x0,
0x0,0x0,0x0,0x0,0x0,0x0,0x0,0x0,
0x1d,0x0,0x0,0x0,0x65,0x0,0x78,0x0,
0x70,0x0,0x72,0x0,0x65,0x0,0x73,0x0,
0x73,0x0,0x69,0x0,0x6f,0x0,0x6e,0x0,
0x20,0x0,0x66,0x0,0x6f,0x0,0x72,0x0,
0x20,0x0,0x6f,0x0,0x6e,0x0,0x53,0x0,
0x63,0x0,0x61,0x0,0x6c,0x0,0x65,0x0,
0x43,0x0,0x68,0x0,0x61,0x0,0x6e,0x0,
0x67,0x0,0x65,0x0,0x64,0x0,0x0,0x0,
0xb,0x0,0x0,0x0,0x64,0x0,0x65,0x0,
0x66,0x0,0x61,0x0,0x75,0x0,0x6c,0x0,
0x74,0x0,0x5a,0x0,0x6f,0x0,0x6f,0x0,
0x6d,0x0,0x0,0x0,0x0,0x0,0x0,0x0,
0x4,0x0,0x0,0x0,0x4d,0x0,0x61,0x0,
0x74,0x0,0x68,0x0,0x0,0x0,0x0,0x0,
0x5,0x0,0x0,0x0,0x72,0x0,0x6f,0x0,
0x75,0x0,0x6e,0x0,0x64,0x0,0x0,0x0,
0x3,0x0,0x0,0x0,0x6d,0x0,0x61,0x0,
0x78,0x0,0x0,0x0,0x0,0x0,0x0,0x0,
0x3,0x0,0x0,0x0,0x6d,0x0,0x69,0x0,
0x6e,0x0,0x0,0x0,0x0,0x0,0x0,0x0,
0x7,0x0,0x0,0x0,0x72,0x0,0x65,0x0,
0x73,0x0,0x74,0x0,0x61,0x0,0x72,0x0,
0x74,0x0,0x0,0x0,0x0,0x0,0x0,0x0,
0x10,0x0,0x0,0x0,0x66,0x0,0x6f,0x0,
0x72,0x0,0x63,0x0,0x65,0x0,0x41,0x0,
0x63,0x0,0x74,0x0,0x69,0x0,0x76,0x0,
0x65,0x0,0x46,0x0,0x6f,0x0,0x63,0x0,
0x75,0x0,0x73,0x0,0x0,0x0,0x0,0x0,
0x4,0x0,0x0,0x0,0x6f,0x0,0x70,0x0,
0x65,0x0,0x6e,0x0,0x0,0x0,0x0,0x0,
0x9,0x0,0x0,0x0,0x66,0x0,0x69,0x0,
0x6c,0x0,0x65,0x0,0x4d,0x0,0x6f,0x0,
0x64,0x0,0x65,0x0,0x6c,0x0,0x0,0x0,
0x8,0x0,0x0,0x0,0x72,0x0,0x6f,0x0,
0x77,0x0,0x43,0x0,0x6f,0x0,0x75,0x0,
0x6e,0x0,0x74,0x0,0x0,0x0,0x0,0x0,
0xc,0x0,0x0,0x0,0x73,0x0,0x65,0x0,
0x6c,0x0,0x65,0x0,0x63,0x0,0x74,0x0,
0x65,0x0,0x64,0x0,0x50,0x0,0x61,0x0,
0x74,0x0,0x68,0x0,0x0,0x0,0x0,0x0,
0xb,0x0,0x0,0x0,0x69,0x0,0x6e,0x0,
0x64,0x0,0x65,0x0,0x78,0x0,0x4f,0x0,
0x66,0x0,0x50,0x0,0x61,0x0,0x74,0x0,
0x68,0x0,0x0,0x0,0x0,0x0,0x0,0x0,
0x8,0x0,0x0,0x0,0x76,0x0,0x69,0x0,
0x65,0x0,0x77,0x0,0x4d,0x0,0x6f,0x0,
0x64,0x0,0x65,0x0,0x0,0x0,0x0,0x0,
0x4,0x0,0x0,0x0,0x67,0x0,0x72,0x0,
0x69,0x0,0x64,0x0,0x0,0x0,0x0,0x0,
0x13,0x0,0x0,0x0,0x70,0x0,0x6f,0x0,
0x73,0x0,0x69,0x0,0x74,0x0,0x69,0x0,
0x6f,0x0,0x6e,0x0,0x56,0x0,0x69,0x0,
0x65,0x0,0x77,0x0,0x41,0x0,0x74,0x0,
0x49,0x0,0x6e,0x0,0x64,0x0,0x65,0x0,
0x78,0x0,0x0,0x0,0x0,0x0,0x0,0x0,
0x7,0x0,0x0,0x0,0x43,0x0,0x6f,0x0,
0x6e,0x0,0x74,0x0,0x61,0x0,0x69,0x0,
0x6e,0x0,0x0,0x0,0x0,0x0,0x0,0x0,
0x4,0x0,0x0,0x0,0x74,0x0,0x72,0x0,
0x65,0x0,0x65,0x0,0x0,0x0,0x0,0x0,
0xb,0x0,0x0,0x0,0x70,0x0,0x61,0x0,
0x74,0x0,0x68,0x0,0x41,0x0,0x74,0x0,
0x49,0x0,0x6e,0x0,0x64,0x0,0x65,0x0,
0x78,0x0,0x0,0x0,0x0,0x0,0x0,0x0,
0x6,0x0,0x0,0x0,0x6c,0x0,0x65,0x0,
0x6e,0x0,0x67,0x0,0x74,0x0,0x68,0x0,
0x0,0x0,0x0,0x0,0x0,0x0,0x0,0x0,
0x2,0x0,0x0,0x0,0x51,0x0,0x74,0x0,
0x0,0x0,0x0,0x0,0x0,0x0,0x0,0x0,
0xd,0x0,0x0,0x0,0x53,0x0,0x68,0x0,
0x69,0x0,0x66,0x0,0x74,0x0,0x4d,0x0,
0x6f,0x0,0x64,0x0,0x69,0x0,0x66,0x0,
0x69,0x0,0x65,0x0,0x72,0x0,0x0,0x0,
0x14,0x0,0x0,0x0,0x73,0x0,0x65,0x0,
0x6c,0x0,0x65,0x0,0x63,0x0,0x74,0x0,
0x52,0x0,0x61,0x0,0x6e,0x0,0x67,0x0,
0x65,0x0,0x42,0x0,0x79,0x0,0x49,0x0,
0x6e,0x0,0x64,0x0,0x65,0x0,0x78,0x0,
0x65,0x0,0x73,0x0,0x0,0x0,0x0,0x0,
0xf,0x0,0x0,0x0,0x43,0x0,0x6f,0x0,
0x6e,0x0,0x74,0x0,0x72,0x0,0x6f,0x0,
0x6c,0x0,0x4d,0x0,0x6f,0x0,0x64,0x0,
0x69,0x0,0x66,0x0,0x69,0x0,0x65,0x0,
0x72,0x0,0x0,0x0,0x0,0x0,0x0,0x0,
0xf,0x0,0x0,0x0,0x74,0x0,0x6f,0x0,
0x67,0x0,0x67,0x0,0x6c,0x0,0x65,0x0,
0x53,0x0,0x65,0x0,0x6c,0x0,0x65,0x0,
0x63,0x0,0x74,0x0,0x69,0x0,0x6f,0x0,
0x6e,0x0,0x0,0x0,0x0,0x0,0x0,0x0,
0xa,0x0,0x0,0x0,0x73,0x0,0x65,0x0,
0x6c,0x0,0x65,0x0,0x63,0x0,0x74,0x0,
0x50,0x0,0x61,0x0,0x74,0x0,0x68,0x0,
0x0,0x0,0x0,0x0,0x0,0x0,0x0,0x0,
0x9,0x0,0x0,0x0,0x73,0x0,0x6f,0x0,
0x72,0x0,0x74,0x0,0x46,0x0,0x69,0x0,
0x65,0x0,0x6c,0x0,0x64,0x0,0x0,0x0,
0x9,0x0,0x0,0x0,0x73,0x0,0x65,0x0,
0x74,0x0,0x53,0x0,0x6f,0x0,0x72,0x0,
0x74,0x0,0x42,0x0,0x79,0x0,0x0,0x0,
0x5,0x0,0x0,0x0,0x66,0x0,0x6c,0x0,
0x6f,0x0,0x6f,0x0,0x72,0x0,0x0,0x0,
0xd,0x0,0x0,0x0,0x73,0x0,0x65,0x0,
0x6c,0x0,0x65,0x0,0x63,0x0,0x74,0x0,
0x65,0x0,0x64,0x0,0x50,0x0,0x61,0x0,
0x74,0x0,0x68,0x0,0x73,0x0,0x0,0x0,
0xf,0x0,0x0,0x0,0x6d,0x0,0x65,0x0,
0x74,0x0,0x61,0x0,0x64,0x0,0x61,0x0,
0x74,0x0,0x61,0x0,0x46,0x0,0x6f,0x0,
0x72,0x0,0x50,0x0,0x61,0x0,0x74,0x0,
0x68,0x0,0x0,0x0,0x0,0x0,0x0,0x0,
0x6,0x0,0x0,0x0,0x4f,0x0,0x62,0x0,
0x6a,0x0,0x65,0x0,0x63,0x0,0x74,0x0,
0x0,0x0,0x0,0x0,0x0,0x0,0x0,0x0,
0x4,0x0,0x0,0x0,0x70,0x0,0x75,0x0,
0x73,0x0,0x68,0x0,0x0,0x0,0x0,0x0,
0x4,0x0,0x0,0x0,0x6d,0x0,0x65,0x0,
0x74,0x0,0x61,0x0,0x0,0x0,0x0,0x0,
0x10,0x0,0x0,0x0,0x62,0x0,0x75,0x0,
0x6c,0x0,0x6b,0x0,0x52,0x0,0x65,0x0,
0x6e,0x0,0x61,0x0,0x6d,0x0,0x65,0x0,
0x44,0x0,0x69,0x0,0x61,0x0,0x6c,0x0,
0x6f,0x0,0x67,0x0,0x0,0x0,0x0,0x0,
0x4,0x0,0x0,0x0,0x73,0x0,0x68,0x0,
0x6f,0x0,0x77,0x0,0x0,0x0,0x0,0x0,
0x10,0x0,0x0,0x0,0x73,0x0,0x65,0x0,
0x6c,0x0,0x65,0x0,0x63,0x0,0x74,0x0,
0x65,0x0,0x64,0x0,0x4d,0x0,0x65,0x0,
0x74,0x0,0x61,0x0,0x64,0x0,0x61,0x0,
0x74,0x0,0x61,0x0,0x0,0x0,0x0,0x0,
0x8,0x0,0x0,0x0,0x6f,0x0,0x70,0x0,
0x65,0x0,0x6e,0x0,0x50,0x0,0x61,0x0,
0x74,0x0,0x68,0x0,0x0,0x0,0x0,0x0,
0xb,0x0,0x0,0x0,0x74,0x0,0x6f,0x0,
0x4c,0x0,0x6f,0x0,0x77,0x0,0x65,0x0,
0x72,0x0,0x43,0x0,0x61,0x0,0x73,0x0,
0x65,0x0,0x0,0x0,0x0,0x0,0x0,0x0,
0xb,0x0,0x0,0x0,0x6e,0x0,0x61,0x0,
0x6d,0x0,0x65,0x0,0x41,0x0,0x74,0x0,
0x49,0x0,0x6e,0x0,0x64,0x0,0x65,0x0,
0x78,0x0,0x0,0x0,0x0,0x0,0x0,0x0,
0xa,0x0,0x0,0x0,0x73,0x0,0x74,0x0,
0x61,0x0,0x72,0x0,0x74,0x0,0x73,0x0,
0x57,0x0,0x69,0x0,0x74,0x0,0x68,0x0,
0x0,0x0,0x0,0x0,0x0,0x0,0x0,0x0,
0x6,0x0,0x0,0x0,0x53,0x0,0x74,0x0,
0x72,0x0,0x69,0x0,0x6e,0x0,0x67,0x0,
0x0,0x0,0x0,0x0,0x0,0x0,0x0,0x0,
0x7,0x0,0x0,0x0,0x69,0x0,0x6e,0x0,
0x64,0x0,0x65,0x0,0x78,0x0,0x41,0x0,
0x74,0x0,0x0,0x0,0x0,0x0,0x0,0x0,
0x8,0x0,0x0,0x0,0x63,0x0,0x6f,0x0,
0x6e,0x0,0x74,0x0,0x65,0x0,0x6e,0x0,
0x74,0x0,0x59,0x0,0x0,0x0,0x0,0x0,
0x19,0x0,0x0,0x0,0x72,0x0,0x65,0x0,
0x71,0x0,0x75,0x0,0x65,0x0,0x73,0x0,
0x74,0x0,0x54,0x0,0x68,0x0,0x75,0x0,
0x6d,0x0,0x62,0x0,0x6e,0x0,0x61,0x0,
0x69,0x0,0x6c,0x0,0x73,0x0,0x46,0x0,
0x6f,0x0,0x72,0x0,0x52,0x0,0x61,0x0,
0x6e,0x0,0x67,0x0,0x65,0x0,0x0,0x0,
0x7,0x0,0x0,0x0,0x69,0x0,0x6e,0x0,
0x64,0x0,0x65,0x0,0x78,0x0,0x4f,0x0,
0x66,0x0,0x0,0x0,0x0,0x0,0x0,0x0,
0x8,0x0,0x0,0x0,0x66,0x0,0x69,0x0,
0x6c,0x0,0x65,0x0,0x3a,0x0,0x2f,0x0,
0x2f,0x0,0x2f,0x0,0x0,0x0,0x0,0x0,
0x9,0x0,0x0,0x0,0x73,0x0,0x75,0x0,
0x62,0x0,0x73,0x0,0x74,0x0,0x72,0x0,
0x69,0x0,0x6e,0x0,0x67,0x0,0x0,0x0,
0x7,0x0,0x0,0x0,0x66,0x0,0x69,0x0,
0x6c,0x0,0x65,0x0,0x3a,0x0,0x2f,0x0,
0x2f,0x0,0x0,0x0,0x0,0x0,0x0,0x0,
0x12,0x0,0x0,0x0,0x64,0x0,0x65,0x0,
0x63,0x0,0x6f,0x0,0x64,0x0,0x65,0x0,
0x55,0x0,0x52,0x0,0x49,0x0,0x43,0x0,
0x6f,0x0,0x6d,0x0,0x70,0x0,0x6f,0x0,
0x6e,0x0,0x65,0x0,0x6e,0x0,0x74,0x0,
0x0,0x0,0x0,0x0,0x0,0x0,0x0,0x0,
0x9,0x0,0x0,0x0,0x61,0x0,0x70,0x0,
0x70,0x0,0x57,0x0,0x69,0x0,0x6e,0x0,
0x64,0x0,0x6f,0x0,0x77,0x0,0x0,0x0,
0xb,0x0,0x0,0x0,0x74,0x0,0x65,0x0,
0x78,0x0,0x74,0x0,0x50,0x0,0x72,0x0,
0x69,0x0,0x6d,0x0,0x61,0x0,0x72,0x0,
0x79,0x0,0x0,0x0,0x0,0x0,0x0,0x0,
0xd,0x0,0x0,0x0,0x74,0x0,0x65,0x0,
0x78,0x0,0x74,0x0,0x53,0x0,0x65,0x0,
0x63,0x0,0x6f,0x0,0x6e,0x0,0x64,0x0,
0x61,0x0,0x72,0x0,0x79,0x0,0x0,0x0,
0xa,0x0,0x0,0x0,0x42,0x0,0x65,0x0,
0x66,0x0,0x6f,0x0,0x72,0x0,0x65,0x0,
0x49,0x0,0x74,0x0,0x65,0x0,0x6d,0x0,
0x0,0x0,0x0,0x0,0x0,0x0,0x0,0x0,
0x3,0x0,0x0,0x0,0x6b,0x0,0x65,0x0,
0x79,0x0,0x0,0x0,0x0,0x0,0x0,0x0,
0x5,0x0,0x0,0x0,0x4b,0x0,0x65,0x0,
0x79,0x0,0x5f,0x0,0x41,0x0,0x0,0x0,
0x9,0x0,0x0,0x0,0x73,0x0,0x65,0x0,
0x6c,0x0,0x65,0x0,0x63,0x0,0x74,0x0,
0x41,0x0,0x6c,0x0,0x6c,0x0,0x0,0x0,
0x8,0x0,0x0,0x0,0x61,0x0,0x63,0x0,
0x63,0x0,0x65,0x0,0x70,0x0,0x74,0x0,
0x65,0x0,0x64,0x0,0x0,0x0,0x0,0x0,
0x5,0x0,0x0,0x0,0x4b,0x0,0x65,0x0,
0x79,0x0,0x5f,0x0,0x4e,0x0,0x0,0x0,
0xa,0x0,0x0,0x0,0x4b,0x0,0x65,0x0,
0x79,0x0,0x5f,0x0,0x44,0x0,0x65,0x0,
0x6c,0x0,0x65,0x0,0x74,0x0,0x65,0x0,
0x0,0x0,0x0,0x0,0x0,0x0,0x0,0x0,
0xa,0x0,0x0,0x0,0x74,0x0,0x72,0x0,
0x61,0x0,0x73,0x0,0x68,0x0,0x49,0x0,
0x74,0x0,0x65,0x0,0x6d,0x0,0x73,0x0,
0x0,0x0,0x0,0x0,0x0,0x0,0x0,0x0,
0x6,0x0,0x0,0x0,0x4b,0x0,0x65,0x0,
0x79,0x0,0x5f,0x0,0x46,0x0,0x32,0x0,
0x0,0x0,0x0,0x0,0x0,0x0,0x0,0x0,
0xb,0x0,0x0,0x0,0x73,0x0,0x74,0x0,
0x61,0x0,0x72,0x0,0x74,0x0,0x52,0x0,
0x65,0x0,0x6e,0x0,0x61,0x0,0x6d,0x0,
0x65,0x0,0x0,0x0,0x0,0x0,0x0,0x0,
0xa,0x0,0x0,0x0,0x4b,0x0,0x65,0x0,
0x79,0x0,0x5f,0x0,0x52,0x0,0x65,0x0,
0x74,0x0,0x75,0x0,0x72,0x0,0x6e,0x0,
0x0,0x0,0x0,0x0,0x0,0x0,0x0,0x0,
0x9,0x0,0x0,0x0,0x4b,0x0,0x65,0x0,
0x79,0x0,0x5f,0x0,0x45,0x0,0x6e,0x0,
0x74,0x0,0x65,0x0,0x72,0x0,0x0,0x0,
0xd,0x0,0x0,0x0,0x4b,0x0,0x65,0x0,
0x79,0x0,0x5f,0x0,0x42,0x0,0x61,0x0,
0x63,0x0,0x6b,0x0,0x73,0x0,0x70,0x0,
0x61,0x0,0x63,0x0,0x65,0x0,0x0,0x0,
0x4,0x0,0x0,0x0,0x67,0x0,0x6f,0x0,
0x55,0x0,0x70,0x0,0x0,0x0,0x0,0x0,
0xa,0x0,0x0,0x0,0x4b,0x0,0x65,0x0,
0x79,0x0,0x5f,0x0,0x45,0x0,0x73,0x0,
0x63,0x0,0x61,0x0,0x70,0x0,0x65,0x0,
0x0,0x0,0x0,0x0,0x0,0x0,0x0,0x0,
0xc,0x0,0x0,0x0,0x68,0x0,0x61,0x0,
0x73,0x0,0x53,0x0,0x65,0x0,0x6c,0x0,
0x65,0x0,0x63,0x0,0x74,0x0,0x69,0x0,
0x6f,0x0,0x6e,0x0,0x0,0x0,0x0,0x0,
0xe,0x0,0x0,0x0,0x63,0x0,0x6c,0x0,
0x65,0x0,0x61,0x0,0x72,0x0,0x53,0x0,
0x65,0x0,0x6c,0x0,0x65,0x0,0x63,0x0,
0x74,0x0,0x69,0x0,0x6f,0x0,0x6e,0x0,
0x0,0x0,0x0,0x0,0x0,0x0,0x0,0x0,
0xc,0x0,0x0,0x0,0x74,0x0,0x6f,0x0,
0x61,0x0,0x73,0x0,0x74,0x0,0x4d,0x0,
0x61,0x0,0x6e,0x0,0x61,0x0,0x67,0x0,
0x65,0x0,0x72,0x0,0x0,0x0,0x0,0x0,
0x11,0x0,0x0,0x0,0x53,0x0,0x65,0x0,
0x6c,0x0,0x65,0x0,0x63,0x0,0x74,0x0,
0x69,0x0,0x6f,0x0,0x6e,0x0,0x20,0x0,
0x63,0x0,0x6c,0x0,0x65,0x0,0x61,0x0,
0x72,0x0,0x65,0x0,0x64,0x0,0x0,0x0,
0x6,0x0,0x0,0x0,0x4b,0x0,0x65,0x0,
0x79,0x0,0x5f,0x0,0x55,0x0,0x70,0x0,
0x0,0x0,0x0,0x0,0x0,0x0,0x0,0x0,
0x8,0x0,0x0,0x0,0x4b,0x0,0x65,0x0,
0x79,0x0,0x5f,0x0,0x44,0x0,0x6f,0x0,
0x77,0x0,0x6e,0x0,0x0,0x0,0x0,0x0,
0x8,0x0,0x0,0x0,0x4b,0x0,0x65,0x0,
0x79,0x0,0x5f,0x0,0x4c,0x0,0x65,0x0,
0x66,0x0,0x74,0x0,0x0,0x0,0x0,0x0,
0x9,0x0,0x0,0x0,0x4b,0x0,0x65,0x0,
0x79,0x0,0x5f,0x0,0x52,0x0,0x69,0x0,
0x67,0x0,0x68,0x0,0x74,0x0,0x0,0x0,
0x4,0x0,0x0,0x0,0x74,0x0,0x72,0x0,
0x69,0x0,0x6d,0x0,0x0,0x0,0x0,0x0,
0x5,0x0,0x0,0x0,0x6d,0x0,0x61,0x0,
0x74,0x0,0x63,0x0,0x68,0x0,0x0,0x0,
0xe,0x0,0x0,0x0,0x5b,0x0,0x61,0x0,
0x2d,0x0,0x7a,0x0,0x41,0x0,0x2d,0x0,
0x5a,0x0,0x30,0x0,0x2d,0x0,0x39,0x0,
0x2e,0x0,0x5f,0x0,0x2d,0x0,0x5d,0x0,
0x0,0x0,0x0,0x0,0x0,0x0,0x0,0x0,
0x7,0x0,0x0,0x0,0x68,0x0,0x61,0x0,
0x73,0x0,0x54,0x0,0x65,0x0,0x78,0x0,
0x74,0x0,0x0,0x0,0x0,0x0,0x0,0x0,
0x5,0x0,0x0,0x0,0x73,0x0,0x70,0x0,
0x6c,0x0,0x69,0x0,0x74,0x0,0x0,0x0,
0x1,0x0,0x0,0x0,0xa,0x0,0x0,0x0,
0x9,0x0,0x0,0x0,0x64,0x0,0x72,0x0,
0x6f,0x0,0x70,0x0,0x49,0x0,0x74,0x0,
0x65,0x0,0x6d,0x0,0x73,0x0,0x0,0x0,
0xb,0x0,0x0,0x0,0x63,0x0,0x75,0x0,
0x72,0x0,0x72,0x0,0x65,0x0,0x6e,0x0,
0x74,0x0,0x50,0x0,0x61,0x0,0x74,0x0,
0x68,0x0,0x0,0x0,0x0,0x0,0x0,0x0,
0xa,0x0,0x0,0x0,0x43,0x0,0x6f,0x0,
0x70,0x0,0x79,0x0,0x41,0x0,0x63,0x0,
0x74,0x0,0x69,0x0,0x6f,0x0,0x6e,0x0,
0x0,0x0,0x0,0x0,0x0,0x0,0x0,0x0,
0xe,0x0,0x0,0x0,0x70,0x0,0x72,0x0,
0x6f,0x0,0x70,0x0,0x6f,0x0,0x73,0x0,
0x65,0x0,0x64,0x0,0x41,0x0,0x63,0x0,
0x74,0x0,0x69,0x0,0x6f,0x0,0x6e,0x0,
0x0,0x0,0x0,0x0,0x0,0x0,0x0,0x0,
0xe,0x0,0x0,0x0,0x50,0x0,0x72,0x0,
0x6f,0x0,0x70,0x0,0x6f,0x0,0x73,0x0,
0x65,0x0,0x64,0x0,0x41,0x0,0x63,0x0,
0x74,0x0,0x69,0x0,0x6f,0x0,0x6e,0x0,
0x0,0x0,0x0,0x0,0x0,0x0,0x0,0x0,
0x6,0x0,0x0,0x0,0x70,0x0,0x61,0x0,
0x72,0x0,0x65,0x0,0x6e,0x0,0x74,0x0,
0x0,0x0,0x0,0x0,0x0,0x0,0x0,0x0,
0x10,0x0,0x0,0x0,0x73,0x0,0x65,0x0,
0x61,0x0,0x72,0x0,0x63,0x0,0x68,0x0,
0x49,0x0,0x6e,0x0,0x50,0x0,0x72,0x0,
0x6f,0x0,0x67,0x0,0x72,0x0,0x65,0x0,
0x73,0x0,0x73,0x0,0x0,0x0,0x0,0x0,
0x2,0x0,0x0,0x0,0x62,0x0,0x67,0x0,
0x0,0x0,0x0,0x0,0x0,0x0,0x0,0x0,
0x3,0x0,0x0,0x0,0x72,0x0,0x53,0x0,
0x6d,0x0,0x0,0x0,0x0,0x0,0x0,0x0,
0xb,0x0,0x0,0x0,0x61,0x0,0x63,0x0,
0x74,0x0,0x69,0x0,0x76,0x0,0x65,0x0,
0x46,0x0,0x6f,0x0,0x63,0x0,0x75,0x0,
0x73,0x0,0x0,0x0,0x0,0x0,0x0,0x0,
0xa,0x0,0x0,0x0,0x61,0x0,0x63,0x0,
0x63,0x0,0x65,0x0,0x6e,0x0,0x74,0x0,
0x53,0x0,0x6f,0x0,0x66,0x0,0x74,0x0,
0x0,0x0,0x0,0x0,0x0,0x0,0x0,0x0,
0x9,0x0,0x0,0x0,0x63,0x0,0x61,0x0,
0x6c,0x0,0x6c,0x0,0x4c,0x0,0x61,0x0,
0x74,0x0,0x65,0x0,0x72,0x0,0x0,0x0,
0xb,0x0,0x0,0x0,0x43,0x0,0x6f,0x0,
0x6d,0x0,0x70,0x0,0x72,0x0,0x65,0x0,
0x73,0x0,0x73,0x0,0x69,0x0,0x6e,0x0,
0x67,0x0,0x0,0x0,0x0,0x0,0x0,0x0,
0xa,0x0,0x0,0x0,0x45,0x0,0x78,0x0,
0x74,0x0,0x72,0x0,0x61,0x0,0x63,0x0,
0x74,0x0,0x69,0x0,0x6e,0x0,0x67,0x0,
0x0,0x0,0x0,0x0,0x0,0x0,0x0,0x0,
0xe,0x0,0x0,0x0,0x70,0x0,0x72,0x0,
0x6f,0x0,0x67,0x0,0x72,0x0,0x65,0x0,
0x73,0x0,0x73,0x0,0x44,0x0,0x69,0x0,
0x61,0x0,0x6c,0x0,0x6f,0x0,0x67,0x0,
0x0,0x0,0x0,0x0,0x0,0x0,0x0,0x0,
0xa,0x0,0x0,0x0,0x73,0x0,0x74,0x0,
0x61,0x0,0x74,0x0,0x75,0x0,0x73,0x0,
0x54,0x0,0x65,0x0,0x78,0x0,0x74,0x0,
0x0,0x0,0x0,0x0,0x0,0x0,0x0,0x0,
0x8,0x0,0x0,0x0,0x70,0x0,0x72,0x0,
0x6f,0x0,0x67,0x0,0x72,0x0,0x65,0x0,
0x73,0x0,0x73,0x0,0x0,0x0,0x0,0x0,
0x5,0x0,0x0,0x0,0x63,0x0,0x6c,0x0,
0x6f,0x0,0x73,0x0,0x65,0x0,0x0,0x0,
0x16,0x0,0x0,0x0,0x67,0x0,0x6c,0x0,
0x6f,0x0,0x62,0x0,0x61,0x0,0x6c,0x0,
0x54,0x0,0x68,0x0,0x75,0x0,0x6d,0x0,
0x62,0x0,0x6e,0x0,0x61,0x0,0x69,0x0,
0x6c,0x0,0x4d,0x0,0x61,0x0,0x6e,0x0,
0x61,0x0,0x67,0x0,0x65,0x0,0x72,0x0,
0x0,0x0,0x0,0x0,0x0,0x0,0x0,0x0,
0x9,0x0,0x0,0x0,0x75,0x0,0x6e,0x0,
0x64,0x0,0x65,0x0,0x66,0x0,0x69,0x0,
0x6e,0x0,0x65,0x0,0x64,0x0,0x0,0x0,
0x13,0x0,0x0,0x0,0x73,0x0,0x65,0x0,
0x74,0x0,0x54,0x0,0x68,0x0,0x75,0x0,
0x6d,0x0,0x62,0x0,0x6e,0x0,0x61,0x0,
0x69,0x0,0x6c,0x0,0x4d,0x0,0x61,0x0,
0x6e,0x0,0x61,0x0,0x67,0x0,0x65,0x0,
0x72,0x0,0x0,0x0,0x0,0x0,0x0,0x0,
0x11,0x0,0x0,0x0,0x67,0x0,0x6c,0x0,
0x6f,0x0,0x62,0x0,0x61,0x0,0x6c,0x0,
0x50,0x0,0x6c,0x0,0x61,0x0,0x63,0x0,
0x65,0x0,0x73,0x0,0x4d,0x0,0x6f,0x0,
0x64,0x0,0x65,0x0,0x6c,0x0,0x0,0x0,
0xe,0x0,0x0,0x0,0x73,0x0,0x65,0x0,
0x74,0x0,0x50,0x0,0x6c,0x0,0x61,0x0,
0x63,0x0,0x65,0x0,0x73,0x0,0x4d,0x0,
0x6f,0x0,0x64,0x0,0x65,0x0,0x6c,0x0,
0x0,0x0,0x0,0x0,0x0,0x0,0x0,0x0,
0x16,0x0,0x0,0x0,0x75,0x0,0x70,0x0,
0x64,0x0,0x61,0x0,0x74,0x0,0x65,0x0,
0x41,0x0,0x63,0x0,0x74,0x0,0x69,0x0,
0x76,0x0,0x65,0x0,0x43,0x0,0x6f,0x0,
0x6e,0x0,0x74,0x0,0x72,0x0,0x6f,0x0,
0x6c,0x0,0x6c,0x0,0x65,0x0,0x72,0x0,
0x0,0x0,0x0,0x0,0x0,0x0,0x0,0x0,
0x8,0x0,0x0,0x0,0x66,0x0,0x75,0x0,
0x6e,0x0,0x63,0x0,0x74,0x0,0x69,0x0,
0x6f,0x0,0x6e,0x0,0x0,0x0,0x0,0x0,
0x2,0x0,0x0,0x0,0x4f,0x0,0x6b,0x0,
0x0,0x0,0x0,0x0,0x0,0x0,0x0,0x0,
0x6,0x0,0x0,0x0,0x43,0x0,0x61,0x0,
0x6e,0x0,0x63,0x0,0x65,0x0,0x6c,0x0,
0x0,0x0,0x0,0x0,0x0,0x0,0x0,0x0,
0xc,0x0,0x0,0x0,0x63,0x0,0x72,0x0,
0x65,0x0,0x61,0x0,0x74,0x0,0x65,0x0,
0x46,0x0,0x6f,0x0,0x6c,0x0,0x64,0x0,
0x65,0x0,0x72,0x0,0x0,0x0,0x0,0x0,
0x6,0x0,0x0,0x0,0x69,0x0,0x73,0x0,
0x44,0x0,0x61,0x0,0x72,0x0,0x6b,0x0,
0x0,0x0,0x0,0x0,0x0,0x0,0x0,0x0,
0x4,0x0,0x0,0x0,0x44,0x0,0x61,0x0,
0x72,0x0,0x6b,0x0,0x0,0x0,0x0,0x0,
0x5,0x0,0x0,0x0,0x4c,0x0,0x69,0x0,
0x67,0x0,0x68,0x0,0x74,0x0,0x0,0x0,
0xf,0x0,0x0,0x0,0x73,0x0,0x75,0x0,
0x72,0x0,0x66,0x0,0x61,0x0,0x63,0x0,
0x65,0x0,0x45,0x0,0x6c,0x0,0x65,0x0,
0x76,0x0,0x61,0x0,0x74,0x0,0x65,0x0,
0x64,0x0,0x0,0x0,0x0,0x0,0x0,0x0,
0xf,0x0,0x0,0x0,0x73,0x0,0x68,0x0,
0x6f,0x0,0x77,0x0,0x48,0x0,0x69,0x0,
0x64,0x0,0x64,0x0,0x65,0x0,0x6e,0x0,
0x46,0x0,0x69,0x0,0x6c,0x0,0x65,0x0,
0x73,0x0,0x0,0x0,0x0,0x0,0x0,0x0,
0xc,0x0,0x0,0x0,0x68,0x0,0x61,0x0,
0x73,0x0,0x43,0x0,0x6c,0x0,0x69,0x0,
0x70,0x0,0x62,0x0,0x6f,0x0,0x61,0x0,
0x72,0x0,0x64,0x0,0x0,0x0,0x0,0x0,
0x9,0x0,0x0,0x0,0x70,0x0,0x61,0x0,
0x73,0x0,0x74,0x0,0x65,0x0,0x49,0x0,
0x74,0x0,0x65,0x0,0x6d,0x0,0x0,0x0,
0x7,0x0,0x0,0x0,0x72,0x0,0x65,0x0,
0x66,0x0,0x72,0x0,0x65,0x0,0x73,0x0,
0x68,0x0,0x0,0x0,0x0,0x0,0x0,0x0,
0x4,0x0,0x0,0x0,0x71,0x0,0x75,0x0,
0x69,0x0,0x74,0x0,0x0,0x0,0x0,0x0,
0x11,0x0,0x0,0x0,0x73,0x0,0x65,0x0,
0x6c,0x0,0x65,0x0,0x63,0x0,0x74,0x0,
0x69,0x0,0x6f,0x0,0x6e,0x0,0x52,0x0,
0x65,0x0,0x76,0x0,0x69,0x0,0x73,0x0,
0x69,0x0,0x6f,0x0,0x6e,0x0,0x0,0x0,
0x8,0x0,0x0,0x0,0x69,0x0,0x6e,0x0,
0x63,0x0,0x6c,0x0,0x75,0x0,0x64,0x0,
0x65,0x0,0x73,0x0,0x0,0x0,0x0,0x0,
0xe,0x0,0x0,0x0,0x63,0x0,0x6c,0x0,
0x69,0x0,0x70,0x0,0x62,0x0,0x6f,0x0,
0x61,0x0,0x72,0x0,0x64,0x0,0x50,0x0,
0x61,0x0,0x74,0x0,0x68,0x0,0x73,0x0,
0x0,0x0,0x0,0x0,0x0,0x0,0x0,0x0,
0x7,0x0,0x0,0x0,0x69,0x0,0x73,0x0,
0x43,0x0,0x75,0x0,0x74,0x0,0x4f,0x0,
0x70,0x0,0x0,0x0,0x0,0x0,0x0,0x0,
0x1,0x0,0x0,0x0,0x2e,0x0,0x0,0x0,
0xb,0x0,0x0,0x0,0x72,0x0,0x61,0x0,
0x64,0x0,0x69,0x0,0x75,0x0,0x73,0x0,
0x53,0x0,0x6d,0x0,0x61,0x0,0x6c,0x0,
0x6c,0x0,0x0,0x0,0x0,0x0,0x0,0x0,
0x9,0x0,0x0,0x0,0x73,0x0,0x65,0x0,
0x6c,0x0,0x65,0x0,0x63,0x0,0x74,0x0,
0x69,0x0,0x6f,0x0,0x6e,0x0,0x0,0x0,
0xd,0x0,0x0,0x0,0x63,0x0,0x6f,0x0,
0x6e,0x0,0x74,0x0,0x61,0x0,0x69,0x0,
0x6e,0x0,0x73,0x0,0x4d,0x0,0x6f,0x0,
0x75,0x0,0x73,0x0,0x65,0x0,0x0,0x0,
0x5,0x0,0x0,0x0,0x68,0x0,0x6f,0x0,
0x76,0x0,0x65,0x0,0x72,0x0,0x0,0x0,
0x4,0x0,0x0,0x0,0x72,0x0,0x67,0x0,
0x62,0x0,0x61,0x0,0x0,0x0,0x0,0x0,
0xc,0x0,0x0,0x0,0x63,0x0,0x6f,0x0,
0x6c,0x0,0x4e,0x0,0x61,0x0,0x6d,0x0,
0x65,0x0,0x57,0x0,0x69,0x0,0x64,0x0,
0x74,0x0,0x68,0x0,0x0,0x0,0x0,0x0,
0x9,0x0,0x0,0x0,0x50,0x0,0x6c,0x0,
0x61,0x0,0x69,0x0,0x6e,0x0,0x54,0x0,
0x65,0x0,0x78,0x0,0x74,0x0,0x0,0x0,
0xa,0x0,0x0,0x0,0x45,0x0,0x6c,0x0,
0x69,0x0,0x64,0x0,0x65,0x0,0x52,0x0,
0x69,0x0,0x67,0x0,0x68,0x0,0x74,0x0,
0x0,0x0,0x0,0x0,0x0,0x0,0x0,0x0,
0x4,0x0,0x0,0x0,0x46,0x0,0x6f,0x0,
0x6e,0x0,0x74,0x0,0x0,0x0,0x0,0x0,
0x6,0x0,0x0,0x0,0x4d,0x0,0x65,0x0,
0x64,0x0,0x69,0x0,0x75,0x0,0x6d,0x0,
0x0,0x0,0x0,0x0,0x0,0x0,0x0,0x0,
0x6,0x0,0x0,0x0,0x4e,0x0,0x6f,0x0,
0x72,0x0,0x6d,0x0,0x61,0x0,0x6c,0x0,
0x0,0x0,0x0,0x0,0x0,0x0,0x0,0x0,
0x8,0x0,0x0,0x0,0x73,0x0,0x68,0x0,
0x6f,0x0,0x77,0x0,0x53,0x0,0x69,0x0,
0x7a,0x0,0x65,0x0,0x0,0x0,0x0,0x0,
0xc,0x0,0x0,0x0,0x63,0x0,0x6f,0x0,
0x6c,0x0,0x53,0x0,0x69,0x0,0x7a,0x0,
0x65,0x0,0x57,0x0,0x69,0x0,0x64,0x0,
0x74,0x0,0x68,0x0,0x0,0x0,0x0,0x0,
0xc,0x0,0x0,0x0,0x41,0x0,0x6c,0x0,
0x69,0x0,0x67,0x0,0x6e,0x0,0x56,0x0,
0x43,0x0,0x65,0x0,0x6e,0x0,0x74,0x0,
0x65,0x0,0x72,0x0,0x0,0x0,0x0,0x0,
0xa,0x0,0x0,0x0,0x41,0x0,0x6c,0x0,
0x69,0x0,0x67,0x0,0x6e,0x0,0x52,0x0,
0x69,0x0,0x67,0x0,0x68,0x0,0x74,0x0,
0x0,0x0,0x0,0x0,0x0,0x0,0x0,0x0,
0xd,0x0,0x0,0x0,0x66,0x0,0x6f,0x0,
0x72,0x0,0x6d,0x0,0x61,0x0,0x74,0x0,
0x74,0x0,0x65,0x0,0x64,0x0,0x53,0x0,
0x69,0x0,0x7a,0x0,0x65,0x0,0x0,0x0,
0x8,0x0,0x0,0x0,0x73,0x0,0x68,0x0,
0x6f,0x0,0x77,0x0,0x54,0x0,0x79,0x0,
0x70,0x0,0x65,0x0,0x0,0x0,0x0,0x0,
0xc,0x0,0x0,0x0,0x63,0x0,0x6f,0x0,
0x6c,0x0,0x54,0x0,0x79,0x0,0x70,0x0,
0x65,0x0,0x57,0x0,0x69,0x0,0x64,0x0,
0x74,0x0,0x68,0x0,0x0,0x0,0x0,0x0,
0x8,0x0,0x0,0x0,0x73,0x0,0x68,0x0,
0x6f,0x0,0x77,0x0,0x44,0x0,0x61,0x0,
0x74,0x0,0x65,0x0,0x0,0x0,0x0,0x0,
0xc,0x0,0x0,0x0,0x63,0x0,0x6f,0x0,
0x6c,0x0,0x44,0x0,0x61,0x0,0x74,0x0,
0x65,0x0,0x57,0x0,0x69,0x0,0x64,0x0,
0x74,0x0,0x68,0x0,0x0,0x0,0x0,0x0,
0xd,0x0,0x0,0x0,0x66,0x0,0x6f,0x0,
0x72,0x0,0x6d,0x0,0x61,0x0,0x74,0x0,
0x74,0x0,0x65,0x0,0x64,0x0,0x44,0x0,
0x61,0x0,0x74,0x0,0x65,0x0,0x0,0x0,
0xb,0x0,0x0,0x0,0x73,0x0,0x68,0x0,
0x6f,0x0,0x77,0x0,0x43,0x0,0x72,0x0,
0x65,0x0,0x61,0x0,0x74,0x0,0x65,0x0,
0x64,0x0,0x0,0x0,0x0,0x0,0x0,0x0,
0xf,0x0,0x0,0x0,0x63,0x0,0x6f,0x0,
0x6c,0x0,0x43,0x0,0x72,0x0,0x65,0x0,
0x61,0x0,0x74,0x0,0x65,0x0,0x64,0x0,
0x57,0x0,0x69,0x0,0x64,0x0,0x74,0x0,
0x68,0x0,0x0,0x0,0x0,0x0,0x0,0x0,
0xe,0x0,0x0,0x0,0x66,0x0,0x6f,0x0,
0x72,0x0,0x6d,0x0,0x61,0x0,0x74,0x0,
0x74,0x0,0x65,0x0,0x64,0x0,0x43,0x0,
0x54,0x0,0x69,0x0,0x6d,0x0,0x65,0x0,
0x0,0x0,0x0,0x0,0x0,0x0,0x0,0x0,
0xc,0x0,0x0,0x0,0x73,0x0,0x68,0x0,
0x6f,0x0,0x77,0x0,0x41,0x0,0x63,0x0,
0x63,0x0,0x65,0x0,0x73,0x0,0x73,0x0,
0x65,0x0,0x64,0x0,0x0,0x0,0x0,0x0,
0x10,0x0,0x0,0x0,0x63,0x0,0x6f,0x0,
0x6c,0x0,0x41,0x0,0x63,0x0,0x63,0x0,
0x65,0x0,0x73,0x0,0x73,0x0,0x65,0x0,
0x64,0x0,0x57,0x0,0x69,0x0,0x64,0x0,
0x74,0x0,0x68,0x0,0x0,0x0,0x0,0x0,
0xe,0x0,0x0,0x0,0x66,0x0,0x6f,0x0,
0x72,0x0,0x6d,0x0,0x61,0x0,0x74,0x0,
0x74,0x0,0x65,0x0,0x64,0x0,0x41,0x0,
0x54,0x0,0x69,0x0,0x6d,0x0,0x65,0x0,
0x0,0x0,0x0,0x0,0x0,0x0,0x0,0x0,
0xf,0x0,0x0,0x0,0x73,0x0,0x68,0x0,
0x6f,0x0,0x77,0x0,0x50,0x0,0x65,0x0,
0x72,0x0,0x6d,0x0,0x69,0x0,0x73,0x0,
0x73,0x0,0x69,0x0,0x6f,0x0,0x6e,0x0,
0x73,0x0,0x0,0x0,0x0,0x0,0x0,0x0,
0xd,0x0,0x0,0x0,0x63,0x0,0x6f,0x0,
0x6c,0x0,0x50,0x0,0x65,0x0,0x72,0x0,
0x6d,0x0,0x73,0x0,0x57,0x0,0x69,0x0,
0x64,0x0,0x74,0x0,0x68,0x0,0x0,0x0,
0x9,0x0,0x0,0x0,0x73,0x0,0x68,0x0,
0x6f,0x0,0x77,0x0,0x4f,0x0,0x77,0x0,
0x6e,0x0,0x65,0x0,0x72,0x0,0x0,0x0,
0xd,0x0,0x0,0x0,0x63,0x0,0x6f,0x0,
0x6c,0x0,0x4f,0x0,0x77,0x0,0x6e,0x0,
0x65,0x0,0x72,0x0,0x57,0x0,0x69,0x0,
0x64,0x0,0x74,0x0,0x68,0x0,0x0,0x0,
0x9,0x0,0x0,0x0,0x73,0x0,0x68,0x0,
0x6f,0x0,0x77,0x0,0x47,0x0,0x72,0x0,
0x6f,0x0,0x75,0x0,0x70,0x0,0x0,0x0,
0xd,0x0,0x0,0x0,0x63,0x0,0x6f,0x0,
0x6c,0x0,0x47,0x0,0x72,0x0,0x6f,0x0,
0x75,0x0,0x70,0x0,0x57,0x0,0x69,0x0,
0x64,0x0,0x74,0x0,0x68,0x0,0x0,0x0,
0x8,0x0,0x0,0x0,0x73,0x0,0x68,0x0,
0x6f,0x0,0x77,0x0,0x4d,0x0,0x69,0x0,
0x6d,0x0,0x65,0x0,0x0,0x0,0x0,0x0,
0xc,0x0,0x0,0x0,0x63,0x0,0x6f,0x0,
0x6c,0x0,0x4d,0x0,0x69,0x0,0x6d,0x0,
0x65,0x0,0x57,0x0,0x69,0x0,0x64,0x0,
0x74,0x0,0x68,0x0,0x0,0x0,0x0,0x0,
0xa,0x0,0x0,0x0,0x4c,0x0,0x65,0x0,
0x66,0x0,0x74,0x0,0x42,0x0,0x75,0x0,
0x74,0x0,0x74,0x0,0x6f,0x0,0x6e,0x0,
0x0,0x0,0x0,0x0,0x0,0x0,0x0,0x0,
0xb,0x0,0x0,0x0,0x52,0x0,0x69,0x0,
0x67,0x0,0x68,0x0,0x74,0x0,0x42,0x0,
0x75,0x0,0x74,0x0,0x74,0x0,0x6f,0x0,
0x6e,0x0,0x0,0x0,0x0,0x0,0x0,0x0,
0x6,0x0,0x0,0x0,0x62,0x0,0x75,0x0,
0x74,0x0,0x74,0x0,0x6f,0x0,0x6e,0x0,
0x0,0x0,0x0,0x0,0x0,0x0,0x0,0x0,
0xb,0x0,0x0,0x0,0x73,0x0,0x69,0x0,
0x6e,0x0,0x67,0x0,0x6c,0x0,0x65,0x0,
0x43,0x0,0x6c,0x0,0x69,0x0,0x63,0x0,
0x6b,0x0,0x0,0x0,0x0,0x0,0x0,0x0,
0xa,0x0,0x0,0x0,0x4d,0x0,0x6f,0x0,
0x76,0x0,0x65,0x0,0x41,0x0,0x63,0x0,
0x74,0x0,0x69,0x0,0x6f,0x0,0x6e,0x0,
0x0,0x0,0x0,0x0,0x0,0x0,0x0,0x0,
0xd,0x0,0x0,0x0,0x74,0x0,0x65,0x0,
0x78,0x0,0x74,0x0,0x2f,0x0,0x75,0x0,
0x72,0x0,0x69,0x0,0x2d,0x0,0x6c,0x0,
0x69,0x0,0x73,0x0,0x74,0x0,0x0,0x0,
0x4,0x0,0x0,0x0,0x6a,0x0,0x6f,0x0,
0x69,0x0,0x6e,0x0,0x0,0x0,0x0,0x0,
0x9,0x0,0x0,0x0,0x74,0x0,0x68,0x0,
0x75,0x0,0x6d,0x0,0x62,0x0,0x6e,0x0,
0x61,0x0,0x69,0x0,0x6c,0x0,0x0,0x0,
0x10,0x0,0x0,0x0,0x72,0x0,0x65,0x0,
0x71,0x0,0x75,0x0,0x65,0x0,0x73,0x0,
0x74,0x0,0x54,0x0,0x68,0x0,0x75,0x0,
0x6d,0x0,0x62,0x0,0x6e,0x0,0x61,0x0,
0x69,0x0,0x6c,0x0,0x0,0x0,0x0,0x0,
0x11,0x0,0x0,0x0,0x50,0x0,0x72,0x0,
0x65,0x0,0x73,0x0,0x65,0x0,0x72,0x0,
0x76,0x0,0x65,0x0,0x41,0x0,0x73,0x0,
0x70,0x0,0x65,0x0,0x63,0x0,0x74,0x0,
0x46,0x0,0x69,0x0,0x74,0x0,0x0,0x0,
0x6,0x0,0x0,0x0,0x73,0x0,0x74,0x0,
0x61,0x0,0x74,0x0,0x75,0x0,0x73,0x0,
0x0,0x0,0x0,0x0,0x0,0x0,0x0,0x0,
0x5,0x0,0x0,0x0,0x52,0x0,0x65,0x0,
0x61,0x0,0x64,0x0,0x79,0x0,0x0,0x0,
0xc,0x0,0x0,0x0,0x41,0x0,0x6c,0x0,
0x69,0x0,0x67,0x0,0x6e,0x0,0x48,0x0,
0x43,0x0,0x65,0x0,0x6e,0x0,0x74,0x0,
0x65,0x0,0x72,0x0,0x0,0x0,0x0,0x0,
0x8,0x0,0x0,0x0,0x41,0x0,0x6c,0x0,
0x69,0x0,0x67,0x0,0x6e,0x0,0x54,0x0,
0x6f,0x0,0x70,0x0,0x0,0x0,0x0,0x0,
0xc,0x0,0x0,0x0,0x57,0x0,0x72,0x0,
0x61,0x0,0x70,0x0,0x41,0x0,0x6e,0x0,
0x79,0x0,0x77,0x0,0x68,0x0,0x65,0x0,
0x72,0x0,0x65,0x0,0x0,0x0,0x0,0x0,
0x6,0x0,0x0,0x0,0x4e,0x0,0x6f,0x0,
0x57,0x0,0x72,0x0,0x61,0x0,0x70,0x0,
0x0,0x0,0x0,0x0,0x0,0x0,0x0,0x0,
0x4,0x0,0x0,0x0,0x6c,0x0,0x69,0x0,
0x73,0x0,0x74,0x0,0x0,0x0,0x0,0x0,
0x9,0x0,0x0,0x0,0x46,0x0,0x6c,0x0,
0x69,0x0,0x63,0x0,0x6b,0x0,0x61,0x0,
0x62,0x0,0x6c,0x0,0x65,0x0,0x0,0x0,
0xc,0x0,0x0,0x0,0x53,0x0,0x74,0x0,
0x6f,0x0,0x70,0x0,0x41,0x0,0x74,0x0,
0x42,0x0,0x6f,0x0,0x75,0x0,0x6e,0x0,
0x64,0x0,0x73,0x0,0x0,0x0,0x0,0x0,
0x12,0x0,0x0,0x0,0x41,0x0,0x75,0x0,
0x74,0x0,0x6f,0x0,0x46,0x0,0x6c,0x0,
0x69,0x0,0x63,0x0,0x6b,0x0,0x44,0x0,
0x69,0x0,0x72,0x0,0x65,0x0,0x63,0x0,
0x74,0x0,0x69,0x0,0x6f,0x0,0x6e,0x0,
0x0,0x0,0x0,0x0,0x0,0x0,0x0,0x0,
0xd,0x0,0x0,0x0,0x4f,0x0,0x76,0x0,
0x65,0x0,0x72,0x0,0x6c,0x0,0x61,0x0,
0x79,0x0,0x48,0x0,0x65,0x0,0x61,0x0,
0x64,0x0,0x65,0x0,0x72,0x0,0x0,0x0,
0x8,0x0,0x0,0x0,0x41,0x0,0x73,0x0,
0x4e,0x0,0x65,0x0,0x65,0x0,0x64,0x0,
0x65,0x0,0x64,0x0,0x0,0x0,0x0,0x0,
0xc,0x0,0x0,0x0,0x73,0x0,0x75,0x0,
0x72,0x0,0x66,0x0,0x61,0x0,0x63,0x0,
0x65,0x0,0x4d,0x0,0x75,0x0,0x74,0x0,
0x65,0x0,0x64,0x0,0x0,0x0,0x0,0x0,
0x9,0x0,0x0,0x0,0x74,0x0,0x72,0x0,
0x65,0x0,0x65,0x0,0x4d,0x0,0x6f,0x0,
0x64,0x0,0x65,0x0,0x6c,0x0,0x0,0x0,
0x5,0x0,0x0,0x0,0x64,0x0,0x65,0x0,
0x70,0x0,0x74,0x0,0x68,0x0,0x0,0x0,
0xa,0x0,0x0,0x0,0x69,0x0,0x73,0x0,
0x45,0x0,0x78,0x0,0x70,0x0,0x61,0x0,
0x6e,0x0,0x64,0x0,0x65,0x0,0x64,0x0,
0x0,0x0,0x0,0x0,0x0,0x0,0x0,0x0,
0xc,0x0,0x0,0x0,0x63,0x0,0x68,0x0,
0x65,0x0,0x76,0x0,0x72,0x0,0x6f,0x0,
0x6e,0x0,0x2d,0x0,0x64,0x0,0x6f,0x0,
0x77,0x0,0x6e,0x0,0x0,0x0,0x0,0x0,
0xd,0x0,0x0,0x0,0x63,0x0,0x68,0x0,
0x65,0x0,0x76,0x0,0x72,0x0,0x6f,0x0,
0x6e,0x0,0x2d,0x0,0x72,0x0,0x69,0x0,
0x67,0x0,0x68,0x0,0x74,0x0,0x0,0x0,
0xc,0x0,0x0,0x0,0x74,0x0,0x65,0x0,
0x78,0x0,0x74,0x0,0x54,0x0,0x65,0x0,
0x72,0x0,0x74,0x0,0x69,0x0,0x61,0x0,
0x72,0x0,0x79,0x0,0x0,0x0,0x0,0x0,
0xb,0x0,0x0,0x0,0x68,0x0,0x61,0x0,
0x73,0x0,0x43,0x0,0x68,0x0,0x69,0x0,
0x6c,0x0,0x64,0x0,0x72,0x0,0x65,0x0,
0x6e,0x0,0x0,0x0,0x0,0x0,0x0,0x0,
0x8,0x0,0x0,0x0,0x63,0x0,0x6f,0x0,
0x6c,0x0,0x6c,0x0,0x61,0x0,0x70,0x0,
0x73,0x0,0x65,0x0,0x0,0x0,0x0,0x0,
0x6,0x0,0x0,0x0,0x65,0x0,0x78,0x0,
0x70,0x0,0x61,0x0,0x6e,0x0,0x64,0x0,
0x0,0x0,0x0,0x0,0x0,0x0,0x0,0x0,
0x6,0x0,0x0,0x0,0x61,0x0,0x63,0x0,
0x63,0x0,0x65,0x0,0x6e,0x0,0x74,0x0,
0x0,0x0,0x0,0x0,0x0,0x0,0x0,0x0,
0x7,0x0,0x0,0x0,0x6c,0x0,0x6f,0x0,
0x61,0x0,0x64,0x0,0x69,0x0,0x6e,0x0,
0x67,0x0,0x0,0x0,0x0,0x0,0x0,0x0,
0xc,0x0,0x0,0x0,0x53,0x0,0x65,0x0,
0x61,0x0,0x72,0x0,0x63,0x0,0x68,0x0,
0x69,0x0,0x6e,0x0,0x67,0x0,0x2e,0x0,
0x2e,0x0,0x2e,0x0,0x0,0x0,0x0,0x0,
0xa,0x0,0x0,0x0,0x4c,0x0,0x6f,0x0,
0x61,0x0,0x64,0x0,0x69,0x0,0x6e,0x0,
0x67,0x0,0x2e,0x0,0x2e,0x0,0x2e,0x0,
0x0,0x0,0x0,0x0,0x0,0x0,0x0,0x0,
0x5,0x0,0x0,0x0,0x63,0x0,0x6f,0x0,
0x75,0x0,0x6e,0x0,0x74,0x0,0x0,0x0,
0x9,0x0,0x0,0x0,0x74,0x0,0x65,0x0,
0x78,0x0,0x74,0x0,0x4d,0x0,0x75,0x0,
0x74,0x0,0x65,0x0,0x64,0x0,0x0,0x0,
0x10,0x0,0x0,0x0,0x61,0x0,0x63,0x0,
0x74,0x0,0x69,0x0,0x76,0x0,0x65,0x0,
0x53,0x0,0x65,0x0,0x61,0x0,0x72,0x0,
0x63,0x0,0x68,0x0,0x54,0x0,0x65,0x0,
0x72,0x0,0x6d,0x0,0x0,0x0,0x0,0x0,
0x10,0x0,0x0,0x0,0x4e,0x0,0x6f,0x0,
0x20,0x0,0x72,0x0,0x65,0x0,0x73,0x0,
0x75,0x0,0x6c,0x0,0x74,0x0,0x73,0x0,
0x20,0x0,0x66,0x0,0x6f,0x0,0x75,0x0,
0x6e,0x0,0x64,0x0,0x0,0x0,0x0,0x0,
0xf,0x0,0x0,0x0,0x46,0x0,0x6f,0x0,
0x6c,0x0,0x64,0x0,0x65,0x0,0x72,0x0,
0x20,0x0,0x69,0x0,0x73,0x0,0x20,0x0,
0x65,0x0,0x6d,0x0,0x70,0x0,0x74,0x0,
0x79,0x0,0x0,0x0,0x0,0x0,0x0,0x0,
0x21,0x0,0x0,0x0,0x54,0x0,0x72,0x0,
0x79,0x0,0x20,0x0,0x64,0x0,0x69,0x0,
0x66,0x0,0x66,0x0,0x65,0x0,0x72,0x0,
0x65,0x0,0x6e,0x0,0x74,0x0,0x20,0x0,
0x6b,0x0,0x65,0x0,0x79,0x0,0x77,0x0,
0x6f,0x0,0x72,0x0,0x64,0x0,0x73,0x0,
0x20,0x0,0x6f,0x0,0x72,0x0,0x20,0x0,
0x66,0x0,0x69,0x0,0x6c,0x0,0x74,0x0,
0x65,0x0,0x72,0x0,0x73,0x0,0x0,0x0,
0x20,0x0,0x0,0x0,0x54,0x0,0x68,0x0,
0x69,0x0,0x73,0x0,0x20,0x0,0x64,0x0,
0x69,0x0,0x72,0x0,0x65,0x0,0x63,0x0,
0x74,0x0,0x6f,0x0,0x72,0x0,0x79,0x0,
0x20,0x0,0x63,0x0,0x6f,0x0,0x6e,0x0,
0x74,0x0,0x61,0x0,0x69,0x0,0x6e,0x0,
0x73,0x0,0x20,0x0,0x6e,0x0,0x6f,0x0,
0x20,0x0,0x66,0x0,0x69,0x0,0x6c,0x0,
0x65,0x0,0x73,0x0,0x0,0x0,0x0,0x0,
0xa,0x0,0x0,0x0,0x42,0x0,0x61,0x0,
0x63,0x0,0x6b,0x0,0x42,0x0,0x75,0x0,
0x74,0x0,0x74,0x0,0x6f,0x0,0x6e,0x0,
0x0,0x0,0x0,0x0,0x0,0x0,0x0,0x0,
0xd,0x0,0x0,0x0,0x46,0x0,0x6f,0x0,
0x72,0x0,0x77,0x0,0x61,0x0,0x72,0x0,
0x64,0x0,0x42,0x0,0x75,0x0,0x74,0x0,
0x74,0x0,0x6f,0x0,0x6e,0x0,0x0,0x0,
0x5,0x0,0x0,0x0,0x70,0x0,0x6f,0x0,
0x70,0x0,0x75,0x0,0x70,0x0,0x0,0x0,
0x6,0x0,0x0,0x0,0x67,0x0,0x6f,0x0,
0x42,0x0,0x61,0x0,0x63,0x0,0x6b,0x0,
0x0,0x0,0x0,0x0,0x0,0x0,0x0,0x0,
0x9,0x0,0x0,0x0,0x67,0x0,0x6f,0x0,
0x46,0x0,0x6f,0x0,0x72,0x0,0x77,0x0,
0x61,0x0,0x72,0x0,0x64,0x0,0x0,0x0,
0xa,0x0,0x0,0x0,0x61,0x0,0x6e,0x0,
0x67,0x0,0x6c,0x0,0x65,0x0,0x44,0x0,
0x65,0x0,0x6c,0x0,0x74,0x0,0x61,0x0,
0x0,0x0,0x0,0x0,0x0,0x0,0x0,0x0,
0x1,0x0,0x0,0x0,0x79,0x0,0x0,0x0,
0x3,0x0,0x0,0x0,0x61,0x0,0x62,0x0,
0x73,0x0,0x0,0x0,0x0,0x0,0x0,0x0,
0x5,0x0,0x0,0x0,0x74,0x0,0x72,0x0,
0x75,0x0,0x6e,0x0,0x63,0x0,0x0,0x0,
0xa,0x0,0x0,0x0,0x70,0x0,0x69,0x0,
0x78,0x0,0x65,0x0,0x6c,0x0,0x44,0x0,
0x65,0x0,0x6c,0x0,0x74,0x0,0x61,0x0,
0x0,0x0,0x0,0x0,0x0,0x0,0x0,0x0,
0x1,0x0,0x0,0x0,0x78,0x0,0x0,0x0,
0x7,0x0,0x0,0x0,0x70,0x0,0x69,0x0,
0x78,0x0,0x65,0x0,0x6c,0x0,0x44,0x0,
0x78,0x0,0x0,0x0,0x0,0x0,0x0,0x0,
0x7,0x0,0x0,0x0,0x61,0x0,0x6e,0x0,
0x67,0x0,0x6c,0x0,0x65,0x0,0x44,0x0,
0x78,0x0,0x0,0x0,0x0,0x0,0x0,0x0,
0x7,0x0,0x0,0x0,0x61,0x0,0x6e,0x0,
0x67,0x0,0x6c,0x0,0x65,0x0,0x44,0x0,
0x79,0x0,0x0,0x0,0x0,0x0,0x0,0x0,
0x8,0x0,0x0,0x0,0x63,0x0,0x6f,0x0,
0x6e,0x0,0x74,0x0,0x65,0x0,0x6e,0x0,
0x74,0x0,0x58,0x0,0x0,0x0,0x0,0x0,
0xc,0x0,0x0,0x0,0x63,0x0,0x6f,0x0,
0x6e,0x0,0x74,0x0,0x65,0x0,0x6e,0x0,
0x74,0x0,0x57,0x0,0x69,0x0,0x64,0x0,
0x74,0x0,0x68,0x0,0x0,0x0,0x0,0x0,
0xd,0x0,0x0,0x0,0x63,0x0,0x6f,0x0,
0x6e,0x0,0x74,0x0,0x65,0x0,0x6e,0x0,
0x74,0x0,0x48,0x0,0x65,0x0,0x69,0x0,
0x67,0x0,0x68,0x0,0x74,0x0,0x0,0x0,
0x5,0x0,0x0,0x0,0x73,0x0,0x63,0x0,
0x61,0x0,0x6c,0x0,0x65,0x0,0x0,0x0,
0x5,0x0,0x0,0x0,0x65,0x0,0x76,0x0,
0x65,0x0,0x6e,0x0,0x74,0x0,0x0,0x0,
0x4,0x0,0x0,0x0,0x64,0x0,0x72,0x0,
0x6f,0x0,0x70,0x0,0x0,0x0,0x0,0x0,
0x3,0x0,0x0,0x0,0x6d,0x0,0x73,0x0,
0x67,0x0,0x0,0x0,0x0,0x0,0x0,0x0,
0x5,0x0,0x0,0x0,0x6d,0x0,0x6f,0x0,
0x75,0x0,0x73,0x0,0x65,0x0,0x0,0x0,
0x1,0x0,0x0,0x0,0x77,0x0,0x0,0x0,
0x7,0x0,0x0,0x0,0x10,0x0,0x0,0x0,
0xd7,0x0,0x0,0x0,0x9c,0x0,0x0,0x0,
0x1,0x0,0x0,0x0,0x1,0x0,0x0,0x0,
0x0,0x0,0x0,0x0,0x1,0x0,0x10,0x0,
0xff,0xff,0x0,0x0,0x1,0x0,0x0,0x0,
0x2,0x0,0x0,0x0,0x0,0x0,0x0,0x0,
0x2,0x0,0x10,0x0,0xff,0xff,0x0,0x0,
0x1,0x0,0x0,0x0,0x3,0x0,0x0,0x0,
0x0,0x0,0x0,0x0,0x3,0x0,0x10,0x0,
0xff,0xff,0x0,0x0,0x1,0x0,0x0,0x0,
0x4,0x0,0x0,0x0,0x0,0x0,0x0,0x0,
0x4,0x0,0x10,0x0,0xff,0xff,0x0,0x0,
0x1,0x0,0x0,0x0,0x5,0x0,0x0,0x0,
0x0,0x0,0x0,0x0,0x5,0x0,0x10,0x0,
0xff,0xff,0x0,0x0,0x1,0x0,0x0,0x0,
0x6,0x0,0x0,0x0,0x0,0x0,0x0,0x0,
0x6,0x0,0x10,0x0,0xff,0xff,0x0,0x0,
0x1,0x0,0x0,0x0,0x7,0x0,0x0,0x0,
0x0,0x0,0x0,0x0,0x7,0x0,0x10,0x0,
0x0,0x1,0x0,0x0,0xf8,0x3,0x0,0x0,
0xb8,0x9,0x0,0x0,0x40,0xa,0x0,0x0,
0xc8,0xa,0x0,0x0,0x38,0xb,0x0,0x0,
0xd8,0xb,0x0,0x0,0x78,0xc,0x0,0x0,
0x18,0xd,0x0,0x0,0xd0,0xd,0x0,0x0,
0x58,0xe,0x0,0x0,0xc8,0xe,0x0,0x0,
0x98,0xf,0x0,0x0,0x8,0x10,0x0,0x0,
0x90,0x10,0x0,0x0,0x60,0x11,0x0,0x0,
0xd0,0x11,0x0,0x0,0x40,0x12,0x0,0x0,
0x68,0x13,0x0,0x0,0xd8,0x13,0x0,0x0,
0x78,0x14,0x0,0x0,0x18,0x15,0x0,0x0,
0x88,0x15,0x0,0x0,0x28,0x16,0x0,0x0,
0x98,0x16,0x0,0x0,0xb0,0x17,0x0,0x0,
0x38,0x18,0x0,0x0,0xc0,0x18,0x0,0x0,
0x78,0x19,0x0,0x0,0x18,0x1a,0x0,0x0,
0xa0,0x1a,0x0,0x0,0x28,0x1b,0x0,0x0,
0x80,0x1b,0x0,0x0,0x20,0x1c,0x0,0x0,
0x90,0x1c,0x0,0x0,0x0,0x1d,0x0,0x0,
0xc0,0x1e,0x0,0x0,0x78,0x1f,0x0,0x0,
0x0,0x20,0x0,0x0,0xd0,0x20,0x0,0x0,
0x58,0x21,0x0,0x0,0xe0,0x21,0x0,0x0,
0x70,0x23,0x0,0x0,0x10,0x24,0x0,0x0,
0x98,0x24,0x0,0x0,0x20,0x25,0x0,0x0,
0xf0,0x25,0x0,0x0,0x60,0x26,0x0,0x0,
0x30,0x27,0x0,0x0,0xb8,0x27,0x0,0x0,
0xa0,0x28,0x0,0x0,0x10,0x29,0x0,0x0,
0x98,0x29,0x0,0x0,0x20,0x2a,0x0,0x0,
0xc0,0x2a,0x0,0x0,0x48,0x2b,0x0,0x0,
0x48,0x2c,0x0,0x0,0xb8,0x2c,0x0,0x0,
0x28,0x2d,0x0,0x0,0xc8,0x2d,0x0,0x0,
0x50,0x2e,0x0,0x0,0x50,0x2f,0x0,0x0,
0xc0,0x2f,0x0,0x0,0x30,0x30,0x0,0x0,
0xd0,0x30,0x0,0x0,0x58,0x31,0x0,0x0,
0x58,0x32,0x0,0x0,0xc8,0x32,0x0,0x0,
0x38,0x33,0x0,0x0,0xd8,0x33,0x0,0x0,
0x60,0x34,0x0,0x0,0x60,0x35,0x0,0x0,
0xd0,0x35,0x0,0x0,0x40,0x36,0x0,0x0,
0xe0,0x36,0x0,0x0,0x68,0x37,0x0,0x0,
0x68,0x38,0x0,0x0,0xd8,0x38,0x0,0x0,
0x48,0x39,0x0,0x0,0xe8,0x39,0x0,0x0,
0x70,0x3a,0x0,0x0,0x58,0x3b,0x0,0x0,
0xc8,0x3b,0x0,0x0,0x50,0x3c,0x0,0x0,
0xf0,0x3c,0x0,0x0,0x78,0x3d,0x0,0x0,
0x78,0x3e,0x0,0x0,0xe8,0x3e,0x0,0x0,
0x58,0x3f,0x0,0x0,0xf8,0x3f,0x0,0x0,
0x80,0x40,0x0,0x0,0x80,0x41,0x0,0x0,
0xf0,0x41,0x0,0x0,0x60,0x42,0x0,0x0,
0x0,0x43,0x0,0x0,0x88,0x43,0x0,0x0,
0x88,0x44,0x0,0x0,0xf8,0x44,0x0,0x0,
0x68,0x45,0x0,0x0,0xd8,0x45,0x0,0x0,
0x48,0x46,0x0,0x0,0x60,0x47,0x0,0x0,
0xd0,0x47,0x0,0x0,0x58,0x48,0x0,0x0,
0xc8,0x48,0x0,0x0,0x98,0x49,0x0,0x0,
0x38,0x4a,0x0,0x0,0xa8,0x4a,0x0,0x0,
0x18,0x4b,0x0,0x0,0x88,0x4b,0x0,0x0,
0x48,0x4d,0x0,0x0,0x0,0x4e,0x0,0x0,
0x88,0x4e,0x0,0x0,0x58,0x4f,0x0,0x0,
0xe0,0x4f,0x0,0x0,0x68,0x50,0x0,0x0,
0x38,0x51,0x0,0x0,0xc0,0x51,0x0,0x0,
0x60,0x52,0x0,0x0,0xe8,0x52,0x0,0x0,
0x0,0x54,0x0,0x0,0x88,0x54,0x0,0x0,
0x70,0x55,0x0,0x0,0xe0,0x55,0x0,0x0,
0x28,0x57,0x0,0x0,0xb0,0x57,0x0,0x0,
0x38,0x58,0x0,0x0,0xc0,0x58,0x0,0x0,
0xd8,0x59,0x0,0x0,0x48,0x5a,0x0,0x0,
0xd0,0x5a,0x0,0x0,0x40,0x5b,0x0,0x0,
0x10,0x5c,0x0,0x0,0xb0,0x5c,0x0,0x0,
0x20,0x5d,0x0,0x0,0x90,0x5d,0x0,0x0,
0x60,0x5e,0x0,0x0,0xd0,0x5e,0x0,0x0,
0xd8,0x60,0x0,0x0,0x48,0x61,0x0,0x0,
0xd0,0x61,0x0,0x0,0x58,0x62,0x0,0x0,
0xc8,0x62,0x0,0x0,0xb0,0x63,0x0,0x0,
0x40,0x65,0x0,0x0,0xe0,0x65,0x0,0x0,
0x28,0x67,0x0,0x0,0xa0,0x68,0x0,0x0,
0x0,0x6a,0x0,0x0,0x78,0x6b,0x0,0x0,
0xf0,0x6c,0x0,0x0,0x68,0x6e,0x0,0x0,
0xc8,0x6f,0x0,0x0,0x28,0x71,0x0,0x0,
0x88,0x72,0x0,0x0,0x0,0x74,0x0,0x0,
0x70,0x74,0x0,0x0,0xe0,0x74,0x0,0x0,
0x98,0x75,0x0,0x0,0x8,0x76,0x0,0x0,
0x10,0x78,0x0,0x0,0x80,0x78,0x0,0x0,
0xf0,0x78,0x0,0x0,0x78,0x79,0x0,0x0,
0xe8,0x79,0x0,0x0,0xd0,0x7a,0x0,0x0,
0x20,0x7c,0x0,0x0,0xd8,0x7c,0x0,0x0,
0x60,0x7d,0x0,0x0,0x30,0x7e,0x0,0x0,
0xb8,0x7e,0x0,0x0,0x40,0x7f,0x0,0x0,
0x28,0x80,0x0,0x0,0xb0,0x80,0x0,0x0,
0x80,0x81,0x0,0x0,0x8,0x82,0x0,0x0,
0x78,0x82,0x0,0x0,0x48,0x83,0x0,0x0,
0xd0,0x83,0x0,0x0,0xa0,0x84,0x0,0x0,
0x10,0x85,0x0,0x0,0x80,0x85,0x0,0x0,
0x8,0x86,0x0,0x0,0xc0,0x86,0x0,0x0,
0x30,0x87,0x0,0x0,0xa0,0x87,0x0,0x0,
0x10,0x88,0x0,0x0,0xf8,0x88,0x0,0x0,
0x68,0x89,0x0,0x0,0x20,0x8a,0x0,0x0,
0x90,0x8a,0x0,0x0,0x18,0x8b,0x0,0x0,
0x88,0x8b,0x0,0x0,0x28,0x8c,0x0,0x0,
0x98,0x8c,0x0,0x0,0x50,0x8d,0x0,0x0,
0xc0,0x8d,0x0,0x0,0x78,0x8e,0x0,0x0,
0xe8,0x8e,0x0,0x0,0xb8,0x8f,0x0,0x0,
0x28,0x90,0x0,0x0,0xe0,0x90,0x0,0x0,
0x50,0x91,0x0,0x0,0x8,0x92,0x0,0x0,
0x78,0x92,0x0,0x0,0x0,0x93,0x0,0x0,
0xb8,0x93,0x0,0x0,0x28,0x94,0x0,0x0,
0x98,0x94,0x0,0x0,0x10,0x95,0x0,0x0,
0x80,0x95,0x0,0x0,0x38,0x96,0x0,0x0,
0xa8,0x96,0x0,0x0,0x60,0x97,0x0,0x0,
0xd0,0x97,0x0,0x0,0xa8,0x98,0x0,0x0,
0x8,0x0,0x0,0x0,0x9,0x0,0x0,0x0,
0x0,0x0,0xff,0xff,0xff,0xff,0xff,0xff,
0x14,0x0,0x13,0x0,0x54,0x0,0x0,0x0,
0xa4,0x0,0x0,0x0,0x88,0x1,0x0,0x0,
0x1,0x0,0x0,0x0,0x9c,0x1,0x0,0x0,
0x9c,0x1,0x0,0x0,0x2,0x0,0x2a,0x0,
0xa4,0x1,0x0,0x0,0x0,0x0,0x0,0x0,
0x94,0x5,0x0,0x0,0x9,0x0,0x10,0x0,
0xa,0x0,0x50,0x0,0x94,0x5,0x0,0x0,
0x0,0x0,0x0,0x0,0x94,0x5,0x0,0x0,
0x0,0x0,0x0,0x0,0x3,0x0,0x0,0x0,
0x4,0x0,0x0,0x0,0x5,0x0,0x0,0x0,
0x6,0x0,0x0,0x0,0x7,0x0,0x0,0x0,
0x8,0x0,0x0,0x0,0x9,0x0,0x0,0x0,
0xa,0x0,0x0,0x0,0xb,0x0,0x0,0x0,
0xc,0x0,0x0,0x0,0xd,0x0,0x0,0x0,
0xe,0x0,0x0,0x0,0xf,0x0,0x0,0x0,
0x10,0x0,0x0,0x0,0x11,0x0,0x0,0x0,
0x12,0x0,0x0,0x0,0x13,0x0,0x0,0x0,
0x14,0x0,0x0,0x0,0x15,0x0,0x0,0x0,
0x16,0x0,0x0,0x0,0x15,0x0,0x0,0x0,
0x5,0x0,0x0,0x20,0x19,0x0,0x50,0x0,
0x17,0x0,0x0,0x0,0x1,0x0,0x0,0x20,
0x1b,0x0,0x50,0x0,0x18,0x0,0x0,0x0,
0x1,0x0,0x0,0x20,0x1c,0x0,0x50,0x0,
0x1d,0x0,0x0,0x0,0x2,0x0,0x0,0x20,
0x21,0x0,0x50,0x0,0x1e,0x0,0x0,0x0,
0x2,0x0,0x0,0x20,0x22,0x0,0x50,0x0,
0x1f,0x0,0x0,0x0,0x5,0x0,0x0,0x20,
0x23,0x0,0x50,0x0,0x20,0x0,0x0,0x0,
0x2,0x0,0x0,0x20,0x24,0x0,0x50,0x0,
0x21,0x0,0x0,0x0,0x2,0x0,0x0,0x20,
0x26,0x0,0x50,0x0,0x23,0x0,0x0,0x0,
0x2,0x0,0x0,0x20,0x27,0x0,0x50,0x0,
0x25,0x0,0x0,0x0,0x2,0x0,0x0,0xa0,
0x28,0x0,0x50,0x0,0x26,0x0,0x0,0x0,
0x2,0x0,0x0,0xa0,0x29,0x0,0x50,0x0,
0x27,0x0,0x0,0x0,0x2,0x0,0x0,0xa0,
0x2a,0x0,0x50,0x0,0x28,0x0,0x0,0x0,
0x4,0x0,0x0,0xa0,0x2c,0x0,0x50,0x0,
0x69,0x0,0x0,0x0,0x1,0x0,0x0,0x20,
0x86,0x1,0x50,0x0,0x6b,0x0,0x0,0x0,
0x1,0x0,0x0,0x20,0x87,0x1,0x50,0x0,
0x6d,0x0,0x0,0x0,0x5,0x0,0x0,0xa0,
0x8d,0x1,0x50,0x0,0x6f,0x0,0x0,0x0,
0x54,0x0,0x0,0x80,0x8f,0x1,0x50,0x0,
0x71,0x0,0x0,0x0,0x54,0x0,0x0,0x80,
0x90,0x1,0x50,0x0,0x73,0x0,0x0,0x0,
0x5,0x0,0x0,0x20,0x91,0x1,0x50,0x0,
0x16,0x0,0x0,0x0,0x16,0x0,0x0,0x0,
0x0,0x0,0x0,0x0,0x1a,0x0,0x50,0x0,
0x1a,0x0,0x0,0x2,0x94,0x5,0x0,0x0,
0xa4,0x5,0x0,0x0,0x73,0x0,0x0,0x0,
0x0,0x0,0x3,0x0,0x0,0x0,0x0,0x0,
0x0,0x0,0x0,0x0,0x91,0x1,0x50,0x1,
0x91,0x1,0x30,0x2,0x71,0x0,0x0,0x0,
0x8,0x0,0x7,0x0,0x1b,0x0,0x0,0x0,
0x0,0x0,0x0,0x0,0x90,0x1,0xd0,0x1,
0x90,0x1,0xf0,0x2,0x6f,0x0,0x0,0x0,
0x8,0x0,0x7,0x0,0x1a,0x0,0x0,0x0,
0x0,0x0,0x0,0x0,0x8f,0x1,0xd0,0x1,
0x8f,0x1,0xd0,0x2,0x6d,0x0,0x0,0x0,
0x8,0x0,0x7,0x0,0x19,0x0,0x0,0x0,
0x0,0x0,0x0,0x0,0x8d,0x1,0xe0,0x1,
0x8d,0x1,0x80,0x2,0x6b,0x0,0x0,0x0,
0x0,0x0,0x7,0x0,0x18,0x0,0x0,0x0,
0x0,0x0,0x0,0x0,0x87,0x1,0x20,0x1,
0x87,0x1,0x30,0x2,0x69,0x0,0x0,0x0,
0x0,0x0,0x7,0x0,0x17,0x0,0x0,0x0,
0x0,0x0,0x0,0x0,0x86,0x1,0x20,0x1,
0x86,0x1,0x0,0x2,0x28,0x0,0x0,0x0,
0x8,0x0,0x7,0x0,0x2,0x0,0x0,0x0,
0x0,0x0,0x0,0x0,0x2c,0x0,0xc0,0x1,
0x2c,0x0,0x70,0x2,0x27,0x0,0x0,0x0,
0x8,0x0,0x2,0x0,0x3,0x0,0x0,0x0,
0x0,0x0,0x0,0x0,0x2a,0x0,0xb0,0x1,
0x2a,0x0,0xb0,0x2,0x26,0x0,0x0,0x0,
0x8,0x0,0x2,0x0,0x2,0x0,0x0,0x0,
0x0,0x0,0x0,0x0,0x29,0x0,0xb0,0x1,
0x29,0x0,0x90,0x2,0x25,0x0,0x0,0x0,
0x8,0x0,0x2,0x0,0x1,0x0,0x0,0x0,
0x0,0x0,0x0,0x0,0x28,0x0,0xb0,0x1,
0x28,0x0,0x90,0x2,0x23,0x0,0x0,0x0,
0x0,0x0,0x7,0x0,0x1,0x0,0x0,0x0,
0x0,0x0,0x0,0x0,0x27,0x0,0x20,0x1,
0x27,0x0,0x40,0x2,0x21,0x0,0x0,0x0,
0x0,0x0,0x7,0x0,0x0,0x0,0x0,0x0,
0x0,0x0,0x0,0x0,0x26,0x0,0x20,0x1,
0x26,0x0,0xd0,0x1,0x20,0x0,0x0,0x0,
0x0,0x0,0x2,0x0,0x0,0x0,0x0,0x0,
0x0,0x0,0x0,0x0,0x24,0x0,0x20,0x1,
0x24,0x0,0x30,0x2,0x1f,0x0,0x0,0x0,
0x0,0x0,0x3,0x0,0x0,0x0,0x0,0x0,
0x0,0x0,0x0,0x0,0x23,0x0,0x50,0x1,
0x23,0x0,0x10,0x2,0x1e,0x0,0x0,0x0,
0x0,0x0,0x2,0x0,0x0,0x0,0x0,0x0,
0x0,0x0,0x0,0x0,0x22,0x0,0x20,0x1,
0x22,0x0,0x40,0x2,0x1d,0x0,0x0,0x0,
0x0,0x0,0x2,0x0,0x0,0x0,0x0,0x0,
0x0,0x0,0x0,0x0,0x21,0x0,0x20,0x1,
0x21,0x0,0x10,0x2,0x18,0x0,0x0,0x0,
0x0,0x0,0x4,0x0,0x0,0x0,0x0,0x0,
0x0,0x0,0x0,0x0,0x1c,0x0,0x20,0x1,
0x1c,0x0,0x30,0x2,0x17,0x0,0x0,0x0,
0x0,0x0,0x4,0x0,0x0,0x0,0x0,0x0,
0x0,0x0,0x0,0x0,0x1b,0x0,0x20,0x1,
0x1b,0x0,0x90,0x1,0x15,0x0,0x0,0x0,
0x0,0x0,0x3,0x0,0x0,0x0,0x0,0x0,
0x0,0x0,0x0,0x0,0x19,0x0,0x50,0x1,
0x19,0x0,0x20,0x2,0xb,0x0,0x0,0x0,
0x0,0x0,0x1,0x0,0x1,0x0,0x0,0x0,
0x0,0x0,0x0,0x0,0xc,0x0,0x50,0x0,
0xc,0x0,0x70,0x1,0xa,0x0,0x0,0x0,
0x0,0x0,0x1,0x0,0x1,0x0,0x0,0x0,
0x0,0x0,0x0,0x0,0xb,0x0,0x50,0x0,
0xb,0x0,0xc0,0x0,0x0,0x0,0x0,0x0,
0x0,0x0,0x8,0x0,0x2,0x0,0x0,0x0,
0x0,0x0,0x0,0x0,0xf,0x0,0x50,0x0,
0xf,0x0,0x50,0x0,0x0,0x0,0x0,0x0,
0x0,0x0,0x8,0x0,0x4,0x0,0x0,0x0,
0x0,0x0,0x0,0x0,0x38,0x0,0x50,0x0,
0x38,0x0,0x50,0x0,0x0,0x0,0x0,0x0,
0x0,0x0,0x8,0x0,0x5,0x0,0x0,0x0,
0x0,0x0,0x0,0x0,0xed,0x0,0x50,0x0,
0xed,0x0,0x50,0x0,0x0,0x0,0x0,0x0,
0x0,0x0,0x8,0x0,0x6,0x0,0x0,0x0,
0x0,0x0,0x0,0x0,0xf7,0x0,0x50,0x0,
0xf7,0x0,0x50,0x0,0x0,0x0,0x0,0x0,
0x0,0x0,0x8,0x0,0x7,0x0,0x0,0x0,
0x0,0x0,0x0,0x0,0xfe,0x0,0x50,0x0,
0xfe,0x0,0x50,0x0,0x0,0x0,0x0,0x0,
0x0,0x0,0x8,0x0,0x8,0x0,0x0,0x0,
0x0,0x0,0x0,0x0,0x57,0x1,0x50,0x0,
0x57,0x1,0x50,0x0,0x0,0x0,0x0,0x0,
0x0,0x0,0x8,0x0,0xa,0x0,0x0,0x0,
0x0,0x0,0x0,0x0,0x5c,0x1,0x50,0x0,
0x5c,0x1,0x50,0x0,0x0,0x0,0x0,0x0,
0x0,0x0,0x8,0x0,0xd,0x0,0x0,0x0,
0x0,0x0,0x0,0x0,0x65,0x1,0x50,0x0,
0x65,0x1,0x50,0x0,0x0,0x0,0x0,0x0,
0x0,0x0,0x8,0x0,0x10,0x0,0x0,0x0,
0x0,0x0,0x0,0x0,0x93,0x1,0x50,0x0,
0x93,0x1,0x50,0x0,0x0,0x0,0x0,0x0,
0x0,0x0,0x8,0x0,0x17,0x0,0x0,0x0,
0x0,0x0,0x0,0x0,0xb2,0x1,0x50,0x0,
0xb2,0x1,0x50,0x0,0x0,0x0,0x0,0x0,
0x0,0x0,0x8,0x0,0x21,0x0,0x0,0x0,
0x0,0x0,0x0,0x0,0xc4,0x1,0x50,0x0,
0xc4,0x1,0x50,0x0,0x0,0x0,0x0,0x0,
0x0,0x0,0x8,0x0,0x6b,0x0,0x0,0x0,
0x0,0x0,0x0,0x0,0xa2,0x2,0x50,0x0,
0xa2,0x2,0x50,0x0,0x0,0x0,0x0,0x0,
0x0,0x0,0x8,0x0,0x86,0x0,0x0,0x0,
0x0,0x0,0x0,0x0,0x15,0x3,0x50,0x0,
0x15,0x3,0x50,0x0,0x0,0x0,0x0,0x0,
0x0,0x0,0x8,0x0,0xb9,0x0,0x0,0x0,
0x0,0x0,0x0,0x0,0xd,0x4,0x50,0x0,
0xd,0x4,0x50,0x0,0x0,0x0,0x0,0x0,
0x0,0x0,0x8,0x0,0xc1,0x0,0x0,0x0,
0x0,0x0,0x0,0x0,0x24,0x4,0x50,0x0,
0x24,0x4,0x50,0x0,0x0,0x0,0x0,0x0,
0x0,0x0,0x8,0x0,0xcf,0x0,0x0,0x0,
0x0,0x0,0x0,0x0,0x4c,0x4,0x50,0x0,
0x4c,0x4,0x50,0x0,0x0,0x0,0x0,0x0,
0x0,0x0,0x8,0x0,0xd0,0x0,0x0,0x0,
0x0,0x0,0x0,0x0,0x58,0x4,0x50,0x0,
0x58,0x4,0x50,0x0,0x0,0x0,0x0,0x0,
0x0,0x0,0x8,0x0,0xd1,0x0,0x0,0x0,
0x0,0x0,0x0,0x0,0x5d,0x4,0x50,0x0,
0x5d,0x4,0x50,0x0,0x0,0x0,0x0,0x0,
0x0,0x0,0x8,0x0,0xd3,0x0,0x0,0x0,
0x0,0x0,0x0,0x0,0x6b,0x4,0x50,0x0,
0x6b,0x4,0x50,0x0,0x5e,0x0,0x0,0x0,
0x0,0x0,0x9,0x0,0xf,0x0,0x0,0x0,
0x0,0x0,0x0,0x0,0x89,0x1,0x50,0x0,
0x89,0x1,0xf0,0x0,0xc,0x0,0x0,0x0,
0x0,0x0,0x9,0x0,0x1,0x0,0x0,0x0,
0x0,0x0,0x0,0x0,0xd,0x0,0x50,0x0,
0xd,0x0,0xa0,0x0,0x19,0x0,0x0,0x0,
0x0,0x0,0x0,0x0,0x1e,0x0,0xc0,0x0,
0x0,0x0,0x0,0x0,0x1a,0x0,0x0,0x0,
0x1,0x0,0x0,0x0,0x1f,0x0,0xc0,0x0,
0x1b,0x0,0x0,0x0,0x15,0x0,0x0,0x0,
0x0,0x0,0x0,0x0,0x0,0x0,0x0,0x0,
0x0,0x0,0x0,0x0,0x0,0x0,0x0,0x0,
0x0,0x0,0xff,0xff,0xff,0xff,0xff,0xff,
0x0,0x0,0x0,0x0,0x54,0x0,0x0,0x0,
0x54,0x0,0x0,0x0,0x54,0x0,0x0,0x0,
0x0,0x0,0x0,0x0,0x54,0x0,0x0,0x0,
0x54,0x0,0x0,0x0,0x0,0x0,0x2,0x0,
0x54,0x0,0x0,0x0,0x0,0x0,0x0,0x0,
0x84,0x0,0x0,0x0,0xd,0x0,0x50,0x0,
0x0,0x0,0x0,0x0,0x84,0x0,0x0,0x0,
0x0,0x0,0x0,0x0,0x84,0x0,0x0,0x0,
0x0,0x0,0x0,0x0,0x4f,0x0,0x0,0x0,
0x0,0x2,0x7,0x0,0x1d,0x0,0x0,0x0,
0x0,0x0,0x0,0x0,0x6,0x1,0xa0,0x0,
0x6,0x1,0x50,0x1,0xd,0x0,0x0,0x0,
0x0,0x0,0x7,0x0,0x1c,0x0,0x0,0x0,
0x0,0x0,0x0,0x0,0xd,0x0,0xa0,0x0,
0xd,0x0,0x40,0x1,0x0,0x0,0x0,0x0,
0xf,0x0,0x0,0x0,0x0,0x0,0x0,0x0,
0x0,0x0,0xff,0xff,0xff,0xff,0xff,0xff,
0x0,0x0,0x0,0x0,0x54,0x0,0x0,0x0,
0x54,0x0,0x0,0x0,0x54,0x0,0x0,0x0,
0x0,0x0,0x0,0x0,0x54,0x0,0x0,0x0,
0x54,0x0,0x0,0x0,0x0,0x0,0x2,0x0,
0x54,0x0,0x0,0x0,0x0,0x0,0x0,0x0,
0x84,0x0,0x0,0x0,0xf,0x0,0x50,0x0,
0x0,0x0,0x0,0x0,0x84,0x0,0x0,0x0,
0x0,0x0,0x0,0x0,0x84,0x0,0x0,0x0,
0x0,0x0,0x0,0x0,0x13,0x0,0x0,0x0,
0x0,0x2,0x7,0x0,0x1f,0x0,0x0,0x0,
0x0,0x0,0x0,0x0,0x11,0x0,0x90,0x0,
0x11,0x0,0x40,0x1,0x10,0x0,0x0,0x0,
0x0,0x0,0xa,0x0,0x3,0x0,0x0,0x0,
0x0,0x0,0x0,0x0,0x10,0x0,0x90,0x0,
0x10,0x0,0x10,0x1,0x0,0x0,0x0,0x0,
0x0,0x0,0x0,0x0,0x0,0x0,0x0,0x0,
0x0,0x0,0xff,0xff,0xff,0xff,0xff,0xff,
0x0,0x0,0x0,0x0,0x54,0x0,0x0,0x0,
0x54,0x0,0x0,0x0,0x54,0x0,0x0,0x0,
0x0,0x0,0x0,0x0,0x54,0x0,0x0,0x0,
0x54,0x0,0x0,0x0,0x0,0x0,0x1,0x0,
0x54,0x0,0x0,0x0,0x0,0x0,0x0,0x0,
0x6c,0x0,0x0,0x0,0x10,0x0,0x90,0x0,
0x0,0x0,0x0,0x0,0x6c,0x0,0x0,0x0,
0x0,0x0,0x0,0x0,0x6c,0x0,0x0,0x0,
0x0,0x0,0x0,0x0,0x11,0x0,0x0,0x0,
0x0,0x0,0x7,0x0,0x21,0x0,0x0,0x0,
0x0,0x0,0x0,0x0,0x10,0x0,0x10,0x1,
0x10,0x0,0x70,0x1,0x0,0x0,0x0,0x0,
0x2f,0x0,0x0,0x0,0x30,0x0,0x0,0x0,
0x0,0x0,0xff,0xff,0xff,0xff,0xff,0xff,
0x0,0x0,0x0,0x0,0x54,0x0,0x0,0x0,
0x54,0x0,0x0,0x0,0x54,0x0,0x0,0x0,
0x0,0x0,0x0,0x0,0x54,0x0,0x0,0x0,
0x54,0x0,0x0,0x0,0x0,0x0,0x3,0x0,
0x54,0x0,0x0,0x0,0x0,0x0,0x0,0x0,
0x9c,0x0,0x0,0x0,0x38,0x0,0x50,0x0,
0x39,0x0,0x90,0x0,0x9c,0x0,0x0,0x0,
0x0,0x0,0x0,0x0,0x9c,0x0,0x0,0x0,
0x0,0x0,0x0,0x0,0x33,0x0,0x0,0x0,
0x0,0x0,0x7,0x0,0x22,0x0,0x0,0x0,
0x0,0x0,0x0,0x0,0x3c,0x0,0x90,0x0,
0x3c,0x0,0x60,0x1,0x32,0x0,0x0,0x0,
0x0,0x0,0x1,0x0,0x0,0x0,0x0,0x0,
0x0,0x0,0x0,0x0,0x3b,0x0,0x90,0x0,
0x3b,0x0,0x10,0x1,0x31,0x0,0x0,0x0,
0x0,0x0,0x2,0x0,0x4,0x0,0x0,0x0,
0x0,0x0,0x0,0x0,0x3a,0x0,0x90,0x0,
0x3a,0x0,0x30,0x1,0x0,0x0,0x0,0x0,
0x2f,0x0,0x0,0x0,0x4a,0x0,0x0,0x0,
0x0,0x0,0xff,0xff,0xff,0xff,0xff,0xff,
0x0,0x0,0x0,0x0,0x54,0x0,0x0,0x0,
0x54,0x0,0x0,0x0,0x54,0x0,0x0,0x0,
0x0,0x0,0x0,0x0,0x54,0x0,0x0,0x0,
0x54,0x0,0x0,0x0,0x0,0x0,0x3,0x0,
0x54,0x0,0x0,0x0,0x0,0x0,0x0,0x0,
0x9c,0x0,0x0,0x0,0xed,0x0,0x50,0x0,
0xee,0x0,0x90,0x0,0x9c,0x0,0x0,0x0,
0x0,0x0,0x0,0x0,0x9c,0x0,0x0,0x0,
0x0,0x0,0x0,0x0,0x33,0x0,0x0,0x0,
0x0,0x0,0x7,0x0,0x23,0x0,0x0,0x0,
0x0,0x0,0x0,0x0,0xf1,0x0,0x90,0x0,
0xf1,0x0,0x60,0x1,0x32,0x0,0x0,0x0,
0x0,0x0,0x1,0x0,0x0,0x0,0x0,0x0,
0x0,0x0,0x0,0x0,0xf0,0x0,0x90,0x0,
0xf0,0x0,0x10,0x1,0x31,0x0,0x0,0x0,
0x0,0x0,0x2,0x0,0x5,0x0,0x0,0x0,
0x0,0x0,0x0,0x0,0xef,0x0,0x90,0x0,
0xef,0x0,0x30,0x1,0x0,0x0,0x0,0x0,
0x2f,0x0,0x0,0x0,0x4b,0x0,0x0,0x0,
0x0,0x0,0xff,0xff,0xff,0xff,0xff,0xff,
0x0,0x0,0x0,0x0,0x54,0x0,0x0,0x0,
0x54,0x0,0x0,0x0,0x54,0x0,0x0,0x0,
0x0,0x0,0x0,0x0,0x54,0x0,0x0,0x0,
0x54,0x0,0x0,0x0,0x0,0x0,0x3,0x0,
0x54,0x0,0x0,0x0,0x0,0x0,0x0,0x0,
0x9c,0x0,0x0,0x0,0xf7,0x0,0x50,0x0,
0xf8,0x0,0x90,0x0,0x9c,0x0,0x0,0x0,
0x0,0x0,0x0,0x0,0x9c,0x0,0x0,0x0,
0x0,0x0,0x0,0x0,0x33,0x0,0x0,0x0,
0x0,0x0,0x7,0x0,0x24,0x0,0x0,0x0,
0x0,0x0,0x0,0x0,0xfb,0x0,0x90,0x0,
0xfb,0x0,0x60,0x1,0x32,0x0,0x0,0x0,
0x0,0x0,0x1,0x0,0x0,0x0,0x0,0x0,
0x0,0x0,0x0,0x0,0xfa,0x0,0x90,0x0,
0xfa,0x0,0x10,0x1,0x31,0x0,0x0,0x0,
0x0,0x0,0x2,0x0,0x6,0x0,0x0,0x0,
0x0,0x0,0x0,0x0,0xf9,0x0,0x90,0x0,
0xf9,0x0,0x30,0x1,0x0,0x0,0x0,0x0,
0x2f,0x0,0x0,0x0,0x4c,0x0,0x0,0x0,
0x0,0x0,0xff,0xff,0xff,0xff,0xff,0xff,
0x0,0x0,0x0,0x0,0x54,0x0,0x0,0x0,
0x54,0x0,0x0,0x0,0x54,0x0,0x0,0x0,
0x0,0x0,0x0,0x0,0x54,0x0,0x0,0x0,
0x54,0x0,0x0,0x0,0x0,0x0,0x4,0x0,
0x54,0x0,0x0,0x0,0x0,0x0,0x0,0x0,
0xb4,0x0,0x0,0x0,0xfe,0x0,0x50,0x0,
0xff,0x0,0x90,0x0,0xb4,0x0,0x0,0x0,
0x0,0x0,0x0,0x0,0xb4,0x0,0x0,0x0,
0x0,0x0,0x0,0x0,0x33,0x0,0x0,0x0,
0x0,0x0,0x7,0x0,0x26,0x0,0x0,0x0,
0x0,0x0,0x0,0x0,0x3,0x1,0x90,0x0,
0x3,0x1,0x60,0x1,0x4d,0x0,0x0,0x0,
0x0,0x0,0x7,0x0,0x25,0x0,0x0,0x0,
0x0,0x0,0x0,0x0,0x2,0x1,0x90,0x0,
0x2,0x1,0x20,0x1,0x32,0x0,0x0,0x0,
0x0,0x0,0x1,0x0,0x1,0x0,0x0,0x0,
0x0,0x0,0x0,0x0,0x1,0x1,0x90,0x0,
0x1,0x1,0x10,0x1,0x31,0x0,0x0,0x0,
0x0,0x0,0x2,0x0,0x7,0x0,0x0,0x0,
0x0,0x0,0x0,0x0,0x0,0x1,0x90,0x0,
0x0,0x1,0x30,0x1,0x0,0x0,0x0,0x0,
0x53,0x0,0x0,0x0,0x0,0x0,0x0,0x0,
0x0,0x0,0xff,0xff,0xff,0xff,0xff,0xff,
0x0,0x0,0x0,0x0,0x54,0x0,0x0,0x0,
0x54,0x0,0x0,0x0,0x54,0x0,0x0,0x0,
0x0,0x0,0x0,0x0,0x54,0x0,0x0,0x0,
0x54,0x0,0x0,0x0,0x0,0x0,0x2,0x0,
0x54,0x0,0x0,0x0,0x0,0x0,0x0,0x0,
0x84,0x0,0x0,0x0,0x57,0x1,0x50,0x0,
0x0,0x0,0x0,0x0,0x84,0x0,0x0,0x0,
0x0,0x0,0x0,0x0,0x84,0x0,0x0,0x0,
0x0,0x0,0x0,0x0,0x54,0x0,0x0,0x0,
0x0,0x0,0x7,0x0,0x27,0x0,0x0,0x0,
0x0,0x0,0x0,0x0,0x59,0x1,0x90,0x0,
0x59,0x1,0x0,0x1,0x10,0x0,0x0,0x0,
0x0,0x0,0xa,0x0,0x9,0x0,0x0,0x0,
0x0,0x0,0x0,0x0,0x58,0x1,0x90,0x0,
0x58,0x1,0x10,0x1,0x0,0x0,0x0,0x0,
0x0,0x0,0x0,0x0,0x0,0x0,0x0,0x0,
0x0,0x0,0xff,0xff,0xff,0xff,0xff,0xff,
0x0,0x0,0x0,0x0,0x54,0x0,0x0,0x0,
0x54,0x0,0x0,0x0,0x54,0x0,0x0,0x0,
0x0,0x0,0x0,0x0,0x54,0x0,0x0,0x0,
0x54,0x0,0x0,0x0,0x0,0x0,0x1,0x0,
0x54,0x0,0x0,0x0,0x0,0x0,0x0,0x0,
0x6c,0x0,0x0,0x0,0x58,0x1,0x90,0x0,
0x0,0x0,0x0,0x0,0x6c,0x0,0x0,0x0,
0x0,0x0,0x0,0x0,0x6c,0x0,0x0,0x0,
0x0,0x0,0x0,0x0,0x11,0x0,0x0,0x0,
0x0,0x0,0x7,0x0,0x28,0x0,0x0,0x0,
0x0,0x0,0x0,0x0,0x58,0x1,0x10,0x1,
0x58,0x1,0x70,0x1,0x0,0x0,0x0,0x0,
0x53,0x0,0x0,0x0,0x0,0x0,0x0,0x0,
0x0,0x0,0xff,0xff,0xff,0xff,0xff,0xff,
0x0,0x0,0x0,0x0,0x54,0x0,0x0,0x0,
0x54,0x0,0x0,0x0,0x54,0x0,0x0,0x0,
0x0,0x0,0x0,0x0,0x54,0x0,0x0,0x0,
0x54,0x0,0x0,0x0,0x0,0x0,0x5,0x0,
0x54,0x0,0x0,0x0,0x0,0x0,0x0,0x0,
0xcc,0x0,0x0,0x0,0x5c,0x1,0x50,0x0,
0x0,0x0,0x0,0x0,0xcc,0x0,0x0,0x0,
0x0,0x0,0x0,0x0,0xcc,0x0,0x0,0x0,
0x0,0x0,0x0,0x0,0x5c,0x0,0x0,0x0,
0x0,0x0,0x2,0x0,0x8,0x0,0x0,0x0,
0x0,0x0,0x0,0x0,0x62,0x1,0x90,0x0,
0x62,0x1,0xc0,0x0,0x5a,0x0,0x0,0x0,
0x0,0x0,0x7,0x0,0x29,0x0,0x0,0x0,
0x0,0x0,0x0,0x0,0x61,0x1,0x90,0x0,
0x61,0x1,0x10,0x1,0x54,0x0,0x0,0x0,
0x0,0x0,0x3,0x0,0x0,0x0,0x0,0x0,
0x56,0x0,0x0,0x0,0x5e,0x1,0x90,0x0,
0x5e,0x1,0x0,0x1,0x57,0x0,0x0,0x0,
0x0,0x0,0xa,0x0,0xc,0x0,0x0,0x0,
0x0,0x0,0x0,0x0,0x5f,0x1,0x90,0x0,
0x5f,0x1,0x0,0x1,0x10,0x0,0x0,0x0,
0x0,0x0,0xa,0x0,0xb,0x0,0x0,0x0,
0x0,0x0,0x0,0x0,0x5d,0x1,0x90,0x0,
0x5d,0x1,0x10,0x1,0x0,0x0,0x0,0x0,
0x0,0x0,0x0,0x0,0x0,0x0,0x0,0x0,
0x0,0x0,0xff,0xff,0xff,0xff,0xff,0xff,
0x0,0x0,0x0,0x0,0x54,0x0,0x0,0x0,
0x54,0x0,0x0,0x0,0x54,0x0,0x0,0x0,
0x0,0x0,0x0,0x0,0x54,0x0,0x0,0x0,
0x54,0x0,0x0,0x0,0x0,0x0,0x1,0x0,
0x54,0x0,0x0,0x0,0x0,0x0,0x0,0x0,
0x6c,0x0,0x0,0x0,0x5d,0x1,0x90,0x0,
0x0,0x0,0x0,0x0,0x6c,0x0,0x0,0x0,
0x0,0x0,0x0,0x0,0x6c,0x0,0x0,0x0,
0x0,0x0,0x0,0x0,0x11,0x0,0x0,0x0,
0x0,0x0,0x7,0x0,0x2a,0x0,0x0,0x0,
0x0,0x0,0x0,0x0,0x5d,0x1,0x10,0x1,
0x5d,0x1,0x70,0x1,0x0,0x0,0x0,0x0,
0x0,0x0,0x0,0x0,0x0,0x0,0x0,0x0,
0x0,0x0,0xff,0xff,0xff,0xff,0xff,0xff,
0x0,0x0,0x0,0x0,0x54,0x0,0x0,0x0,
0x54,0x0,0x0,0x0,0x54,0x0,0x0,0x0,
0x0,0x0,0x0,0x0,0x54,0x0,0x0,0x0,
0x54,0x0,0x0,0x0,0x0,0x0,0x2,0x0,
0x54,0x0,0x0,0x0,0x0,0x0,0x0,0x0,
0x84,0x0,0x0,0x0,0x5f,0x1,0x90,0x0,
0x0,0x0,0x0,0x0,0x84,0x0,0x0,0x0,
0x0,0x0,0x0,0x0,0x84,0x0,0x0,0x0,
0x0,0x0,0x0,0x0,0x54,0x0,0x0,0x0,
0x0,0x0,0x7,0x0,0x2c,0x0,0x0,0x0,
0x0,0x0,0x0,0x0,0x60,0x1,0x0,0x1,
0x60,0x1,0x70,0x1,0x58,0x0,0x0,0x0,
0x0,0x0,0x7,0x0,0x2b,0x0,0x0,0x0,
0x0,0x0,0x0,0x0,0x5f,0x1,0x0,0x1,
0x5f,0x1,0x70,0x1,0x0,0x0,0x0,0x0,
0x5d,0x0,0x0,0x0,0x16,0x0,0x0,0x0,
0x0,0x0,0xff,0xff,0xff,0xff,0xff,0xff,
0x0,0x0,0x0,0x0,0x54,0x0,0x0,0x0,
0x54,0x0,0x0,0x0,0x54,0x0,0x0,0x0,
0x0,0x0,0x0,0x0,0x54,0x0,0x0,0x0,
0x54,0x0,0x0,0x0,0x0,0x0,0x5,0x0,
0x54,0x0,0x0,0x0,0x0,0x0,0x0,0x0,
0xcc,0x0,0x0,0x0,0x65,0x1,0x50,0x0,
0x66,0x1,0x90,0x0,0xcc,0x0,0x0,0x0,
0x0,0x0,0x0,0x0,0xcc,0x0,0x0,0x0,
0x0,0x0,0x0,0x0,0x67,0x0,0x0,0x0,
0x0,0x2,0x7,0x0,0x32,0x0,0x0,0x0,
0x0,0x0,0x0,0x0,0x80,0x1,0x90,0x0,
0x80,0x1,0xb0,0x1,0x65,0x0,0x0,0x0,
0x0,0x2,0x7,0x0,0x30,0x0,0x0,0x0,
0x0,0x0,0x0,0x0,0x76,0x1,0x90,0x0,
0x76,0x1,0xd0,0x1,0x63,0x0,0x0,0x0,
0x0,0x0,0x7,0x0,0x2f,0x0,0x0,0x0,
0x0,0x0,0x0,0x0,0x72,0x1,0x90,0x0,
0x72,0x1,0xf0,0x1,0x61,0x0,0x0,0x0,
0x0,0x2,0x7,0x0,0x2d,0x0,0x0,0x0,
0x0,0x0,0x0,0x0,0x71,0x1,0x90,0x0,
0x71,0x1,0xc0,0x1,0x5e,0x0,0x0,0x0,
0x0,0x0,0x9,0x0,0xe,0x0,0x0,0x0,
0x0,0x0,0x0,0x0,0x67,0x1,0x90,0x0,
0x67,0x1,0x30,0x1,0x0,0x0,0x0,0x0,
0x0,0x0,0x0,0x0,0x0,0x0,0x0,0x0,
0x0,0x0,0xff,0xff,0xff,0xff,0xff,0xff,
0x0,0x0,0x0,0x0,0x54,0x0,0x0,0x0,
0x54,0x0,0x0,0x0,0x54,0x0,0x0,0x0,
0x0,0x0,0x0,0x0,0x54,0x0,0x0,0x0,
0x54,0x0,0x0,0x0,0x0,0x0,0x1,0x0,
0x54,0x0,0x0,0x0,0x0,0x0,0x0,0x0,
0x6c,0x0,0x0,0x0,0x67,0x1,0x90,0x0,
0x0,0x0,0x0,0x0,0x6c,0x0,0x0,0x0,
0x0,0x0,0x0,0x0,0x6c,0x0,0x0,0x0,
0x0,0x0,0x0,0x0,0x5f,0x0,0x0,0x0,
0x0,0x0,0x7,0x0,0x34,0x0,0x0,0x0,
0x0,0x0,0x0,0x0,0x67,0x1,0x30,0x1,
0x67,0x1,0x0,0x2,0x0,0x0,0x0,0x0,
0x0,0x0,0x0,0x0,0x0,0x0,0x0,0x0,
0x0,0x0,0xff,0xff,0xff,0xff,0xff,0xff,
0x0,0x0,0x0,0x0,0x54,0x0,0x0,0x0,
0x54,0x0,0x0,0x0,0x54,0x0,0x0,0x0,
0x0,0x0,0x0,0x0,0x54,0x0,0x0,0x0,
0x54,0x0,0x0,0x0,0x0,0x0,0x1,0x0,
0x54,0x0,0x0,0x0,0x0,0x0,0x0,0x0,
0x6c,0x0,0x0,0x0,0x89,0x1,0x50,0x0,
0x0,0x0,0x0,0x0,0x6c,0x0,0x0,0x0,
0x0,0x0,0x0,0x0,0x6c,0x0,0x0,0x0,
0x0,0x0,0x0,0x0,0x5f,0x0,0x0,0x0,
0x0,0x0,0x7,0x0,0x35,0x0,0x0,0x0,
0x0,0x0,0x0,0x0,0x89,0x1,0xf0,0x0,
0x89,0x1,0xc0,0x1,0x0,0x0,0x0,0x0,
0x74,0x0,0x0,0x0,0x75,0x0,0x0,0x0,
0x0,0x0,0xff,0xff,0xff,0xff,0xff,0xff,
0x0,0x0,0x0,0x0,0x54,0x0,0x0,0x0,
0x54,0x0,0x0,0x0,0x54,0x0,0x0,0x0,
0x1,0x0,0x0,0x0,0x68,0x0,0x0,0x0,
0x68,0x0,0x0,0x0,0x0,0x0,0x8,0x0,
0x68,0x0,0x0,0x0,0x0,0x0,0x0,0x0,
0x28,0x1,0x0,0x0,0x93,0x1,0x50,0x0,
0x94,0x1,0x90,0x0,0x28,0x1,0x0,0x0,
0x0,0x0,0x0,0x0,0x28,0x1,0x0,0x0,
0x0,0x0,0x0,0x0,0x7c,0x0,0x0,0x0,
0x7d,0x0,0x0,0x0,0x7e,0x0,0x0,0x0,
0x9b,0x1,0x90,0x0,0x9b,0x1,0x40,0x2,
0x8e,0x0,0x0,0x0,0x0,0x0,0x7,0x0,
0x38,0x0,0x0,0x0,0x0,0x0,0x0,0x0,
0xac,0x1,0x90,0x0,0xac,0x1,0x50,0x1,
0x8c,0x0,0x0,0x0,0x0,0x0,0x7,0x0,
0x37,0x0,0x0,0x0,0x0,0x0,0x0,0x0,
0xa8,0x1,0x90,0x0,0xa8,0x1,0x30,0x1,
0x8b,0x0,0x0,0x0,0x0,0x0,0x8,0x0,
0x12,0x0,0x0,0x0,0x0,0x0,0x0,0x0,
0x9d,0x1,0x90,0x0,0x9d,0x1,0x60,0x1,
0x58,0x0,0x0,0x0,0x0,0x0,0x2,0x0,
0x9,0x0,0x0,0x0,0x0,0x0,0x0,0x0,
0x98,0x1,0x90,0x0,0x98,0x1,0x0,0x1,
0x78,0x0,0x0,0x0,0x0,0x0,0x7,0x0,
0x36,0x0,0x0,0x0,0x0,0x0,0x0,0x0,
0x97,0x1,0x90,0x0,0x97,0x1,0xa0,0x1,
0x77,0x0,0x0,0x0,0x0,0x0,0x1,0x0,
0x1,0x0,0x0,0x0,0x0,0x0,0x0,0x0,
0x96,0x1,0x90,0x0,0x96,0x1,0x0,0x1,
0x1b,0x0,0x0,0x0,0x0,0x0,0x3,0x0,
0x0,0x0,0x0,0x0,0x76,0x0,0x0,0x0,
0x95,0x1,0x90,0x0,0x95,0x1,0x0,0x1,
0x10,0x0,0x0,0x0,0x0,0x0,0xa,0x0,
0x11,0x0,0x0,0x0,0x0,0x0,0x0,0x0,
0x99,0x1,0x90,0x0,0x99,0x1,0x10,0x1,
0x0,0x0,0x0,0x0,0x0,0x0,0x0,0x0,
0x0,0x0,0xff,0xff,0xff,0xff,0xff,0xff,
0x0,0x0,0x0,0x0,0x54,0x0,0x0,0x0,
0x54,0x0,0x0,0x0,0x54,0x0,0x0,0x0,
0x0,0x0,0x0,0x0,0x54,0x0,0x0,0x0,
0x54,0x0,0x0,0x0,0x0,0x0,0x1,0x0,
0x54,0x0,0x0,0x0,0x0,0x0,0x0,0x0,
0x6c,0x0,0x0,0x0,0x99,0x1,0x90,0x0,
0x0,0x0,0x0,0x0,0x6c,0x0,0x0,0x0,
0x0,0x0,0x0,0x0,0x6c,0x0,0x0,0x0,
0x0,0x0,0x0,0x0,0x7a,0x0,0x0,0x0,
0x0,0x0,0x7,0x0,0x39,0x0,0x0,0x0,
0x0,0x0,0x0,0x0,0x99,0x1,0x10,0x1,
0x99,0x1,0xb0,0x1,0x0,0x0,0x0,0x0,
0x7f,0x0,0x0,0x0,0x0,0x0,0x0,0x0,
0x0,0x0,0xff,0xff,0xff,0xff,0xff,0xff,
0x0,0x0,0x0,0x0,0x54,0x0,0x0,0x0,
0x54,0x0,0x0,0x0,0x54,0x0,0x0,0x0,
0x0,0x0,0x0,0x0,0x54,0x0,0x0,0x0,
0x54,0x0,0x0,0x0,0x0,0x0,0x3,0x0,
0x54,0x0,0x0,0x0,0x0,0x0,0x0,0x0,
0x9c,0x0,0x0,0x0,0x9d,0x1,0x60,0x1,
0x0,0x0,0x0,0x0,0x9c,0x0,0x0,0x0,
0x0,0x0,0x0,0x0,0x9c,0x0,0x0,0x0,
0x0,0x0,0x0,0x0,0x80,0x0,0x0,0x0,
0x0,0x0,0x2,0x0,0x8,0x0,0x0,0x0,
0x0,0x0,0x0,0x0,0x9e,0x1,0xd0,0x0,
0x9e,0x1,0x60,0x1,0x0,0x0,0x0,0x0,
0x0,0x0,0x8,0x0,0x13,0x0,0x0,0x0,
0x0,0x0,0x0,0x0,0x9f,0x1,0xd0,0x0,
0x9f,0x1,0xd0,0x0,0x0,0x0,0x0,0x0,
0x0,0x0,0x8,0x0,0x15,0x0,0x0,0x0,
0x0,0x0,0x0,0x0,0xa0,0x1,0xd0,0x0,
0xa0,0x1,0xd0,0x0,0x0,0x0,0x0,0x0,
0x81,0x0,0x0,0x0,0x0,0x0,0x0,0x0,
0x0,0x0,0xff,0xff,0xff,0xff,0xff,0xff,
0x0,0x0,0x0,0x0,0x54,0x0,0x0,0x0,
0x54,0x0,0x0,0x0,0x54,0x0,0x0,0x0,
0x0,0x0,0x0,0x0,0x54,0x0,0x0,0x0,
0x54,0x0,0x0,0x0,0x0,0x0,0x3,0x0,
0x54,0x0,0x0,0x0,0x0,0x0,0x0,0x0,
0x9c,0x0,0x0,0x0,0x9f,0x1,0xd0,0x0,
0x0,0x0,0x0,0x0,0x9c,0x0,0x0,0x0,
0x0,0x0,0x0,0x0,0x9c,0x0,0x0,0x0,
0x0,0x0,0x0,0x0,0x54,0x0,0x0,0x0,
0x0,0x0,0x7,0x0,0x3a,0x0,0x0,0x0,
0x0,0x0,0x0,0x0,0x9f,0x1,0x90,0x2,
0x9f,0x1,0x0,0x3,0x7e,0x0,0x0,0x0,
0x0,0x0,0x3,0x0,0x0,0x0,0x0,0x0,
0x82,0x0,0x0,0x0,0x9f,0x1,0x40,0x1,
0x9f,0x1,0xa0,0x1,0x83,0x0,0x0,0x0,
0x0,0x0,0xa,0x0,0x14,0x0,0x0,0x0,
0x0,0x0,0x0,0x0,0x9f,0x1,0x70,0x4,
0x9f,0x1,0xc0,0x4,0x0,0x0,0x0,0x0,
0x0,0x0,0x0,0x0,0x0,0x0,0x0,0x0,
0x0,0x0,0xff,0xff,0xff,0xff,0xff,0xff,
0x0,0x0,0x0,0x0,0x54,0x0,0x0,0x0,
0x54,0x0,0x0,0x0,0x54,0x0,0x0,0x0,
0x0,0x0,0x0,0x0,0x54,0x0,0x0,0x0,
0x54,0x0,0x0,0x0,0x0,0x0,0x1,0x0,
0x54,0x0,0x0,0x0,0x0,0x0,0x0,0x0,
0x6c,0x0,0x0,0x0,0x9f,0x1,0x70,0x4,
0x0,0x0,0x0,0x0,0x6c,0x0,0x0,0x0,
0x0,0x0,0x0,0x0,0x6c,0x0,0x0,0x0,
0x0,0x0,0x0,0x0,0x84,0x0,0x0,0x0,
0x0,0x0,0x2,0x0,0xa,0x0,0x0,0x0,
0x0,0x0,0x0,0x0,0x9f,0x1,0xc0,0x4,
0x9f,0x1,0x70,0x5,0x0,0x0,0x0,0x0,
0x85,0x0,0x0,0x0,0x7d,0x0,0x0,0x0,
0x0,0x0,0xff,0xff,0xff,0xff,0xff,0xff,
0x0,0x0,0x0,0x0,0x54,0x0,0x0,0x0,
0x54,0x0,0x0,0x0,0x54,0x0,0x0,0x0,
0x0,0x0,0x0,0x0,0x54,0x0,0x0,0x0,
0x54,0x0,0x0,0x0,0x0,0x0,0x3,0x0,
0x54,0x0,0x0,0x0,0x0,0x0,0x0,0x0,
0x9c,0x0,0x0,0x0,0xa0,0x1,0xd0,0x0,
0xa1,0x1,0x10,0x1,0x9c,0x0,0x0,0x0,
0x0,0x0,0x0,0x0,0x9c,0x0,0x0,0x0,
0x0,0x0,0x0,0x0,0x8a,0x0,0x0,0x0,
0x0,0x0,0x1,0x0,0x1,0x0,0x0,0x0,
0x0,0x0,0x0,0x0,0xa4,0x1,0x10,0x1,
0xa4,0x1,0x0,0x2,0x88,0x0,0x0,0x0,
0x0,0x0,0x3,0x0,0x0,0x0,0x0,0x0,
0x89,0x0,0x0,0x0,0xa3,0x1,0x10,0x1,
0xa3,0x1,0x20,0x2,0x86,0x0,0x0,0x0,
0x0,0x0,0x9,0x0,0x16,0x0,0x0,0x0,
0x0,0x0,0x0,0x0,0xa2,0x1,0x10,0x1,
0xa2,0x1,0x80,0x1,0x0,0x0,0x0,0x0,
0x0,0x0,0x0,0x0,0x0,0x0,0x0,0x0,
0x0,0x0,0xff,0xff,0xff,0xff,0xff,0xff,
0x0,0x0,0x0,0x0,0x54,0x0,0x0,0x0,
0x54,0x0,0x0,0x0,0x54,0x0,0x0,0x0,
0x0,0x0,0x0,0x0,0x54,0x0,0x0,0x0,
0x54,0x0,0x0,0x0,0x0,0x0,0x1,0x0,
0x54,0x0,0x0,0x0,0x0,0x0,0x0,0x0,
0x6c,0x0,0x0,0x0,0xa2,0x1,0x10,0x1,
0x0,0x0,0x0,0x0,0x6c,0x0,0x0,0x0,
0x0,0x0,0x0,0x0,0x6c,0x0,0x0,0x0,
0x0,0x0,0x0,0x0,0x87,0x0,0x0,0x0,
0x0,0x0,0x1,0x0,0x1,0x0,0x0,0x0,
0x0,0x0,0x0,0x0,0xa2,0x1,0x80,0x1,
0xa2,0x1,0x30,0x2,0x0,0x0,0x0,0x0,
0x90,0x0,0x0,0x0,0x91,0x0,0x0,0x0,
0x0,0x0,0xff,0xff,0xff,0xff,0xff,0xff,
0x0,0x0,0x0,0x0,0x54,0x0,0x0,0x0,
0x54,0x0,0x0,0x0,0x54,0x0,0x0,0x0,
0x0,0x0,0x0,0x0,0x54,0x0,0x0,0x0,
0x54,0x0,0x0,0x0,0x0,0x0,0x8,0x0,
0x54,0x0,0x0,0x0,0x0,0x0,0x0,0x0,
0x14,0x1,0x0,0x0,0xb2,0x1,0x50,0x0,
0xb3,0x1,0x90,0x0,0x14,0x1,0x0,0x0,
0x0,0x0,0x0,0x0,0x14,0x1,0x0,0x0,
0x0,0x0,0x0,0x0,0x0,0x0,0x0,0x0,
0x0,0x0,0x8,0x0,0x19,0x0,0x0,0x0,
0x0,0x0,0x0,0x0,0xb6,0x1,0x90,0x0,
0xb6,0x1,0x90,0x0,0x0,0x0,0x0,0x0,
0x0,0x0,0x8,0x0,0x1a,0x0,0x0,0x0,
0x0,0x0,0x0,0x0,0xb7,0x1,0x90,0x0,
0xb7,0x1,0x90,0x0,0x0,0x0,0x0,0x0,
0x0,0x0,0x8,0x0,0x1b,0x0,0x0,0x0,
0x0,0x0,0x0,0x0,0xb8,0x1,0x90,0x0,
0xb8,0x1,0x90,0x0,0x0,0x0,0x0,0x0,
0x0,0x0,0x8,0x0,0x1c,0x0,0x0,0x0,
0x0,0x0,0x0,0x0,0xb9,0x1,0x90,0x0,
0xb9,0x1,0x90,0x0,0x0,0x0,0x0,0x0,
0x0,0x0,0x8,0x0,0x1d,0x0,0x0,0x0,
0x0,0x0,0x0,0x0,0xba,0x1,0x90,0x0,
0xba,0x1,0x90,0x0,0x0,0x0,0x0,0x0,
0x0,0x0,0x8,0x0,0x1e,0x0,0x0,0x0,
0x0,0x0,0x0,0x0,0xbb,0x1,0x90,0x0,
0xbb,0x1,0x90,0x0,0x0,0x0,0x0,0x0,
0x0,0x0,0x8,0x0,0x1f,0x0,0x0,0x0,
0x0,0x0,0x0,0x0,0xbc,0x1,0x90,0x0,
0xbc,0x1,0x90,0x0,0x92,0x0,0x0,0x0,
0x0,0x0,0x9,0x0,0x18,0x0,0x0,0x0,
0x0,0x0,0x0,0x0,0xb4,0x1,0x90,0x0,
0xb4,0x1,0x20,0x1,0x0,0x0,0x0,0x0,
0x0,0x0,0x0,0x0,0x0,0x0,0x0,0x0,
0x0,0x0,0xff,0xff,0xff,0xff,0xff,0xff,
0x0,0x0,0x0,0x0,0x54,0x0,0x0,0x0,
0x54,0x0,0x0,0x0,0x54,0x0,0x0,0x0,
0x0,0x0,0x0,0x0,0x54,0x0,0x0,0x0,
0x54,0x0,0x0,0x0,0x0,0x0,0x2,0x0,
0x54,0x0,0x0,0x0,0x0,0x0,0x0,0x0,
0x84,0x0,0x0,0x0,0xb4,0x1,0x90,0x0,
0x0,0x0,0x0,0x0,0x84,0x0,0x0,0x0,
0x0,0x0,0x0,0x0,0x84,0x0,0x0,0x0,
0x0,0x0,0x0,0x0,0x94,0x0,0x0,0x0,
0x0,0x0,0x7,0x0,0x3c,0x0,0x0,0x0,
0x0,0x0,0x0,0x0,0xb5,0x1,0x20,0x1,
0xb5,0x1,0xe0,0x1,0x17,0x0,0x0,0x0,
0x0,0x0,0x7,0x0,0x3b,0x0,0x0,0x0,
0x0,0x0,0x0,0x0,0xb4,0x1,0x20,0x1,
0xb4,0x1,0x90,0x1,0x0,0x0,0x0,0x0,
0x96,0x0,0x0,0x0,0x0,0x0,0x0,0x0,
0x0,0x0,0xff,0xff,0xff,0xff,0xff,0xff,
0x0,0x0,0x0,0x0,0x54,0x0,0x0,0x0,
0x54,0x0,0x0,0x0,0x54,0x0,0x0,0x0,
0x0,0x0,0x0,0x0,0x54,0x0,0x0,0x0,
0x54,0x0,0x0,0x0,0x0,0x0,0x2,0x0,
0x54,0x0,0x0,0x0,0x0,0x0,0x0,0x0,
0x84,0x0,0x0,0x0,0xb6,0x1,0x90,0x0,
0x0,0x0,0x0,0x0,0x84,0x0,0x0,0x0,
0x0,0x0,0x0,0x0,0x84,0x0,0x0,0x0,
0x0,0x0,0x0,0x0,0x33,0x0,0x0,0x0,
0x0,0x0,0x7,0x0,0x3d,0x0,0x0,0x0,
0x0,0x0,0x0,0x0,0xb6,0x1,0x80,0x2,
0xb6,0x1,0x50,0x3,0x7e,0x0,0x0,0x0,
0x0,0x0,0x3,0x0,0x0,0x0,0x0,0x0,
0x89,0x0,0x0,0x0,0xb6,0x1,0x40,0x1,
0xb6,0x1,0xa0,0x1,0x0,0x0,0x0,0x0,
0x96,0x0,0x0,0x0,0x0,0x0,0x0,0x0,
0x0,0x0,0xff,0xff,0xff,0xff,0xff,0xff,
0x0,0x0,0x0,0x0,0x54,0x0,0x0,0x0,
0x54,0x0,0x0,0x0,0x54,0x0,0x0,0x0,
0x0,0x0,0x0,0x0,0x54,0x0,0x0,0x0,
0x54,0x0,0x0,0x0,0x0,0x0,0x4,0x0,
0x54,0x0,0x0,0x0,0x0,0x0,0x0,0x0,
0xb4,0x0,0x0,0x0,0xb7,0x1,0x90,0x0,
0x0,0x0,0x0,0x0,0xb4,0x0,0x0,0x0,
0x0,0x0,0x0,0x0,0xb4,0x0,0x0,0x0,
0x0,0x0,0x0,0x0,0x33,0x0,0x0,0x0,
0x0,0x0,0x7,0x0,0x3f,0x0,0x0,0x0,
0x0,0x0,0x0,0x0,0xb7,0x1,0xf0,0x5,
0xb7,0x1,0xc0,0x6,0x99,0x0,0x0,0x0,
0x0,0x0,0x7,0x0,0x3e,0x0,0x0,0x0,
0x0,0x0,0x0,0x0,0xb7,0x1,0xa0,0x3,
0xb7,0x1,0x30,0x4,0x98,0x0,0x0,0x0,
0x0,0x0,0x1,0x0,0x1,0x0,0x0,0x0,
0x0,0x0,0x0,0x0,0xb7,0x1,0x90,0x2,
0xb7,0x1,0x40,0x3,0x7e,0x0,0x0,0x0,
0x0,0x0,0x3,0x0,0x0,0x0,0x0,0x0,
0x97,0x0,0x0,0x0,0xb7,0x1,0x40,0x1,
0xb7,0x1,0xa0,0x1,0x0,0x0,0x0,0x0,
0x96,0x0,0x0,0x0,0x0,0x0,0x0,0x0,
0x0,0x0,0xff,0xff,0xff,0xff,0xff,0xff,
0x0,0x0,0x0,0x0,0x54,0x0,0x0,0x0,
0x54,0x0,0x0,0x0,0x54,0x0,0x0,0x0,
0x0,0x0,0x0,0x0,0x54,0x0,0x0,0x0,
0x54,0x0,0x0,0x0,0x0,0x0,0x3,0x0,
0x54,0x0,0x0,0x0,0x0,0x0,0x0,0x0,
0x9c,0x0,0x0,0x0,0xb8,0x1,0x90,0x0,
0x0,0x0,0x0,0x0,0x9c,0x0,0x0,0x0,
0x0,0x0,0x0,0x0,0x9c,0x0,0x0,0x0,
0x0,0x0,0x0,0x0,0x33,0x0,0x0,0x0,
0x0,0x0,0x7,0x0,0x41,0x0,0x0,0x0,
0x0,0x0,0x0,0x0,0xb8,0x1,0x50,0x4,
0xb8,0x1,0x20,0x5,0x9c,0x0,0x0,0x0,
0x0,0x0,0x7,0x0,0x40,0x0,0x0,0x0,
0x0,0x0,0x0,0x0,0xb8,0x1,0x30,0x2,
0xb8,0x1,0xc0,0x2,0x7e,0x0,0x0,0x0,
0x0,0x0,0x3,0x0,0x0,0x0,0x0,0x0,
0x9b,0x0,0x0,0x0,0xb8,0x1,0x40,0x1,
0xb8,0x1,0xa0,0x1,0x0,0x0,0x0,0x0,
0x96,0x0,0x0,0x0,0x0,0x0,0x0,0x0,
0x0,0x0,0xff,0xff,0xff,0xff,0xff,0xff,
0x0,0x0,0x0,0x0,0x54,0x0,0x0,0x0,
0x54,0x0,0x0,0x0,0x54,0x0,0x0,0x0,
0x0,0x0,0x0,0x0,0x54,0x0,0x0,0x0,
0x54,0x0,0x0,0x0,0x0,0x0,0x2,0x0,
0x54,0x0,0x0,0x0,0x0,0x0,0x0,0x0,
0x84,0x0,0x0,0x0,0xb9,0x1,0x90,0x0,
0x0,0x0,0x0,0x0,0x84,0x0,0x0,0x0,
0x0,0x0,0x0,0x0,0x84,0x0,0x0,0x0,
0x0,0x0,0x0,0x0,0x33,0x0,0x0,0x0,
0x0,0x0,0x7,0x0,0x42,0x0,0x0,0x0,
0x0,0x0,0x0,0x0,0xb9,0x1,0xa0,0x2,
0xb9,0x1,0x70,0x3,0x7e,0x0,0x0,0x0,
0x0,0x0,0x3,0x0,0x0,0x0,0x0,0x0,
0x9e,0x0,0x0,0x0,0xb9,0x1,0x40,0x1,
0xb9,0x1,0xa0,0x1,0x0,0x0,0x0,0x0,
0x96,0x0,0x0,0x0,0x0,0x0,0x0,0x0,
0x0,0x0,0xff,0xff,0xff,0xff,0xff,0xff,
0x0,0x0,0x0,0x0,0x54,0x0,0x0,0x0,
0x54,0x0,0x0,0x0,0x54,0x0,0x0,0x0,
0x0,0x0,0x0,0x0,0x54,0x0,0x0,0x0,
0x54,0x0,0x0,0x0,0x0,0x0,0x2,0x0,
0x54,0x0,0x0,0x0,0x0,0x0,0x0,0x0,
0x84,0x0,0x0,0x0,0xba,0x1,0x90,0x0,
0x0,0x0,0x0,0x0,0x84,0x0,0x0,0x0,
0x0,0x0,0x0,0x0,0x84,0x0,0x0,0x0,
0x0,0x0,0x0,0x0,0x33,0x0,0x0,0x0,
0x0,0x0,0x7,0x0,0x43,0x0,0x0,0x0,
0x0,0x0,0x0,0x0,0xba,0x1,0x50,0x2,
0xba,0x1,0x20,0x3,0x7e,0x0,0x0,0x0,
0x0,0x0,0x3,0x0,0x0,0x0,0x0,0x0,
0x9f,0x0,0x0,0x0,0xba,0x1,0x40,0x1,
0xba,0x1,0xa0,0x1,0x0,0x0,0x0,0x0,
0xa0,0x0,0x0,0x0,0x0,0x0,0x0,0x0,
0x0,0x0,0xff,0xff,0xff,0xff,0xff,0xff,
0x0,0x0,0x0,0x0,0x54,0x0,0x0,0x0,
0x54,0x0,0x0,0x0,0x54,0x0,0x0,0x0,
0x0,0x0,0x0,0x0,0x54,0x0,0x0,0x0,
0x54,0x0,0x0,0x0,0x0,0x0,0x0,0x0,
0x54,0x0,0x0,0x0,0x0,0x0,0x0,0x0,
0x54,0x0,0x0,0x0,0xbb,0x1,0x90,0x0,
0x0,0x0,0x0,0x0,0x54,0x0,0x0,0x0,
0x0,0x0,0x0,0x0,0x54,0x0,0x0,0x0,
0x0,0x0,0x0,0x0,0x0,0x0,0x0,0x0,
0x96,0x0,0x0,0x0,0x0,0x0,0x0,0x0,
0x0,0x0,0xff,0xff,0xff,0xff,0xff,0xff,
0x0,0x0,0x0,0x0,0x54,0x0,0x0,0x0,
0x54,0x0,0x0,0x0,0x54,0x0,0x0,0x0,
0x0,0x0,0x0,0x0,0x54,0x0,0x0,0x0,
0x54,0x0,0x0,0x0,0x0,0x0,0x3,0x0,
0x54,0x0,0x0,0x0,0x0,0x0,0x0,0x0,
0x9c,0x0,0x0,0x0,0xbc,0x1,0x90,0x0,
0x0,0x0,0x0,0x0,0x9c,0x0,0x0,0x0,
0x0,0x0,0x0,0x0,0x9c,0x0,0x0,0x0,
0x0,0x0,0x0,0x0,0x33,0x0,0x0,0x0,
0x0,0x0,0x7,0x0,0x44,0x0,0x0,0x0,
0x0,0x0,0x0,0x0,0xbe,0x1,0xd0,0x0,
0xbe,0x1,0xa0,0x1,0x7e,0x0,0x0,0x0,
0x0,0x0,0x3,0x0,0x0,0x0,0x0,0x0,
0xa1,0x0,0x0,0x0,0xbd,0x1,0xd0,0x0,
0xbd,0x1,0x30,0x1,0xa2,0x0,0x0,0x0,
0x0,0x0,0xa,0x0,0x20,0x0,0x0,0x0,
0x0,0x0,0x0,0x0,0xbf,0x1,0xd0,0x0,
0xbf,0x1,0x20,0x1,0x0,0x0,0x0,0x0,
0x0,0x0,0x0,0x0,0x0,0x0,0x0,0x0,
0x0,0x0,0xff,0xff,0xff,0xff,0xff,0xff,
0x0,0x0,0x0,0x0,0x54,0x0,0x0,0x0,
0x54,0x0,0x0,0x0,0x54,0x0,0x0,0x0,
0x0,0x0,0x0,0x0,0x54,0x0,0x0,0x0,
0x54,0x0,0x0,0x0,0x0,0x0,0x1,0x0,
0x54,0x0,0x0,0x0,0x0,0x0,0x0,0x0,
0x6c,0x0,0x0,0x0,0xbf,0x1,0xd0,0x0,
0x0,0x0,0x0,0x0,0x6c,0x0,0x0,0x0,
0x0,0x0,0x0,0x0,0x6c,0x0,0x0,0x0,
0x0,0x0,0x0,0x0,0xa3,0x0,0x0,0x0,
0x0,0x0,0x3,0x0,0x0,0x0,0x0,0x0,
0xa4,0x0,0x0,0x0,0xbf,0x1,0x20,0x1,
0xbf,0x1,0xa0,0x1,0x0,0x0,0x0,0x0,
0x5e,0x0,0x0,0x0,0xa5,0x0,0x0,0x0,
0x0,0x0,0xff,0xff,0xff,0xff,0xff,0xff,
0x0,0x0,0x0,0x0,0x54,0x0,0x0,0x0,
0x54,0x0,0x0,0x0,0x54,0x0,0x0,0x0,
0x0,0x0,0x0,0x0,0x54,0x0,0x0,0x0,
0x54,0x0,0x0,0x0,0x0,0x0,0x1,0x0,
0x54,0x0,0x0,0x0,0x0,0x0,0x0,0x0,
0x6c,0x0,0x0,0x0,0xc4,0x1,0x50,0x0,
0xc5,0x1,0x90,0x0,0x6c,0x0,0x0,0x0,
0x0,0x0,0x0,0x0,0x6c,0x0,0x0,0x0,
0x0,0x0,0x0,0x0,0x0,0x0,0x0,0x0,
0x0,0x0,0x8,0x0,0x22,0x0,0x0,0x0,
0x0,0x0,0x0,0x0,0xc6,0x1,0x90,0x0,
0xc6,0x1,0x90,0x0,0x0,0x0,0x0,0x0,
0x8,0x0,0x0,0x0,0xa6,0x0,0x0,0x0,
0x0,0x0,0xff,0xff,0xff,0xff,0xff,0xff,
0x0,0x0,0x4,0x0,0x54,0x0,0x0,0x0,
0x54,0x0,0x0,0x0,0x84,0x0,0x0,0x0,
0x0,0x0,0x0,0x0,0x84,0x0,0x0,0x0,
0x84,0x0,0x0,0x0,0x0,0x0,0xd,0x0,
0x84,0x0,0x0,0x0,0x0,0x0,0x0,0x0,
0xbc,0x1,0x0,0x0,0xc6,0x1,0x90,0x0,
0xc7,0x1,0xd0,0x0,0xbc,0x1,0x0,0x0,
0x0,0x0,0x0,0x0,0xbc,0x1,0x0,0x0,
0x0,0x0,0x0,0x0,0xa9,0x0,0x0,0x0,
0x3,0x0,0x0,0xa0,0xc9,0x1,0xd0,0x0,
0xab,0x0,0x0,0x0,0x3,0x0,0x0,0xa0,
0xca,0x1,0xd0,0x0,0xad,0x0,0x0,0x0,
0x3,0x0,0x0,0xa0,0xcb,0x1,0xd0,0x0,
0xaf,0x0,0x0,0x0,0x3,0x0,0x0,0xa0,
0xcc,0x1,0xd0,0x0,0xb1,0x0,0x0,0x0,
0x0,0x0,0x7,0x0,0x4b,0x0,0x0,0x0,
0x0,0x0,0x0,0x0,0xcd,0x1,0xd0,0x0,
0xcd,0x1,0x60,0x1,0xaf,0x0,0x0,0x0,
0x8,0x0,0x7,0x0,0x4a,0x0,0x0,0x0,
0x0,0x0,0x0,0x0,0xcc,0x1,0x40,0x2,
0xcc,0x1,0xe0,0x2,0xad,0x0,0x0,0x0,
0x8,0x0,0x7,0x0,0x49,0x0,0x0,0x0,
0x0,0x0,0x0,0x0,0xcb,0x1,0x40,0x2,
0xcb,0x1,0x20,0x3,0xab,0x0,0x0,0x0,
0x8,0x0,0x7,0x0,0x48,0x0,0x0,0x0,
0x0,0x0,0x0,0x0,0xca,0x1,0x40,0x2,
0xca,0x1,0x10,0x3,0xa9,0x0,0x0,0x0,
0x8,0x0,0x7,0x0,0x47,0x0,0x0,0x0,
0x0,0x0,0x0,0x0,0xc9,0x1,0x40,0x2,
0xc9,0x1,0x80,0x3,0xa7,0x0,0x0,0x0,
0x0,0x0,0x7,0x0,0x46,0x0,0x0,0x0,
0x0,0x0,0x0,0x0,0xc8,0x1,0xe0,0x1,
0xc8,0x1,0x60,0x2,0x58,0x0,0x0,0x0,
0x0,0x0,0x7,0x0,0x45,0x0,0x0,0x0,
0x0,0x0,0x0,0x0,0xc8,0x1,0xd0,0x0,
0xc8,0x1,0x40,0x1,0x0,0x0,0x0,0x0,
0x0,0x0,0x8,0x0,0x23,0x0,0x0,0x0,
0x0,0x0,0x0,0x0,0xcf,0x1,0xd0,0x0,
0xcf,0x1,0xd0,0x0,0x0,0x0,0x0,0x0,
0x0,0x0,0x8,0x0,0x25,0x0,0x0,0x0,
0x0,0x0,0x0,0x0,0xd4,0x1,0xd0,0x0,
0xd4,0x1,0xd0,0x0,0x0,0x0,0x0,0x0,
0x0,0x0,0x8,0x0,0x28,0x0,0x0,0x0,
0x0,0x0,0x0,0x0,0xdc,0x1,0xd0,0x0,
0xdc,0x1,0xd0,0x0,0x0,0x0,0x0,0x0,
0x0,0x0,0x8,0x0,0x63,0x0,0x0,0x0,
0x0,0x0,0x0,0x0,0x6d,0x2,0xd0,0x0,
0x6d,0x2,0xd0,0x0,0x0,0x0,0x0,0x0,
0x0,0x0,0x8,0x0,0x68,0x0,0x0,0x0,
0x0,0x0,0x0,0x0,0x8f,0x2,0xd0,0x0,
0x8f,0x2,0xd0,0x0,0x5e,0x0,0x0,0x0,
0x0,0x0,0x9,0x0,0x6a,0x0,0x0,0x0,
0x0,0x0,0x0,0x0,0x9a,0x2,0xd0,0x0,
0x9a,0x2,0x70,0x1,0x0,0x0,0x0,0x0,
0x53,0x0,0x0,0x0,0x0,0x0,0x0,0x0,
0x0,0x0,0xff,0xff,0xff,0xff,0xff,0xff,
0x0,0x0,0x0,0x0,0x54,0x0,0x0,0x0,
0x54,0x0,0x0,0x0,0x54,0x0,0x0,0x0,
0x0,0x0,0x0,0x0,0x54,0x0,0x0,0x0,
0x54,0x0,0x0,0x0,0x0,0x0,0x4,0x0,
0x54,0x0,0x0,0x0,0x0,0x0,0x0,0x0,
0xb4,0x0,0x0,0x0,0xcf,0x1,0xd0,0x0,
0x0,0x0,0x0,0x0,0xb4,0x0,0x0,0x0,
0x0,0x0,0x0,0x0,0xb4,0x0,0x0,0x0,
0x0,0x0,0x0,0x0,0xb4,0x0,0x0,0x0,
0x0,0x0,0x7,0x0,0x4e,0x0,0x0,0x0,
0x0,0x0,0x0,0x0,0xd2,0x1,0x10,0x1,
0xd2,0x1,0xa0,0x1,0x54,0x0,0x0,0x0,
0x0,0x0,0x7,0x0,0x4d,0x0,0x0,0x0,
0x0,0x0,0x0,0x0,0xd1,0x1,0x10,0x1,
0xd1,0x1,0x80,0x1,0x5a,0x0,0x0,0x0,
0x0,0x0,0x7,0x0,0x4c,0x0,0x0,0x0,
0x0,0x0,0x0,0x0,0xd0,0x1,0xb0,0x3,
0xd0,0x1,0x30,0x4,0x10,0x0,0x0,0x0,
0x0,0x0,0xa,0x0,0x24,0x0,0x0,0x0,
0x0,0x0,0x0,0x0,0xd0,0x1,0x10,0x1,
0xd0,0x1,0x90,0x1,0x0,0x0,0x0,0x0,
0x0,0x0,0x0,0x0,0x0,0x0,0x0,0x0,
0x0,0x0,0xff,0xff,0xff,0xff,0xff,0xff,
0x0,0x0,0x0,0x0,0x54,0x0,0x0,0x0,
0x54,0x0,0x0,0x0,0x54,0x0,0x0,0x0,
0x0,0x0,0x0,0x0,0x54,0x0,0x0,0x0,
0x54,0x0,0x0,0x0,0x0,0x0,0x2,0x0,
0x54,0x0,0x0,0x0,0x0,0x0,0x0,0x0,
0x84,0x0,0x0,0x0,0xd0,0x1,0x10,0x1,
0x0,0x0,0x0,0x0,0x84,0x0,0x0,0x0,
0x0,0x0,0x0,0x0,0x84,0x0,0x0,0x0,
0x0,0x0,0x0,0x0,0xb3,0x0,0x0,0x0,
0x0,0x0,0x2,0x0,0xb,0x0,0x0,0x0,
0x0,0x0,0x0,0x0,0xd0,0x1,0xf0,0x2,
0xd0,0x1,0x80,0x3,0x11,0x0,0x0,0x0,
0x0,0x0,0x7,0x0,0x4f,0x0,0x0,0x0,
0x0,0x0,0x0,0x0,0xd0,0x1,0x90,0x1,
0xd0,0x1,0xf0,0x1,0x0,0x0,0x0,0x0,
0x53,0x0,0x0,0x0,0x0,0x0,0x0,0x0,
0x0,0x0,0xff,0xff,0xff,0xff,0xff,0xff,
0x0,0x0,0x0,0x0,0x54,0x0,0x0,0x0,
0x54,0x0,0x0,0x0,0x54,0x0,0x0,0x0,
0x0,0x0,0x0,0x0,0x54,0x0,0x0,0x0,
0x54,0x0,0x0,0x0,0x0,0x0,0x5,0x0,
0x54,0x0,0x0,0x0,0x0,0x0,0x0,0x0,
0xcc,0x0,0x0,0x0,0xd4,0x1,0xd0,0x0,
0x0,0x0,0x0,0x0,0xcc,0x0,0x0,0x0,
0x0,0x0,0x0,0x0,0xcc,0x0,0x0,0x0,
0x0,0x0,0x0,0x0,0x54,0x0,0x0,0x0,
0x0,0x0,0x7,0x0,0x52,0x0,0x0,0x0,
0x0,0x0,0x0,0x0,0xd7,0x1,0x10,0x1,
0xd7,0x1,0x80,0x1,0xb4,0x0,0x0,0x0,
0x0,0x0,0x7,0x0,0x51,0x0,0x0,0x0,
0x0,0x0,0x0,0x0,0xd6,0x1,0x10,0x1,
0xd6,0x1,0xa0,0x1,0x5a,0x0,0x0,0x0,
0x0,0x0,0x7,0x0,0x50,0x0,0x0,0x0,
0x0,0x0,0x0,0x0,0xd5,0x1,0xb0,0x3,
0xd5,0x1,0x30,0x4,0x57,0x0,0x0,0x0,
0x0,0x0,0xa,0x0,0x27,0x0,0x0,0x0,
0x0,0x0,0x0,0x0,0xd8,0x1,0x10,0x1,
0xd8,0x1,0x80,0x1,0x10,0x0,0x0,0x0,
0x0,0x0,0xa,0x0,0x26,0x0,0x0,0x0,
0x0,0x0,0x0,0x0,0xd5,0x1,0x10,0x1,
0xd5,0x1,0x90,0x1,0x0,0x0,0x0,0x0,
0x0,0x0,0x0,0x0,0x0,0x0,0x0,0x0,
0x0,0x0,0xff,0xff,0xff,0xff,0xff,0xff,
0x0,0x0,0x0,0x0,0x54,0x0,0x0,0x0,
0x54,0x0,0x0,0x0,0x54,0x0,0x0,0x0,
0x0,0x0,0x0,0x0,0x54,0x0,0x0,0x0,
0x54,0x0,0x0,0x0,0x0,0x0,0x2,0x0,
0x54,0x0,0x0,0x0,0x0,0x0,0x0,0x0,
0x84,0x0,0x0,0x0,0xd5,0x1,0x10,0x1,
0x0,0x0,0x0,0x0,0x84,0x0,0x0,0x0,
0x0,0x0,0x0,0x0,0x84,0x0,0x0,0x0,
0x0,0x0,0x0,0x0,0xb3,0x0,0x0,0x0,
0x0,0x0,0x2,0x0,0xb,0x0,0x0,0x0,
0x0,0x0,0x0,0x0,0xd5,0x1,0xf0,0x2,
0xd5,0x1,0x80,0x3,0x11,0x0,0x0,0x0,
0x0,0x0,0x7,0x0,0x53,0x0,0x0,0x0,
0x0,0x0,0x0,0x0,0xd5,0x1,0x90,0x1,
0xd5,0x1,0xf0,0x1,0x0,0x0,0x0,0x0,
0x0,0x0,0x0,0x0,0x0,0x0,0x0,0x0,
0x0,0x0,0xff,0xff,0xff,0xff,0xff,0xff,
0x0,0x0,0x0,0x0,0x54,0x0,0x0,0x0,
0x54,0x0,0x0,0x0,0x54,0x0,0x0,0x0,
0x0,0x0,0x0,0x0,0x54,0x0,0x0,0x0,
0x54,0x0,0x0,0x0,0x0,0x0,0x2,0x0,
0x54,0x0,0x0,0x0,0x0,0x0,0x0,0x0,
0x84,0x0,0x0,0x0,0xd8,0x1,0x10,0x1,
0x0,0x0,0x0,0x0,0x84,0x0,0x0,0x0,
0x0,0x0,0x0,0x0,0x84,0x0,0x0,0x0,
0x0,0x0,0x0,0x0,0x54,0x0,0x0,0x0,
0x0,0x0,0x7,0x0,0x54,0x0,0x0,0x0,
0x0,0x0,0x0,0x0,0xd9,0x1,0x80,0x1,
0xd9,0x1,0xf0,0x1,0x58,0x0,0x0,0x0,
0x0,0x0,0x2,0x0,0xc,0x0,0x0,0x0,
0x0,0x0,0x0,0x0,0xd8,0x1,0x80,0x1,
0xd8,0x1,0xf0,0x1,0x0,0x0,0x0,0x0,
0xb6,0x0,0x0,0x0,0x0,0x0,0x0,0x0,
0x0,0x0,0xff,0xff,0xff,0xff,0xff,0xff,
0x0,0x0,0x0,0x0,0x54,0x0,0x0,0x0,
0x54,0x0,0x0,0x0,0x54,0x0,0x0,0x0,
0x0,0x0,0x0,0x0,0x54,0x0,0x0,0x0,
0x54,0x0,0x0,0x0,0x0,0x0,0xd,0x0,
0x54,0x0,0x0,0x0,0x0,0x0,0x0,0x0,
0x8c,0x1,0x0,0x0,0xdc,0x1,0xd0,0x0,
0x0,0x0,0x0,0x0,0x8c,0x1,0x0,0x0,
0x0,0x0,0x0,0x0,0x8c,0x1,0x0,0x0,
0x0,0x0,0x0,0x0,0x80,0x0,0x0,0x0,
0x0,0x0,0x2,0x0,0xe,0x0,0x0,0x0,
0x0,0x0,0x0,0x0,0xdd,0x1,0x80,0x5,
0xdd,0x1,0x10,0x6,0x0,0x0,0x0,0x0,
0x0,0x0,0x8,0x0,0x2a,0x0,0x0,0x0,
0x0,0x0,0x0,0x0,0xdf,0x1,0x10,0x1,
0xdf,0x1,0x10,0x1,0x0,0x0,0x0,0x0,
0x0,0x0,0x8,0x0,0x34,0x0,0x0,0x0,
0x0,0x0,0x0,0x0,0xfa,0x1,0x10,0x1,
0xfa,0x1,0x10,0x1,0x0,0x0,0x0,0x0,
0x0,0x0,0x8,0x0,0x39,0x0,0x0,0x0,
0x0,0x0,0x0,0x0,0x6,0x2,0x10,0x1,
0x6,0x2,0x10,0x1,0x0,0x0,0x0,0x0,
0x0,0x0,0x8,0x0,0x3e,0x0,0x0,0x0,
0x0,0x0,0x0,0x0,0x13,0x2,0x10,0x1,
0x13,0x2,0x10,0x1,0x0,0x0,0x0,0x0,
0x0,0x0,0x8,0x0,0x43,0x0,0x0,0x0,
0x0,0x0,0x0,0x0,0x1f,0x2,0x10,0x1,
0x1f,0x2,0x10,0x1,0x0,0x0,0x0,0x0,
0x0,0x0,0x8,0x0,0x48,0x0,0x0,0x0,
0x0,0x0,0x0,0x0,0x2b,0x2,0x10,0x1,
0x2b,0x2,0x10,0x1,0x0,0x0,0x0,0x0,
0x0,0x0,0x8,0x0,0x4d,0x0,0x0,0x0,
0x0,0x0,0x0,0x0,0x37,0x2,0x10,0x1,
0x37,0x2,0x10,0x1,0x0,0x0,0x0,0x0,
0x0,0x0,0x8,0x0,0x52,0x0,0x0,0x0,
0x0,0x0,0x0,0x0,0x44,0x2,0x10,0x1,
0x44,0x2,0x10,0x1,0x0,0x0,0x0,0x0,
0x0,0x0,0x8,0x0,0x57,0x0,0x0,0x0,
0x0,0x0,0x0,0x0,0x51,0x2,0x10,0x1,
0x51,0x2,0x10,0x1,0x0,0x0,0x0,0x0,
0x0,0x0,0x8,0x0,0x5c,0x0,0x0,0x0,
0x0,0x0,0x0,0x0,0x5e,0x2,0x10,0x1,
0x5e,0x2,0x10,0x1,0x0,0x0,0x0,0x0,
0x0,0x0,0x8,0x0,0x61,0x0,0x0,0x0,
0x0,0x0,0x0,0x0,0x6a,0x2,0x10,0x1,
0x6a,0x2,0x10,0x1,0x10,0x0,0x0,0x0,
0x0,0x0,0xa,0x0,0x29,0x0,0x0,0x0,
0x0,0x0,0x0,0x0,0xdd,0x1,0x10,0x1,
0xdd,0x1,0x90,0x1,0x0,0x0,0x0,0x0,
0x0,0x0,0x0,0x0,0x0,0x0,0x0,0x0,
0x0,0x0,0xff,0xff,0xff,0xff,0xff,0xff,
0x0,0x0,0x0,0x0,0x54,0x0,0x0,0x0,
0x54,0x0,0x0,0x0,0x54,0x0,0x0,0x0,
0x0,0x0,0x0,0x0,0x54,0x0,0x0,0x0,
0x54,0x0,0x0,0x0,0x0,0x0,0x3,0x0,
0x54,0x0,0x0,0x0,0x0,0x0,0x0,0x0,
0x9c,0x0,0x0,0x0,0xdd,0x1,0x10,0x1,
0x0,0x0,0x0,0x0,0x9c,0x0,0x0,0x0,
0x0,0x0,0x0,0x0,0x9c,0x0,0x0,0x0,
0x0,0x0,0x0,0x0,0xb8,0x0,0x0,0x0,
0x0,0x0,0x2,0x0,0xd,0x0,0x0,0x0,
0x0,0x0,0x0,0x0,0xdd,0x1,0x70,0x4,
0xdd,0x1,0x40,0x5,0xb7,0x0,0x0,0x0,
0x0,0x0,0x2,0x0,0xd,0x0,0x0,0x0,
0x0,0x0,0x0,0x0,0xdd,0x1,0xf0,0x2,
0xdd,0x1,0xb0,0x3,0x11,0x0,0x0,0x0,
0x0,0x0,0x7,0x0,0x55,0x0,0x0,0x0,
0x0,0x0,0x0,0x0,0xdd,0x1,0x90,0x1,
0xdd,0x1,0xf0,0x1,0x0,0x0,0x0,0x0,
0x8,0x0,0x0,0x0,0x0,0x0,0x0,0x0,
0x0,0x0,0xff,0xff,0xff,0xff,0xff,0xff,
0x0,0x0,0x0,0x0,0x54,0x0,0x0,0x0,
0x54,0x0,0x0,0x0,0x54,0x0,0x0,0x0,
0x0,0x0,0x0,0x0,0x54,0x0,0x0,0x0,
0x54,0x0,0x0,0x0,0x0,0x0,0x2,0x0,
0x54,0x0,0x0,0x0,0x0,0x0,0x0,0x0,
0x84,0x0,0x0,0x0,0xdf,0x1,0x10,0x1,
0x0,0x0,0x0,0x0,0x84,0x0,0x0,0x0,
0x0,0x0,0x0,0x0,0x84,0x0,0x0,0x0,
0x0,0x0,0x0,0x0,0x0,0x0,0x0,0x0,
0x0,0x0,0x8,0x0,0x2c,0x0,0x0,0x0,
0x0,0x0,0x0,0x0,0xe2,0x1,0x50,0x1,
0xe2,0x1,0x50,0x1,0x86,0x0,0x0,0x0,
0x0,0x0,0x9,0x0,0x2b,0x0,0x0,0x0,
0x0,0x0,0x0,0x0,0xe0,0x1,0x50,0x1,
0xe0,0x1,0xc0,0x1,0x0,0x0,0x0,0x0,
0x0,0x0,0x0,0x0,0x0,0x0,0x0,0x0,
0x0,0x0,0xff,0xff,0xff,0xff,0xff,0xff,
0x0,0x0,0x0,0x0,0x54,0x0,0x0,0x0,
0x54,0x0,0x0,0x0,0x54,0x0,0x0,0x0,
0x0,0x0,0x0,0x0,0x54,0x0,0x0,0x0,
0x54,0x0,0x0,0x0,0x0,0x0,0x2,0x0,
0x54,0x0,0x0,0x0,0x0,0x0,0x0,0x0,
0x84,0x0,0x0,0x0,0xe0,0x1,0x50,0x1,
0x0,0x0,0x0,0x0,0x84,0x0,0x0,0x0,
0x0,0x0,0x0,0x0,0x84,0x0,0x0,0x0,
0x0,0x0,0x0,0x0,0xbb,0x0,0x0,0x0,
0x0,0x0,0x1,0x0,0x1,0x0,0x0,0x0,
0x0,0x0,0x0,0x0,0xe1,0x1,0xc0,0x1,
0xe1,0x1,0x80,0x2,0xb9,0x0,0x0,0x0,
0x0,0x0,0x7,0x0,0x56,0x0,0x0,0x0,
0x0,0x0,0x0,0x0,0xe0,0x1,0xc0,0x1,
0xe0,0x1,0xc0,0x2,0x0,0x0,0x0,0x0,
0xb6,0x0,0x0,0x0,0x0,0x0,0x0,0x0,
0x0,0x0,0xff,0xff,0xff,0xff,0xff,0xff,
0x0,0x0,0x0,0x0,0x54,0x0,0x0,0x0,
0x54,0x0,0x0,0x0,0x54,0x0,0x0,0x0,
0x0,0x0,0x0,0x0,0x54,0x0,0x0,0x0,
0x54,0x0,0x0,0x0,0x0,0x0,0x5,0x0,
0x54,0x0,0x0,0x0,0x0,0x0,0x0,0x0,
0xcc,0x0,0x0,0x0,0xe2,0x1,0x50,0x1,
0x0,0x0,0x0,0x0,0xcc,0x0,0x0,0x0,
0x0,0x0,0x0,0x0,0xcc,0x0,0x0,0x0,
0x0,0x0,0x0,0x0,0x80,0x0,0x0,0x0,
0x0,0x0,0x2,0x0,0xa,0x0,0x0,0x0,
0x0,0x0,0x0,0x0,0xe3,0x1,0xf0,0x2,
0xe3,0x1,0x80,0x3,0x0,0x0,0x0,0x0,
0x0,0x0,0x8,0x0,0x2e,0x0,0x0,0x0,
0x0,0x0,0x0,0x0,0xe4,0x1,0x90,0x1,
0xe4,0x1,0x90,0x1,0x0,0x0,0x0,0x0,
0x0,0x0,0x8,0x0,0x30,0x0,0x0,0x0,
0x0,0x0,0x0,0x0,0xec,0x1,0x90,0x1,
0xec,0x1,0x90,0x1,0xcd,0x0,0x0,0x0,
0x0,0x0,0x9,0x0,0x33,0x0,0x0,0x0,
0x0,0x0,0x0,0x0,0xf5,0x1,0x90,0x1,
0xf5,0x1,0x10,0x2,0x10,0x0,0x0,0x0,
0x0,0x0,0xa,0x0,0x2d,0x0,0x0,0x0,
0x0,0x0,0x0,0x0,0xe3,0x1,0x90,0x1,
0xe3,0x1,0x10,0x2,0x0,0x0,0x0,0x0,
0x0,0x0,0x0,0x0,0x0,0x0,0x0,0x0,
0x0,0x0,0xff,0xff,0xff,0xff,0xff,0xff,
0x0,0x0,0x0,0x0,0x54,0x0,0x0,0x0,
0x54,0x0,0x0,0x0,0x54,0x0,0x0,0x0,
0x0,0x0,0x0,0x0,0x54,0x0,0x0,0x0,
0x54,0x0,0x0,0x0,0x0,0x0,0x1,0x0,
0x54,0x0,0x0,0x0,0x0,0x0,0x0,0x0,
0x6c,0x0,0x0,0x0,0xe3,0x1,0x90,0x1,
0x0,0x0,0x0,0x0,0x6c,0x0,0x0,0x0,
0x0,0x0,0x0,0x0,0x6c,0x0,0x0,0x0,
0x0,0x0,0x0,0x0,0x11,0x0,0x0,0x0,
0x0,0x0,0x7,0x0,0x57,0x0,0x0,0x0,
0x0,0x0,0x0,0x0,0xe3,0x1,0x10,0x2,
0xe3,0x1,0x70,0x2,0x0,0x0,0x0,0x0,
0xbc,0x0,0x0,0x0,0x0,0x0,0x0,0x0,
0x0,0x0,0xff,0xff,0xff,0xff,0xff,0xff,
0x0,0x0,0x0,0x0,0x54,0x0,0x0,0x0,
0x54,0x0,0x0,0x0,0x54,0x0,0x0,0x0,
0x0,0x0,0x0,0x0,0x54,0x0,0x0,0x0,
0x54,0x0,0x0,0x0,0x0,0x0,0x5,0x0,
0x54,0x0,0x0,0x0,0x0,0x0,0x0,0x0,
0xcc,0x0,0x0,0x0,0xe4,0x1,0x90,0x1,
0x0,0x0,0x0,0x0,0xcc,0x0,0x0,0x0,
0x0,0x0,0x0,0x0,0xcc,0x0,0x0,0x0,
0x0,0x0,0x0,0x0,0xc3,0x0,0x0,0x0,
0x0,0x0,0x7,0x0,0x5b,0x0,0x0,0x0,
0x0,0x0,0x0,0x0,0xea,0x1,0xd0,0x1,
0xea,0x1,0x80,0x2,0x17,0x0,0x0,0x0,
0x0,0x0,0x7,0x0,0x5a,0x0,0x0,0x0,
0x0,0x0,0x0,0x0,0xe9,0x1,0xd0,0x1,
0xe9,0x1,0x40,0x2,0xc1,0x0,0x0,0x0,
0x0,0x0,0x7,0x0,0x59,0x0,0x0,0x0,
0x0,0x0,0x0,0x0,0xe8,0x1,0xd0,0x1,
0xe8,0x1,0x70,0x2,0xbf,0x0,0x0,0x0,
0x0,0x0,0x7,0x0,0x58,0x0,0x0,0x0,
0x0,0x0,0x0,0x0,0xe7,0x1,0xd0,0x1,
0xe7,0x1,0x40,0x2,0x86,0x0,0x0,0x0,
0x0,0x0,0x9,0x0,0x2f,0x0,0x0,0x0,
0x0,0x0,0x0,0x0,0xe5,0x1,0xd0,0x1,
0xe5,0x1,0x40,0x2,0x0,0x0,0x0,0x0,
0x0,0x0,0x0,0x0,0x0,0x0,0x0,0x0,
0x0,0x0,0xff,0xff,0xff,0xff,0xff,0xff,
0x0,0x0,0x0,0x0,0x54,0x0,0x0,0x0,
0x54,0x0,0x0,0x0,0x54,0x0,0x0,0x0,
0x0,0x0,0x0,0x0,0x54,0x0,0x0,0x0,
0x54,0x0,0x0,0x0,0x0,0x0,0x2,0x0,
0x54,0x0,0x0,0x0,0x0,0x0,0x0,0x0,
0x84,0x0,0x0,0x0,0xe5,0x1,0xd0,0x1,
0x0,0x0,0x0,0x0,0x84,0x0,0x0,0x0,
0x0,0x0,0x0,0x0,0x84,0x0,0x0,0x0,
0x0,0x0,0x0,0x0,0xbd,0x0,0x0,0x0,
0x0,0x0,0x7,0x0,0x5d,0x0,0x0,0x0,
0x0,0x0,0x0,0x0,0xe6,0x1,0x40,0x2,
0xe6,0x1,0x50,0x3,0xb9,0x0,0x0,0x0,
0x0,0x0,0x7,0x0,0x5c,0x0,0x0,0x0,
0x0,0x0,0x0,0x0,0xe5,0x1,0x40,0x2,
0xe5,0x1,0x40,0x3,0x0,0x0,0x0,0x0,
0x81,0x0,0x0,0x0,0x0,0x0,0x0,0x0,
0x0,0x0,0xff,0xff,0xff,0xff,0xff,0xff,
0x0,0x0,0x0,0x0,0x54,0x0,0x0,0x0,
0x54,0x0,0x0,0x0,0x54,0x0,0x0,0x0,
0x0,0x0,0x0,0x0,0x54,0x0,0x0,0x0,
0x54,0x0,0x0,0x0,0x0,0x0,0x6,0x0,
0x54,0x0,0x0,0x0,0x0,0x0,0x0,0x0,
0xe4,0x0,0x0,0x0,0xec,0x1,0x90,0x1,
0x0,0x0,0x0,0x0,0xe4,0x0,0x0,0x0,
0x0,0x0,0x0,0x0,0xe4,0x0,0x0,0x0,
0x0,0x0,0x0,0x0,0x54,0x0,0x0,0x0,
0x0,0x0,0x7,0x0,0x61,0x0,0x0,0x0,
0x0,0x0,0x0,0x0,0xf1,0x1,0xd0,0x1,
0xf1,0x1,0x40,0x2,0xc8,0x0,0x0,0x0,
0x0,0x0,0x7,0x0,0x60,0x0,0x0,0x0,
0x0,0x0,0x0,0x0,0xf0,0x1,0xd0,0x1,
0xf0,0x1,0x40,0x2,0xc6,0x0,0x0,0x0,
0x0,0x0,0x7,0x0,0x5f,0x0,0x0,0x0,
0x0,0x0,0x0,0x0,0xee,0x1,0xd0,0x1,
0xee,0x1,0x90,0x2,0x7e,0x0,0x0,0x0,
0x0,0x0,0x7,0x0,0x5e,0x0,0x0,0x0,
0x0,0x0,0x0,0x0,0xed,0x1,0xd0,0x1,
0xed,0x1,0x30,0x2,0x86,0x0,0x0,0x0,
0x0,0x0,0x9,0x0,0x31,0x0,0x0,0x0,
0x0,0x0,0x0,0x0,0xef,0x1,0xd0,0x1,
0xef,0x1,0x40,0x2,0x83,0x0,0x0,0x0,
0x0,0x0,0xa,0x0,0x32,0x0,0x0,0x0,
0x0,0x0,0x0,0x0,0xf2,0x1,0xd0,0x1,
0xf2,0x1,0x20,0x2,0x0,0x0,0x0,0x0,
0x0,0x0,0x0,0x0,0x0,0x0,0x0,0x0,
0x0,0x0,0xff,0xff,0xff,0xff,0xff,0xff,
0x0,0x0,0x0,0x0,0x54,0x0,0x0,0x0,
0x54,0x0,0x0,0x0,0x54,0x0,0x0,0x0,
0x0,0x0,0x0,0x0,0x54,0x0,0x0,0x0,
0x54,0x0,0x0,0x0,0x0,0x0,0x1,0x0,
0x54,0x0,0x0,0x0,0x0,0x0,0x0,0x0,
0x6c,0x0,0x0,0x0,0xef,0x1,0xd0,0x1,
0x0,0x0,0x0,0x0,0x6c,0x0,0x0,0x0,
0x0,0x0,0x0,0x0,0x6c,0x0,0x0,0x0,
0x0,0x0,0x0,0x0,0x87,0x0,0x0,0x0,
0x0,0x0,0x1,0x0,0x1,0x0,0x0,0x0,
0x0,0x0,0x0,0x0,0xef,0x1,0x40,0x2,
0xef,0x1,0xf0,0x2,0x0,0x0,0x0,0x0,
0x0,0x0,0x0,0x0,0x0,0x0,0x0,0x0,
0x0,0x0,0xff,0xff,0xff,0xff,0xff,0xff,
0x0,0x0,0x0,0x0,0x54,0x0,0x0,0x0,
0x54,0x0,0x0,0x0,0x54,0x0,0x0,0x0,
0x0,0x0,0x0,0x0,0x54,0x0,0x0,0x0,
0x54,0x0,0x0,0x0,0x0,0x0,0x2,0x0,
0x54,0x0,0x0,0x0,0x0,0x0,0x0,0x0,
0x84,0x0,0x0,0x0,0xf2,0x1,0xd0,0x1,
0x0,0x0,0x0,0x0,0x84,0x0,0x0,0x0,
0x0,0x0,0x0,0x0,0x84,0x0,0x0,0x0,
0x0,0x0,0x0,0x0,0xcb,0x0,0x0,0x0,
0x0,0x0,0x7,0x0,0x63,0x0,0x0,0x0,
0x0,0x0,0x0,0x0,0xf3,0x1,0x20,0x2,
0xf3,0x1,0xa0,0x2,0x84,0x0,0x0,0x0,
0x0,0x0,0x7,0x0,0x62,0x0,0x0,0x0,
0x0,0x0,0x0,0x0,0xf2,0x1,0x20,0x2,
0xf2,0x1,0xd0,0x2,0x0,0x0,0x0,0x0,
0x0,0x0,0x0,0x0,0x0,0x0,0x0,0x0,
0x0,0x0,0xff,0xff,0xff,0xff,0xff,0xff,
0x0,0x0,0x0,0x0,0x54,0x0,0x0,0x0,
0x54,0x0,0x0,0x0,0x54,0x0,0x0,0x0,
0x0,0x0,0x0,0x0,0x54,0x0,0x0,0x0,
0x54,0x0,0x0,0x0,0x0,0x0,0x2,0x0,
0x54,0x0,0x0,0x0,0x0,0x0,0x0,0x0,
0x84,0x0,0x0,0x0,0xf5,0x1,0x90,0x1,
0x0,0x0,0x0,0x0,0x84,0x0,0x0,0x0,
0x0,0x0,0x0,0x0,0x84,0x0,0x0,0x0,
0x0,0x0,0x0,0x0,0x7e,0x0,0x0,0x0,
0x0,0x0,0x7,0x0,0x65,0x0,0x0,0x0,
0x0,0x0,0x0,0x0,0xf6,0x1,0x10,0x2,
0xf6,0x1,0x70,0x2,0xb4,0x0,0x0,0x0,
0x0,0x0,0x7,0x0,0x64,0x0,0x0,0x0,
0x0,0x0,0x0,0x0,0xf5,0x1,0x10,0x2,
0xf5,0x1,0xa0,0x2,0x0,0x0,0x0,0x0,
0x8,0x0,0x0,0x0,0x0,0x0,0x0,0x0,
0x0,0x0,0xff,0xff,0xff,0xff,0xff,0xff,
0x0,0x0,0x0,0x0,0x54,0x0,0x0,0x0,
0x54,0x0,0x0,0x0,0x54,0x0,0x0,0x0,
0x0,0x0,0x0,0x0,0x54,0x0,0x0,0x0,
0x54,0x0,0x0,0x0,0x0,0x0,0x3,0x0,
0x54,0x0,0x0,0x0,0x0,0x0,0x0,0x0,
0x9c,0x0,0x0,0x0,0xfa,0x1,0x10,0x1,
0x0,0x0,0x0,0x0,0x9c,0x0,0x0,0x0,
0x0,0x0,0x0,0x0,0x9c,0x0,0x0,0x0,
0x0,0x0,0x0,0x0,0xb4,0x0,0x0,0x0,
0x0,0x0,0x7,0x0,0x66,0x0,0x0,0x0,
0x0,0x0,0x0,0x0,0xfb,0x1,0x50,0x1,
0xfb,0x1,0xe0,0x1,0x0,0x0,0x0,0x0,
0x0,0x0,0x8,0x0,0x36,0x0,0x0,0x0,
0x0,0x0,0x0,0x0,0xfe,0x1,0x50,0x1,
0xfe,0x1,0x50,0x1,0x86,0x0,0x0,0x0,
0x0,0x0,0x9,0x0,0x35,0x0,0x0,0x0,
0x0,0x0,0x0,0x0,0xfc,0x1,0x50,0x1,
0xfc,0x1,0xc0,0x1,0x0,0x0,0x0,0x0,
0x0,0x0,0x0,0x0,0x0,0x0,0x0,0x0,
0x0,0x0,0xff,0xff,0xff,0xff,0xff,0xff,
0x0,0x0,0x0,0x0,0x54,0x0,0x0,0x0,
0x54,0x0,0x0,0x0,0x54,0x0,0x0,0x0,
0x0,0x0,0x0,0x0,0x54,0x0,0x0,0x0,
0x54,0x0,0x0,0x0,0x0,0x0,0x2,0x0,
0x54,0x0,0x0,0x0,0x0,0x0,0x0,0x0,
0x84,0x0,0x0,0x0,0xfc,0x1,0x50,0x1,
0x0,0x0,0x0,0x0,0x84,0x0,0x0,0x0,
0x0,0x0,0x0,0x0,0x84,0x0,0x0,0x0,
0x0,0x0,0x0,0x0,0xbb,0x0,0x0,0x0,
0x0,0x0,0x1,0x0,0x1,0x0,0x0,0x0,
0x0,0x0,0x0,0x0,0xfd,0x1,0xc0,0x1,
0xfd,0x1,0x80,0x2,0xb9,0x0,0x0,0x0,
0x0,0x0,0x7,0x0,0x67,0x0,0x0,0x0,
0x0,0x0,0x0,0x0,0xfc,0x1,0xc0,0x1,
0xfc,0x1,0xc0,0x2,0x0,0x0,0x0,0x0,
0x81,0x0,0x0,0x0,0x0,0x0,0x0,0x0,
0x0,0x0,0xff,0xff,0xff,0xff,0xff,0xff,
0x0,0x0,0x0,0x0,0x54,0x0,0x0,0x0,
0x54,0x0,0x0,0x0,0x54,0x0,0x0,0x0,
0x0,0x0,0x0,0x0,0x54,0x0,0x0,0x0,
0x54,0x0,0x0,0x0,0x0,0x0,0x7,0x0,
0x54,0x0,0x0,0x0,0x0,0x0,0x0,0x0,
0xfc,0x0,0x0,0x0,0xfe,0x1,0x50,0x1,
0x0,0x0,0x0,0x0,0xfc,0x0,0x0,0x0,
0x0,0x0,0x0,0x0,0xfc,0x0,0x0,0x0,
0x0,0x0,0x0,0x0,0x54,0x0,0x0,0x0,
0x0,0x0,0x7,0x0,0x6b,0x0,0x0,0x0,
0x0,0x0,0x0,0x0,0x1,0x2,0x90,0x1,
0x1,0x2,0x0,0x2,0x7e,0x0,0x0,0x0,
0x0,0x0,0x7,0x0,0x6a,0x0,0x0,0x0,
0x0,0x0,0x0,0x0,0x0,0x2,0x90,0x1,
0x0,0x2,0xf0,0x1,0xd1,0x0,0x0,0x0,
0x0,0x0,0x7,0x0,0x69,0x0,0x0,0x0,
0x0,0x0,0x0,0x0,0xff,0x1,0x70,0x6,
0xff,0x1,0xc0,0x7,0xcf,0x0,0x0,0x0,
0x0,0x0,0x7,0x0,0x68,0x0,0x0,0x0,
0x0,0x0,0x0,0x0,0xff,0x1,0x10,0x4,
0xff,0x1,0x40,0x5,0xce,0x0,0x0,0x0,
0x0,0x0,0x2,0x0,0xa,0x0,0x0,0x0,
0x0,0x0,0x0,0x0,0xff,0x1,0xf0,0x2,
0xff,0x1,0xd0,0x3,0x83,0x0,0x0,0x0,
0x0,0x0,0xa,0x0,0x38,0x0,0x0,0x0,
0x0,0x0,0x0,0x0,0x2,0x2,0x90,0x1,
0x2,0x2,0xe0,0x1,0x10,0x0,0x0,0x0,
0x0,0x0,0xa,0x0,0x37,0x0,0x0,0x0,
0x0,0x0,0x0,0x0,0xff,0x1,0x90,0x1,
0xff,0x1,0x10,0x2,0x0,0x0,0x0,0x0,
0x0,0x0,0x0,0x0,0x0,0x0,0x0,0x0,
0x0,0x0,0xff,0xff,0xff,0xff,0xff,0xff,
0x0,0x0,0x0,0x0,0x54,0x0,0x0,0x0,
0x54,0x0,0x0,0x0,0x54,0x0,0x0,0x0,
0x0,0x0,0x0,0x0,0x54,0x0,0x0,0x0,
0x54,0x0,0x0,0x0,0x0,0x0,0x1,0x0,
0x54,0x0,0x0,0x0,0x0,0x0,0x0,0x0,
0x6c,0x0,0x0,0x0,0xff,0x1,0x90,0x1,
0x0,0x0,0x0,0x0,0x6c,0x0,0x0,0x0,
0x0,0x0,0x0,0x0,0x6c,0x0,0x0,0x0,
0x0,0x0,0x0,0x0,0x11,0x0,0x0,0x0,
0x0,0x0,0x7,0x0,0x6c,0x0,0x0,0x0,
0x0,0x0,0x0,0x0,0xff,0x1,0x10,0x2,
0xff,0x1,0x70,0x2,0x0,0x0,0x0,0x0,
0x0,0x0,0x0,0x0,0x0,0x0,0x0,0x0,
0x0,0x0,0xff,0xff,0xff,0xff,0xff,0xff,
0x0,0x0,0x0,0x0,0x54,0x0,0x0,0x0,
0x54,0x0,0x0,0x0,0x54,0x0,0x0,0x0,
0x0,0x0,0x0,0x0,0x54,0x0,0x0,0x0,
0x54,0x0,0x0,0x0,0x0,0x0,0x1,0x0,
0x54,0x0,0x0,0x0,0x0,0x0,0x0,0x0,
0x6c,0x0,0x0,0x0,0x2,0x2,0x90,0x1,
0x0,0x0,0x0,0x0,0x6c,0x0,0x0,0x0,
0x0,0x0,0x0,0x0,0x6c,0x0,0x0,0x0,
0x0,0x0,0x0,0x0,0x84,0x0,0x0,0x0,
0x0,0x0,0x7,0x0,0x6d,0x0,0x0,0x0,
0x0,0x0,0x0,0x0,0x2,0x2,0xe0,0x1,
0x2,0x2,0x90,0x2,0x0,0x0,0x0,0x0,
0x8,0x0,0x0,0x0,0x0,0x0,0x0,0x0,
0x0,0x0,0xff,0xff,0xff,0xff,0xff,0xff,
0x0,0x0,0x0,0x0,0x54,0x0,0x0,0x0,
0x54,0x0,0x0,0x0,0x54,0x0,0x0,0x0,
0x0,0x0,0x0,0x0,0x54,0x0,0x0,0x0,
0x54,0x0,0x0,0x0,0x0,0x0,0x3,0x0,
0x54,0x0,0x0,0x0,0x0,0x0,0x0,0x0,
0x9c,0x0,0x0,0x0,0x6,0x2,0x10,0x1,
0x0,0x0,0x0,0x0,0x9c,0x0,0x0,0x0,
0x0,0x0,0x0,0x0,0x9c,0x0,0x0,0x0,
0x0,0x0,0x0,0x0,0xb4,0x0,0x0,0x0,
0x0,0x0,0x7,0x0,0x6e,0x0,0x0,0x0,
0x0,0x0,0x0,0x0,0x7,0x2,0x50,0x1,
0x7,0x2,0xe0,0x1,0x0,0x0,0x0,0x0,
0x0,0x0,0x8,0x0,0x3b,0x0,0x0,0x0,
0x0,0x0,0x0,0x0,0xa,0x2,0x50,0x1,
0xa,0x2,0x50,0x1,0x86,0x0,0x0,0x0,
0x0,0x0,0x9,0x0,0x3a,0x0,0x0,0x0,
0x0,0x0,0x0,0x0,0x8,0x2,0x50,0x1,
0x8,0x2,0xc0,0x1,0x0,0x0,0x0,0x0,
0x0,0x0,0x0,0x0,0x0,0x0,0x0,0x0,
0x0,0x0,0xff,0xff,0xff,0xff,0xff,0xff,
0x0,0x0,0x0,0x0,0x54,0x0,0x0,0x0,
0x54,0x0,0x0,0x0,0x54,0x0,0x0,0x0,
0x0,0x0,0x0,0x0,0x54,0x0,0x0,0x0,
0x54,0x0,0x0,0x0,0x0,0x0,0x2,0x0,
0x54,0x0,0x0,0x0,0x0,0x0,0x0,0x0,
0x84,0x0,0x0,0x0,0x8,0x2,0x50,0x1,
0x0,0x0,0x0,0x0,0x84,0x0,0x0,0x0,
0x0,0x0,0x0,0x0,0x84,0x0,0x0,0x0,
0x0,0x0,0x0,0x0,0xbb,0x0,0x0,0x0,
0x0,0x0,0x1,0x0,0x1,0x0,0x0,0x0,
0x0,0x0,0x0,0x0,0x9,0x2,0xc0,0x1,
0x9,0x2,0x80,0x2,0xb9,0x0,0x0,0x0,
0x0,0x0,0x7,0x0,0x6f,0x0,0x0,0x0,
0x0,0x0,0x0,0x0,0x8,0x2,0xc0,0x1,
0x8,0x2,0xc0,0x2,0x0,0x0,0x0,0x0,
0x81,0x0,0x0,0x0,0x0,0x0,0x0,0x0,
0x0,0x0,0xff,0xff,0xff,0xff,0xff,0xff,
0x0,0x0,0x0,0x0,0x54,0x0,0x0,0x0,
0x54,0x0,0x0,0x0,0x54,0x0,0x0,0x0,
0x0,0x0,0x0,0x0,0x54,0x0,0x0,0x0,
0x54,0x0,0x0,0x0,0x0,0x0,0x7,0x0,
0x54,0x0,0x0,0x0,0x0,0x0,0x0,0x0,
0xfc,0x0,0x0,0x0,0xa,0x2,0x50,0x1,
0x0,0x0,0x0,0x0,0xfc,0x0,0x0,0x0,
0x0,0x0,0x0,0x0,0xfc,0x0,0x0,0x0,
0x0,0x0,0x0,0x0,0x54,0x0,0x0,0x0,
0x0,0x0,0x7,0x0,0x73,0x0,0x0,0x0,
0x0,0x0,0x0,0x0,0xe,0x2,0x90,0x1,
0xe,0x2,0x0,0x2,0xc8,0x0,0x0,0x0,
0x0,0x0,0x7,0x0,0x72,0x0,0x0,0x0,
0x0,0x0,0x0,0x0,0xd,0x2,0x90,0x1,
0xd,0x2,0x0,0x2,0x7e,0x0,0x0,0x0,
0x0,0x0,0x7,0x0,0x71,0x0,0x0,0x0,
0x0,0x0,0x0,0x0,0xc,0x2,0x90,0x1,
0xc,0x2,0xf0,0x1,0xcf,0x0,0x0,0x0,
0x0,0x0,0x7,0x0,0x70,0x0,0x0,0x0,
0x0,0x0,0x0,0x0,0xb,0x2,0x0,0x4,
0xb,0x2,0x30,0x5,0xd3,0x0,0x0,0x0,
0x0,0x0,0x2,0x0,0xa,0x0,0x0,0x0,
0x0,0x0,0x0,0x0,0xb,0x2,0xf0,0x2,
0xb,0x2,0xc0,0x3,0x83,0x0,0x0,0x0,
0x0,0x0,0xa,0x0,0x3d,0x0,0x0,0x0,
0x0,0x0,0x0,0x0,0xf,0x2,0x90,0x1,
0xf,0x2,0xe0,0x1,0x10,0x0,0x0,0x0,
0x0,0x0,0xa,0x0,0x3c,0x0,0x0,0x0,
0x0,0x0,0x0,0x0,0xb,0x2,0x90,0x1,
0xb,0x2,0x10,0x2,0x0,0x0,0x0,0x0,
0x0,0x0,0x0,0x0,0x0,0x0,0x0,0x0,
0x0,0x0,0xff,0xff,0xff,0xff,0xff,0xff,
0x0,0x0,0x0,0x0,0x54,0x0,0x0,0x0,
0x54,0x0,0x0,0x0,0x54,0x0,0x0,0x0,
0x0,0x0,0x0,0x0,0x54,0x0,0x0,0x0,
0x54,0x0,0x0,0x0,0x0,0x0,0x1,0x0,
0x54,0x0,0x0,0x0,0x0,0x0,0x0,0x0,
0x6c,0x0,0x0,0x0,0xb,0x2,0x90,0x1,
0x0,0x0,0x0,0x0,0x6c,0x0,0x0,0x0,
0x0,0x0,0x0,0x0,0x6c,0x0,0x0,0x0,
0x0,0x0,0x0,0x0,0x11,0x0,0x0,0x0,
0x0,0x0,0x7,0x0,0x74,0x0,0x0,0x0,
0x0,0x0,0x0,0x0,0xb,0x2,0x10,0x2,
0xb,0x2,0x70,0x2,0x0,0x0,0x0,0x0,
0x0,0x0,0x0,0x0,0x0,0x0,0x0,0x0,
0x0,0x0,0xff,0xff,0xff,0xff,0xff,0xff,
0x0,0x0,0x0,0x0,0x54,0x0,0x0,0x0,
0x54,0x0,0x0,0x0,0x54,0x0,0x0,0x0,
0x0,0x0,0x0,0x0,0x54,0x0,0x0,0x0,
0x54,0x0,0x0,0x0,0x0,0x0,0x1,0x0,
0x54,0x0,0x0,0x0,0x0,0x0,0x0,0x0,
0x6c,0x0,0x0,0x0,0xf,0x2,0x90,0x1,
0x0,0x0,0x0,0x0,0x6c,0x0,0x0,0x0,
0x0,0x0,0x0,0x0,0x6c,0x0,0x0,0x0,
0x0,0x0,0x0,0x0,0x84,0x0,0x0,0x0,
0x0,0x0,0x7,0x0,0x75,0x0,0x0,0x0,
0x0,0x0,0x0,0x0,0xf,0x2,0xe0,0x1,
0xf,0x2,0x90,0x2,0x0,0x0,0x0,0x0,
0x8,0x0,0x0,0x0,0x0,0x0,0x0,0x0,
0x0,0x0,0xff,0xff,0xff,0xff,0xff,0xff,
0x0,0x0,0x0,0x0,0x54,0x0,0x0,0x0,
0x54,0x0,0x0,0x0,0x54,0x0,0x0,0x0,
0x0,0x0,0x0,0x0,0x54,0x0,0x0,0x0,
0x54,0x0,0x0,0x0,0x0,0x0,0x3,0x0,
0x54,0x0,0x0,0x0,0x0,0x0,0x0,0x0,
0x9c,0x0,0x0,0x0,0x13,0x2,0x10,0x1,
0x0,0x0,0x0,0x0,0x9c,0x0,0x0,0x0,
0x0,0x0,0x0,0x0,0x9c,0x0,0x0,0x0,
0x0,0x0,0x0,0x0,0xb4,0x0,0x0,0x0,
0x0,0x0,0x7,0x0,0x76,0x0,0x0,0x0,
0x0,0x0,0x0,0x0,0x14,0x2,0x50,0x1,
0x14,0x2,0xe0,0x1,0x0,0x0,0x0,0x0,
0x0,0x0,0x8,0x0,0x40,0x0,0x0,0x0,
0x0,0x0,0x0,0x0,0x17,0x2,0x50,0x1,
0x17,0x2,0x50,0x1,0x86,0x0,0x0,0x0,
0x0,0x0,0x9,0x0,0x3f,0x0,0x0,0x0,
0x0,0x0,0x0,0x0,0x15,0x2,0x50,0x1,
0x15,0x2,0xc0,0x1,0x0,0x0,0x0,0x0,
0x0,0x0,0x0,0x0,0x0,0x0,0x0,0x0,
0x0,0x0,0xff,0xff,0xff,0xff,0xff,0xff,
0x0,0x0,0x0,0x0,0x54,0x0,0x0,0x0,
0x54,0x0,0x0,0x0,0x54,0x0,0x0,0x0,
0x0,0x0,0x0,0x0,0x54,0x0,0x0,0x0,
0x54,0x0,0x0,0x0,0x0,0x0,0x2,0x0,
0x54,0x0,0x0,0x0,0x0,0x0,0x0,0x0,
0x84,0x0,0x0,0x0,0x15,0x2,0x50,0x1,
0x0,0x0,0x0,0x0,0x84,0x0,0x0,0x0,
0x0,0x0,0x0,0x0,0x84,0x0,0x0,0x0,
0x0,0x0,0x0,0x0,0xbb,0x0,0x0,0x0,
0x0,0x0,0x1,0x0,0x1,0x0,0x0,0x0,
0x0,0x0,0x0,0x0,0x16,0x2,0xc0,0x1,
0x16,0x2,0x80,0x2,0xb9,0x0,0x0,0x0,
0x0,0x0,0x7,0x0,0x77,0x0,0x0,0x0,
0x0,0x0,0x0,0x0,0x15,0x2,0xc0,0x1,
0x15,0x2,0xc0,0x2,0x0,0x0,0x0,0x0,
0x81,0x0,0x0,0x0,0x0,0x0,0x0,0x0,
0x0,0x0,0xff,0xff,0xff,0xff,0xff,0xff,
0x0,0x0,0x0,0x0,0x54,0x0,0x0,0x0,
0x54,0x0,0x0,0x0,0x54,0x0,0x0,0x0,
0x0,0x0,0x0,0x0,0x54,0x0,0x0,0x0,
0x54,0x0,0x0,0x0,0x0,0x0,0x7,0x0,
0x54,0x0,0x0,0x0,0x0,0x0,0x0,0x0,
0xfc,0x0,0x0,0x0,0x17,0x2,0x50,0x1,
0x0,0x0,0x0,0x0,0xfc,0x0,0x0,0x0,
0x0,0x0,0x0,0x0,0xfc,0x0,0x0,0x0,
0x0,0x0,0x0,0x0,0x54,0x0,0x0,0x0,
0x0,0x0,0x7,0x0,0x7b,0x0,0x0,0x0,
0x0,0x0,0x0,0x0,0x1a,0x2,0x90,0x1,
0x1a,0x2,0x0,0x2,0x7e,0x0,0x0,0x0,
0x0,0x0,0x7,0x0,0x7a,0x0,0x0,0x0,
0x0,0x0,0x0,0x0,0x19,0x2,0x90,0x1,
0x19,0x2,0xf0,0x1,0xd1,0x0,0x0,0x0,
0x0,0x0,0x7,0x0,0x79,0x0,0x0,0x0,
0x0,0x0,0x0,0x0,0x18,0x2,0x70,0x6,
0x18,0x2,0xc0,0x7,0xcf,0x0,0x0,0x0,
0x0,0x0,0x7,0x0,0x78,0x0,0x0,0x0,
0x0,0x0,0x0,0x0,0x18,0x2,0x10,0x4,
0x18,0x2,0x40,0x5,0xce,0x0,0x0,0x0,
0x0,0x0,0x2,0x0,0xa,0x0,0x0,0x0,
0x0,0x0,0x0,0x0,0x18,0x2,0xf0,0x2,
0x18,0x2,0xd0,0x3,0x83,0x0,0x0,0x0,
0x0,0x0,0xa,0x0,0x42,0x0,0x0,0x0,
0x0,0x0,0x0,0x0,0x1b,0x2,0x90,0x1,
0x1b,0x2,0xe0,0x1,0x10,0x0,0x0,0x0,
0x0,0x0,0xa,0x0,0x41,0x0,0x0,0x0,
0x0,0x0,0x0,0x0,0x18,0x2,0x90,0x1,
0x18,0x2,0x10,0x2,0x0,0x0,0x0,0x0,
0x0,0x0,0x0,0x0,0x0,0x0,0x0,0x0,
0x0,0x0,0xff,0xff,0xff,0xff,0xff,0xff,
0x0,0x0,0x0,0x0,0x54,0x0,0x0,0x0,
0x54,0x0,0x0,0x0,0x54,0x0,0x0,0x0,
0x0,0x0,0x0,0x0,0x54,0x0,0x0,0x0,
0x54,0x0,0x0,0x0,0x0,0x0,0x1,0x0,
0x54,0x0,0x0,0x0,0x0,0x0,0x0,0x0,
0x6c,0x0,0x0,0x0,0x18,0x2,0x90,0x1,
0x0,0x0,0x0,0x0,0x6c,0x0,0x0,0x0,
0x0,0x0,0x0,0x0,0x6c,0x0,0x0,0x0,
0x0,0x0,0x0,0x0,0x11,0x0,0x0,0x0,
0x0,0x0,0x7,0x0,0x7c,0x0,0x0,0x0,
0x0,0x0,0x0,0x0,0x18,0x2,0x10,0x2,
0x18,0x2,0x70,0x2,0x0,0x0,0x0,0x0,
0x0,0x0,0x0,0x0,0x0,0x0,0x0,0x0,
0x0,0x0,0xff,0xff,0xff,0xff,0xff,0xff,
0x0,0x0,0x0,0x0,0x54,0x0,0x0,0x0,
0x54,0x0,0x0,0x0,0x54,0x0,0x0,0x0,
0x0,0x0,0x0,0x0,0x54,0x0,0x0,0x0,
0x54,0x0,0x0,0x0,0x0,0x0,0x1,0x0,
0x54,0x0,0x0,0x0,0x0,0x0,0x0,0x0,
0x6c,0x0,0x0,0x0,0x1b,0x2,0x90,0x1,
0x0,0x0,0x0,0x0,0x6c,0x0,0x0,0x0,
0x0,0x0,0x0,0x0,0x6c,0x0,0x0,0x0,
0x0,0x0,0x0,0x0,0x84,0x0,0x0,0x0,
0x0,0x0,0x7,0x0,0x7d,0x0,0x0,0x0,
0x0,0x0,0x0,0x0,0x1b,0x2,0xe0,0x1,
0x1b,0x2,0x90,0x2,0x0,0x0,0x0,0x0,
0x8,0x0,0x0,0x0,0x0,0x0,0x0,0x0,
0x0,0x0,0xff,0xff,0xff,0xff,0xff,0xff,
0x0,0x0,0x0,0x0,0x54,0x0,0x0,0x0,
0x54,0x0,0x0,0x0,0x54,0x0,0x0,0x0,
0x0,0x0,0x0,0x0,0x54,0x0,0x0,0x0,
0x54,0x0,0x0,0x0,0x0,0x0,0x3,0x0,
0x54,0x0,0x0,0x0,0x0,0x0,0x0,0x0,
0x9c,0x0,0x0,0x0,0x1f,0x2,0x10,0x1,
0x0,0x0,0x0,0x0,0x9c,0x0,0x0,0x0,
0x0,0x0,0x0,0x0,0x9c,0x0,0x0,0x0,
0x0,0x0,0x0,0x0,0xb4,0x0,0x0,0x0,
0x0,0x0,0x7,0x0,0x7e,0x0,0x0,0x0,
0x0,0x0,0x0,0x0,0x20,0x2,0x50,0x1,
0x20,0x2,0xe0,0x1,0x0,0x0,0x0,0x0,
0x0,0x0,0x8,0x0,0x45,0x0,0x0,0x0,
0x0,0x0,0x0,0x0,0x23,0x2,0x50,0x1,
0x23,0x2,0x50,0x1,0x86,0x0,0x0,0x0,
0x0,0x0,0x9,0x0,0x44,0x0,0x0,0x0,
0x0,0x0,0x0,0x0,0x21,0x2,0x50,0x1,
0x21,0x2,0xc0,0x1,0x0,0x0,0x0,0x0,
0x0,0x0,0x0,0x0,0x0,0x0,0x0,0x0,
0x0,0x0,0xff,0xff,0xff,0xff,0xff,0xff,
0x0,0x0,0x0,0x0,0x54,0x0,0x0,0x0,
0x54,0x0,0x0,0x0,0x54,0x0,0x0,0x0,
0x0,0x0,0x0,0x0,0x54,0x0,0x0,0x0,
0x54,0x0,0x0,0x0,0x0,0x0,0x2,0x0,
0x54,0x0,0x0,0x0,0x0,0x0,0x0,0x0,
0x84,0x0,0x0,0x0,0x21,0x2,0x50,0x1,
0x0,0x0,0x0,0x0,0x84,0x0,0x0,0x0,
0x0,0x0,0x0,0x0,0x84,0x0,0x0,0x0,
0x0,0x0,0x0,0x0,0xbb,0x0,0x0,0x0,
0x0,0x0,0x1,0x0,0x1,0x0,0x0,0x0,
0x0,0x0,0x0,0x0,0x22,0x2,0xc0,0x1,
0x22,0x2,0x80,0x2,0xb9,0x0,0x0,0x0,
0x0,0x0,0x7,0x0,0x7f,0x0,0x0,0x0,
0x0,0x0,0x0,0x0,0x21,0x2,0xc0,0x1,
0x21,0x2,0xc0,0x2,0x0,0x0,0x0,0x0,
0x81,0x0,0x0,0x0,0x0,0x0,0x0,0x0,
0x0,0x0,0xff,0xff,0xff,0xff,0xff,0xff,
0x0,0x0,0x0,0x0,0x54,0x0,0x0,0x0,
0x54,0x0,0x0,0x0,0x54,0x0,0x0,0x0,
0x0,0x0,0x0,0x0,0x54,0x0,0x0,0x0,
0x54,0x0,0x0,0x0,0x0,0x0,0x7,0x0,
0x54,0x0,0x0,0x0,0x0,0x0,0x0,0x0,
0xfc,0x0,0x0,0x0,0x23,0x2,0x50,0x1,
0x0,0x0,0x0,0x0,0xfc,0x0,0x0,0x0,
0x0,0x0,0x0,0x0,0xfc,0x0,0x0,0x0,
0x0,0x0,0x0,0x0,0x54,0x0,0x0,0x0,
0x0,0x0,0x7,0x0,0x83,0x0,0x0,0x0,
0x0,0x0,0x0,0x0,0x26,0x2,0x90,0x1,
0x26,0x2,0x0,0x2,0x7e,0x0,0x0,0x0,
0x0,0x0,0x7,0x0,0x82,0x0,0x0,0x0,
0x0,0x0,0x0,0x0,0x25,0x2,0x90,0x1,
0x25,0x2,0xf0,0x1,0xd1,0x0,0x0,0x0,
0x0,0x0,0x7,0x0,0x81,0x0,0x0,0x0,
0x0,0x0,0x0,0x0,0x24,0x2,0x70,0x6,
0x24,0x2,0xc0,0x7,0xcf,0x0,0x0,0x0,
0x0,0x0,0x7,0x0,0x80,0x0,0x0,0x0,
0x0,0x0,0x0,0x0,0x24,0x2,0x10,0x4,
0x24,0x2,0x40,0x5,0xce,0x0,0x0,0x0,
0x0,0x0,0x2,0x0,0xa,0x0,0x0,0x0,
0x0,0x0,0x0,0x0,0x24,0x2,0xf0,0x2,
0x24,0x2,0xd0,0x3,0x83,0x0,0x0,0x0,
0x0,0x0,0xa,0x0,0x47,0x0,0x0,0x0,
0x0,0x0,0x0,0x0,0x27,0x2,0x90,0x1,
0x27,0x2,0xe0,0x1,0x10,0x0,0x0,0x0,
0x0,0x0,0xa,0x0,0x46,0x0,0x0,0x0,
0x0,0x0,0x0,0x0,0x24,0x2,0x90,0x1,
0x24,0x2,0x10,0x2,0x0,0x0,0x0,0x0,
0x0,0x0,0x0,0x0,0x0,0x0,0x0,0x0,
0x0,0x0,0xff,0xff,0xff,0xff,0xff,0xff,
0x0,0x0,0x0,0x0,0x54,0x0,0x0,0x0,
0x54,0x0,0x0,0x0,0x54,0x0,0x0,0x0,
0x0,0x0,0x0,0x0,0x54,0x0,0x0,0x0,
0x54,0x0,0x0,0x0,0x0,0x0,0x1,0x0,
0x54,0x0,0x0,0x0,0x0,0x0,0x0,0x0,
0x6c,0x0,0x0,0x0,0x24,0x2,0x90,0x1,
0x0,0x0,0x0,0x0,0x6c,0x0,0x0,0x0,
0x0,0x0,0x0,0x0,0x6c,0x0,0x0,0x0,
0x0,0x0,0x0,0x0,0x11,0x0,0x0,0x0,
0x0,0x0,0x7,0x0,0x84,0x0,0x0,0x0,
0x0,0x0,0x0,0x0,0x24,0x2,0x10,0x2,
0x24,0x2,0x70,0x2,0x0,0x0,0x0,0x0,
0x0,0x0,0x0,0x0,0x0,0x0,0x0,0x0,
0x0,0x0,0xff,0xff,0xff,0xff,0xff,0xff,
0x0,0x0,0x0,0x0,0x54,0x0,0x0,0x0,
0x54,0x0,0x0,0x0,0x54,0x0,0x0,0x0,
0x0,0x0,0x0,0x0,0x54,0x0,0x0,0x0,
0x54,0x0,0x0,0x0,0x0,0x0,0x1,0x0,
0x54,0x0,0x0,0x0,0x0,0x0,0x0,0x0,
0x6c,0x0,0x0,0x0,0x27,0x2,0x90,0x1,
0x0,0x0,0x0,0x0,0x6c,0x0,0x0,0x0,
0x0,0x0,0x0,0x0,0x6c,0x0,0x0,0x0,
0x0,0x0,0x0,0x0,0x84,0x0,0x0,0x0,
0x0,0x0,0x7,0x0,0x85,0x0,0x0,0x0,
0x0,0x0,0x0,0x0,0x27,0x2,0xe0,0x1,
0x27,0x2,0x90,0x2,0x0,0x0,0x0,0x0,
0x8,0x0,0x0,0x0,0x0,0x0,0x0,0x0,
0x0,0x0,0xff,0xff,0xff,0xff,0xff,0xff,
0x0,0x0,0x0,0x0,0x54,0x0,0x0,0x0,
0x54,0x0,0x0,0x0,0x54,0x0,0x0,0x0,
0x0,0x0,0x0,0x0,0x54,0x0,0x0,0x0,
0x54,0x0,0x0,0x0,0x0,0x0,0x3,0x0,
0x54,0x0,0x0,0x0,0x0,0x0,0x0,0x0,
0x9c,0x0,0x0,0x0,0x2b,0x2,0x10,0x1,
0x0,0x0,0x0,0x0,0x9c,0x0,0x0,0x0,
0x0,0x0,0x0,0x0,0x9c,0x0,0x0,0x0,
0x0,0x0,0x0,0x0,0xb4,0x0,0x0,0x0,
0x0,0x0,0x7,0x0,0x86,0x0,0x0,0x0,
0x0,0x0,0x0,0x0,0x2c,0x2,0x50,0x1,
0x2c,0x2,0xe0,0x1,0x0,0x0,0x0,0x0,
0x0,0x0,0x8,0x0,0x4a,0x0,0x0,0x0,
0x0,0x0,0x0,0x0,0x2f,0x2,0x50,0x1,
0x2f,0x2,0x50,0x1,0x86,0x0,0x0,0x0,
0x0,0x0,0x9,0x0,0x49,0x0,0x0,0x0,
0x0,0x0,0x0,0x0,0x2d,0x2,0x50,0x1,
0x2d,0x2,0xc0,0x1,0x0,0x0,0x0,0x0,
0x0,0x0,0x0,0x0,0x0,0x0,0x0,0x0,
0x0,0x0,0xff,0xff,0xff,0xff,0xff,0xff,
0x0,0x0,0x0,0x0,0x54,0x0,0x0,0x0,
0x54,0x0,0x0,0x0,0x54,0x0,0x0,0x0,
0x0,0x0,0x0,0x0,0x54,0x0,0x0,0x0,
0x54,0x0,0x0,0x0,0x0,0x0,0x2,0x0,
0x54,0x0,0x0,0x0,0x0,0x0,0x0,0x0,
0x84,0x0,0x0,0x0,0x2d,0x2,0x50,0x1,
0x0,0x0,0x0,0x0,0x84,0x0,0x0,0x0,
0x0,0x0,0x0,0x0,0x84,0x0,0x0,0x0,
0x0,0x0,0x0,0x0,0xbb,0x0,0x0,0x0,
0x0,0x0,0x1,0x0,0x1,0x0,0x0,0x0,
0x0,0x0,0x0,0x0,0x2e,0x2,0xc0,0x1,
0x2e,0x2,0x80,0x2,0xb9,0x0,0x0,0x0,
0x0,0x0,0x7,0x0,0x87,0x0,0x0,0x0,
0x0,0x0,0x0,0x0,0x2d,0x2,0xc0,0x1,
0x2d,0x2,0xc0,0x2,0x0,0x0,0x0,0x0,
0x81,0x0,0x0,0x0,0x0,0x0,0x0,0x0,
0x0,0x0,0xff,0xff,0xff,0xff,0xff,0xff,
0x0,0x0,0x0,0x0,0x54,0x0,0x0,0x0,
0x54,0x0,0x0,0x0,0x54,0x0,0x0,0x0,
0x0,0x0,0x0,0x0,0x54,0x0,0x0,0x0,
0x54,0x0,0x0,0x0,0x0,0x0,0x7,0x0,
0x54,0x0,0x0,0x0,0x0,0x0,0x0,0x0,
0xfc,0x0,0x0,0x0,0x2f,0x2,0x50,0x1,
0x0,0x0,0x0,0x0,0xfc,0x0,0x0,0x0,
0x0,0x0,0x0,0x0,0xfc,0x0,0x0,0x0,
0x0,0x0,0x0,0x0,0x54,0x0,0x0,0x0,
0x0,0x0,0x7,0x0,0x8b,0x0,0x0,0x0,
0x0,0x0,0x0,0x0,0x32,0x2,0x90,0x1,
0x32,0x2,0x0,0x2,0x7e,0x0,0x0,0x0,
0x0,0x0,0x7,0x0,0x8a,0x0,0x0,0x0,
0x0,0x0,0x0,0x0,0x31,0x2,0x90,0x1,
0x31,0x2,0xf0,0x1,0xd1,0x0,0x0,0x0,
0x0,0x0,0x7,0x0,0x89,0x0,0x0,0x0,
0x0,0x0,0x0,0x0,0x30,0x2,0x70,0x6,
0x30,0x2,0xc0,0x7,0xcf,0x0,0x0,0x0,
0x0,0x0,0x7,0x0,0x88,0x0,0x0,0x0,
0x0,0x0,0x0,0x0,0x30,0x2,0x10,0x4,
0x30,0x2,0x40,0x5,0xce,0x0,0x0,0x0,
0x0,0x0,0x2,0x0,0xa,0x0,0x0,0x0,
0x0,0x0,0x0,0x0,0x30,0x2,0xf0,0x2,
0x30,0x2,0xd0,0x3,0x83,0x0,0x0,0x0,
0x0,0x0,0xa,0x0,0x4c,0x0,0x0,0x0,
0x0,0x0,0x0,0x0,0x33,0x2,0x90,0x1,
0x33,0x2,0xe0,0x1,0x10,0x0,0x0,0x0,
0x0,0x0,0xa,0x0,0x4b,0x0,0x0,0x0,
0x0,0x0,0x0,0x0,0x30,0x2,0x90,0x1,
0x30,0x2,0x10,0x2,0x0,0x0,0x0,0x0,
0x0,0x0,0x0,0x0,0x0,0x0,0x0,0x0,
0x0,0x0,0xff,0xff,0xff,0xff,0xff,0xff,
0x0,0x0,0x0,0x0,0x54,0x0,0x0,0x0,
0x54,0x0,0x0,0x0,0x54,0x0,0x0,0x0,
0x0,0x0,0x0,0x0,0x54,0x0,0x0,0x0,
0x54,0x0,0x0,0x0,0x0,0x0,0x1,0x0,
0x54,0x0,0x0,0x0,0x0,0x0,0x0,0x0,
0x6c,0x0,0x0,0x0,0x30,0x2,0x90,0x1,
0x0,0x0,0x0,0x0,0x6c,0x0,0x0,0x0,
0x0,0x0,0x0,0x0,0x6c,0x0,0x0,0x0,
0x0,0x0,0x0,0x0,0x11,0x0,0x0,0x0,
0x0,0x0,0x7,0x0,0x8c,0x0,0x0,0x0,
0x0,0x0,0x0,0x0,0x30,0x2,0x10,0x2,
0x30,0x2,0x70,0x2,0x0,0x0,0x0,0x0,
0x0,0x0,0x0,0x0,0x0,0x0,0x0,0x0,
0x0,0x0,0xff,0xff,0xff,0xff,0xff,0xff,
0x0,0x0,0x0,0x0,0x54,0x0,0x0,0x0,
0x54,0x0,0x0,0x0,0x54,0x0,0x0,0x0,
0x0,0x0,0x0,0x0,0x54,0x0,0x0,0x0,
0x54,0x0,0x0,0x0,0x0,0x0,0x1,0x0,
0x54,0x0,0x0,0x0,0x0,0x0,0x0,0x0,
0x6c,0x0,0x0,0x0,0x33,0x2,0x90,0x1,
0x0,0x0,0x0,0x0,0x6c,0x0,0x0,0x0,
0x0,0x0,0x0,0x0,0x6c,0x0,0x0,0x0,
0x0,0x0,0x0,0x0,0x84,0x0,0x0,0x0,
0x0,0x0,0x7,0x0,0x8d,0x0,0x0,0x0,
0x0,0x0,0x0,0x0,0x33,0x2,0xe0,0x1,
0x33,0x2,0x90,0x2,0x0,0x0,0x0,0x0,
0x8,0x0,0x0,0x0,0x0,0x0,0x0,0x0,
0x0,0x0,0xff,0xff,0xff,0xff,0xff,0xff,
0x0,0x0,0x0,0x0,0x54,0x0,0x0,0x0,
0x54,0x0,0x0,0x0,0x54,0x0,0x0,0x0,
0x0,0x0,0x0,0x0,0x54,0x0,0x0,0x0,
0x54,0x0,0x0,0x0,0x0,0x0,0x3,0x0,
0x54,0x0,0x0,0x0,0x0,0x0,0x0,0x0,
0x9c,0x0,0x0,0x0,0x37,0x2,0x10,0x1,
0x0,0x0,0x0,0x0,0x9c,0x0,0x0,0x0,
0x0,0x0,0x0,0x0,0x9c,0x0,0x0,0x0,
0x0,0x0,0x0,0x0,0xb4,0x0,0x0,0x0,
0x0,0x0,0x7,0x0,0x8e,0x0,0x0,0x0,
0x0,0x0,0x0,0x0,0x38,0x2,0x50,0x1,
0x38,0x2,0xe0,0x1,0x0,0x0,0x0,0x0,
0x0,0x0,0x8,0x0,0x4f,0x0,0x0,0x0,
0x0,0x0,0x0,0x0,0x3b,0x2,0x50,0x1,
0x3b,0x2,0x50,0x1,0x86,0x0,0x0,0x0,
0x0,0x0,0x9,0x0,0x4e,0x0,0x0,0x0,
0x0,0x0,0x0,0x0,0x39,0x2,0x50,0x1,
0x39,0x2,0xc0,0x1,0x0,0x0,0x0,0x0,
0x0,0x0,0x0,0x0,0x0,0x0,0x0,0x0,
0x0,0x0,0xff,0xff,0xff,0xff,0xff,0xff,
0x0,0x0,0x0,0x0,0x54,0x0,0x0,0x0,
0x54,0x0,0x0,0x0,0x54,0x0,0x0,0x0,
0x0,0x0,0x0,0x0,0x54,0x0,0x0,0x0,
0x54,0x0,0x0,0x0,0x0,0x0,0x2,0x0,
0x54,0x0,0x0,0x0,0x0,0x0,0x0,0x0,
0x84,0x0,0x0,0x0,0x39,0x2,0x50,0x1,
0x0,0x0,0x0,0x0,0x84,0x0,0x0,0x0,
0x0,0x0,0x0,0x0,0x84,0x0,0x0,0x0,
0x0,0x0,0x0,0x0,0xbb,0x0,0x0,0x0,
0x0,0x0,0x1,0x0,0x1,0x0,0x0,0x0,
0x0,0x0,0x0,0x0,0x3a,0x2,0xc0,0x1,
0x3a,0x2,0x80,0x2,0xb9,0x0,0x0,0x0,
0x0,0x0,0x7,0x0,0x8f,0x0,0x0,0x0,
0x0,0x0,0x0,0x0,0x39,0x2,0xc0,0x1,
0x39,0x2,0xc0,0x2,0x0,0x0,0x0,0x0,
0x81,0x0,0x0,0x0,0x0,0x0,0x0,0x0,
0x0,0x0,0xff,0xff,0xff,0xff,0xff,0xff,
0x0,0x0,0x0,0x0,0x54,0x0,0x0,0x0,
0x54,0x0,0x0,0x0,0x54,0x0,0x0,0x0,
0x0,0x0,0x0,0x0,0x54,0x0,0x0,0x0,
0x54,0x0,0x0,0x0,0x0,0x0,0x6,0x0,
0x54,0x0,0x0,0x0,0x0,0x0,0x0,0x0,
0xe4,0x0,0x0,0x0,0x3b,0x2,0x50,0x1,
0x0,0x0,0x0,0x0,0xe4,0x0,0x0,0x0,
0x0,0x0,0x0,0x0,0xe4,0x0,0x0,0x0,
0x0,0x0,0x0,0x0,0x54,0x0,0x0,0x0,
0x0,0x0,0x7,0x0,0x92,0x0,0x0,0x0,
0x0,0x0,0x0,0x0,0x3f,0x2,0x90,0x1,
0x3f,0x2,0x0,0x2,0x7e,0x0,0x0,0x0,
0x0,0x0,0x7,0x0,0x91,0x0,0x0,0x0,
0x0,0x0,0x0,0x0,0x3d,0x2,0x90,0x1,
0x3d,0x2,0xf0,0x1,0xcf,0x0,0x0,0x0,
0x0,0x0,0x7,0x0,0x90,0x0,0x0,0x0,
0x0,0x0,0x0,0x0,0x3c,0x2,0x0,0x4,
0x3c,0x2,0x30,0x5,0xd3,0x0,0x0,0x0,
0x0,0x0,0x2,0x0,0xa,0x0,0x0,0x0,
0x0,0x0,0x0,0x0,0x3c,0x2,0xf0,0x2,
0x3c,0x2,0xc0,0x3,0x83,0x0,0x0,0x0,
0x0,0x0,0xa,0x0,0x51,0x0,0x0,0x0,
0x0,0x0,0x0,0x0,0x3e,0x2,0x90,0x1,
0x3e,0x2,0xe0,0x1,0x10,0x0,0x0,0x0,
0x0,0x0,0xa,0x0,0x50,0x0,0x0,0x0,
0x0,0x0,0x0,0x0,0x3c,0x2,0x90,0x1,
0x3c,0x2,0x10,0x2,0x0,0x0,0x0,0x0,
0x0,0x0,0x0,0x0,0x0,0x0,0x0,0x0,
0x0,0x0,0xff,0xff,0xff,0xff,0xff,0xff,
0x0,0x0,0x0,0x0,0x54,0x0,0x0,0x0,
0x54,0x0,0x0,0x0,0x54,0x0,0x0,0x0,
0x0,0x0,0x0,0x0,0x54,0x0,0x0,0x0,
0x54,0x0,0x0,0x0,0x0,0x0,0x1,0x0,
0x54,0x0,0x0,0x0,0x0,0x0,0x0,0x0,
0x6c,0x0,0x0,0x0,0x3c,0x2,0x90,0x1,
0x0,0x0,0x0,0x0,0x6c,0x0,0x0,0x0,
0x0,0x0,0x0,0x0,0x6c,0x0,0x0,0x0,
0x0,0x0,0x0,0x0,0x11,0x0,0x0,0x0,
0x0,0x0,0x7,0x0,0x93,0x0,0x0,0x0,
0x0,0x0,0x0,0x0,0x3c,0x2,0x10,0x2,
0x3c,0x2,0x70,0x2,0x0,0x0,0x0,0x0,
0x0,0x0,0x0,0x0,0x0,0x0,0x0,0x0,
0x0,0x0,0xff,0xff,0xff,0xff,0xff,0xff,
0x0,0x0,0x0,0x0,0x54,0x0,0x0,0x0,
0x54,0x0,0x0,0x0,0x54,0x0,0x0,0x0,
0x0,0x0,0x0,0x0,0x54,0x0,0x0,0x0,
0x54,0x0,0x0,0x0,0x0,0x0,0x2,0x0,
0x54,0x0,0x0,0x0,0x0,0x0,0x0,0x0,
0x84,0x0,0x0,0x0,0x3e,0x2,0x90,0x1,
0x0,0x0,0x0,0x0,0x84,0x0,0x0,0x0,
0x0,0x0,0x0,0x0,0x84,0x0,0x0,0x0,
0x0,0x0,0x0,0x0,0x84,0x0,0x0,0x0,
0x0,0x0,0x7,0x0,0x94,0x0,0x0,0x0,
0x0,0x0,0x0,0x0,0x40,0x2,0xe0,0x1,
0x40,0x2,0x90,0x2,0xd4,0x0,0x0,0x0,
0x0,0x0,0x3,0x0,0x0,0x0,0x0,0x0,
0xd5,0x0,0x0,0x0,0x3e,0x2,0xe0,0x1,
0x3e,0x2,0x60,0x2,0x0,0x0,0x0,0x0,
0x8,0x0,0x0,0x0,0x0,0x0,0x0,0x0,
0x0,0x0,0xff,0xff,0xff,0xff,0xff,0xff,
0x0,0x0,0x0,0x0,0x54,0x0,0x0,0x0,
0x54,0x0,0x0,0x0,0x54,0x0,0x0,0x0,
0x0,0x0,0x0,0x0,0x54,0x0,0x0,0x0,
0x54,0x0,0x0,0x0,0x0,0x0,0x3,0x0,
0x54,0x0,0x0,0x0,0x0,0x0,0x0,0x0,
0x9c,0x0,0x0,0x0,0x44,0x2,0x10,0x1,
0x0,0x0,0x0,0x0,0x9c,0x0,0x0,0x0,
0x0,0x0,0x0,0x0,0x9c,0x0,0x0,0x0,
0x0,0x0,0x0,0x0,0xb4,0x0,0x0,0x0,
0x0,0x0,0x7,0x0,0x95,0x0,0x0,0x0,
0x0,0x0,0x0,0x0,0x45,0x2,0x50,0x1,
0x45,0x2,0xe0,0x1,0x0,0x0,0x0,0x0,
0x0,0x0,0x8,0x0,0x54,0x0,0x0,0x0,
0x0,0x0,0x0,0x0,0x48,0x2,0x50,0x1,
0x48,0x2,0x50,0x1,0x86,0x0,0x0,0x0,
0x0,0x0,0x9,0x0,0x53,0x0,0x0,0x0,
0x0,0x0,0x0,0x0,0x46,0x2,0x50,0x1,
0x46,0x2,0xc0,0x1,0x0,0x0,0x0,0x0,
0x0,0x0,0x0,0x0,0x0,0x0,0x0,0x0,
0x0,0x0,0xff,0xff,0xff,0xff,0xff,0xff,
0x0,0x0,0x0,0x0,0x54,0x0,0x0,0x0,
0x54,0x0,0x0,0x0,0x54,0x0,0x0,0x0,
0x0,0x0,0x0,0x0,0x54,0x0,0x0,0x0,
0x54,0x0,0x0,0x0,0x0,0x0,0x2,0x0,
0x54,0x0,0x0,0x0,0x0,0x0,0x0,0x0,
0x84,0x0,0x0,0x0,0x46,0x2,0x50,0x1,
0x0,0x0,0x0,0x0,0x84,0x0,0x0,0x0,
0x0,0x0,0x0,0x0,0x84,0x0,0x0,0x0,
0x0,0x0,0x0,0x0,0xbb,0x0,0x0,0x0,
0x0,0x0,0x1,0x0,0x1,0x0,0x0,0x0,
0x0,0x0,0x0,0x0,0x47,0x2,0xc0,0x1,
0x47,0x2,0x80,0x2,0xb9,0x0,0x0,0x0,
0x0,0x0,0x7,0x0,0x96,0x0,0x0,0x0,
0x0,0x0,0x0,0x0,0x46,0x2,0xc0,0x1,
0x46,0x2,0xc0,0x2,0x0,0x0,0x0,0x0,
0x81,0x0,0x0,0x0,0x0,0x0,0x0,0x0,
0x0,0x0,0xff,0xff,0xff,0xff,0xff,0xff,
0x0,0x0,0x0,0x0,0x54,0x0,0x0,0x0,
0x54,0x0,0x0,0x0,0x54,0x0,0x0,0x0,
0x0,0x0,0x0,0x0,0x54,0x0,0x0,0x0,
0x54,0x0,0x0,0x0,0x0,0x0,0x7,0x0,
0x54,0x0,0x0,0x0,0x0,0x0,0x0,0x0,
0xfc,0x0,0x0,0x0,0x48,0x2,0x50,0x1,
0x0,0x0,0x0,0x0,0xfc,0x0,0x0,0x0,
0x0,0x0,0x0,0x0,0xfc,0x0,0x0,0x0,
0x0,0x0,0x0,0x0,0x54,0x0,0x0,0x0,
0x0,0x0,0x7,0x0,0x9a,0x0,0x0,0x0,
0x0,0x0,0x0,0x0,0x4c,0x2,0x90,0x1,
0x4c,0x2,0x0,0x2,0xc8,0x0,0x0,0x0,
0x0,0x0,0x7,0x0,0x99,0x0,0x0,0x0,
0x0,0x0,0x0,0x0,0x4b,0x2,0x90,0x1,
0x4b,0x2,0x0,0x2,0x7e,0x0,0x0,0x0,
0x0,0x0,0x7,0x0,0x98,0x0,0x0,0x0,
0x0,0x0,0x0,0x0,0x4a,0x2,0x90,0x1,
0x4a,0x2,0xf0,0x1,0xcf,0x0,0x0,0x0,
0x0,0x0,0x7,0x0,0x97,0x0,0x0,0x0,
0x0,0x0,0x0,0x0,0x49,0x2,0x0,0x4,
0x49,0x2,0x30,0x5,0xd3,0x0,0x0,0x0,
0x0,0x0,0x2,0x0,0xa,0x0,0x0,0x0,
0x0,0x0,0x0,0x0,0x49,0x2,0xf0,0x2,
0x49,0x2,0xc0,0x3,0x83,0x0,0x0,0x0,
0x0,0x0,0xa,0x0,0x56,0x0,0x0,0x0,
0x0,0x0,0x0,0x0,0x4d,0x2,0x90,0x1,
0x4d,0x2,0xe0,0x1,0x10,0x0,0x0,0x0,
0x0,0x0,0xa,0x0,0x55,0x0,0x0,0x0,
0x0,0x0,0x0,0x0,0x49,0x2,0x90,0x1,
0x49,0x2,0x10,0x2,0x0,0x0,0x0,0x0,
0x0,0x0,0x0,0x0,0x0,0x0,0x0,0x0,
0x0,0x0,0xff,0xff,0xff,0xff,0xff,0xff,
0x0,0x0,0x0,0x0,0x54,0x0,0x0,0x0,
0x54,0x0,0x0,0x0,0x54,0x0,0x0,0x0,
0x0,0x0,0x0,0x0,0x54,0x0,0x0,0x0,
0x54,0x0,0x0,0x0,0x0,0x0,0x1,0x0,
0x54,0x0,0x0,0x0,0x0,0x0,0x0,0x0,
0x6c,0x0,0x0,0x0,0x49,0x2,0x90,0x1,
0x0,0x0,0x0,0x0,0x6c,0x0,0x0,0x0,
0x0,0x0,0x0,0x0,0x6c,0x0,0x0,0x0,
0x0,0x0,0x0,0x0,0x11,0x0,0x0,0x0,
0x0,0x0,0x7,0x0,0x9b,0x0,0x0,0x0,
0x0,0x0,0x0,0x0,0x49,0x2,0x10,0x2,
0x49,0x2,0x70,0x2,0x0,0x0,0x0,0x0,
0x0,0x0,0x0,0x0,0x0,0x0,0x0,0x0,
0x0,0x0,0xff,0xff,0xff,0xff,0xff,0xff,
0x0,0x0,0x0,0x0,0x54,0x0,0x0,0x0,
0x54,0x0,0x0,0x0,0x54,0x0,0x0,0x0,
0x0,0x0,0x0,0x0,0x54,0x0,0x0,0x0,
0x54,0x0,0x0,0x0,0x0,0x0,0x1,0x0,
0x54,0x0,0x0,0x0,0x0,0x0,0x0,0x0,
0x6c,0x0,0x0,0x0,0x4d,0x2,0x90,0x1,
0x0,0x0,0x0,0x0,0x6c,0x0,0x0,0x0,
0x0,0x0,0x0,0x0,0x6c,0x0,0x0,0x0,
0x0,0x0,0x0,0x0,0x84,0x0,0x0,0x0,
0x0,0x0,0x7,0x0,0x9c,0x0,0x0,0x0,
0x0,0x0,0x0,0x0,0x4d,0x2,0xe0,0x1,
0x4d,0x2,0x90,0x2,0x0,0x0,0x0,0x0,
0x8,0x0,0x0,0x0,0x0,0x0,0x0,0x0,
0x0,0x0,0xff,0xff,0xff,0xff,0xff,0xff,
0x0,0x0,0x0,0x0,0x54,0x0,0x0,0x0,
0x54,0x0,0x0,0x0,0x54,0x0,0x0,0x0,
0x0,0x0,0x0,0x0,0x54,0x0,0x0,0x0,
0x54,0x0,0x0,0x0,0x0,0x0,0x3,0x0,
0x54,0x0,0x0,0x0,0x0,0x0,0x0,0x0,
0x9c,0x0,0x0,0x0,0x51,0x2,0x10,0x1,
0x0,0x0,0x0,0x0,0x9c,0x0,0x0,0x0,
0x0,0x0,0x0,0x0,0x9c,0x0,0x0,0x0,
0x0,0x0,0x0,0x0,0xb4,0x0,0x0,0x0,
0x0,0x0,0x7,0x0,0x9d,0x0,0x0,0x0,
0x0,0x0,0x0,0x0,0x52,0x2,0x50,0x1,
0x52,0x2,0xe0,0x1,0x0,0x0,0x0,0x0,
0x0,0x0,0x8,0x0,0x59,0x0,0x0,0x0,
0x0,0x0,0x0,0x0,0x55,0x2,0x50,0x1,
0x55,0x2,0x50,0x1,0x86,0x0,0x0,0x0,
0x0,0x0,0x9,0x0,0x58,0x0,0x0,0x0,
0x0,0x0,0x0,0x0,0x53,0x2,0x50,0x1,
0x53,0x2,0xc0,0x1,0x0,0x0,0x0,0x0,
0x0,0x0,0x0,0x0,0x0,0x0,0x0,0x0,
0x0,0x0,0xff,0xff,0xff,0xff,0xff,0xff,
0x0,0x0,0x0,0x0,0x54,0x0,0x0,0x0,
0x54,0x0,0x0,0x0,0x54,0x0,0x0,0x0,
0x0,0x0,0x0,0x0,0x54,0x0,0x0,0x0,
0x54,0x0,0x0,0x0,0x0,0x0,0x2,0x0,
0x54,0x0,0x0,0x0,0x0,0x0,0x0,0x0,
0x84,0x0,0x0,0x0,0x53,0x2,0x50,0x1,
0x0,0x0,0x0,0x0,0x84,0x0,0x0,0x0,
0x0,0x0,0x0,0x0,0x84,0x0,0x0,0x0,
0x0,0x0,0x0,0x0,0xbb,0x0,0x0,0x0,
0x0,0x0,0x1,0x0,0x1,0x0,0x0,0x0,
0x0,0x0,0x0,0x0,0x54,0x2,0xc0,0x1,
0x54,0x2,0x80,0x2,0xb9,0x0,0x0,0x0,
0x0,0x0,0x7,0x0,0x9e,0x0,0x0,0x0,
0x0,0x0,0x0,0x0,0x53,0x2,0xc0,0x1,
0x53,0x2,0xc0,0x2,0x0,0x0,0x0,0x0,
0x81,0x0,0x0,0x0,0x0,0x0,0x0,0x0,
0x0,0x0,0xff,0xff,0xff,0xff,0xff,0xff,
0x0,0x0,0x0,0x0,0x54,0x0,0x0,0x0,
0x54,0x0,0x0,0x0,0x54,0x0,0x0,0x0,
0x0,0x0,0x0,0x0,0x54,0x0,0x0,0x0,
0x54,0x0,0x0,0x0,0x0,0x0,0x7,0x0,
0x54,0x0,0x0,0x0,0x0,0x0,0x0,0x0,
0xfc,0x0,0x0,0x0,0x55,0x2,0x50,0x1,
0x0,0x0,0x0,0x0,0xfc,0x0,0x0,0x0,
0x0,0x0,0x0,0x0,0xfc,0x0,0x0,0x0,
0x0,0x0,0x0,0x0,0x54,0x0,0x0,0x0,
0x0,0x0,0x7,0x0,0xa2,0x0,0x0,0x0,
0x0,0x0,0x0,0x0,0x59,0x2,0x90,0x1,
0x59,0x2,0x0,0x2,0xc8,0x0,0x0,0x0,
0x0,0x0,0x7,0x0,0xa1,0x0,0x0,0x0,
0x0,0x0,0x0,0x0,0x58,0x2,0x90,0x1,
0x58,0x2,0x0,0x2,0x7e,0x0,0x0,0x0,
0x0,0x0,0x7,0x0,0xa0,0x0,0x0,0x0,
0x0,0x0,0x0,0x0,0x57,0x2,0x90,0x1,
0x57,0x2,0xf0,0x1,0xcf,0x0,0x0,0x0,
0x0,0x0,0x7,0x0,0x9f,0x0,0x0,0x0,
0x0,0x0,0x0,0x0,0x56,0x2,0x0,0x4,
0x56,0x2,0x30,0x5,0xd3,0x0,0x0,0x0,
0x0,0x0,0x2,0x0,0xa,0x0,0x0,0x0,
0x0,0x0,0x0,0x0,0x56,0x2,0xf0,0x2,
0x56,0x2,0xc0,0x3,0x83,0x0,0x0,0x0,
0x0,0x0,0xa,0x0,0x5b,0x0,0x0,0x0,
0x0,0x0,0x0,0x0,0x5a,0x2,0x90,0x1,
0x5a,0x2,0xe0,0x1,0x10,0x0,0x0,0x0,
0x0,0x0,0xa,0x0,0x5a,0x0,0x0,0x0,
0x0,0x0,0x0,0x0,0x56,0x2,0x90,0x1,
0x56,0x2,0x10,0x2,0x0,0x0,0x0,0x0,
0x0,0x0,0x0,0x0,0x0,0x0,0x0,0x0,
0x0,0x0,0xff,0xff,0xff,0xff,0xff,0xff,
0x0,0x0,0x0,0x0,0x54,0x0,0x0,0x0,
0x54,0x0,0x0,0x0,0x54,0x0,0x0,0x0,
0x0,0x0,0x0,0x0,0x54,0x0,0x0,0x0,
0x54,0x0,0x0,0x0,0x0,0x0,0x1,0x0,
0x54,0x0,0x0,0x0,0x0,0x0,0x0,0x0,
0x6c,0x0,0x0,0x0,0x56,0x2,0x90,0x1,
0x0,0x0,0x0,0x0,0x6c,0x0,0x0,0x0,
0x0,0x0,0x0,0x0,0x6c,0x0,0x0,0x0,
0x0,0x0,0x0,0x0,0x11,0x0,0x0,0x0,
0x0,0x0,0x7,0x0,0xa3,0x0,0x0,0x0,
0x0,0x0,0x0,0x0,0x56,0x2,0x10,0x2,
0x56,0x2,0x70,0x2,0x0,0x0,0x0,0x0,
0x0,0x0,0x0,0x0,0x0,0x0,0x0,0x0,
0x0,0x0,0xff,0xff,0xff,0xff,0xff,0xff,
0x0,0x0,0x0,0x0,0x54,0x0,0x0,0x0,
0x54,0x0,0x0,0x0,0x54,0x0,0x0,0x0,
0x0,0x0,0x0,0x0,0x54,0x0,0x0,0x0,
0x54,0x0,0x0,0x0,0x0,0x0,0x1,0x0,
0x54,0x0,0x0,0x0,0x0,0x0,0x0,0x0,
0x6c,0x0,0x0,0x0,0x5a,0x2,0x90,0x1,
0x0,0x0,0x0,0x0,0x6c,0x0,0x0,0x0,
0x0,0x0,0x0,0x0,0x6c,0x0,0x0,0x0,
0x0,0x0,0x0,0x0,0x84,0x0,0x0,0x0,
0x0,0x0,0x7,0x0,0xa4,0x0,0x0,0x0,
0x0,0x0,0x0,0x0,0x5a,0x2,0xe0,0x1,
0x5a,0x2,0x90,0x2,0x0,0x0,0x0,0x0,
0x8,0x0,0x0,0x0,0x0,0x0,0x0,0x0,
0x0,0x0,0xff,0xff,0xff,0xff,0xff,0xff,
0x0,0x0,0x0,0x0,0x54,0x0,0x0,0x0,
0x54,0x0,0x0,0x0,0x54,0x0,0x0,0x0,
0x0,0x0,0x0,0x0,0x54,0x0,0x0,0x0,
0x54,0x0,0x0,0x0,0x0,0x0,0x3,0x0,
0x54,0x0,0x0,0x0,0x0,0x0,0x0,0x0,
0x9c,0x0,0x0,0x0,0x5e,0x2,0x10,0x1,
0x0,0x0,0x0,0x0,0x9c,0x0,0x0,0x0,
0x0,0x0,0x0,0x0,0x9c,0x0,0x0,0x0,
0x0,0x0,0x0,0x0,0xb4,0x0,0x0,0x0,
0x0,0x0,0x7,0x0,0xa5,0x0,0x0,0x0,
0x0,0x0,0x0,0x0,0x5f,0x2,0x50,0x1,
0x5f,0x2,0xe0,0x1,0x0,0x0,0x0,0x0,
0x0,0x0,0x8,0x0,0x5e,0x0,0x0,0x0,
0x0,0x0,0x0,0x0,0x62,0x2,0x50,0x1,
0x62,0x2,0x50,0x1,0x86,0x0,0x0,0x0,
0x0,0x0,0x9,0x0,0x5d,0x0,0x0,0x0,
0x0,0x0,0x0,0x0,0x60,0x2,0x50,0x1,
0x60,0x2,0xc0,0x1,0x0,0x0,0x0,0x0,
0x0,0x0,0x0,0x0,0x0,0x0,0x0,0x0,
0x0,0x0,0xff,0xff,0xff,0xff,0xff,0xff,
0x0,0x0,0x0,0x0,0x54,0x0,0x0,0x0,
0x54,0x0,0x0,0x0,0x54,0x0,0x0,0x0,
0x0,0x0,0x0,0x0,0x54,0x0,0x0,0x0,
0x54,0x0,0x0,0x0,0x0,0x0,0x2,0x0,
0x54,0x0,0x0,0x0,0x0,0x0,0x0,0x0,
0x84,0x0,0x0,0x0,0x60,0x2,0x50,0x1,
0x0,0x0,0x0,0x0,0x84,0x0,0x0,0x0,
0x0,0x0,0x0,0x0,0x84,0x0,0x0,0x0,
0x0,0x0,0x0,0x0,0xbb,0x0,0x0,0x0,
0x0,0x0,0x1,0x0,0x1,0x0,0x0,0x0,
0x0,0x0,0x0,0x0,0x61,0x2,0xc0,0x1,
0x61,0x2,0x80,0x2,0xb9,0x0,0x0,0x0,
0x0,0x0,0x7,0x0,0xa6,0x0,0x0,0x0,
0x0,0x0,0x0,0x0,0x60,0x2,0xc0,0x1,
0x60,0x2,0xc0,0x2,0x0,0x0,0x0,0x0,
0x81,0x0,0x0,0x0,0x0,0x0,0x0,0x0,
0x0,0x0,0xff,0xff,0xff,0xff,0xff,0xff,
0x0,0x0,0x0,0x0,0x54,0x0,0x0,0x0,
0x54,0x0,0x0,0x0,0x54,0x0,0x0,0x0,
0x0,0x0,0x0,0x0,0x54,0x0,0x0,0x0,
0x54,0x0,0x0,0x0,0x0,0x0,0x7,0x0,
0x54,0x0,0x0,0x0,0x0,0x0,0x0,0x0,
0xfc,0x0,0x0,0x0,0x62,0x2,0x50,0x1,
0x0,0x0,0x0,0x0,0xfc,0x0,0x0,0x0,
0x0,0x0,0x0,0x0,0xfc,0x0,0x0,0x0,
0x0,0x0,0x0,0x0,0x54,0x0,0x0,0x0,
0x0,0x0,0x7,0x0,0xaa,0x0,0x0,0x0,
0x0,0x0,0x0,0x0,0x66,0x2,0x90,0x1,
0x66,0x2,0x0,0x2,0xc8,0x0,0x0,0x0,
0x0,0x0,0x7,0x0,0xa9,0x0,0x0,0x0,
0x0,0x0,0x0,0x0,0x65,0x2,0x90,0x1,
0x65,0x2,0x0,0x2,0x7e,0x0,0x0,0x0,
0x0,0x0,0x7,0x0,0xa8,0x0,0x0,0x0,
0x0,0x0,0x0,0x0,0x64,0x2,0x90,0x1,
0x64,0x2,0xf0,0x1,0xcf,0x0,0x0,0x0,
0x0,0x0,0x7,0x0,0xa7,0x0,0x0,0x0,
0x0,0x0,0x0,0x0,0x63,0x2,0x0,0x4,
0x63,0x2,0x30,0x5,0xd3,0x0,0x0,0x0,
0x0,0x0,0x2,0x0,0xa,0x0,0x0,0x0,
0x0,0x0,0x0,0x0,0x63,0x2,0xf0,0x2,
0x63,0x2,0xc0,0x3,0x83,0x0,0x0,0x0,
0x0,0x0,0xa,0x0,0x60,0x0,0x0,0x0,
0x0,0x0,0x0,0x0,0x67,0x2,0x90,0x1,
0x67,0x2,0xe0,0x1,0x10,0x0,0x0,0x0,
0x0,0x0,0xa,0x0,0x5f,0x0,0x0,0x0,
0x0,0x0,0x0,0x0,0x63,0x2,0x90,0x1,
0x63,0x2,0x10,0x2,0x0,0x0,0x0,0x0,
0x0,0x0,0x0,0x0,0x0,0x0,0x0,0x0,
0x0,0x0,0xff,0xff,0xff,0xff,0xff,0xff,
0x0,0x0,0x0,0x0,0x54,0x0,0x0,0x0,
0x54,0x0,0x0,0x0,0x54,0x0,0x0,0x0,
0x0,0x0,0x0,0x0,0x54,0x0,0x0,0x0,
0x54,0x0,0x0,0x0,0x0,0x0,0x1,0x0,
0x54,0x0,0x0,0x0,0x0,0x0,0x0,0x0,
0x6c,0x0,0x0,0x0,0x63,0x2,0x90,0x1,
0x0,0x0,0x0,0x0,0x6c,0x0,0x0,0x0,
0x0,0x0,0x0,0x0,0x6c,0x0,0x0,0x0,
0x0,0x0,0x0,0x0,0x11,0x0,0x0,0x0,
0x0,0x0,0x7,0x0,0xab,0x0,0x0,0x0,
0x0,0x0,0x0,0x0,0x63,0x2,0x10,0x2,
0x63,0x2,0x70,0x2,0x0,0x0,0x0,0x0,
0x0,0x0,0x0,0x0,0x0,0x0,0x0,0x0,
0x0,0x0,0xff,0xff,0xff,0xff,0xff,0xff,
0x0,0x0,0x0,0x0,0x54,0x0,0x0,0x0,
0x54,0x0,0x0,0x0,0x54,0x0,0x0,0x0,
0x0,0x0,0x0,0x0,0x54,0x0,0x0,0x0,
0x54,0x0,0x0,0x0,0x0,0x0,0x1,0x0,
0x54,0x0,0x0,0x0,0x0,0x0,0x0,0x0,
0x6c,0x0,0x0,0x0,0x67,0x2,0x90,0x1,
0x0,0x0,0x0,0x0,0x6c,0x0,0x0,0x0,
0x0,0x0,0x0,0x0,0x6c,0x0,0x0,0x0,
0x0,0x0,0x0,0x0,0x84,0x0,0x0,0x0,
0x0,0x0,0x7,0x0,0xac,0x0,0x0,0x0,
0x0,0x0,0x0,0x0,0x67,0x2,0xe0,0x1,
0x67,0x2,0x90,0x2,0x0,0x0,0x0,0x0,
0x8,0x0,0x0,0x0,0x0,0x0,0x0,0x0,
0x0,0x0,0xff,0xff,0xff,0xff,0xff,0xff,
0x0,0x0,0x0,0x0,0x54,0x0,0x0,0x0,
0x54,0x0,0x0,0x0,0x54,0x0,0x0,0x0,
0x0,0x0,0x0,0x0,0x54,0x0,0x0,0x0,
0x54,0x0,0x0,0x0,0x0,0x0,0x1,0x0,
0x54,0x0,0x0,0x0,0x0,0x0,0x0,0x0,
0x6c,0x0,0x0,0x0,0x6a,0x2,0x10,0x1,
0x0,0x0,0x0,0x0,0x6c,0x0,0x0,0x0,
0x0,0x0,0x0,0x0,0x6c,0x0,0x0,0x0,
0x0,0x0,0x0,0x0,0x86,0x0,0x0,0x0,
0x0,0x0,0x9,0x0,0x62,0x0,0x0,0x0,
0x0,0x0,0x0,0x0,0x6a,0x2,0x80,0x1,
0x6a,0x2,0xf0,0x1,0x0,0x0,0x0,0x0,
0x0,0x0,0x0,0x0,0x0,0x0,0x0,0x0,
0x0,0x0,0xff,0xff,0xff,0xff,0xff,0xff,
0x0,0x0,0x0,0x0,0x54,0x0,0x0,0x0,
0x54,0x0,0x0,0x0,0x54,0x0,0x0,0x0,
0x0,0x0,0x0,0x0,0x54,0x0,0x0,0x0,
0x54,0x0,0x0,0x0,0x0,0x0,0x1,0x0,
0x54,0x0,0x0,0x0,0x0,0x0,0x0,0x0,
0x6c,0x0,0x0,0x0,0x6a,0x2,0x80,0x1,
0x0,0x0,0x0,0x0,0x6c,0x0,0x0,0x0,
0x0,0x0,0x0,0x0,0x6c,0x0,0x0,0x0,
0x0,0x0,0x0,0x0,0x87,0x0,0x0,0x0,
0x0,0x0,0x1,0x0,0x1,0x0,0x0,0x0,
0x0,0x0,0x0,0x0,0x6a,0x2,0xf0,0x1,
0x6a,0x2,0xa0,0x2,0x0,0x0,0x0,0x0,
0xd6,0x0,0x0,0x0,0xd7,0x0,0x0,0x0,
0x0,0x0,0xff,0xff,0xff,0xff,0xff,0xff,
0x0,0x0,0x0,0x0,0x54,0x0,0x0,0x0,
0x54,0x0,0x0,0x0,0x54,0x0,0x0,0x0,
0x0,0x0,0x0,0x0,0x54,0x0,0x0,0x0,
0x54,0x0,0x0,0x0,0x0,0x0,0x8,0x0,
0x54,0x0,0x0,0x0,0x0,0x0,0x0,0x0,
0x14,0x1,0x0,0x0,0x6d,0x2,0xd0,0x0,
0x6e,0x2,0x10,0x1,0x14,0x1,0x0,0x0,
0x0,0x0,0x0,0x0,0x14,0x1,0x0,0x0,
0x0,0x0,0x0,0x0,0xec,0x0,0x0,0x0,
0x0,0x0,0x7,0x0,0xb2,0x0,0x0,0x0,
0x0,0x0,0x0,0x0,0x8c,0x2,0x10,0x1,
0x8c,0x2,0x20,0x2,0xea,0x0,0x0,0x0,
0x0,0x2,0x7,0x0,0xb0,0x0,0x0,0x0,
0x0,0x0,0x0,0x0,0x82,0x2,0x10,0x1,
0x82,0x2,0xc0,0x1,0x4f,0x0,0x0,0x0,
0x0,0x2,0x7,0x0,0xae,0x0,0x0,0x0,
0x0,0x0,0x0,0x0,0x73,0x2,0x10,0x1,
0x73,0x2,0xc0,0x1,0xd9,0x0,0x0,0x0,
0x0,0x0,0x7,0x0,0xad,0x0,0x0,0x0,
0x0,0x0,0x0,0x0,0x6e,0x2,0x70,0x4,
0x6e,0x2,0x80,0x5,0xd8,0x0,0x0,0x0,
0x0,0x0,0x1,0x0,0x1,0x0,0x0,0x0,
0x0,0x0,0x0,0x0,0x6e,0x2,0x30,0x3,
0x6e,0x2,0x10,0x4,0x0,0x0,0x0,0x0,
0x0,0x0,0x8,0x0,0x66,0x0,0x0,0x0,
0x0,0x0,0x0,0x0,0x72,0x2,0x10,0x1,
0x72,0x2,0x10,0x1,0xdb,0x0,0x0,0x0,
0x0,0x0,0xa,0x0,0x65,0x0,0x0,0x0,
0x0,0x0,0x0,0x0,0x6f,0x2,0x10,0x1,
0x6f,0x2,0x60,0x1,0x10,0x0,0x0,0x0,
0x0,0x0,0xa,0x0,0x64,0x0,0x0,0x0,
0x0,0x0,0x0,0x0,0x6e,0x2,0xd0,0x1,
0x6e,0x2,0x50,0x2,0x0,0x0,0x0,0x0,
0x0,0x0,0x0,0x0,0x0,0x0,0x0,0x0,
0x0,0x0,0xff,0xff,0xff,0xff,0xff,0xff,
0x0,0x0,0x0,0x0,0x54,0x0,0x0,0x0,
0x54,0x0,0x0,0x0,0x54,0x0,0x0,0x0,
0x0,0x0,0x0,0x0,0x54,0x0,0x0,0x0,
0x54,0x0,0x0,0x0,0x0,0x0,0x1,0x0,
0x54,0x0,0x0,0x0,0x0,0x0,0x0,0x0,
0x6c,0x0,0x0,0x0,0x6e,0x2,0xd0,0x1,
0x0,0x0,0x0,0x0,0x6c,0x0,0x0,0x0,
0x0,0x0,0x0,0x0,0x6c,0x0,0x0,0x0,
0x0,0x0,0x0,0x0,0x11,0x0,0x0,0x0,
0x0,0x0,0x7,0x0,0xb3,0x0,0x0,0x0,
0x0,0x0,0x0,0x0,0x6e,0x2,0x50,0x2,
0x6e,0x2,0xb0,0x2,0x0,0x0,0x0,0x0,
0x0,0x0,0x0,0x0,0x0,0x0,0x0,0x0,
0x0,0x0,0xff,0xff,0xff,0xff,0xff,0xff,
0x0,0x0,0x0,0x0,0x54,0x0,0x0,0x0,
0x54,0x0,0x0,0x0,0x54,0x0,0x0,0x0,
0x0,0x0,0x0,0x0,0x54,0x0,0x0,0x0,
0x54,0x0,0x0,0x0,0x0,0x0,0x2,0x0,
0x54,0x0,0x0,0x0,0x0,0x0,0x0,0x0,
0x84,0x0,0x0,0x0,0x6f,0x2,0x10,0x1,
0x0,0x0,0x0,0x0,0x84,0x0,0x0,0x0,
0x0,0x0,0x0,0x0,0x84,0x0,0x0,0x0,
0x0,0x0,0x0,0x0,0xde,0x0,0x0,0x0,
0x0,0x0,0x2,0x0,0xa,0x0,0x0,0x0,
0x0,0x0,0x0,0x0,0x70,0x2,0x60,0x1,
0x70,0x2,0x10,0x2,0xdc,0x0,0x0,0x0,
0x0,0x0,0x7,0x0,0xb4,0x0,0x0,0x0,
0x0,0x0,0x0,0x0,0x6f,0x2,0x60,0x1,
0x6f,0x2,0xe0,0x1,0x0,0x0,0x0,0x0,
0x8,0x0,0x0,0x0,0xdf,0x0,0x0,0x0,
0x0,0x0,0xff,0xff,0xff,0xff,0xff,0xff,
0x0,0x0,0x0,0x0,0x54,0x0,0x0,0x0,
0x54,0x0,0x0,0x0,0x54,0x0,0x0,0x0,
0x0,0x0,0x0,0x0,0x54,0x0,0x0,0x0,
0x54,0x0,0x0,0x0,0x0,0x0,0x1,0x0,
0x54,0x0,0x0,0x0,0x0,0x0,0x0,0x0,
0x6c,0x0,0x0,0x0,0x72,0x2,0x10,0x1,
0x72,0x2,0x80,0x1,0x6c,0x0,0x0,0x0,
0x0,0x0,0x0,0x0,0x6c,0x0,0x0,0x0,
0x0,0x0,0x0,0x0,0xe0,0x0,0x0,0x0,
0x0,0x0,0x9,0x0,0x67,0x0,0x0,0x0,
0x0,0x0,0x0,0x0,0x72,0x2,0x70,0x2,
0x72,0x2,0xc0,0x2,0x0,0x0,0x0,0x0,
0x0,0x0,0x0,0x0,0x0,0x0,0x0,0x0,
0x0,0x0,0xff,0xff,0xff,0xff,0xff,0xff,
0x0,0x0,0x0,0x0,0x54,0x0,0x0,0x0,
0x54,0x0,0x0,0x0,0x54,0x0,0x0,0x0,
0x0,0x0,0x0,0x0,0x54,0x0,0x0,0x0,
0x54,0x0,0x0,0x0,0x0,0x0,0x5,0x0,
0x54,0x0,0x0,0x0,0x0,0x0,0x0,0x0,
0xcc,0x0,0x0,0x0,0x72,0x2,0x70,0x2,
0x0,0x0,0x0,0x0,0xcc,0x0,0x0,0x0,
0x0,0x0,0x0,0x0,0xcc,0x0,0x0,0x0,
0x0,0x0,0x0,0x0,0xe8,0x0,0x0,0x0,
0x0,0x0,0x7,0x0,0xb9,0x0,0x0,0x0,
0x0,0x0,0x0,0x0,0x72,0x2,0x80,0xb,
0x72,0x2,0x20,0xc,0xe6,0x0,0x0,0x0,
0x0,0x0,0x7,0x0,0xb8,0x0,0x0,0x0,
0x0,0x0,0x0,0x0,0x72,0x2,0xa0,0x9,
0x72,0x2,0x0,0xa,0xe4,0x0,0x0,0x0,
0x0,0x0,0x7,0x0,0xb7,0x0,0x0,0x0,
0x0,0x0,0x0,0x0,0x72,0x2,0x40,0x6,
0x72,0x2,0x60,0x7,0xa3,0x0,0x0,0x0,
0x0,0x0,0x7,0x0,0xb6,0x0,0x0,0x0,
0x0,0x0,0x0,0x0,0x72,0x2,0xd0,0x4,
0x72,0x2,0x50,0x5,0xe1,0x0,0x0,0x0,
0x0,0x0,0x7,0x0,0xb5,0x0,0x0,0x0,
0x0,0x0,0x0,0x0,0x72,0x2,0xc0,0x2,
0x72,0x2,0x40,0x3,0x0,0x0,0x0,0x0,
0xf,0x0,0x0,0x0,0x0,0x0,0x0,0x0,
0x0,0x0,0xff,0xff,0xff,0xff,0xff,0xff,
0x0,0x0,0x0,0x0,0x54,0x0,0x0,0x0,
0x54,0x0,0x0,0x0,0x54,0x0,0x0,0x0,
0x0,0x0,0x0,0x0,0x54,0x0,0x0,0x0,
0x54,0x0,0x0,0x0,0x0,0x0,0x3,0x0,
0x54,0x0,0x0,0x0,0x0,0x0,0x0,0x0,
0x9c,0x0,0x0,0x0,0x8f,0x2,0xd0,0x0,
0x0,0x0,0x0,0x0,0x9c,0x0,0x0,0x0,
0x0,0x0,0x0,0x0,0x9c,0x0,0x0,0x0,
0x0,0x0,0x0,0x0,0x13,0x0,0x0,0x0,
0x0,0x2,0x7,0x0,0xbb,0x0,0x0,0x0,
0x0,0x0,0x0,0x0,0x92,0x2,0x10,0x1,
0x92,0x2,0xc0,0x1,0x9c,0x0,0x0,0x0,
0x0,0x0,0x7,0x0,0xba,0x0,0x0,0x0,
0x0,0x0,0x0,0x0,0x91,0x2,0x10,0x1,
0x91,0x2,0xa0,0x1,0x10,0x0,0x0,0x0,
0x0,0x0,0xa,0x0,0x69,0x0,0x0,0x0,
0x0,0x0,0x0,0x0,0x90,0x2,0x10,0x1,
0x90,0x2,0x90,0x1,0x0,0x0,0x0,0x0,
0x0,0x0,0x0,0x0,0x0,0x0,0x0,0x0,
0x0,0x0,0xff,0xff,0xff,0xff,0xff,0xff,
0x0,0x0,0x0,0x0,0x54,0x0,0x0,0x0,
0x54,0x0,0x0,0x0,0x54,0x0,0x0,0x0,
0x0,0x0,0x0,0x0,0x54,0x0,0x0,0x0,
0x54,0x0,0x0,0x0,0x0,0x0,0x1,0x0,
0x54,0x0,0x0,0x0,0x0,0x0,0x0,0x0,
0x6c,0x0,0x0,0x0,0x90,0x2,0x10,0x1,
0x0,0x0,0x0,0x0,0x6c,0x0,0x0,0x0,
0x0,0x0,0x0,0x0,0x6c,0x0,0x0,0x0,
0x0,0x0,0x0,0x0,0x11,0x0,0x0,0x0,
0x0,0x0,0x7,0x0,0xbd,0x0,0x0,0x0,
0x0,0x0,0x0,0x0,0x90,0x2,0x90,0x1,
0x90,0x2,0xf0,0x1,0x0,0x0,0x0,0x0,
0x0,0x0,0x0,0x0,0x0,0x0,0x0,0x0,
0x0,0x0,0xff,0xff,0xff,0xff,0xff,0xff,
0x0,0x0,0x0,0x0,0x54,0x0,0x0,0x0,
0x54,0x0,0x0,0x0,0x54,0x0,0x0,0x0,
0x0,0x0,0x0,0x0,0x54,0x0,0x0,0x0,
0x54,0x0,0x0,0x0,0x0,0x0,0x1,0x0,
0x54,0x0,0x0,0x0,0x0,0x0,0x0,0x0,
0x6c,0x0,0x0,0x0,0x9a,0x2,0xd0,0x0,
0x0,0x0,0x0,0x0,0x6c,0x0,0x0,0x0,
0x0,0x0,0x0,0x0,0x6c,0x0,0x0,0x0,
0x0,0x0,0x0,0x0,0x5f,0x0,0x0,0x0,
0x0,0x0,0x7,0x0,0xbe,0x0,0x0,0x0,
0x0,0x0,0x0,0x0,0x9a,0x2,0x70,0x1,
0x9a,0x2,0x40,0x2,0x0,0x0,0x0,0x0,
0x5e,0x0,0x0,0x0,0xee,0x0,0x0,0x0,
0x0,0x0,0xff,0xff,0xff,0xff,0xff,0xff,
0x0,0x0,0x0,0x0,0x54,0x0,0x0,0x0,
0x54,0x0,0x0,0x0,0x54,0x0,0x0,0x0,
0x0,0x0,0x0,0x0,0x54,0x0,0x0,0x0,
0x54,0x0,0x0,0x0,0x0,0x0,0x1,0x0,
0x54,0x0,0x0,0x0,0x0,0x0,0x0,0x0,
0x6c,0x0,0x0,0x0,0xa2,0x2,0x50,0x0,
0xa3,0x2,0x90,0x0,0x6c,0x0,0x0,0x0,
0x0,0x0,0x0,0x0,0x6c,0x0,0x0,0x0,
0x0,0x0,0x0,0x0,0x0,0x0,0x0,0x0,
0x0,0x0,0x8,0x0,0x6c,0x0,0x0,0x0,
0x0,0x0,0x0,0x0,0xa4,0x2,0x90,0x0,
0xa4,0x2,0x90,0x0,0x0,0x0,0x0,0x0,
0x8,0x0,0x0,0x0,0xef,0x0,0x0,0x0,
0x0,0x0,0xff,0xff,0xff,0xff,0xff,0xff,
0x0,0x0,0x4,0x0,0x54,0x0,0x0,0x0,
0x54,0x0,0x0,0x0,0x84,0x0,0x0,0x0,
0x0,0x0,0x0,0x0,0x84,0x0,0x0,0x0,
0x84,0x0,0x0,0x0,0x0,0x0,0xd,0x0,
0x84,0x0,0x0,0x0,0x0,0x0,0x0,0x0,
0xbc,0x1,0x0,0x0,0xa4,0x2,0x90,0x0,
0xa5,0x2,0xd0,0x0,0xbc,0x1,0x0,0x0,
0x0,0x0,0x0,0x0,0xbc,0x1,0x0,0x0,
0x0,0x0,0x0,0x0,0xa9,0x0,0x0,0x0,
0x3,0x0,0x0,0xa0,0xa7,0x2,0xd0,0x0,
0xab,0x0,0x0,0x0,0x3,0x0,0x0,0xa0,
0xa8,0x2,0xd0,0x0,0xad,0x0,0x0,0x0,
0x3,0x0,0x0,0xa0,0xa9,0x2,0xd0,0x0,
0xaf,0x0,0x0,0x0,0x3,0x0,0x0,0xa0,
0xaa,0x2,0xd0,0x0,0xb1,0x0,0x0,0x0,
0x0,0x0,0x7,0x0,0xc5,0x0,0x0,0x0,
0x0,0x0,0x0,0x0,0xab,0x2,0xd0,0x0,
0xab,0x2,0x60,0x1,0xaf,0x0,0x0,0x0,
0x8,0x0,0x7,0x0,0xc4,0x0,0x0,0x0,
0x0,0x0,0x0,0x0,0xaa,0x2,0x40,0x2,
0xaa,0x2,0xe0,0x2,0xad,0x0,0x0,0x0,
0x8,0x0,0x7,0x0,0xc3,0x0,0x0,0x0,
0x0,0x0,0x0,0x0,0xa9,0x2,0x40,0x2,
0xa9,0x2,0x20,0x3,0xab,0x0,0x0,0x0,
0x8,0x0,0x7,0x0,0xc2,0x0,0x0,0x0,
0x0,0x0,0x0,0x0,0xa8,0x2,0x40,0x2,
0xa8,0x2,0x10,0x3,0xa9,0x0,0x0,0x0,
0x8,0x0,0x7,0x0,0xc1,0x0,0x0,0x0,
0x0,0x0,0x0,0x0,0xa7,0x2,0x40,0x2,
0xa7,0x2,0x80,0x3,0xa7,0x0,0x0,0x0,
0x0,0x0,0x7,0x0,0xc0,0x0,0x0,0x0,
0x0,0x0,0x0,0x0,0xa6,0x2,0x20,0x2,
0xa6,0x2,0xa0,0x2,0x58,0x0,0x0,0x0,
0x0,0x0,0x7,0x0,0xbf,0x0,0x0,0x0,
0x0,0x0,0x0,0x0,0xa6,0x2,0xd0,0x0,
0xa6,0x2,0x40,0x1,0x0,0x0,0x0,0x0,
0x0,0x0,0x8,0x0,0x6d,0x0,0x0,0x0,
0x0,0x0,0x0,0x0,0xad,0x2,0xd0,0x0,
0xad,0x2,0xd0,0x0,0x0,0x0,0x0,0x0,
0x0,0x0,0x8,0x0,0x6f,0x0,0x0,0x0,
0x0,0x0,0x0,0x0,0xb2,0x2,0xd0,0x0,
0xb2,0x2,0xd0,0x0,0x0,0x0,0x0,0x0,
0x0,0x0,0x8,0x0,0x72,0x0,0x0,0x0,
0x0,0x0,0x0,0x0,0xba,0x2,0xd0,0x0,
0xba,0x2,0xd0,0x0,0x0,0x0,0x0,0x0,
0x0,0x0,0x8,0x0,0x7e,0x0,0x0,0x0,
0x0,0x0,0x0,0x0,0xde,0x2,0xd0,0x0,
0xde,0x2,0xd0,0x0,0x0,0x0,0x0,0x0,
0x0,0x0,0x8,0x0,0x83,0x0,0x0,0x0,
0x0,0x0,0x0,0x0,0x0,0x3,0xd0,0x0,
0x0,0x3,0xd0,0x0,0x5e,0x0,0x0,0x0,
0x0,0x0,0x9,0x0,0x85,0x0,0x0,0x0,
0x0,0x0,0x0,0x0,0xb,0x3,0xd0,0x0,
0xb,0x3,0x70,0x1,0x0,0x0,0x0,0x0,
0x53,0x0,0x0,0x0,0x0,0x0,0x0,0x0,
0x0,0x0,0xff,0xff,0xff,0xff,0xff,0xff,
0x0,0x0,0x0,0x0,0x54,0x0,0x0,0x0,
0x54,0x0,0x0,0x0,0x54,0x0,0x0,0x0,
0x0,0x0,0x0,0x0,0x54,0x0,0x0,0x0,
0x54,0x0,0x0,0x0,0x0,0x0,0x4,0x0,
0x54,0x0,0x0,0x0,0x0,0x0,0x0,0x0,
0xb4,0x0,0x0,0x0,0xad,0x2,0xd0,0x0,
0x0,0x0,0x0,0x0,0xb4,0x0,0x0,0x0,
0x0,0x0,0x0,0x0,0xb4,0x0,0x0,0x0,
0x0,0x0,0x0,0x0,0xb4,0x0,0x0,0x0,
0x0,0x0,0x7,0x0,0xc8,0x0,0x0,0x0,
0x0,0x0,0x0,0x0,0xb0,0x2,0x10,0x1,
0xb0,0x2,0xa0,0x1,0x54,0x0,0x0,0x0,
0x0,0x0,0x7,0x0,0xc7,0x0,0x0,0x0,
0x0,0x0,0x0,0x0,0xaf,0x2,0x10,0x1,
0xaf,0x2,0x80,0x1,0x5a,0x0,0x0,0x0,
0x0,0x0,0x7,0x0,0xc6,0x0,0x0,0x0,
0x0,0x0,0x0,0x0,0xae,0x2,0xb0,0x3,
0xae,0x2,0x30,0x4,0x10,0x0,0x0,0x0,
0x0,0x0,0xa,0x0,0x6e,0x0,0x0,0x0,
0x0,0x0,0x0,0x0,0xae,0x2,0x10,0x1,
0xae,0x2,0x90,0x1,0x0,0x0,0x0,0x0,
0x0,0x0,0x0,0x0,0x0,0x0,0x0,0x0,
0x0,0x0,0xff,0xff,0xff,0xff,0xff,0xff,
0x0,0x0,0x0,0x0,0x54,0x0,0x0,0x0,
0x54,0x0,0x0,0x0,0x54,0x0,0x0,0x0,
0x0,0x0,0x0,0x0,0x54,0x0,0x0,0x0,
0x54,0x0,0x0,0x0,0x0,0x0,0x2,0x0,
0x54,0x0,0x0,0x0,0x0,0x0,0x0,0x0,
0x84,0x0,0x0,0x0,0xae,0x2,0x10,0x1,
0x0,0x0,0x0,0x0,0x84,0x0,0x0,0x0,
0x0,0x0,0x0,0x0,0x84,0x0,0x0,0x0,
0x0,0x0,0x0,0x0,0xb3,0x0,0x0,0x0,
0x0,0x0,0x2,0x0,0xf,0x0,0x0,0x0,
0x0,0x0,0x0,0x0,0xae,0x2,0xf0,0x2,
0xae,0x2,0x80,0x3,0x11,0x0,0x0,0x0,
0x0,0x0,0x7,0x0,0xc9,0x0,0x0,0x0,
0x0,0x0,0x0,0x0,0xae,0x2,0x90,0x1,
0xae,0x2,0xf0,0x1,0x0,0x0,0x0,0x0,
0x53,0x0,0x0,0x0,0x0,0x0,0x0,0x0,
0x0,0x0,0xff,0xff,0xff,0xff,0xff,0xff,
0x0,0x0,0x0,0x0,0x54,0x0,0x0,0x0,
0x54,0x0,0x0,0x0,0x54,0x0,0x0,0x0,
0x0,0x0,0x0,0x0,0x54,0x0,0x0,0x0,
0x54,0x0,0x0,0x0,0x0,0x0,0x5,0x0,
0x54,0x0,0x0,0x0,0x0,0x0,0x0,0x0,
0xcc,0x0,0x0,0x0,0xb2,0x2,0xd0,0x0,
0x0,0x0,0x0,0x0,0xcc,0x0,0x0,0x0,
0x0,0x0,0x0,0x0,0xcc,0x0,0x0,0x0,
0x0,0x0,0x0,0x0,0x54,0x0,0x0,0x0,
0x0,0x0,0x7,0x0,0xcc,0x0,0x0,0x0,
0x0,0x0,0x0,0x0,0xb5,0x2,0x10,0x1,
0xb5,0x2,0x80,0x1,0xb4,0x0,0x0,0x0,
0x0,0x0,0x7,0x0,0xcb,0x0,0x0,0x0,
0x0,0x0,0x0,0x0,0xb4,0x2,0x10,0x1,
0xb4,0x2,0xa0,0x1,0x5a,0x0,0x0,0x0,
0x0,0x0,0x7,0x0,0xca,0x0,0x0,0x0,
0x0,0x0,0x0,0x0,0xb3,0x2,0xb0,0x3,
0xb3,0x2,0x30,0x4,0x57,0x0,0x0,0x0,
0x0,0x0,0xa,0x0,0x71,0x0,0x0,0x0,
0x0,0x0,0x0,0x0,0xb6,0x2,0x10,0x1,
0xb6,0x2,0x80,0x1,0x10,0x0,0x0,0x0,
0x0,0x0,0xa,0x0,0x70,0x0,0x0,0x0,
0x0,0x0,0x0,0x0,0xb3,0x2,0x10,0x1,
0xb3,0x2,0x90,0x1,0x0,0x0,0x0,0x0,
0x0,0x0,0x0,0x0,0x0,0x0,0x0,0x0,
0x0,0x0,0xff,0xff,0xff,0xff,0xff,0xff,
0x0,0x0,0x0,0x0,0x54,0x0,0x0,0x0,
0x54,0x0,0x0,0x0,0x54,0x0,0x0,0x0,
0x0,0x0,0x0,0x0,0x54,0x0,0x0,0x0,
0x54,0x0,0x0,0x0,0x0,0x0,0x2,0x0,
0x54,0x0,0x0,0x0,0x0,0x0,0x0,0x0,
0x84,0x0,0x0,0x0,0xb3,0x2,0x10,0x1,
0x0,0x0,0x0,0x0,0x84,0x0,0x0,0x0,
0x0,0x0,0x0,0x0,0x84,0x0,0x0,0x0,
0x0,0x0,0x0,0x0,0xb3,0x0,0x0,0x0,
0x0,0x0,0x2,0x0,0xf,0x0,0x0,0x0,
0x0,0x0,0x0,0x0,0xb3,0x2,0xf0,0x2,
0xb3,0x2,0x80,0x3,0x11,0x0,0x0,0x0,
0x0,0x0,0x7,0x0,0xcd,0x0,0x0,0x0,
0x0,0x0,0x0,0x0,0xb3,0x2,0x90,0x1,
0xb3,0x2,0xf0,0x1,0x0,0x0,0x0,0x0,
0x0,0x0,0x0,0x0,0x0,0x0,0x0,0x0,
0x0,0x0,0xff,0xff,0xff,0xff,0xff,0xff,
0x0,0x0,0x0,0x0,0x54,0x0,0x0,0x0,
0x54,0x0,0x0,0x0,0x54,0x0,0x0,0x0,
0x0,0x0,0x0,0x0,0x54,0x0,0x0,0x0,
0x54,0x0,0x0,0x0,0x0,0x0,0x2,0x0,
0x54,0x0,0x0,0x0,0x0,0x0,0x0,0x0,
0x84,0x0,0x0,0x0,0xb6,0x2,0x10,0x1,
0x0,0x0,0x0,0x0,0x84,0x0,0x0,0x0,
0x0,0x0,0x0,0x0,0x84,0x0,0x0,0x0,
0x0,0x0,0x0,0x0,0x54,0x0,0x0,0x0,
0x0,0x0,0x7,0x0,0xce,0x0,0x0,0x0,
0x0,0x0,0x0,0x0,0xb7,0x2,0x80,0x1,
0xb7,0x2,0xf0,0x1,0x58,0x0,0x0,0x0,
0x0,0x0,0x2,0x0,0xc,0x0,0x0,0x0,
0x0,0x0,0x0,0x0,0xb6,0x2,0x80,0x1,
0xb6,0x2,0xf0,0x1,0x0,0x0,0x0,0x0,
0x7f,0x0,0x0,0x0,0x0,0x0,0x0,0x0,
0x0,0x0,0xff,0xff,0xff,0xff,0xff,0xff,
0x0,0x0,0x0,0x0,0x54,0x0,0x0,0x0,
0x54,0x0,0x0,0x0,0x54,0x0,0x0,0x0,
0x0,0x0,0x0,0x0,0x54,0x0,0x0,0x0,
0x54,0x0,0x0,0x0,0x0,0x0,0x5,0x0,
0x54,0x0,0x0,0x0,0x0,0x0,0x0,0x0,
0xcc,0x0,0x0,0x0,0xba,0x2,0xd0,0x0,
0x0,0x0,0x0,0x0,0xcc,0x0,0x0,0x0,
0x0,0x0,0x0,0x0,0xcc,0x0,0x0,0x0,
0x0,0x0,0x0,0x0,0x80,0x0,0x0,0x0,
0x0,0x0,0x2,0x0,0xe,0x0,0x0,0x0,
0x0,0x0,0x0,0x0,0xbb,0x2,0xe0,0x5,
0xbb,0x2,0x70,0x6,0x0,0x0,0x0,0x0,
0x0,0x0,0x8,0x0,0x74,0x0,0x0,0x0,
0x0,0x0,0x0,0x0,0xbc,0x2,0x10,0x1,
0xbc,0x2,0x10,0x1,0x0,0x0,0x0,0x0,
0x0,0x0,0x8,0x0,0x7a,0x0,0x0,0x0,
0x0,0x0,0x0,0x0,0xce,0x2,0x10,0x1,
0xce,0x2,0x10,0x1,0xcd,0x0,0x0,0x0,
0x0,0x0,0x9,0x0,0x7d,0x0,0x0,0x0,
0x0,0x0,0x0,0x0,0xda,0x2,0x10,0x1,
0xda,0x2,0x90,0x1,0x10,0x0,0x0,0x0,
0x0,0x0,0xa,0x0,0x73,0x0,0x0,0x0,
0x0,0x0,0x0,0x0,0xbb,0x2,0x10,0x1,
0xbb,0x2,0x90,0x1,0x0,0x0,0x0,0x0,
0x0,0x0,0x0,0x0,0x0,0x0,0x0,0x0,
0x0,0x0,0xff,0xff,0xff,0xff,0xff,0xff,
0x0,0x0,0x0,0x0,0x54,0x0,0x0,0x0,
0x54,0x0,0x0,0x0,0x54,0x0,0x0,0x0,
0x0,0x0,0x0,0x0,0x54,0x0,0x0,0x0,
0x54,0x0,0x0,0x0,0x0,0x0,0x2,0x0,
0x54,0x0,0x0,0x0,0x0,0x0,0x0,0x0,
0x84,0x0,0x0,0x0,0xbb,0x2,0x10,0x1,
0x0,0x0,0x0,0x0,0x84,0x0,0x0,0x0,
0x0,0x0,0x0,0x0,0x84,0x0,0x0,0x0,
0x0,0x0,0x0,0x0,0xb3,0x0,0x0,0x0,
0x0,0x0,0x7,0x0,0xd0,0x0,0x0,0x0,
0x0,0x0,0x0,0x0,0xbb,0x2,0xf0,0x2,
0xbb,0x2,0x80,0x3,0x11,0x0,0x0,0x0,
0x0,0x0,0x7,0x0,0xcf,0x0,0x0,0x0,
0x0,0x0,0x0,0x0,0xbb,0x2,0x90,0x1,
0xbb,0x2,0xf0,0x1,0x0,0x0,0x0,0x0,
0x8,0x0,0x0,0x0,0x0,0x0,0x0,0x0,
0x0,0x0,0xff,0xff,0xff,0xff,0xff,0xff,
0x0,0x0,0x0,0x0,0x54,0x0,0x0,0x0,
0x54,0x0,0x0,0x0,0x54,0x0,0x0,0x0,
0x0,0x0,0x0,0x0,0x54,0x0,0x0,0x0,
0x54,0x0,0x0,0x0,0x0,0x0,0x3,0x0,
0x54,0x0,0x0,0x0,0x0,0x0,0x0,0x0,
0x9c,0x0,0x0,0x0,0xbc,0x2,0x10,0x1,
0x0,0x0,0x0,0x0,0x9c,0x0,0x0,0x0,
0x0,0x0,0x0,0x0,0x9c,0x0,0x0,0x0,
0x0,0x0,0x0,0x0,0x0,0x0,0x0,0x0,
0x0,0x0,0x8,0x0,0x76,0x0,0x0,0x0,
0x0,0x0,0x0,0x0,0xbe,0x2,0x50,0x1,
0xbe,0x2,0x50,0x1,0x0,0x0,0x0,0x0,
0x0,0x0,0x8,0x0,0x78,0x0,0x0,0x0,
0x0,0x0,0x0,0x0,0xc9,0x2,0x50,0x1,
0xc9,0x2,0x50,0x1,0x86,0x0,0x0,0x0,
0x0,0x0,0x9,0x0,0x75,0x0,0x0,0x0,
0x0,0x0,0x0,0x0,0xbd,0x2,0x50,0x1,
0xbd,0x2,0xc0,0x1,0x0,0x0,0x0,0x0,
0x0,0x0,0x0,0x0,0x0,0x0,0x0,0x0,
0x0,0x0,0xff,0xff,0xff,0xff,0xff,0xff,
0x0,0x0,0x0,0x0,0x54,0x0,0x0,0x0,
0x54,0x0,0x0,0x0,0x54,0x0,0x0,0x0,
0x0,0x0,0x0,0x0,0x54,0x0,0x0,0x0,
0x54,0x0,0x0,0x0,0x0,0x0,0x2,0x0,
0x54,0x0,0x0,0x0,0x0,0x0,0x0,0x0,
0x84,0x0,0x0,0x0,0xbd,0x2,0x50,0x1,
0x0,0x0,0x0,0x0,0x84,0x0,0x0,0x0,
0x0,0x0,0x0,0x0,0x84,0x0,0x0,0x0,
0x0,0x0,0x0,0x0,0xbb,0x0,0x0,0x0,
0x0,0x0,0x1,0x0,0x1,0x0,0x0,0x0,
0x0,0x0,0x0,0x0,0xbd,0x2,0x40,0x3,
0xbd,0x2,0x0,0x4,0x87,0x0,0x0,0x0,
0x0,0x0,0x1,0x0,0x1,0x0,0x0,0x0,
0x0,0x0,0x0,0x0,0xbd,0x2,0xc0,0x1,
0xbd,0x2,0x70,0x2,0x0,0x0,0x0,0x0,
0xbc,0x0,0x0,0x0,0x0,0x0,0x0,0x0,
0x0,0x0,0xff,0xff,0xff,0xff,0xff,0xff,
0x0,0x0,0x0,0x0,0x54,0x0,0x0,0x0,
0x54,0x0,0x0,0x0,0x54,0x0,0x0,0x0,
0x0,0x0,0x0,0x0,0x54,0x0,0x0,0x0,
0x54,0x0,0x0,0x0,0x0,0x0,0x8,0x0,
0x54,0x0,0x0,0x0,0x0,0x0,0x0,0x0,
0x14,0x1,0x0,0x0,0xbe,0x2,0x50,0x1,
0x0,0x0,0x0,0x0,0x14,0x1,0x0,0x0,
0x0,0x0,0x0,0x0,0x14,0x1,0x0,0x0,
0x0,0x0,0x0,0x0,0xc3,0x0,0x0,0x0,
0x0,0x0,0x7,0x0,0xd7,0x0,0x0,0x0,
0x0,0x0,0x0,0x0,0xc7,0x2,0x90,0x1,
0xc7,0x2,0x40,0x2,0xb4,0x0,0x0,0x0,
0x0,0x0,0x7,0x0,0xd6,0x0,0x0,0x0,
0x0,0x0,0x0,0x0,0xc6,0x2,0x90,0x1,
0xc6,0x2,0x20,0x2,0x17,0x0,0x0,0x0,
0x0,0x0,0x7,0x0,0xd5,0x0,0x0,0x0,
0x0,0x0,0x0,0x0,0xc5,0x2,0x90,0x1,
0xc5,0x2,0x0,0x2,0xc1,0x0,0x0,0x0,
0x0,0x0,0x7,0x0,0xd4,0x0,0x0,0x0,
0x0,0x0,0x0,0x0,0xc4,0x2,0x90,0x1,
0xc4,0x2,0x30,0x2,0xbf,0x0,0x0,0x0,
0x0,0x0,0x7,0x0,0xd3,0x0,0x0,0x0,
0x0,0x0,0x0,0x0,0xc3,0x2,0x90,0x1,
0xc3,0x2,0x0,0x2,0xa7,0x0,0x0,0x0,
0x0,0x0,0x7,0x0,0xd2,0x0,0x0,0x0,
0x0,0x0,0x0,0x0,0xc2,0x2,0x90,0x1,
0xc2,0x2,0x10,0x2,0x58,0x0,0x0,0x0,
0x0,0x0,0x7,0x0,0xd1,0x0,0x0,0x0,
0x0,0x0,0x0,0x0,0xc1,0x2,0x90,0x1,
0xc1,0x2,0x0,0x2,0x10,0x0,0x0,0x0,
0x0,0x0,0xa,0x0,0x77,0x0,0x0,0x0,
0x0,0x0,0x0,0x0,0xbf,0x2,0x90,0x1,
0xbf,0x2,0x10,0x2,0x0,0x0,0x0,0x0,
0x0,0x0,0x0,0x0,0x0,0x0,0x0,0x0,
0x0,0x0,0xff,0xff,0xff,0xff,0xff,0xff,
0x0,0x0,0x0,0x0,0x54,0x0,0x0,0x0,
0x54,0x0,0x0,0x0,0x54,0x0,0x0,0x0,
0x0,0x0,0x0,0x0,0x54,0x0,0x0,0x0,
0x54,0x0,0x0,0x0,0x0,0x0,0x2,0x0,
0x54,0x0,0x0,0x0,0x0,0x0,0x0,0x0,
0x84,0x0,0x0,0x0,0xbf,0x2,0x90,0x1,
0x0,0x0,0x0,0x0,0x84,0x0,0x0,0x0,
0x0,0x0,0x0,0x0,0x84,0x0,0x0,0x0,
0x0,0x0,0x0,0x0,0xf3,0x0,0x0,0x0,
0x0,0x0,0x7,0x0,0xd9,0x0,0x0,0x0,
0x0,0x0,0x0,0x0,0xc0,0x2,0x10,0x2,
0xc0,0x2,0x90,0x2,0xf1,0x0,0x0,0x0,
0x0,0x0,0x7,0x0,0xd8,0x0,0x0,0x0,
0x0,0x0,0x0,0x0,0xbf,0x2,0x10,0x2,
0xbf,0x2,0x30,0x3,0x0,0x0,0x0,0x0,
0xf5,0x0,0x0,0x0,0xf6,0x0,0x0,0x0,
0x0,0x0,0xff,0xff,0xff,0xff,0xff,0xff,
0x0,0x0,0x0,0x0,0x54,0x0,0x0,0x0,
0x54,0x0,0x0,0x0,0x54,0x0,0x0,0x0,
0x0,0x0,0x0,0x0,0x54,0x0,0x0,0x0,
0x54,0x0,0x0,0x0,0x0,0x0,0x6,0x0,
0x54,0x0,0x0,0x0,0x0,0x0,0x0,0x0,
0xe4,0x0,0x0,0x0,0xc9,0x2,0x50,0x1,
0xca,0x2,0x90,0x1,0xe4,0x0,0x0,0x0,
0x0,0x0,0x0,0x0,0xe4,0x0,0x0,0x0,
0x0,0x0,0x0,0x0,0xfa,0x0,0x0,0x0,
0x0,0x0,0x1,0x0,0x1,0x0,0x0,0x0,
0x0,0x0,0x0,0x0,0xcb,0x2,0xe0,0x4,
0xcb,0x2,0x50,0x5,0xf9,0x0,0x0,0x0,
0x0,0x0,0x1,0x0,0x1,0x0,0x0,0x0,
0x0,0x0,0x0,0x0,0xcb,0x2,0xa0,0x3,
0xcb,0x2,0x80,0x4,0xb4,0x0,0x0,0x0,
0x0,0x0,0x7,0x0,0xdc,0x0,0x0,0x0,
0x0,0x0,0x0,0x0,0xcb,0x2,0x90,0x1,
0xcb,0x2,0x20,0x2,0xa3,0x0,0x0,0x0,
0x0,0x0,0x7,0x0,0xdb,0x0,0x0,0x0,
0x0,0x0,0x0,0x0,0xca,0x2,0x10,0x6,
0xca,0x2,0x90,0x6,0xf7,0x0,0x0,0x0,
0x0,0x0,0x7,0x0,0xda,0x0,0x0,0x0,
0x0,0x0,0x0,0x0,0xca,0x2,0xe0,0x3,
0xca,0x2,0x80,0x4,0x10,0x0,0x0,0x0,
0x0,0x0,0xa,0x0,0x79,0x0,0x0,0x0,
0x0,0x0,0x0,0x0,0xca,0x2,0x80,0x2,
0xca,0x2,0x0,0x3,0x0,0x0,0x0,0x0,
0x0,0x0,0x0,0x0,0x0,0x0,0x0,0x0,
0x0,0x0,0xff,0xff,0xff,0xff,0xff,0xff,
0x0,0x0,0x0,0x0,0x54,0x0,0x0,0x0,
0x54,0x0,0x0,0x0,0x54,0x0,0x0,0x0,
0x0,0x0,0x0,0x0,0x54,0x0,0x0,0x0,
0x54,0x0,0x0,0x0,0x0,0x0,0x1,0x0,
0x54,0x0,0x0,0x0,0x0,0x0,0x0,0x0,
0x6c,0x0,0x0,0x0,0xca,0x2,0x80,0x2,
0x0,0x0,0x0,0x0,0x6c,0x0,0x0,0x0,
0x0,0x0,0x0,0x0,0x6c,0x0,0x0,0x0,
0x0,0x0,0x0,0x0,0x11,0x0,0x0,0x0,
0x0,0x0,0x7,0x0,0xdd,0x0,0x0,0x0,
0x0,0x0,0x0,0x0,0xca,0x2,0x0,0x3,
0xca,0x2,0x60,0x3,0x0,0x0,0x0,0x0,
0x81,0x0,0x0,0x0,0x0,0x0,0x0,0x0,
0x0,0x0,0xff,0xff,0xff,0xff,0xff,0xff,
0x0,0x0,0x0,0x0,0x54,0x0,0x0,0x0,
0x54,0x0,0x0,0x0,0x54,0x0,0x0,0x0,
0x0,0x0,0x0,0x0,0x54,0x0,0x0,0x0,
0x54,0x0,0x0,0x0,0x0,0x0,0xa,0x0,
0x54,0x0,0x0,0x0,0x0,0x0,0x0,0x0,
0x44,0x1,0x0,0x0,0xce,0x2,0x10,0x1,
0x0,0x0,0x0,0x0,0x44,0x1,0x0,0x0,
0x0,0x0,0x0,0x0,0x44,0x1,0x0,0x0,
0x0,0x0,0x0,0x0,0x54,0x0,0x0,0x0,
0x0,0x0,0x7,0x0,0xe5,0x0,0x0,0x0,
0x0,0x0,0x0,0x0,0xd8,0x2,0x50,0x1,
0xd8,0x2,0xc0,0x1,0xfd,0x0,0x0,0x0,
0x0,0x0,0x7,0x0,0xe4,0x0,0x0,0x0,
0x0,0x0,0x0,0x0,0xd7,0x2,0x50,0x1,
0xd7,0x2,0x70,0x2,0xfb,0x0,0x0,0x0,
0x0,0x0,0x7,0x0,0xe3,0x0,0x0,0x0,
0x0,0x0,0x0,0x0,0xd6,0x2,0x50,0x1,
0xd6,0x2,0xf0,0x1,0xc8,0x0,0x0,0x0,
0x0,0x0,0x7,0x0,0xe2,0x0,0x0,0x0,
0x0,0x0,0x0,0x0,0xd5,0x2,0x50,0x1,
0xd5,0x2,0xc0,0x1,0xcf,0x0,0x0,0x0,
0x0,0x0,0x7,0x0,0xe1,0x0,0x0,0x0,
0x0,0x0,0x0,0x0,0xd4,0x2,0x50,0x1,
0xd4,0x2,0x80,0x2,0xd1,0x0,0x0,0x0,
0x0,0x0,0x7,0x0,0xe0,0x0,0x0,0x0,
0x0,0x0,0x0,0x0,0xd3,0x2,0x50,0x1,
0xd3,0x2,0xa0,0x2,0xc6,0x0,0x0,0x0,
0x0,0x0,0x7,0x0,0xdf,0x0,0x0,0x0,
0x0,0x0,0x0,0x0,0xd0,0x2,0x50,0x1,
0xd0,0x2,0x10,0x2,0x7e,0x0,0x0,0x0,
0x0,0x0,0x7,0x0,0xde,0x0,0x0,0x0,
0x0,0x0,0x0,0x0,0xcf,0x2,0x50,0x1,
0xcf,0x2,0xb0,0x1,0x86,0x0,0x0,0x0,
0x0,0x0,0x9,0x0,0x7b,0x0,0x0,0x0,
0x0,0x0,0x0,0x0,0xd1,0x2,0x50,0x1,
0xd1,0x2,0xc0,0x1,0x83,0x0,0x0,0x0,
0x0,0x0,0xa,0x0,0x7c,0x0,0x0,0x0,
0x0,0x0,0x0,0x0,0xd8,0x2,0x10,0x3,
0xd8,0x2,0x60,0x3,0x0,0x0,0x0,0x0,
0x0,0x0,0x0,0x0,0x0,0x0,0x0,0x0,
0x0,0x0,0xff,0xff,0xff,0xff,0xff,0xff,
0x0,0x0,0x0,0x0,0x54,0x0,0x0,0x0,
0x54,0x0,0x0,0x0,0x54,0x0,0x0,0x0,
0x0,0x0,0x0,0x0,0x54,0x0,0x0,0x0,
0x54,0x0,0x0,0x0,0x0,0x0,0x2,0x0,
0x54,0x0,0x0,0x0,0x0,0x0,0x0,0x0,
0x84,0x0,0x0,0x0,0xd1,0x2,0x50,0x1,
0x0,0x0,0x0,0x0,0x84,0x0,0x0,0x0,
0x0,0x0,0x0,0x0,0x84,0x0,0x0,0x0,
0x0,0x0,0x0,0x0,0xbd,0x0,0x0,0x0,
0x0,0x0,0x7,0x0,0xe6,0x0,0x0,0x0,
0x0,0x0,0x0,0x0,0xd2,0x2,0xc0,0x1,
0xd2,0x2,0xd0,0x2,0x87,0x0,0x0,0x0,
0x0,0x0,0x1,0x0,0x1,0x0,0x0,0x0,
0x0,0x0,0x0,0x0,0xd1,0x2,0xc0,0x1,
0xd1,0x2,0x70,0x2,0x0,0x0,0x0,0x0,
0x0,0x0,0x0,0x0,0x0,0x0,0x0,0x0,
0x0,0x0,0xff,0xff,0xff,0xff,0xff,0xff,
0x0,0x0,0x0,0x0,0x54,0x0,0x0,0x0,
0x54,0x0,0x0,0x0,0x54,0x0,0x0,0x0,
0x0,0x0,0x0,0x0,0x54,0x0,0x0,0x0,
0x54,0x0,0x0,0x0,0x0,0x0,0x2,0x0,
0x54,0x0,0x0,0x0,0x0,0x0,0x0,0x0,
0x84,0x0,0x0,0x0,0xd8,0x2,0x10,0x3,
0x0,0x0,0x0,0x0,0x84,0x0,0x0,0x0,
0x0,0x0,0x0,0x0,0x84,0x0,0x0,0x0,
0x0,0x0,0x0,0x0,0xcb,0x0,0x0,0x0,
0x0,0x0,0x7,0x0,0xe8,0x0,0x0,0x0,
0x0,0x0,0x0,0x0,0xd8,0x2,0x50,0x6,
0xd8,0x2,0xd0,0x6,0x84,0x0,0x0,0x0,
0x0,0x0,0x7,0x0,0xe7,0x0,0x0,0x0,
0x0,0x0,0x0,0x0,0xd8,0x2,0x60,0x3,
0xd8,0x2,0x10,0x4,0x0,0x0,0x0,0x0,
0x0,0x0,0x0,0x0,0x0,0x0,0x0,0x0,
0x0,0x0,0xff,0xff,0xff,0xff,0xff,0xff,
0x0,0x0,0x0,0x0,0x54,0x0,0x0,0x0,
0x54,0x0,0x0,0x0,0x54,0x0,0x0,0x0,
0x0,0x0,0x0,0x0,0x54,0x0,0x0,0x0,
0x54,0x0,0x0,0x0,0x0,0x0,0x2,0x0,
0x54,0x0,0x0,0x0,0x0,0x0,0x0,0x0,
0x84,0x0,0x0,0x0,0xda,0x2,0x10,0x1,
0x0,0x0,0x0,0x0,0x84,0x0,0x0,0x0,
0x0,0x0,0x0,0x0,0x84,0x0,0x0,0x0,
0x0,0x0,0x0,0x0,0x7e,0x0,0x0,0x0,
0x0,0x0,0x7,0x0,0xea,0x0,0x0,0x0,
0x0,0x0,0x0,0x0,0xdb,0x2,0x90,0x1,
0xdb,0x2,0xf0,0x1,0xb4,0x0,0x0,0x0,
0x0,0x0,0x7,0x0,0xe9,0x0,0x0,0x0,
0x0,0x0,0x0,0x0,0xda,0x2,0x90,0x1,
0xda,0x2,0x20,0x2,0x0,0x0,0x0,0x0,
0xd6,0x0,0x0,0x0,0xff,0x0,0x0,0x0,
0x0,0x0,0xff,0xff,0xff,0xff,0xff,0xff,
0x0,0x0,0x0,0x0,0x54,0x0,0x0,0x0,
0x54,0x0,0x0,0x0,0x54,0x0,0x0,0x0,
0x0,0x0,0x0,0x0,0x54,0x0,0x0,0x0,
0x54,0x0,0x0,0x0,0x0,0x0,0x8,0x0,
0x54,0x0,0x0,0x0,0x0,0x0,0x0,0x0,
0x14,0x1,0x0,0x0,0xde,0x2,0xd0,0x0,
0xdf,0x2,0x10,0x1,0x14,0x1,0x0,0x0,
0x0,0x0,0x0,0x0,0x14,0x1,0x0,0x0,
0x0,0x0,0x0,0x0,0xec,0x0,0x0,0x0,
0x0,0x0,0x7,0x0,0xf0,0x0,0x0,0x0,
0x0,0x0,0x0,0x0,0xfd,0x2,0x10,0x1,
0xfd,0x2,0x20,0x2,0xea,0x0,0x0,0x0,
0x0,0x2,0x7,0x0,0xee,0x0,0x0,0x0,
0x0,0x0,0x0,0x0,0xf3,0x2,0x10,0x1,
0xf3,0x2,0xc0,0x1,0x4f,0x0,0x0,0x0,
0x0,0x2,0x7,0x0,0xec,0x0,0x0,0x0,
0x0,0x0,0x0,0x0,0xe4,0x2,0x10,0x1,
0xe4,0x2,0xc0,0x1,0xd9,0x0,0x0,0x0,
0x0,0x0,0x7,0x0,0xeb,0x0,0x0,0x0,
0x0,0x0,0x0,0x0,0xdf,0x2,0x70,0x4,
0xdf,0x2,0x80,0x5,0xd8,0x0,0x0,0x0,
0x0,0x0,0x1,0x0,0x1,0x0,0x0,0x0,
0x0,0x0,0x0,0x0,0xdf,0x2,0x30,0x3,
0xdf,0x2,0x10,0x4,0x0,0x0,0x0,0x0,
0x0,0x0,0x8,0x0,0x81,0x0,0x0,0x0,
0x0,0x0,0x0,0x0,0xe3,0x2,0x10,0x1,
0xe3,0x2,0x10,0x1,0xdb,0x0,0x0,0x0,
0x0,0x0,0xa,0x0,0x80,0x0,0x0,0x0,
0x0,0x0,0x0,0x0,0xe0,0x2,0x10,0x1,
0xe0,0x2,0x60,0x1,0x10,0x0,0x0,0x0,
0x0,0x0,0xa,0x0,0x7f,0x0,0x0,0x0,
0x0,0x0,0x0,0x0,0xdf,0x2,0xd0,0x1,
0xdf,0x2,0x50,0x2,0x0,0x0,0x0,0x0,
0x0,0x0,0x0,0x0,0x0,0x0,0x0,0x0,
0x0,0x0,0xff,0xff,0xff,0xff,0xff,0xff,
0x0,0x0,0x0,0x0,0x54,0x0,0x0,0x0,
0x54,0x0,0x0,0x0,0x54,0x0,0x0,0x0,
0x0,0x0,0x0,0x0,0x54,0x0,0x0,0x0,
0x54,0x0,0x0,0x0,0x0,0x0,0x1,0x0,
0x54,0x0,0x0,0x0,0x0,0x0,0x0,0x0,
0x6c,0x0,0x0,0x0,0xdf,0x2,0xd0,0x1,
0x0,0x0,0x0,0x0,0x6c,0x0,0x0,0x0,
0x0,0x0,0x0,0x0,0x6c,0x0,0x0,0x0,
0x0,0x0,0x0,0x0,0x11,0x0,0x0,0x0,
0x0,0x0,0x7,0x0,0xf1,0x0,0x0,0x0,
0x0,0x0,0x0,0x0,0xdf,0x2,0x50,0x2,
0xdf,0x2,0xb0,0x2,0x0,0x0,0x0,0x0,
0x0,0x0,0x0,0x0,0x0,0x0,0x0,0x0,
0x0,0x0,0xff,0xff,0xff,0xff,0xff,0xff,
0x0,0x0,0x0,0x0,0x54,0x0,0x0,0x0,
0x54,0x0,0x0,0x0,0x54,0x0,0x0,0x0,
0x0,0x0,0x0,0x0,0x54,0x0,0x0,0x0,
0x54,0x0,0x0,0x0,0x0,0x0,0x2,0x0,
0x54,0x0,0x0,0x0,0x0,0x0,0x0,0x0,
0x84,0x0,0x0,0x0,0xe0,0x2,0x10,0x1,
0x0,0x0,0x0,0x0,0x84,0x0,0x0,0x0,
0x0,0x0,0x0,0x0,0x84,0x0,0x0,0x0,
0x0,0x0,0x0,0x0,0xde,0x0,0x0,0x0,
0x0,0x0,0x2,0x0,0xa,0x0,0x0,0x0,
0x0,0x0,0x0,0x0,0xe1,0x2,0x60,0x1,
0xe1,0x2,0x10,0x2,0xdc,0x0,0x0,0x0,
0x0,0x0,0x7,0x0,0xf2,0x0,0x0,0x0,
0x0,0x0,0x0,0x0,0xe0,0x2,0x60,0x1,
0xe0,0x2,0xe0,0x1,0x0,0x0,0x0,0x0,
0x8,0x0,0x0,0x0,0x0,0x1,0x0,0x0,
0x0,0x0,0xff,0xff,0xff,0xff,0xff,0xff,
0x0,0x0,0x0,0x0,0x54,0x0,0x0,0x0,
0x54,0x0,0x0,0x0,0x54,0x0,0x0,0x0,
0x0,0x0,0x0,0x0,0x54,0x0,0x0,0x0,
0x54,0x0,0x0,0x0,0x0,0x0,0x1,0x0,
0x54,0x0,0x0,0x0,0x0,0x0,0x0,0x0,
0x6c,0x0,0x0,0x0,0xe3,0x2,0x10,0x1,
0xe3,0x2,0x80,0x1,0x6c,0x0,0x0,0x0,
0x0,0x0,0x0,0x0,0x6c,0x0,0x0,0x0,
0x0,0x0,0x0,0x0,0xe0,0x0,0x0,0x0,
0x0,0x0,0x9,0x0,0x82,0x0,0x0,0x0,
0x0,0x0,0x0,0x0,0xe3,0x2,0xb0,0x2,
0xe3,0x2,0x0,0x3,0x0,0x0,0x0,0x0,
0x0,0x0,0x0,0x0,0x0,0x0,0x0,0x0,
0x0,0x0,0xff,0xff,0xff,0xff,0xff,0xff,
0x0,0x0,0x0,0x0,0x54,0x0,0x0,0x0,
0x54,0x0,0x0,0x0,0x54,0x0,0x0,0x0,
0x0,0x0,0x0,0x0,0x54,0x0,0x0,0x0,
0x54,0x0,0x0,0x0,0x0,0x0,0x5,0x0,
0x54,0x0,0x0,0x0,0x0,0x0,0x0,0x0,
0xcc,0x0,0x0,0x0,0xe3,0x2,0xb0,0x2,
0x0,0x0,0x0,0x0,0xcc,0x0,0x0,0x0,
0x0,0x0,0x0,0x0,0xcc,0x0,0x0,0x0,
0x0,0x0,0x0,0x0,0xe8,0x0,0x0,0x0,
0x0,0x0,0x7,0x0,0xf7,0x0,0x0,0x0,
0x0,0x0,0x0,0x0,0xe3,0x2,0xc0,0xb,
0xe3,0x2,0x60,0xc,0xe6,0x0,0x0,0x0,
0x0,0x0,0x7,0x0,0xf6,0x0,0x0,0x0,
0x0,0x0,0x0,0x0,0xe3,0x2,0xe0,0x9,
0xe3,0x2,0x40,0xa,0xe4,0x0,0x0,0x0,
0x0,0x0,0x7,0x0,0xf5,0x0,0x0,0x0,
0x0,0x0,0x0,0x0,0xe3,0x2,0x80,0x6,
0xe3,0x2,0xa0,0x7,0xa3,0x0,0x0,0x0,
0x0,0x0,0x7,0x0,0xf4,0x0,0x0,0x0,
0x0,0x0,0x0,0x0,0xe3,0x2,0x10,0x5,
0xe3,0x2,0x90,0x5,0xe1,0x0,0x0,0x0,
0x0,0x0,0x7,0x0,0xf3,0x0,0x0,0x0,
0x0,0x0,0x0,0x0,0xe3,0x2,0x0,0x3,
0xe3,0x2,0x80,0x3,0x0,0x0,0x0,0x0,
0xf,0x0,0x0,0x0,0x0,0x0,0x0,0x0,
0x0,0x0,0xff,0xff,0xff,0xff,0xff,0xff,
0x0,0x0,0x0,0x0,0x54,0x0,0x0,0x0,
0x54,0x0,0x0,0x0,0x54,0x0,0x0,0x0,
0x0,0x0,0x0,0x0,0x54,0x0,0x0,0x0,
0x54,0x0,0x0,0x0,0x0,0x0,0x3,0x0,
0x54,0x0,0x0,0x0,0x0,0x0,0x0,0x0,
0x9c,0x0,0x0,0x0,0x0,0x3,0xd0,0x0,
0x0,0x0,0x0,0x0,0x9c,0x0,0x0,0x0,
0x0,0x0,0x0,0x0,0x9c,0x0,0x0,0x0,
0x0,0x0,0x0,0x0,0x13,0x0,0x0,0x0,
0x0,0x2,0x7,0x0,0xf9,0x0,0x0,0x0,
0x0,0x0,0x0,0x0,0x3,0x3,0x10,0x1,
0x3,0x3,0xc0,0x1,0x9c,0x0,0x0,0x0,
0x0,0x0,0x7,0x0,0xf8,0x0,0x0,0x0,
0x0,0x0,0x0,0x0,0x2,0x3,0x10,0x1,
0x2,0x3,0xa0,0x1,0x10,0x0,0x0,0x0,
0x0,0x0,0xa,0x0,0x84,0x0,0x0,0x0,
0x0,0x0,0x0,0x0,0x1,0x3,0x10,0x1,
0x1,0x3,0x90,0x1,0x0,0x0,0x0,0x0,
0x0,0x0,0x0,0x0,0x0,0x0,0x0,0x0,
0x0,0x0,0xff,0xff,0xff,0xff,0xff,0xff,
0x0,0x0,0x0,0x0,0x54,0x0,0x0,0x0,
0x54,0x0,0x0,0x0,0x54,0x0,0x0,0x0,
0x0,0x0,0x0,0x0,0x54,0x0,0x0,0x0,
0x54,0x0,0x0,0x0,0x0,0x0,0x1,0x0,
0x54,0x0,0x0,0x0,0x0,0x0,0x0,0x0,
0x6c,0x0,0x0,0x0,0x1,0x3,0x10,0x1,
0x0,0x0,0x0,0x0,0x6c,0x0,0x0,0x0,
0x0,0x0,0x0,0x0,0x6c,0x0,0x0,0x0,
0x0,0x0,0x0,0x0,0x11,0x0,0x0,0x0,
0x0,0x0,0x7,0x0,0xfb,0x0,0x0,0x0,
0x0,0x0,0x0,0x0,0x1,0x3,0x90,0x1,
0x1,0x3,0xf0,0x1,0x0,0x0,0x0,0x0,
0x0,0x0,0x0,0x0,0x0,0x0,0x0,0x0,
0x0,0x0,0xff,0xff,0xff,0xff,0xff,0xff,
0x0,0x0,0x0,0x0,0x54,0x0,0x0,0x0,
0x54,0x0,0x0,0x0,0x54,0x0,0x0,0x0,
0x0,0x0,0x0,0x0,0x54,0x0,0x0,0x0,
0x54,0x0,0x0,0x0,0x0,0x0,0x1,0x0,
0x54,0x0,0x0,0x0,0x0,0x0,0x0,0x0,
0x6c,0x0,0x0,0x0,0xb,0x3,0xd0,0x0,
0x0,0x0,0x0,0x0,0x6c,0x0,0x0,0x0,
0x0,0x0,0x0,0x0,0x6c,0x0,0x0,0x0,
0x0,0x0,0x0,0x0,0x5f,0x0,0x0,0x0,
0x0,0x0,0x7,0x0,0xfc,0x0,0x0,0x0,
0x0,0x0,0x0,0x0,0xb,0x3,0x70,0x1,
0xb,0x3,0x40,0x2,0x0,0x0,0x0,0x0,
0x1,0x1,0x0,0x0,0x2,0x1,0x0,0x0,
0x0,0x0,0xff,0xff,0xff,0xff,0xff,0xff,
0x0,0x0,0x0,0x0,0x54,0x0,0x0,0x0,
0x54,0x0,0x0,0x0,0x54,0x0,0x0,0x0,
0x0,0x0,0x0,0x0,0x54,0x0,0x0,0x0,
0x54,0x0,0x0,0x0,0x0,0x0,0x5,0x0,
0x54,0x0,0x0,0x0,0x0,0x0,0x0,0x0,
0xcc,0x0,0x0,0x0,0x15,0x3,0x50,0x0,
0x16,0x3,0x90,0x0,0xcc,0x0,0x0,0x0,
0x0,0x0,0x0,0x0,0xcc,0x0,0x0,0x0,
0x0,0x0,0x0,0x0,0x3,0x1,0x0,0x0,
0x0,0x0,0x7,0x0,0xfd,0x0,0x0,0x0,
0x0,0x0,0x0,0x0,0x18,0x3,0x90,0x0,
0x18,0x3,0x70,0x1,0x0,0x0,0x0,0x0,
0x0,0x0,0x8,0x0,0x88,0x0,0x0,0x0,
0x0,0x0,0x0,0x0,0x1a,0x3,0x90,0x0,
0x1a,0x3,0x90,0x0,0x0,0x0,0x0,0x0,
0x0,0x0,0x8,0x0,0x9e,0x0,0x0,0x0,
0x0,0x0,0x0,0x0,0x9e,0x3,0x90,0x0,
0x9e,0x3,0x90,0x0,0x0,0x0,0x0,0x0,
0x0,0x0,0x8,0x0,0xa3,0x0,0x0,0x0,
0x0,0x0,0x0,0x0,0xb8,0x3,0x90,0x0,
0xb8,0x3,0x90,0x0,0x10,0x0,0x0,0x0,
0x0,0x0,0xa,0x0,0x87,0x0,0x0,0x0,
0x0,0x0,0x0,0x0,0x17,0x3,0x90,0x0,
0x17,0x3,0x10,0x1,0x0,0x0,0x0,0x0,
0x0,0x0,0x0,0x0,0x0,0x0,0x0,0x0,
0x0,0x0,0xff,0xff,0xff,0xff,0xff,0xff,
0x0,0x0,0x0,0x0,0x54,0x0,0x0,0x0,
0x54,0x0,0x0,0x0,0x54,0x0,0x0,0x0,
0x0,0x0,0x0,0x0,0x54,0x0,0x0,0x0,
0x54,0x0,0x0,0x0,0x0,0x0,0x1,0x0,
0x54,0x0,0x0,0x0,0x0,0x0,0x0,0x0,
0x6c,0x0,0x0,0x0,0x17,0x3,0x90,0x0,
0x0,0x0,0x0,0x0,0x6c,0x0,0x0,0x0,
0x0,0x0,0x0,0x0,0x6c,0x0,0x0,0x0,
0x0,0x0,0x0,0x0,0x11,0x0,0x0,0x0,
0x0,0x0,0x7,0x0,0xfe,0x0,0x0,0x0,
0x0,0x0,0x0,0x0,0x17,0x3,0x10,0x1,
0x17,0x3,0x70,0x1,0x0,0x0,0x0,0x0,
0x5,0x1,0x0,0x0,0x6,0x1,0x0,0x0,
0x0,0x0,0xff,0xff,0xff,0xff,0xff,0xff,
0x0,0x0,0x0,0x0,0x54,0x0,0x0,0x0,
0x54,0x0,0x0,0x0,0x54,0x0,0x0,0x0,
0x0,0x0,0x0,0x0,0x54,0x0,0x0,0x0,
0x54,0x0,0x0,0x0,0x0,0x0,0x12,0x0,
0x54,0x0,0x0,0x0,0x0,0x0,0x0,0x0,
0x4,0x2,0x0,0x0,0x1a,0x3,0x90,0x0,
0x1b,0x3,0xd0,0x0,0x4,0x2,0x0,0x0,
0x0,0x0,0x0,0x0,0x4,0x2,0x0,0x0,
0x0,0x0,0x0,0x0,0x45,0x1,0x0,0x0,
0x0,0x0,0x8,0x0,0x8d,0x0,0x0,0x0,
0x0,0x0,0x0,0x0,0x31,0x3,0xd0,0x0,
0x31,0x3,0x50,0x1,0x22,0x1,0x0,0x0,
0x0,0x0,0x7,0x0,0x6,0x1,0x0,0x0,
0x0,0x0,0x0,0x0,0x30,0x3,0xd0,0x0,
0x30,0x3,0x0,0x2,0x1b,0x1,0x0,0x0,
0x0,0x0,0x7,0x0,0x5,0x1,0x0,0x0,
0x0,0x0,0x0,0x0,0x2c,0x3,0xd0,0x0,
0x2c,0x3,0xd0,0x1,0x19,0x1,0x0,0x0,
0x0,0x0,0x7,0x0,0x4,0x1,0x0,0x0,
0x0,0x0,0x0,0x0,0x2b,0x3,0xd0,0x0,
0x2b,0x3,0x0,0x2,0x17,0x1,0x0,0x0,
0x0,0x0,0x7,0x0,0x3,0x1,0x0,0x0,
0x0,0x0,0x0,0x0,0x2a,0x3,0xd0,0x0,
0x2a,0x3,0x0,0x2,0x16,0x1,0x0,0x0,
0x0,0x0,0x2,0x0,0x12,0x0,0x0,0x0,
0x0,0x0,0x0,0x0,0x29,0x3,0xd0,0x0,
0x29,0x3,0xa0,0x1,0x15,0x1,0x0,0x0,
0x0,0x0,0x1,0x0,0x1,0x0,0x0,0x0,
0x0,0x0,0x0,0x0,0x28,0x3,0xd0,0x0,
0x28,0x3,0x90,0x1,0x11,0x1,0x0,0x0,
0x0,0x0,0x7,0x0,0x2,0x1,0x0,0x0,
0x0,0x0,0x0,0x0,0x21,0x3,0xd0,0x0,
0x21,0x3,0x10,0x2,0x10,0x1,0x0,0x0,
0x0,0x0,0x1,0x0,0x1,0x0,0x0,0x0,
0x0,0x0,0x0,0x0,0x20,0x3,0xd0,0x0,
0x20,0x3,0xa0,0x1,0xf,0x1,0x0,0x0,
0x0,0x0,0x2,0x0,0x11,0x0,0x0,0x0,
0x0,0x0,0x0,0x0,0x1f,0x3,0xd0,0x0,
0x1f,0x3,0x30,0x2,0xe,0x1,0x0,0x0,
0x0,0x0,0x2,0x0,0x10,0x0,0x0,0x0,
0x0,0x0,0x0,0x0,0x1e,0x3,0xd0,0x0,
0x1e,0x3,0x0,0x2,0xc,0x1,0x0,0x0,
0x0,0x0,0x7,0x0,0x1,0x1,0x0,0x0,
0x0,0x0,0x0,0x0,0x1d,0x3,0xd0,0x0,
0x1d,0x3,0xd0,0x1,0xa,0x0,0x0,0x0,
0x0,0x0,0x1,0x0,0x1,0x0,0x0,0x0,
0x0,0x0,0x0,0x0,0x1c,0x3,0xd0,0x0,
0x1c,0x3,0x40,0x1,0xa,0x1,0x0,0x0,
0x0,0x0,0x7,0x0,0x0,0x1,0x0,0x0,
0x0,0x0,0x0,0x0,0x1b,0x3,0xe0,0x3,
0x1b,0x3,0x80,0x4,0x9,0x1,0x0,0x0,
0x0,0x0,0x1,0x0,0x1,0x0,0x0,0x0,
0x0,0x0,0x0,0x0,0x1b,0x3,0x20,0x3,
0x1b,0x3,0x80,0x3,0x7,0x1,0x0,0x0,
0x0,0x0,0x7,0x0,0xff,0x0,0x0,0x0,
0x0,0x0,0x0,0x0,0x1b,0x3,0x50,0x1,
0x1b,0x3,0xc0,0x1,0x1d,0x1,0x0,0x0,
0x0,0x0,0x9,0x0,0x8b,0x0,0x0,0x0,
0x0,0x0,0x0,0x0,0x2d,0x3,0xd0,0x0,
0x2d,0x3,0x70,0x1,0xc,0x0,0x0,0x0,
0x0,0x0,0x9,0x0,0x89,0x0,0x0,0x0,
0x0,0x0,0x0,0x0,0x22,0x3,0xd0,0x0,
0x22,0x3,0x20,0x1,0x0,0x0,0x0,0x0,
0x0,0x0,0x0,0x0,0x0,0x0,0x0,0x0,
0x0,0x0,0xff,0xff,0xff,0xff,0xff,0xff,
0x0,0x0,0x0,0x0,0x54,0x0,0x0,0x0,
0x54,0x0,0x0,0x0,0x54,0x0,0x0,0x0,
0x0,0x0,0x0,0x0,0x54,0x0,0x0,0x0,
0x54,0x0,0x0,0x0,0x0,0x0,0x1,0x0,
0x54,0x0,0x0,0x0,0x0,0x0,0x0,0x0,
0x6c,0x0,0x0,0x0,0x22,0x3,0xd0,0x0,
0x0,0x0,0x0,0x0,0x6c,0x0,0x0,0x0,
0x0,0x0,0x0,0x0,0x6c,0x0,0x0,0x0,
0x0,0x0,0x0,0x0,0x13,0x1,0x0,0x0,
0x0,0x2,0x7,0x0,0x7,0x1,0x0,0x0,
0x0,0x0,0x0,0x0,0x22,0x3,0x20,0x1,
0x22,0x3,0x30,0x2,0x0,0x0,0x0,0x0,
0x1d,0x1,0x0,0x0,0x0,0x0,0x0,0x0,
0x0,0x0,0xff,0xff,0xff,0xff,0xff,0xff,
0x0,0x0,0x0,0x0,0x54,0x0,0x0,0x0,
0x54,0x0,0x0,0x0,0x54,0x0,0x0,0x0,
0x0,0x0,0x0,0x0,0x54,0x0,0x0,0x0,
0x54,0x0,0x0,0x0,0x0,0x0,0x2,0x0,
0x54,0x0,0x0,0x0,0x0,0x0,0x0,0x0,
0x84,0x0,0x0,0x0,0x2d,0x3,0x10,0x2,
0x0,0x0,0x0,0x0,0x84,0x0,0x0,0x0,
0x0,0x0,0x0,0x0,0x84,0x0,0x0,0x0,
0x0,0x0,0x0,0x0,0xe1,0x0,0x0,0x0,
0x0,0x0,0x1,0x0,0x1,0x0,0x0,0x0,
0x0,0x0,0x0,0x0,0x2d,0x3,0x90,0x4,
0x2d,0x3,0x10,0x5,0x1e,0x1,0x0,0x0,
0x0,0x0,0x7,0x0,0x9,0x1,0x0,0x0,
0x0,0x0,0x0,0x0,0x2d,0x3,0xd0,0x2,
0x2d,0x3,0x50,0x3,0x0,0x0,0x0,0x0,
0x0,0x0,0x0,0x0,0x0,0x0,0x0,0x0,
0x0,0x0,0xff,0xff,0xff,0xff,0xff,0xff,
0x0,0x0,0x0,0x0,0x54,0x0,0x0,0x0,
0x54,0x0,0x0,0x0,0x54,0x0,0x0,0x0,
0x0,0x0,0x0,0x0,0x54,0x0,0x0,0x0,
0x54,0x0,0x0,0x0,0x0,0x0,0x2,0x0,
0x54,0x0,0x0,0x0,0x0,0x0,0x0,0x0,
0x84,0x0,0x0,0x0,0x2d,0x3,0xd0,0x0,
0x0,0x0,0x0,0x0,0x84,0x0,0x0,0x0,
0x0,0x0,0x0,0x0,0x84,0x0,0x0,0x0,
0x0,0x0,0x0,0x0,0x21,0x1,0x0,0x0,
0x0,0x0,0x8,0x0,0x8c,0x0,0x0,0x0,
0x0,0x0,0x0,0x0,0x2e,0x3,0x70,0x1,
0x2e,0x3,0x30,0x2,0x20,0x1,0x0,0x0,
0x0,0x0,0x8,0x0,0x8a,0x0,0x0,0x0,
0x0,0x0,0x0,0x0,0x2d,0x3,0x70,0x1,
0x2d,0x3,0x10,0x2,0x0,0x0,0x0,0x0,
0x1d,0x1,0x0,0x0,0x0,0x0,0x0,0x0,
0x0,0x0,0xff,0xff,0xff,0xff,0xff,0xff,
0x0,0x0,0x0,0x0,0x54,0x0,0x0,0x0,
0x54,0x0,0x0,0x0,0x54,0x0,0x0,0x0,
0x0,0x0,0x0,0x0,0x54,0x0,0x0,0x0,
0x54,0x0,0x0,0x0,0x0,0x0,0x1,0x0,
0x54,0x0,0x0,0x0,0x0,0x0,0x0,0x0,
0x6c,0x0,0x0,0x0,0x2e,0x3,0x30,0x2,
0x0,0x0,0x0,0x0,0x6c,0x0,0x0,0x0,
0x0,0x0,0x0,0x0,0x6c,0x0,0x0,0x0,
0x0,0x0,0x0,0x0,0x1e,0x1,0x0,0x0,
0x0,0x0,0x7,0x0,0xa,0x1,0x0,0x0,
0x0,0x0,0x0,0x0,0x2e,0x3,0xf0,0x2,
0x2e,0x3,0x70,0x3,0x0,0x0,0x0,0x0,
0x53,0x0,0x0,0x0,0x0,0x0,0x0,0x0,
0x0,0x0,0xff,0xff,0xff,0xff,0xff,0xff,
0x0,0x0,0x0,0x0,0x54,0x0,0x0,0x0,
0x54,0x0,0x0,0x0,0x54,0x0,0x0,0x0,
0x0,0x0,0x0,0x0,0x54,0x0,0x0,0x0,
0x54,0x0,0x0,0x0,0x0,0x0,0x6,0x0,
0x54,0x0,0x0,0x0,0x0,0x0,0x0,0x0,
0xe4,0x0,0x0,0x0,0x31,0x3,0x50,0x1,
0x0,0x0,0x0,0x0,0xe4,0x0,0x0,0x0,
0x0,0x0,0x0,0x0,0xe4,0x0,0x0,0x0,
0x0,0x0,0x0,0x0,0x54,0x0,0x0,0x0,
0x0,0x0,0x7,0x0,0xc,0x1,0x0,0x0,
0x0,0x0,0x0,0x0,0x32,0x3,0x50,0x3,
0x32,0x3,0xc0,0x3,0xa7,0x0,0x0,0x0,
0x0,0x0,0x2,0x0,0x13,0x0,0x0,0x0,
0x0,0x0,0x0,0x0,0x32,0x3,0x90,0x2,
0x32,0x3,0x10,0x3,0x58,0x0,0x0,0x0,
0x0,0x0,0x7,0x0,0xb,0x1,0x0,0x0,
0x0,0x0,0x0,0x0,0x32,0x3,0x80,0x1,
0x32,0x3,0xf0,0x1,0x5c,0x0,0x0,0x0,
0x0,0x0,0x2,0x0,0x8,0x0,0x0,0x0,
0x0,0x0,0x0,0x0,0x32,0x3,0x10,0x1,
0x32,0x3,0x40,0x1,0x0,0x0,0x0,0x0,
0x0,0x0,0x8,0x0,0x8e,0x0,0x0,0x0,
0x0,0x0,0x0,0x0,0x34,0x3,0x10,0x1,
0x34,0x3,0x10,0x1,0x0,0x0,0x0,0x0,
0x0,0x0,0x8,0x0,0x9c,0x0,0x0,0x0,
0x0,0x0,0x0,0x0,0x9a,0x3,0x10,0x1,
0x9a,0x3,0x10,0x1,0x0,0x0,0x0,0x0,
0xb6,0x0,0x0,0x0,0x0,0x0,0x0,0x0,
0x0,0x0,0xff,0xff,0xff,0xff,0xff,0xff,
0x0,0x0,0x0,0x0,0x54,0x0,0x0,0x0,
0x54,0x0,0x0,0x0,0x54,0x0,0x0,0x0,
0x0,0x0,0x0,0x0,0x54,0x0,0x0,0x0,
0x54,0x0,0x0,0x0,0x0,0x0,0xd,0x0,
0x54,0x0,0x0,0x0,0x0,0x0,0x0,0x0,
0x8c,0x1,0x0,0x0,0x34,0x3,0x10,0x1,
0x0,0x0,0x0,0x0,0x8c,0x1,0x0,0x0,
0x0,0x0,0x0,0x0,0x8c,0x1,0x0,0x0,
0x0,0x0,0x0,0x0,0x80,0x0,0x0,0x0,
0x0,0x0,0x2,0x0,0xe,0x0,0x0,0x0,
0x0,0x0,0x0,0x0,0x35,0x3,0xc0,0x5,
0x35,0x3,0x50,0x6,0x0,0x0,0x0,0x0,
0x0,0x0,0x8,0x0,0x90,0x0,0x0,0x0,
0x0,0x0,0x0,0x0,0x37,0x3,0x50,0x1,
0x37,0x3,0x50,0x1,0x0,0x0,0x0,0x0,
0x0,0x0,0x8,0x0,0x91,0x0,0x0,0x0,
0x0,0x0,0x0,0x0,0x40,0x3,0x50,0x1,
0x40,0x3,0x50,0x1,0x0,0x0,0x0,0x0,
0x0,0x0,0x8,0x0,0x92,0x0,0x0,0x0,
0x0,0x0,0x0,0x0,0x4a,0x3,0x50,0x1,
0x4a,0x3,0x50,0x1,0x0,0x0,0x0,0x0,
0x0,0x0,0x8,0x0,0x93,0x0,0x0,0x0,
0x0,0x0,0x0,0x0,0x53,0x3,0x50,0x1,
0x53,0x3,0x50,0x1,0x0,0x0,0x0,0x0,
0x0,0x0,0x8,0x0,0x94,0x0,0x0,0x0,
0x0,0x0,0x0,0x0,0x5d,0x3,0x50,0x1,
0x5d,0x3,0x50,0x1,0x0,0x0,0x0,0x0,
0x0,0x0,0x8,0x0,0x95,0x0,0x0,0x0,
0x0,0x0,0x0,0x0,0x67,0x3,0x50,0x1,
0x67,0x3,0x50,0x1,0x0,0x0,0x0,0x0,
0x0,0x0,0x8,0x0,0x96,0x0,0x0,0x0,
0x0,0x0,0x0,0x0,0x71,0x3,0x50,0x1,
0x71,0x3,0x50,0x1,0x0,0x0,0x0,0x0,
0x0,0x0,0x8,0x0,0x97,0x0,0x0,0x0,
0x0,0x0,0x0,0x0,0x7a,0x3,0x50,0x1,
0x7a,0x3,0x50,0x1,0x0,0x0,0x0,0x0,
0x0,0x0,0x8,0x0,0x98,0x0,0x0,0x0,
0x0,0x0,0x0,0x0,0x83,0x3,0x50,0x1,
0x83,0x3,0x50,0x1,0x0,0x0,0x0,0x0,
0x0,0x0,0x8,0x0,0x99,0x0,0x0,0x0,
0x0,0x0,0x0,0x0,0x8c,0x3,0x50,0x1,
0x8c,0x3,0x50,0x1,0x0,0x0,0x0,0x0,
0x0,0x0,0x8,0x0,0x9a,0x0,0x0,0x0,
0x0,0x0,0x0,0x0,0x97,0x3,0x50,0x1,
0x97,0x3,0x50,0x1,0x10,0x0,0x0,0x0,
0x0,0x0,0xa,0x0,0x8f,0x0,0x0,0x0,
0x0,0x0,0x0,0x0,0x35,0x3,0x50,0x1,
0x35,0x3,0xd0,0x1,0x0,0x0,0x0,0x0,
0x0,0x0,0x0,0x0,0x0,0x0,0x0,0x0,
0x0,0x0,0xff,0xff,0xff,0xff,0xff,0xff,
0x0,0x0,0x0,0x0,0x54,0x0,0x0,0x0,
0x54,0x0,0x0,0x0,0x54,0x0,0x0,0x0,
0x0,0x0,0x0,0x0,0x54,0x0,0x0,0x0,
0x54,0x0,0x0,0x0,0x0,0x0,0x3,0x0,
0x54,0x0,0x0,0x0,0x0,0x0,0x0,0x0,
0x9c,0x0,0x0,0x0,0x35,0x3,0x50,0x1,
0x0,0x0,0x0,0x0,0x9c,0x0,0x0,0x0,
0x0,0x0,0x0,0x0,0x9c,0x0,0x0,0x0,
0x0,0x0,0x0,0x0,0xb8,0x0,0x0,0x0,
0x0,0x0,0x2,0x0,0xd,0x0,0x0,0x0,
0x0,0x0,0x0,0x0,0x35,0x3,0xb0,0x4,
0x35,0x3,0x80,0x5,0xb7,0x0,0x0,0x0,
0x0,0x0,0x2,0x0,0xd,0x0,0x0,0x0,
0x0,0x0,0x0,0x0,0x35,0x3,0x30,0x3,
0x35,0x3,0xf0,0x3,0x11,0x0,0x0,0x0,
0x0,0x0,0x7,0x0,0xd,0x1,0x0,0x0,
0x0,0x0,0x0,0x0,0x35,0x3,0xd0,0x1,
0x35,0x3,0x30,0x2,0x0,0x0,0x0,0x0,
0x24,0x1,0x0,0x0,0x0,0x0,0x0,0x0,
0x0,0x0,0xff,0xff,0xff,0xff,0xff,0xff,
0x0,0x0,0x0,0x0,0x54,0x0,0x0,0x0,
0x54,0x0,0x0,0x0,0x54,0x0,0x0,0x0,
0x0,0x0,0x0,0x0,0x54,0x0,0x0,0x0,
0x54,0x0,0x0,0x0,0x0,0x0,0xa,0x0,
0x54,0x0,0x0,0x0,0x0,0x0,0x0,0x0,
0x44,0x1,0x0,0x0,0x37,0x3,0x50,0x1,
0x0,0x0,0x0,0x0,0x44,0x1,0x0,0x0,
0x0,0x0,0x0,0x0,0x44,0x1,0x0,0x0,
0x0,0x0,0x0,0x0,0x2f,0x1,0x0,0x0,
0x0,0x2,0x7,0x0,0x14,0x1,0x0,0x0,
0x0,0x0,0x0,0x0,0x3e,0x3,0x90,0x1,
0x3e,0x3,0x10,0x3,0xea,0x0,0x0,0x0,
0x0,0x0,0x7,0x0,0x13,0x1,0x0,0x0,
0x0,0x0,0x0,0x0,0x3d,0x3,0x90,0x1,
0x3d,0x3,0x40,0x2,0x2d,0x1,0x0,0x0,
0x0,0x0,0x7,0x0,0x12,0x1,0x0,0x0,
0x0,0x0,0x0,0x0,0x3c,0x3,0x90,0x1,
0x3c,0x3,0x80,0x2,0x2b,0x1,0x0,0x0,
0x0,0x0,0x7,0x0,0x11,0x1,0x0,0x0,
0x0,0x0,0x0,0x0,0x3b,0x3,0x90,0x1,
0x3b,0x3,0x70,0x2,0x29,0x1,0x0,0x0,
0x0,0x0,0x7,0x0,0x10,0x1,0x0,0x0,
0x0,0x0,0x0,0x0,0x3a,0x3,0x90,0x1,
0x3a,0x3,0x60,0x2,0x27,0x1,0x0,0x0,
0x0,0x0,0x7,0x0,0xf,0x1,0x0,0x0,
0x0,0x0,0x0,0x0,0x39,0x3,0x90,0x1,
0x39,0x3,0x60,0x2,0x26,0x1,0x0,0x0,
0x0,0x0,0x2,0x0,0x1,0x0,0x0,0x0,
0x0,0x0,0x0,0x0,0x38,0x3,0xa0,0x4,
0x38,0x3,0x40,0x5,0x17,0x0,0x0,0x0,
0x0,0x0,0x7,0x0,0xe,0x1,0x0,0x0,
0x0,0x0,0x0,0x0,0x38,0x3,0x70,0x3,
0x38,0x3,0xe0,0x3,0x41,0x0,0x0,0x0,
0x0,0x0,0x3,0x0,0x0,0x0,0x0,0x0,
0x48,0x0,0x0,0x0,0x38,0x3,0x80,0x2,
0x38,0x3,0xf0,0x2,0x1b,0x0,0x0,0x0,
0x0,0x0,0x3,0x0,0x0,0x0,0x0,0x0,
0x25,0x1,0x0,0x0,0x38,0x3,0x90,0x1,
0x38,0x3,0x0,0x2,0x0,0x0,0x0,0x0,
0x24,0x1,0x0,0x0,0x0,0x0,0x0,0x0,
0x0,0x0,0xff,0xff,0xff,0xff,0xff,0xff,
0x0,0x0,0x0,0x0,0x54,0x0,0x0,0x0,
0x54,0x0,0x0,0x0,0x54,0x0,0x0,0x0,
0x0,0x0,0x0,0x0,0x54,0x0,0x0,0x0,
0x54,0x0,0x0,0x0,0x0,0x0,0xc,0x0,
0x54,0x0,0x0,0x0,0x0,0x0,0x0,0x0,
0x74,0x1,0x0,0x0,0x40,0x3,0x50,0x1,
0x0,0x0,0x0,0x0,0x74,0x1,0x0,0x0,
0x0,0x0,0x0,0x0,0x74,0x1,0x0,0x0,
0x0,0x0,0x0,0x0,0x2f,0x1,0x0,0x0,
0x0,0x2,0x7,0x0,0x1d,0x1,0x0,0x0,
0x0,0x0,0x0,0x0,0x48,0x3,0x90,0x1,
0x48,0x3,0x10,0x3,0xea,0x0,0x0,0x0,
0x0,0x0,0x7,0x0,0x1c,0x1,0x0,0x0,
0x0,0x0,0x0,0x0,0x47,0x3,0x90,0x1,
0x47,0x3,0x40,0x2,0x2d,0x1,0x0,0x0,
0x0,0x0,0x7,0x0,0x1b,0x1,0x0,0x0,
0x0,0x0,0x0,0x0,0x46,0x3,0x90,0x1,
0x46,0x3,0x80,0x2,0x2b,0x1,0x0,0x0,
0x0,0x0,0x7,0x0,0x1a,0x1,0x0,0x0,
0x0,0x0,0x0,0x0,0x45,0x3,0x90,0x1,
0x45,0x3,0x70,0x2,0x33,0x1,0x0,0x0,
0x0,0x0,0x2,0x0,0xa,0x0,0x0,0x0,
0x0,0x0,0x0,0x0,0x44,0x3,0x90,0x1,
0x44,0x3,0x70,0x2,0xd1,0x0,0x0,0x0,
0x0,0x0,0x7,0x0,0x19,0x1,0x0,0x0,
0x0,0x0,0x0,0x0,0x43,0x3,0x90,0x1,
0x43,0x3,0xe0,0x2,0x27,0x1,0x0,0x0,
0x0,0x0,0x7,0x0,0x18,0x1,0x0,0x0,
0x0,0x0,0x0,0x0,0x42,0x3,0x90,0x1,
0x42,0x3,0x60,0x2,0x26,0x1,0x0,0x0,
0x0,0x0,0x2,0x0,0x14,0x0,0x0,0x0,
0x0,0x0,0x0,0x0,0x41,0x3,0xa0,0x6,
0x41,0x3,0x40,0x7,0x17,0x0,0x0,0x0,
0x0,0x0,0x7,0x0,0x17,0x1,0x0,0x0,
0x0,0x0,0x0,0x0,0x41,0x3,0x70,0x5,
0x41,0x3,0xe0,0x5,0x41,0x0,0x0,0x0,
0x0,0x0,0x3,0x0,0x0,0x0,0x0,0x0,
0x32,0x1,0x0,0x0,0x41,0x3,0x80,0x4,
0x41,0x3,0xf0,0x4,0x1b,0x0,0x0,0x0,
0x0,0x0,0x3,0x0,0x0,0x0,0x0,0x0,
0x31,0x1,0x0,0x0,0x41,0x3,0x90,0x3,
0x41,0x3,0x0,0x4,0xb4,0x0,0x0,0x0,
0x0,0x0,0x7,0x0,0x16,0x1,0x0,0x0,
0x0,0x0,0x0,0x0,0x41,0x3,0x90,0x1,
0x41,0x3,0x20,0x2,0x0,0x0,0x0,0x0,
0x24,0x1,0x0,0x0,0x0,0x0,0x0,0x0,
0x0,0x0,0xff,0xff,0xff,0xff,0xff,0xff,
0x0,0x0,0x0,0x0,0x54,0x0,0x0,0x0,
0x54,0x0,0x0,0x0,0x54,0x0,0x0,0x0,
0x0,0x0,0x0,0x0,0x54,0x0,0x0,0x0,
0x54,0x0,0x0,0x0,0x0,0x0,0xb,0x0,
0x54,0x0,0x0,0x0,0x0,0x0,0x0,0x0,
0x5c,0x1,0x0,0x0,0x4a,0x3,0x50,0x1,
0x0,0x0,0x0,0x0,0x5c,0x1,0x0,0x0,
0x0,0x0,0x0,0x0,0x5c,0x1,0x0,0x0,
0x0,0x0,0x0,0x0,0x2f,0x1,0x0,0x0,
0x0,0x2,0x7,0x0,0x25,0x1,0x0,0x0,
0x0,0x0,0x0,0x0,0x51,0x3,0x90,0x1,
0x51,0x3,0x10,0x3,0xea,0x0,0x0,0x0,
0x0,0x0,0x7,0x0,0x24,0x1,0x0,0x0,
0x0,0x0,0x0,0x0,0x50,0x3,0x90,0x1,
0x50,0x3,0x40,0x2,0x2d,0x1,0x0,0x0,
0x0,0x0,0x7,0x0,0x23,0x1,0x0,0x0,
0x0,0x0,0x0,0x0,0x4f,0x3,0x90,0x1,
0x4f,0x3,0x80,0x2,0x2b,0x1,0x0,0x0,
0x0,0x0,0x7,0x0,0x22,0x1,0x0,0x0,
0x0,0x0,0x0,0x0,0x4e,0x3,0x90,0x1,
0x4e,0x3,0x70,0x2,0x29,0x1,0x0,0x0,
0x0,0x0,0x2,0x0,0xa,0x0,0x0,0x0,
0x0,0x0,0x0,0x0,0x4d,0x3,0x90,0x1,
0x4d,0x3,0x60,0x2,0x27,0x1,0x0,0x0,
0x0,0x0,0x7,0x0,0x21,0x1,0x0,0x0,
0x0,0x0,0x0,0x0,0x4c,0x3,0x90,0x1,
0x4c,0x3,0x60,0x2,0x26,0x1,0x0,0x0,
0x0,0x0,0x2,0x0,0x14,0x0,0x0,0x0,
0x0,0x0,0x0,0x0,0x4b,0x3,0xa0,0x6,
0x4b,0x3,0x40,0x7,0x17,0x0,0x0,0x0,
0x0,0x0,0x7,0x0,0x20,0x1,0x0,0x0,
0x0,0x0,0x0,0x0,0x4b,0x3,0x70,0x5,
0x4b,0x3,0xe0,0x5,0x41,0x0,0x0,0x0,
0x0,0x0,0x3,0x0,0x0,0x0,0x0,0x0,
0x35,0x1,0x0,0x0,0x4b,0x3,0x80,0x4,
0x4b,0x3,0xf0,0x4,0x1b,0x0,0x0,0x0,
0x0,0x0,0x3,0x0,0x0,0x0,0x0,0x0,
0x34,0x1,0x0,0x0,0x4b,0x3,0x90,0x3,
0x4b,0x3,0x0,0x4,0xb4,0x0,0x0,0x0,
0x0,0x0,0x7,0x0,0x1f,0x1,0x0,0x0,
0x0,0x0,0x0,0x0,0x4b,0x3,0x90,0x1,
0x4b,0x3,0x20,0x2,0x0,0x0,0x0,0x0,
0x24,0x1,0x0,0x0,0x0,0x0,0x0,0x0,
0x0,0x0,0xff,0xff,0xff,0xff,0xff,0xff,
0x0,0x0,0x0,0x0,0x54,0x0,0x0,0x0,
0x54,0x0,0x0,0x0,0x54,0x0,0x0,0x0,
0x0,0x0,0x0,0x0,0x54,0x0,0x0,0x0,
0x54,0x0,0x0,0x0,0x0,0x0,0xc,0x0,
0x54,0x0,0x0,0x0,0x0,0x0,0x0,0x0,
0x74,0x1,0x0,0x0,0x53,0x3,0x50,0x1,
0x0,0x0,0x0,0x0,0x74,0x1,0x0,0x0,
0x0,0x0,0x0,0x0,0x74,0x1,0x0,0x0,
0x0,0x0,0x0,0x0,0x2f,0x1,0x0,0x0,
0x0,0x2,0x7,0x0,0x2e,0x1,0x0,0x0,
0x0,0x0,0x0,0x0,0x5b,0x3,0x90,0x1,
0x5b,0x3,0x10,0x3,0xea,0x0,0x0,0x0,
0x0,0x0,0x7,0x0,0x2d,0x1,0x0,0x0,
0x0,0x0,0x0,0x0,0x5a,0x3,0x90,0x1,
0x5a,0x3,0x40,0x2,0x2d,0x1,0x0,0x0,
0x0,0x0,0x7,0x0,0x2c,0x1,0x0,0x0,
0x0,0x0,0x0,0x0,0x59,0x3,0x90,0x1,
0x59,0x3,0x80,0x2,0x2b,0x1,0x0,0x0,
0x0,0x0,0x7,0x0,0x2b,0x1,0x0,0x0,
0x0,0x0,0x0,0x0,0x58,0x3,0x90,0x1,
0x58,0x3,0x70,0x2,0x33,0x1,0x0,0x0,
0x0,0x0,0x2,0x0,0xa,0x0,0x0,0x0,
0x0,0x0,0x0,0x0,0x57,0x3,0x90,0x1,
0x57,0x3,0x70,0x2,0xd1,0x0,0x0,0x0,
0x0,0x0,0x7,0x0,0x2a,0x1,0x0,0x0,
0x0,0x0,0x0,0x0,0x56,0x3,0x90,0x1,
0x56,0x3,0xe0,0x2,0x27,0x1,0x0,0x0,
0x0,0x0,0x7,0x0,0x29,0x1,0x0,0x0,
0x0,0x0,0x0,0x0,0x55,0x3,0x90,0x1,
0x55,0x3,0x60,0x2,0x26,0x1,0x0,0x0,
0x0,0x0,0x2,0x0,0x15,0x0,0x0,0x0,
0x0,0x0,0x0,0x0,0x54,0x3,0x30,0x7,
0x54,0x3,0xd0,0x7,0x17,0x0,0x0,0x0,
0x0,0x0,0x7,0x0,0x28,0x1,0x0,0x0,
0x0,0x0,0x0,0x0,0x54,0x3,0x0,0x6,
0x54,0x3,0x70,0x6,0x41,0x0,0x0,0x0,
0x0,0x0,0x3,0x0,0x0,0x0,0x0,0x0,
0x37,0x1,0x0,0x0,0x54,0x3,0x10,0x5,
0x54,0x3,0x80,0x5,0x1b,0x0,0x0,0x0,
0x0,0x0,0x3,0x0,0x0,0x0,0x0,0x0,
0x36,0x1,0x0,0x0,0x54,0x3,0x90,0x3,
0x54,0x3,0x0,0x4,0xb4,0x0,0x0,0x0,
0x0,0x0,0x7,0x0,0x27,0x1,0x0,0x0,
0x0,0x0,0x0,0x0,0x54,0x3,0x90,0x1,
0x54,0x3,0x20,0x2,0x0,0x0,0x0,0x0,
0x24,0x1,0x0,0x0,0x0,0x0,0x0,0x0,
0x0,0x0,0xff,0xff,0xff,0xff,0xff,0xff,
0x0,0x0,0x0,0x0,0x54,0x0,0x0,0x0,
0x54,0x0,0x0,0x0,0x54,0x0,0x0,0x0,
0x0,0x0,0x0,0x0,0x54,0x0,0x0,0x0,
0x54,0x0,0x0,0x0,0x0,0x0,0xc,0x0,
0x54,0x0,0x0,0x0,0x0,0x0,0x0,0x0,
0x74,0x1,0x0,0x0,0x5d,0x3,0x50,0x1,
0x0,0x0,0x0,0x0,0x74,0x1,0x0,0x0,
0x0,0x0,0x0,0x0,0x74,0x1,0x0,0x0,
0x0,0x0,0x0,0x0,0x2f,0x1,0x0,0x0,
0x0,0x2,0x7,0x0,0x37,0x1,0x0,0x0,
0x0,0x0,0x0,0x0,0x65,0x3,0x90,0x1,
0x65,0x3,0x10,0x3,0xea,0x0,0x0,0x0,
0x0,0x0,0x7,0x0,0x36,0x1,0x0,0x0,
0x0,0x0,0x0,0x0,0x64,0x3,0x90,0x1,
0x64,0x3,0x40,0x2,0x2d,0x1,0x0,0x0,
0x0,0x0,0x7,0x0,0x35,0x1,0x0,0x0,
0x0,0x0,0x0,0x0,0x63,0x3,0x90,0x1,
0x63,0x3,0x80,0x2,0x2b,0x1,0x0,0x0,
0x0,0x0,0x7,0x0,0x34,0x1,0x0,0x0,
0x0,0x0,0x0,0x0,0x62,0x3,0x90,0x1,
0x62,0x3,0x70,0x2,0x33,0x1,0x0,0x0,
0x0,0x0,0x2,0x0,0xa,0x0,0x0,0x0,
0x0,0x0,0x0,0x0,0x61,0x3,0x90,0x1,
0x61,0x3,0x70,0x2,0xd1,0x0,0x0,0x0,
0x0,0x0,0x7,0x0,0x33,0x1,0x0,0x0,
0x0,0x0,0x0,0x0,0x60,0x3,0x90,0x1,
0x60,0x3,0xe0,0x2,0x27,0x1,0x0,0x0,
0x0,0x0,0x7,0x0,0x32,0x1,0x0,0x0,
0x0,0x0,0x0,0x0,0x5f,0x3,0x90,0x1,
0x5f,0x3,0x60,0x2,0x26,0x1,0x0,0x0,
0x0,0x0,0x2,0x0,0x15,0x0,0x0,0x0,
0x0,0x0,0x0,0x0,0x5e,0x3,0x60,0x7,
0x5e,0x3,0x0,0x8,0x17,0x0,0x0,0x0,
0x0,0x0,0x7,0x0,0x31,0x1,0x0,0x0,
0x0,0x0,0x0,0x0,0x5e,0x3,0x30,0x6,
0x5e,0x3,0xa0,0x6,0x41,0x0,0x0,0x0,
0x0,0x0,0x3,0x0,0x0,0x0,0x0,0x0,
0x39,0x1,0x0,0x0,0x5e,0x3,0x30,0x5,
0x5e,0x3,0xa0,0x5,0x1b,0x0,0x0,0x0,
0x0,0x0,0x3,0x0,0x0,0x0,0x0,0x0,
0x38,0x1,0x0,0x0,0x5e,0x3,0xc0,0x3,
0x5e,0x3,0x30,0x4,0xb4,0x0,0x0,0x0,
0x0,0x0,0x7,0x0,0x30,0x1,0x0,0x0,
0x0,0x0,0x0,0x0,0x5e,0x3,0x90,0x1,
0x5e,0x3,0x20,0x2,0x0,0x0,0x0,0x0,
0x24,0x1,0x0,0x0,0x0,0x0,0x0,0x0,
0x0,0x0,0xff,0xff,0xff,0xff,0xff,0xff,
0x0,0x0,0x0,0x0,0x54,0x0,0x0,0x0,
0x54,0x0,0x0,0x0,0x54,0x0,0x0,0x0,
0x0,0x0,0x0,0x0,0x54,0x0,0x0,0x0,
0x54,0x0,0x0,0x0,0x0,0x0,0xc,0x0,
0x54,0x0,0x0,0x0,0x0,0x0,0x0,0x0,
0x74,0x1,0x0,0x0,0x67,0x3,0x50,0x1,
0x0,0x0,0x0,0x0,0x74,0x1,0x0,0x0,
0x0,0x0,0x0,0x0,0x74,0x1,0x0,0x0,
0x0,0x0,0x0,0x0,0x2f,0x1,0x0,0x0,
0x0,0x2,0x7,0x0,0x40,0x1,0x0,0x0,
0x0,0x0,0x0,0x0,0x6f,0x3,0x90,0x1,
0x6f,0x3,0x10,0x3,0xea,0x0,0x0,0x0,
0x0,0x0,0x7,0x0,0x3f,0x1,0x0,0x0,
0x0,0x0,0x0,0x0,0x6e,0x3,0x90,0x1,
0x6e,0x3,0x40,0x2,0x2d,0x1,0x0,0x0,
0x0,0x0,0x7,0x0,0x3e,0x1,0x0,0x0,
0x0,0x0,0x0,0x0,0x6d,0x3,0x90,0x1,
0x6d,0x3,0x80,0x2,0x2b,0x1,0x0,0x0,
0x0,0x0,0x7,0x0,0x3d,0x1,0x0,0x0,
0x0,0x0,0x0,0x0,0x6c,0x3,0x90,0x1,
0x6c,0x3,0x70,0x2,0x33,0x1,0x0,0x0,
0x0,0x0,0x2,0x0,0xa,0x0,0x0,0x0,
0x0,0x0,0x0,0x0,0x6b,0x3,0x90,0x1,
0x6b,0x3,0x70,0x2,0xd1,0x0,0x0,0x0,
0x0,0x0,0x7,0x0,0x3c,0x1,0x0,0x0,
0x0,0x0,0x0,0x0,0x6a,0x3,0x90,0x1,
0x6a,0x3,0xe0,0x2,0x27,0x1,0x0,0x0,
0x0,0x0,0x7,0x0,0x3b,0x1,0x0,0x0,
0x0,0x0,0x0,0x0,0x69,0x3,0x90,0x1,
0x69,0x3,0x60,0x2,0x26,0x1,0x0,0x0,
0x0,0x0,0x2,0x0,0x15,0x0,0x0,0x0,
0x0,0x0,0x0,0x0,0x68,0x3,0x80,0x7,
0x68,0x3,0x20,0x8,0x17,0x0,0x0,0x0,
0x0,0x0,0x7,0x0,0x3a,0x1,0x0,0x0,
0x0,0x0,0x0,0x0,0x68,0x3,0x50,0x6,
0x68,0x3,0xc0,0x6,0x41,0x0,0x0,0x0,
0x0,0x0,0x3,0x0,0x0,0x0,0x0,0x0,
0x3b,0x1,0x0,0x0,0x68,0x3,0x50,0x5,
0x68,0x3,0xc0,0x5,0x1b,0x0,0x0,0x0,
0x0,0x0,0x3,0x0,0x0,0x0,0x0,0x0,
0x3a,0x1,0x0,0x0,0x68,0x3,0xd0,0x3,
0x68,0x3,0x40,0x4,0xb4,0x0,0x0,0x0,
0x0,0x0,0x7,0x0,0x39,0x1,0x0,0x0,
0x0,0x0,0x0,0x0,0x68,0x3,0x90,0x1,
0x68,0x3,0x20,0x2,0x0,0x0,0x0,0x0,
0x24,0x1,0x0,0x0,0x0,0x0,0x0,0x0,
0x0,0x0,0xff,0xff,0xff,0xff,0xff,0xff,
0x0,0x0,0x0,0x0,0x54,0x0,0x0,0x0,
0x54,0x0,0x0,0x0,0x54,0x0,0x0,0x0,
0x0,0x0,0x0,0x0,0x54,0x0,0x0,0x0,
0x54,0x0,0x0,0x0,0x0,0x0,0xb,0x0,
0x54,0x0,0x0,0x0,0x0,0x0,0x0,0x0,
0x5c,0x1,0x0,0x0,0x71,0x3,0x50,0x1,
0x0,0x0,0x0,0x0,0x5c,0x1,0x0,0x0,
0x0,0x0,0x0,0x0,0x5c,0x1,0x0,0x0,
0x0,0x0,0x0,0x0,0x2f,0x1,0x0,0x0,
0x0,0x2,0x7,0x0,0x48,0x1,0x0,0x0,
0x0,0x0,0x0,0x0,0x78,0x3,0x90,0x1,
0x78,0x3,0x10,0x3,0xea,0x0,0x0,0x0,
0x0,0x0,0x7,0x0,0x47,0x1,0x0,0x0,
0x0,0x0,0x0,0x0,0x77,0x3,0x90,0x1,
0x77,0x3,0x40,0x2,0x2d,0x1,0x0,0x0,
0x0,0x0,0x7,0x0,0x46,0x1,0x0,0x0,
0x0,0x0,0x0,0x0,0x76,0x3,0x90,0x1,
0x76,0x3,0x80,0x2,0x2b,0x1,0x0,0x0,
0x0,0x0,0x7,0x0,0x45,0x1,0x0,0x0,
0x0,0x0,0x0,0x0,0x75,0x3,0x90,0x1,
0x75,0x3,0x70,0x2,0x29,0x1,0x0,0x0,
0x0,0x0,0x2,0x0,0xa,0x0,0x0,0x0,
0x0,0x0,0x0,0x0,0x74,0x3,0x90,0x1,
0x74,0x3,0x60,0x2,0x27,0x1,0x0,0x0,
0x0,0x0,0x7,0x0,0x44,0x1,0x0,0x0,
0x0,0x0,0x0,0x0,0x73,0x3,0x90,0x1,
0x73,0x3,0x60,0x2,0x26,0x1,0x0,0x0,
0x0,0x0,0x2,0x0,0x14,0x0,0x0,0x0,
0x0,0x0,0x0,0x0,0x72,0x3,0xf0,0x7,
0x72,0x3,0x90,0x8,0x17,0x0,0x0,0x0,
0x0,0x0,0x7,0x0,0x43,0x1,0x0,0x0,
0x0,0x0,0x0,0x0,0x72,0x3,0xc0,0x6,
0x72,0x3,0x30,0x7,0x41,0x0,0x0,0x0,
0x0,0x0,0x3,0x0,0x0,0x0,0x0,0x0,
0x3d,0x1,0x0,0x0,0x72,0x3,0x60,0x5,
0x72,0x3,0xd0,0x5,0x1b,0x0,0x0,0x0,
0x0,0x0,0x3,0x0,0x0,0x0,0x0,0x0,
0x3c,0x1,0x0,0x0,0x72,0x3,0x0,0x4,
0x72,0x3,0x70,0x4,0xb4,0x0,0x0,0x0,
0x0,0x0,0x7,0x0,0x42,0x1,0x0,0x0,
0x0,0x0,0x0,0x0,0x72,0x3,0x90,0x1,
0x72,0x3,0x20,0x2,0x0,0x0,0x0,0x0,
0x24,0x1,0x0,0x0,0x0,0x0,0x0,0x0,
0x0,0x0,0xff,0xff,0xff,0xff,0xff,0xff,
0x0,0x0,0x0,0x0,0x54,0x0,0x0,0x0,
0x54,0x0,0x0,0x0,0x54,0x0,0x0,0x0,
0x0,0x0,0x0,0x0,0x54,0x0,0x0,0x0,
0x54,0x0,0x0,0x0,0x0,0x0,0xb,0x0,
0x54,0x0,0x0,0x0,0x0,0x0,0x0,0x0,
0x5c,0x1,0x0,0x0,0x7a,0x3,0x50,0x1,
0x0,0x0,0x0,0x0,0x5c,0x1,0x0,0x0,
0x0,0x0,0x0,0x0,0x5c,0x1,0x0,0x0,
0x0,0x0,0x0,0x0,0x2f,0x1,0x0,0x0,
0x0,0x2,0x7,0x0,0x50,0x1,0x0,0x0,
0x0,0x0,0x0,0x0,0x81,0x3,0x90,0x1,
0x81,0x3,0x10,0x3,0xea,0x0,0x0,0x0,
0x0,0x0,0x7,0x0,0x4f,0x1,0x0,0x0,
0x0,0x0,0x0,0x0,0x80,0x3,0x90,0x1,
0x80,0x3,0x40,0x2,0x2d,0x1,0x0,0x0,
0x0,0x0,0x7,0x0,0x4e,0x1,0x0,0x0,
0x0,0x0,0x0,0x0,0x7f,0x3,0x90,0x1,
0x7f,0x3,0x80,0x2,0x2b,0x1,0x0,0x0,
0x0,0x0,0x7,0x0,0x4d,0x1,0x0,0x0,
0x0,0x0,0x0,0x0,0x7e,0x3,0x90,0x1,
0x7e,0x3,0x70,0x2,0x29,0x1,0x0,0x0,
0x0,0x0,0x2,0x0,0xa,0x0,0x0,0x0,
0x0,0x0,0x0,0x0,0x7d,0x3,0x90,0x1,
0x7d,0x3,0x60,0x2,0x27,0x1,0x0,0x0,
0x0,0x0,0x7,0x0,0x4c,0x1,0x0,0x0,
0x0,0x0,0x0,0x0,0x7c,0x3,0x90,0x1,
0x7c,0x3,0x60,0x2,0x26,0x1,0x0,0x0,
0x0,0x0,0x2,0x0,0x14,0x0,0x0,0x0,
0x0,0x0,0x0,0x0,0x7b,0x3,0xd0,0x6,
0x7b,0x3,0x70,0x7,0x17,0x0,0x0,0x0,
0x0,0x0,0x7,0x0,0x4b,0x1,0x0,0x0,
0x0,0x0,0x0,0x0,0x7b,0x3,0xa0,0x5,
0x7b,0x3,0x10,0x6,0x41,0x0,0x0,0x0,
0x0,0x0,0x3,0x0,0x0,0x0,0x0,0x0,
0x3f,0x1,0x0,0x0,0x7b,0x3,0xa0,0x4,
0x7b,0x3,0x10,0x5,0x1b,0x0,0x0,0x0,
0x0,0x0,0x3,0x0,0x0,0x0,0x0,0x0,
0x3e,0x1,0x0,0x0,0x7b,0x3,0xa0,0x3,
0x7b,0x3,0x10,0x4,0xb4,0x0,0x0,0x0,
0x0,0x0,0x7,0x0,0x4a,0x1,0x0,0x0,
0x0,0x0,0x0,0x0,0x7b,0x3,0x90,0x1,
0x7b,0x3,0x20,0x2,0x0,0x0,0x0,0x0,
0x24,0x1,0x0,0x0,0x0,0x0,0x0,0x0,
0x0,0x0,0xff,0xff,0xff,0xff,0xff,0xff,
0x0,0x0,0x0,0x0,0x54,0x0,0x0,0x0,
0x54,0x0,0x0,0x0,0x54,0x0,0x0,0x0,
0x0,0x0,0x0,0x0,0x54,0x0,0x0,0x0,
0x54,0x0,0x0,0x0,0x0,0x0,0xb,0x0,
0x54,0x0,0x0,0x0,0x0,0x0,0x0,0x0,
0x5c,0x1,0x0,0x0,0x83,0x3,0x50,0x1,
0x0,0x0,0x0,0x0,0x5c,0x1,0x0,0x0,
0x0,0x0,0x0,0x0,0x5c,0x1,0x0,0x0,
0x0,0x0,0x0,0x0,0x2f,0x1,0x0,0x0,
0x0,0x2,0x7,0x0,0x58,0x1,0x0,0x0,
0x0,0x0,0x0,0x0,0x8a,0x3,0x90,0x1,
0x8a,0x3,0x10,0x3,0xea,0x0,0x0,0x0,
0x0,0x0,0x7,0x0,0x57,0x1,0x0,0x0,
0x0,0x0,0x0,0x0,0x89,0x3,0x90,0x1,
0x89,0x3,0x40,0x2,0x2d,0x1,0x0,0x0,
0x0,0x0,0x7,0x0,0x56,0x1,0x0,0x0,
0x0,0x0,0x0,0x0,0x88,0x3,0x90,0x1,
0x88,0x3,0x80,0x2,0x2b,0x1,0x0,0x0,
0x0,0x0,0x7,0x0,0x55,0x1,0x0,0x0,
0x0,0x0,0x0,0x0,0x87,0x3,0x90,0x1,
0x87,0x3,0x70,0x2,0x29,0x1,0x0,0x0,
0x0,0x0,0x2,0x0,0xa,0x0,0x0,0x0,
0x0,0x0,0x0,0x0,0x86,0x3,0x90,0x1,
0x86,0x3,0x60,0x2,0x27,0x1,0x0,0x0,
0x0,0x0,0x7,0x0,0x54,0x1,0x0,0x0,
0x0,0x0,0x0,0x0,0x85,0x3,0x90,0x1,
0x85,0x3,0x60,0x2,0x26,0x1,0x0,0x0,
0x0,0x0,0x2,0x0,0x14,0x0,0x0,0x0,
0x0,0x0,0x0,0x0,0x84,0x3,0xd0,0x6,
0x84,0x3,0x70,0x7,0x17,0x0,0x0,0x0,
0x0,0x0,0x7,0x0,0x53,0x1,0x0,0x0,
0x0,0x0,0x0,0x0,0x84,0x3,0xa0,0x5,
0x84,0x3,0x10,0x6,0x41,0x0,0x0,0x0,
0x0,0x0,0x3,0x0,0x0,0x0,0x0,0x0,
0x41,0x1,0x0,0x0,0x84,0x3,0xa0,0x4,
0x84,0x3,0x10,0x5,0x1b,0x0,0x0,0x0,
0x0,0x0,0x3,0x0,0x0,0x0,0x0,0x0,
0x40,0x1,0x0,0x0,0x84,0x3,0xa0,0x3,
0x84,0x3,0x10,0x4,0xb4,0x0,0x0,0x0,
0x0,0x0,0x7,0x0,0x52,0x1,0x0,0x0,
0x0,0x0,0x0,0x0,0x84,0x3,0x90,0x1,
0x84,0x3,0x20,0x2,0x0,0x0,0x0,0x0,
0x24,0x1,0x0,0x0,0x0,0x0,0x0,0x0,
0x0,0x0,0xff,0xff,0xff,0xff,0xff,0xff,
0x0,0x0,0x0,0x0,0x54,0x0,0x0,0x0,
0x54,0x0,0x0,0x0,0x54,0x0,0x0,0x0,
0x0,0x0,0x0,0x0,0x54,0x0,0x0,0x0,
0x54,0x0,0x0,0x0,0x0,0x0,0xc,0x0,
0x54,0x0,0x0,0x0,0x0,0x0,0x0,0x0,
0x74,0x1,0x0,0x0,0x8c,0x3,0x50,0x1,
0x0,0x0,0x0,0x0,0x74,0x1,0x0,0x0,
0x0,0x0,0x0,0x0,0x74,0x1,0x0,0x0,
0x0,0x0,0x0,0x0,0x2f,0x1,0x0,0x0,
0x0,0x2,0x7,0x0,0x60,0x1,0x0,0x0,
0x0,0x0,0x0,0x0,0x94,0x3,0x90,0x1,
0x94,0x3,0x10,0x3,0xea,0x0,0x0,0x0,
0x0,0x0,0x7,0x0,0x5f,0x1,0x0,0x0,
0x0,0x0,0x0,0x0,0x93,0x3,0x90,0x1,
0x93,0x3,0x40,0x2,0x2d,0x1,0x0,0x0,
0x0,0x0,0x7,0x0,0x5e,0x1,0x0,0x0,
0x0,0x0,0x0,0x0,0x92,0x3,0x90,0x1,
0x92,0x3,0x80,0x2,0x2b,0x1,0x0,0x0,
0x0,0x0,0x7,0x0,0x5d,0x1,0x0,0x0,
0x0,0x0,0x0,0x0,0x91,0x3,0x90,0x1,
0x91,0x3,0x70,0x2,0x44,0x1,0x0,0x0,
0x0,0x0,0x1,0x0,0x0,0x0,0x0,0x0,
0x0,0x0,0x0,0x0,0x90,0x3,0x90,0x1,
0x90,0x3,0x70,0x2,0x29,0x1,0x0,0x0,
0x0,0x0,0x2,0x0,0xa,0x0,0x0,0x0,
0x0,0x0,0x0,0x0,0x8f,0x3,0x90,0x1,
0x8f,0x3,0x60,0x2,0x27,0x1,0x0,0x0,
0x0,0x0,0x7,0x0,0x5c,0x1,0x0,0x0,
0x0,0x0,0x0,0x0,0x8e,0x3,0x90,0x1,
0x8e,0x3,0x60,0x2,0x26,0x1,0x0,0x0,
0x0,0x0,0x2,0x0,0x15,0x0,0x0,0x0,
0x0,0x0,0x0,0x0,0x8d,0x3,0x30,0x7,
0x8d,0x3,0xd0,0x7,0x17,0x0,0x0,0x0,
0x0,0x0,0x7,0x0,0x5b,0x1,0x0,0x0,
0x0,0x0,0x0,0x0,0x8d,0x3,0x0,0x6,
0x8d,0x3,0x70,0x6,0x41,0x0,0x0,0x0,
0x0,0x0,0x3,0x0,0x0,0x0,0x0,0x0,
0x43,0x1,0x0,0x0,0x8d,0x3,0xd0,0x4,
0x8d,0x3,0x40,0x5,0x1b,0x0,0x0,0x0,
0x0,0x0,0x3,0x0,0x0,0x0,0x0,0x0,
0x42,0x1,0x0,0x0,0x8d,0x3,0x90,0x3,
0x8d,0x3,0x0,0x4,0xb4,0x0,0x0,0x0,
0x0,0x0,0x7,0x0,0x5a,0x1,0x0,0x0,
0x0,0x0,0x0,0x0,0x8d,0x3,0x90,0x1,
0x8d,0x3,0x20,0x2,0x0,0x0,0x0,0x0,
0x8,0x0,0x0,0x0,0x0,0x0,0x0,0x0,
0x0,0x0,0xff,0xff,0xff,0xff,0xff,0xff,
0x0,0x0,0x0,0x0,0x54,0x0,0x0,0x0,
0x54,0x0,0x0,0x0,0x54,0x0,0x0,0x0,
0x0,0x0,0x0,0x0,0x54,0x0,0x0,0x0,
0x54,0x0,0x0,0x0,0x0,0x0,0x1,0x0,
0x54,0x0,0x0,0x0,0x0,0x0,0x0,0x0,
0x6c,0x0,0x0,0x0,0x97,0x3,0x50,0x1,
0x0,0x0,0x0,0x0,0x6c,0x0,0x0,0x0,
0x0,0x0,0x0,0x0,0x6c,0x0,0x0,0x0,
0x0,0x0,0x0,0x0,0x86,0x0,0x0,0x0,
0x0,0x0,0x9,0x0,0x9b,0x0,0x0,0x0,
0x0,0x0,0x0,0x0,0x97,0x3,0xc0,0x1,
0x97,0x3,0x30,0x2,0x0,0x0,0x0,0x0,
0x0,0x0,0x0,0x0,0x0,0x0,0x0,0x0,
0x0,0x0,0xff,0xff,0xff,0xff,0xff,0xff,
0x0,0x0,0x0,0x0,0x54,0x0,0x0,0x0,
0x54,0x0,0x0,0x0,0x54,0x0,0x0,0x0,
0x0,0x0,0x0,0x0,0x54,0x0,0x0,0x0,
0x54,0x0,0x0,0x0,0x0,0x0,0x1,0x0,
0x54,0x0,0x0,0x0,0x0,0x0,0x0,0x0,
0x6c,0x0,0x0,0x0,0x97,0x3,0xc0,0x1,
0x0,0x0,0x0,0x0,0x6c,0x0,0x0,0x0,
0x0,0x0,0x0,0x0,0x6c,0x0,0x0,0x0,
0x0,0x0,0x0,0x0,0x87,0x0,0x0,0x0,
0x0,0x0,0x1,0x0,0x1,0x0,0x0,0x0,
0x0,0x0,0x0,0x0,0x97,0x3,0x30,0x2,
0x97,0x3,0xe0,0x2,0x0,0x0,0x0,0x0,
0x53,0x0,0x0,0x0,0x0,0x0,0x0,0x0,
0x0,0x0,0xff,0xff,0xff,0xff,0xff,0xff,
0x0,0x0,0x0,0x0,0x54,0x0,0x0,0x0,
0x54,0x0,0x0,0x0,0x54,0x0,0x0,0x0,
0x0,0x0,0x0,0x0,0x54,0x0,0x0,0x0,
0x54,0x0,0x0,0x0,0x0,0x0,0x4,0x0,
0x54,0x0,0x0,0x0,0x0,0x0,0x0,0x0,
0xb4,0x0,0x0,0x0,0x9a,0x3,0x10,0x1,
0x0,0x0,0x0,0x0,0xb4,0x0,0x0,0x0,
0x0,0x0,0x0,0x0,0xb4,0x0,0x0,0x0,
0x0,0x0,0x0,0x0,0x54,0x0,0x0,0x0,
0x0,0x0,0x7,0x0,0x63,0x1,0x0,0x0,
0x0,0x0,0x0,0x0,0x9a,0x3,0xc0,0x5,
0x9a,0x3,0x30,0x6,0xa7,0x0,0x0,0x0,
0x0,0x0,0x2,0x0,0xc,0x0,0x0,0x0,
0x0,0x0,0x0,0x0,0x9a,0x3,0x10,0x5,
0x9a,0x3,0x90,0x5,0x58,0x0,0x0,0x0,
0x0,0x0,0x7,0x0,0x62,0x1,0x0,0x0,
0x0,0x0,0x0,0x0,0x9a,0x3,0xc0,0x3,
0x9a,0x3,0x30,0x4,0x10,0x0,0x0,0x0,
0x0,0x0,0xa,0x0,0x9d,0x0,0x0,0x0,
0x0,0x0,0x0,0x0,0x9a,0x3,0xd0,0x1,
0x9a,0x3,0x50,0x2,0x0,0x0,0x0,0x0,
0x0,0x0,0x0,0x0,0x0,0x0,0x0,0x0,
0x0,0x0,0xff,0xff,0xff,0xff,0xff,0xff,
0x0,0x0,0x0,0x0,0x54,0x0,0x0,0x0,
0x54,0x0,0x0,0x0,0x54,0x0,0x0,0x0,
0x0,0x0,0x0,0x0,0x54,0x0,0x0,0x0,
0x54,0x0,0x0,0x0,0x0,0x0,0x1,0x0,
0x54,0x0,0x0,0x0,0x0,0x0,0x0,0x0,
0x6c,0x0,0x0,0x0,0x9a,0x3,0xd0,0x1,
0x0,0x0,0x0,0x0,0x6c,0x0,0x0,0x0,
0x0,0x0,0x0,0x0,0x6c,0x0,0x0,0x0,
0x0,0x0,0x0,0x0,0xf3,0x0,0x0,0x0,
0x0,0x0,0x7,0x0,0x64,0x1,0x0,0x0,
0x0,0x0,0x0,0x0,0x9a,0x3,0x50,0x2,
0x9a,0x3,0xd0,0x2,0x0,0x0,0x0,0x0,
0x46,0x1,0x0,0x0,0x47,0x1,0x0,0x0,
0x0,0x0,0xff,0xff,0xff,0xff,0xff,0xff,
0x0,0x0,0x0,0x0,0x54,0x0,0x0,0x0,
0x54,0x0,0x0,0x0,0x54,0x0,0x0,0x0,
0x0,0x0,0x0,0x0,0x54,0x0,0x0,0x0,
0x54,0x0,0x0,0x0,0x0,0x0,0x12,0x0,
0x54,0x0,0x0,0x0,0x0,0x0,0x0,0x0,
0x4,0x2,0x0,0x0,0x9e,0x3,0x90,0x0,
0x9f,0x3,0xd0,0x0,0x4,0x2,0x0,0x0,
0x0,0x0,0x0,0x0,0x4,0x2,0x0,0x0,
0x0,0x0,0x0,0x0,0x1b,0x1,0x0,0x0,
0x0,0x0,0x7,0x0,0x6d,0x1,0x0,0x0,
0x0,0x0,0x0,0x0,0xb2,0x3,0xd0,0x0,
0xb2,0x3,0xd0,0x1,0x19,0x1,0x0,0x0,
0x0,0x0,0x7,0x0,0x6c,0x1,0x0,0x0,
0x0,0x0,0x0,0x0,0xb1,0x3,0xd0,0x0,
0xb1,0x3,0x0,0x2,0x17,0x1,0x0,0x0,
0x0,0x0,0x7,0x0,0x6b,0x1,0x0,0x0,
0x0,0x0,0x0,0x0,0xb0,0x3,0xd0,0x0,
0xb0,0x3,0x0,0x2,0x16,0x1,0x0,0x0,
0x0,0x0,0x2,0x0,0x16,0x0,0x0,0x0,
0x0,0x0,0x0,0x0,0xaf,0x3,0xd0,0x0,
0xaf,0x3,0xa0,0x1,0x15,0x1,0x0,0x0,
0x0,0x0,0x1,0x0,0x1,0x0,0x0,0x0,
0x0,0x0,0x0,0x0,0xae,0x3,0xd0,0x0,
0xae,0x3,0x90,0x1,0x4a,0x1,0x0,0x0,
0x0,0x0,0x7,0x0,0x6a,0x1,0x0,0x0,
0x0,0x0,0x0,0x0,0xad,0x3,0xd0,0x0,
0xad,0x3,0x90,0x1,0x48,0x1,0x0,0x0,
0x0,0x0,0x7,0x0,0x69,0x1,0x0,0x0,
0x0,0x0,0x0,0x0,0xac,0x3,0xd0,0x0,
0xac,0x3,0x80,0x1,0x11,0x1,0x0,0x0,
0x0,0x0,0x7,0x0,0x68,0x1,0x0,0x0,
0x0,0x0,0x0,0x0,0xa5,0x3,0xd0,0x0,
0xa5,0x3,0x10,0x2,0x10,0x1,0x0,0x0,
0x0,0x0,0x1,0x0,0x1,0x0,0x0,0x0,
0x0,0x0,0x0,0x0,0xa4,0x3,0xd0,0x0,
0xa4,0x3,0xa0,0x1,0xf,0x1,0x0,0x0,
0x0,0x0,0x2,0x0,0x11,0x0,0x0,0x0,
0x0,0x0,0x0,0x0,0xa3,0x3,0xd0,0x0,
0xa3,0x3,0x30,0x2,0xe,0x1,0x0,0x0,
0x0,0x0,0x2,0x0,0x10,0x0,0x0,0x0,
0x0,0x0,0x0,0x0,0xa2,0x3,0xd0,0x0,
0xa2,0x3,0x0,0x2,0xc,0x1,0x0,0x0,
0x0,0x0,0x7,0x0,0x67,0x1,0x0,0x0,
0x0,0x0,0x0,0x0,0xa1,0x3,0xd0,0x0,
0xa1,0x3,0xd0,0x1,0xa,0x0,0x0,0x0,
0x0,0x0,0x1,0x0,0x1,0x0,0x0,0x0,
0x0,0x0,0x0,0x0,0xa0,0x3,0xd0,0x0,
0xa0,0x3,0x40,0x1,0xa,0x1,0x0,0x0,
0x0,0x0,0x7,0x0,0x66,0x1,0x0,0x0,
0x0,0x0,0x0,0x0,0x9f,0x3,0xe0,0x3,
0x9f,0x3,0x80,0x4,0x9,0x1,0x0,0x0,
0x0,0x0,0x1,0x0,0x1,0x0,0x0,0x0,
0x0,0x0,0x0,0x0,0x9f,0x3,0x20,0x3,
0x9f,0x3,0x80,0x3,0x7,0x1,0x0,0x0,
0x0,0x0,0x7,0x0,0x65,0x1,0x0,0x0,
0x0,0x0,0x0,0x0,0x9f,0x3,0x50,0x1,
0x9f,0x3,0xc0,0x1,0x1d,0x1,0x0,0x0,
0x0,0x0,0x9,0x0,0xa1,0x0,0x0,0x0,
0x0,0x0,0x0,0x0,0xb3,0x3,0xd0,0x0,
0xb3,0x3,0x70,0x1,0xc,0x0,0x0,0x0,
0x0,0x0,0x9,0x0,0x9f,0x0,0x0,0x0,
0x0,0x0,0x0,0x0,0xa6,0x3,0xd0,0x0,
0xa6,0x3,0x20,0x1,0x0,0x0,0x0,0x0,
0x0,0x0,0x0,0x0,0x0,0x0,0x0,0x0,
0x0,0x0,0xff,0xff,0xff,0xff,0xff,0xff,
0x0,0x0,0x0,0x0,0x54,0x0,0x0,0x0,
0x54,0x0,0x0,0x0,0x54,0x0,0x0,0x0,
0x0,0x0,0x0,0x0,0x54,0x0,0x0,0x0,
0x54,0x0,0x0,0x0,0x0,0x0,0x1,0x0,
0x54,0x0,0x0,0x0,0x0,0x0,0x0,0x0,
0x6c,0x0,0x0,0x0,0xa6,0x3,0xd0,0x0,
0x0,0x0,0x0,0x0,0x6c,0x0,0x0,0x0,
0x0,0x0,0x0,0x0,0x6c,0x0,0x0,0x0,
0x0,0x0,0x0,0x0,0x13,0x1,0x0,0x0,
0x0,0x2,0x7,0x0,0x6e,0x1,0x0,0x0,
0x0,0x0,0x0,0x0,0xa6,0x3,0x20,0x1,
0xa6,0x3,0x30,0x2,0x0,0x0,0x0,0x0,
0x1d,0x1,0x0,0x0,0x0,0x0,0x0,0x0,
0x0,0x0,0xff,0xff,0xff,0xff,0xff,0xff,
0x0,0x0,0x0,0x0,0x54,0x0,0x0,0x0,
0x54,0x0,0x0,0x0,0x54,0x0,0x0,0x0,
0x0,0x0,0x0,0x0,0x54,0x0,0x0,0x0,
0x54,0x0,0x0,0x0,0x0,0x0,0x1,0x0,
0x54,0x0,0x0,0x0,0x0,0x0,0x0,0x0,
0x6c,0x0,0x0,0x0,0xb3,0x3,0x10,0x2,
0x0,0x0,0x0,0x0,0x6c,0x0,0x0,0x0,
0x0,0x0,0x0,0x0,0x6c,0x0,0x0,0x0,
0x0,0x0,0x0,0x0,0x1e,0x1,0x0,0x0,
0x0,0x0,0x7,0x0,0x70,0x1,0x0,0x0,
0x0,0x0,0x0,0x0,0xb3,0x3,0xd0,0x2,
0xb3,0x3,0x50,0x3,0x0,0x0,0x0,0x0,
0x0,0x0,0x0,0x0,0x0,0x0,0x0,0x0,
0x0,0x0,0xff,0xff,0xff,0xff,0xff,0xff,
0x0,0x0,0x0,0x0,0x54,0x0,0x0,0x0,
0x54,0x0,0x0,0x0,0x54,0x0,0x0,0x0,
0x0,0x0,0x0,0x0,0x54,0x0,0x0,0x0,
0x54,0x0,0x0,0x0,0x0,0x0,0x2,0x0,
0x54,0x0,0x0,0x0,0x0,0x0,0x0,0x0,
0x84,0x0,0x0,0x0,0xb3,0x3,0xd0,0x0,
0x0,0x0,0x0,0x0,0x84,0x0,0x0,0x0,
0x0,0x0,0x0,0x0,0x84,0x0,0x0,0x0,
0x0,0x0,0x0,0x0,0x21,0x1,0x0,0x0,
0x0,0x0,0x8,0x0,0xa2,0x0,0x0,0x0,
0x0,0x0,0x0,0x0,0xb4,0x3,0x70,0x1,
0xb4,0x3,0x30,0x2,0x20,0x1,0x0,0x0,
0x0,0x0,0x8,0x0,0xa0,0x0,0x0,0x0,
0x0,0x0,0x0,0x0,0xb3,0x3,0x70,0x1,
0xb3,0x3,0x10,0x2,0x0,0x0,0x0,0x0,
0x1d,0x1,0x0,0x0,0x0,0x0,0x0,0x0,
0x0,0x0,0xff,0xff,0xff,0xff,0xff,0xff,
0x0,0x0,0x0,0x0,0x54,0x0,0x0,0x0,
0x54,0x0,0x0,0x0,0x54,0x0,0x0,0x0,
0x0,0x0,0x0,0x0,0x54,0x0,0x0,0x0,
0x54,0x0,0x0,0x0,0x0,0x0,0x1,0x0,
0x54,0x0,0x0,0x0,0x0,0x0,0x0,0x0,
0x6c,0x0,0x0,0x0,0xb4,0x3,0x30,0x2,
0x0,0x0,0x0,0x0,0x6c,0x0,0x0,0x0,
0x0,0x0,0x0,0x0,0x6c,0x0,0x0,0x0,
0x0,0x0,0x0,0x0,0x1e,0x1,0x0,0x0,
0x0,0x0,0x7,0x0,0x71,0x1,0x0,0x0,
0x0,0x0,0x0,0x0,0xb4,0x3,0xf0,0x2,
0xb4,0x3,0x70,0x3,0x0,0x0,0x0,0x0,
0x4c,0x1,0x0,0x0,0x4d,0x1,0x0,0x0,
0x0,0x0,0xff,0xff,0xff,0xff,0xff,0xff,
0x0,0x0,0x0,0x0,0x54,0x0,0x0,0x0,
0x54,0x0,0x0,0x0,0x54,0x0,0x0,0x0,
0x0,0x0,0x0,0x0,0x54,0x0,0x0,0x0,
0x54,0x0,0x0,0x0,0x0,0x0,0x6,0x0,
0x54,0x0,0x0,0x0,0x0,0x0,0x0,0x0,
0xe4,0x0,0x0,0x0,0xb8,0x3,0x90,0x0,
0xb9,0x3,0xd0,0x0,0xe4,0x0,0x0,0x0,
0x0,0x0,0x0,0x0,0xe4,0x0,0x0,0x0,
0x0,0x0,0x0,0x0,0xa,0x1,0x0,0x0,
0x0,0x0,0x8,0x0,0xa4,0x0,0x0,0x0,
0x0,0x0,0x0,0x0,0xbf,0x3,0xd0,0x0,
0xbf,0x3,0x70,0x1,0xc,0x1,0x0,0x0,
0x0,0x0,0x7,0x0,0x73,0x1,0x0,0x0,
0x0,0x0,0x0,0x0,0xbd,0x3,0xd0,0x0,
0xbd,0x3,0xd0,0x1,0x9,0x1,0x0,0x0,
0x0,0x0,0x1,0x0,0x1,0x0,0x0,0x0,
0x0,0x0,0x0,0x0,0xbc,0x3,0xd0,0x0,
0xbc,0x3,0x30,0x1,0xa,0x0,0x0,0x0,
0x0,0x0,0x1,0x0,0x1,0x0,0x0,0x0,
0x0,0x0,0x0,0x0,0xbb,0x3,0xd0,0x0,
0xbb,0x3,0x40,0x1,0x7,0x1,0x0,0x0,
0x0,0x0,0x7,0x0,0x72,0x1,0x0,0x0,
0x0,0x0,0x0,0x0,0xba,0x3,0xd0,0x0,
0xba,0x3,0x40,0x1,0x1d,0x1,0x0,0x0,
0x0,0x0,0x9,0x0,0xb8,0x0,0x0,0x0,
0x0,0x0,0x0,0x0,0x8,0x4,0xd0,0x0,
0x8,0x4,0x70,0x1,0x0,0x0,0x0,0x0,
0x8,0x0,0x0,0x0,0x4e,0x1,0x0,0x0,
0x0,0x0,0xff,0xff,0xff,0xff,0xff,0xff,
0x0,0x0,0x3,0x0,0x54,0x0,0x0,0x0,
0x54,0x0,0x0,0x0,0x78,0x0,0x0,0x0,
0x0,0x0,0x0,0x0,0x78,0x0,0x0,0x0,
0x78,0x0,0x0,0x0,0x0,0x0,0x9,0x0,
0x78,0x0,0x0,0x0,0x0,0x0,0x0,0x0,
0x50,0x1,0x0,0x0,0xbf,0x3,0x70,0x1,
0xc0,0x3,0x10,0x1,0x50,0x1,0x0,0x0,
0x0,0x0,0x0,0x0,0x50,0x1,0x0,0x0,
0x0,0x0,0x0,0x0,0xa9,0x0,0x0,0x0,
0x3,0x0,0x0,0xa0,0xc4,0x3,0x10,0x1,
0xab,0x0,0x0,0x0,0x3,0x0,0x0,0xa0,
0xc5,0x3,0x10,0x1,0xad,0x0,0x0,0x0,
0x3,0x0,0x0,0xa0,0xc6,0x3,0x10,0x1,
0xad,0x0,0x0,0x0,0x8,0x0,0x7,0x0,
0x78,0x1,0x0,0x0,0x0,0x0,0x0,0x0,
0xc6,0x3,0x80,0x2,0xc6,0x3,0x60,0x3,
0xab,0x0,0x0,0x0,0x8,0x0,0x7,0x0,
0x77,0x1,0x0,0x0,0x0,0x0,0x0,0x0,
0xc5,0x3,0x80,0x2,0xc5,0x3,0x50,0x3,
0xa9,0x0,0x0,0x0,0x8,0x0,0x7,0x0,
0x76,0x1,0x0,0x0,0x0,0x0,0x0,0x0,
0xc4,0x3,0x80,0x2,0xc4,0x3,0xc0,0x3,
0x51,0x1,0x0,0x0,0x0,0x0,0x7,0x0,
0x75,0x1,0x0,0x0,0x0,0x0,0x0,0x0,
0xc2,0x3,0x10,0x1,0xc2,0x3,0x10,0x2,
0x4f,0x1,0x0,0x0,0x0,0x0,0x7,0x0,
0x74,0x1,0x0,0x0,0x0,0x0,0x0,0x0,
0xc1,0x3,0x10,0x1,0xc1,0x3,0x0,0x2,
0x0,0x0,0x0,0x0,0x0,0x0,0x8,0x0,
0xa5,0x0,0x0,0x0,0x0,0x0,0x0,0x0,
0xc8,0x3,0x10,0x1,0xc8,0x3,0x10,0x1,
0x0,0x0,0x0,0x0,0x0,0x0,0x8,0x0,
0xa7,0x0,0x0,0x0,0x0,0x0,0x0,0x0,
0xcd,0x3,0x10,0x1,0xcd,0x3,0x10,0x1,
0x0,0x0,0x0,0x0,0x0,0x0,0x8,0x0,
0xaa,0x0,0x0,0x0,0x0,0x0,0x0,0x0,
0xd5,0x3,0x10,0x1,0xd5,0x3,0x10,0x1,
0x0,0x0,0x0,0x0,0x0,0x0,0x8,0x0,
0xb5,0x0,0x0,0x0,0x0,0x0,0x0,0x0,
0xfc,0x3,0x10,0x1,0xfc,0x3,0x10,0x1,
0x53,0x0,0x0,0x0,0x0,0x0,0x0,0x0,
0x0,0x0,0xff,0xff,0xff,0xff,0xff,0xff,
0x0,0x0,0x0,0x0,0x54,0x0,0x0,0x0,
0x54,0x0,0x0,0x0,0x54,0x0,0x0,0x0,
0x0,0x0,0x0,0x0,0x54,0x0,0x0,0x0,
0x54,0x0,0x0,0x0,0x0,0x0,0x4,0x0,
0x54,0x0,0x0,0x0,0x0,0x0,0x0,0x0,
0xb4,0x0,0x0,0x0,0xc8,0x3,0x10,0x1,
0x0,0x0,0x0,0x0,0xb4,0x0,0x0,0x0,
0x0,0x0,0x0,0x0,0xb4,0x0,0x0,0x0,
0x0,0x0,0x0,0x0,0xb4,0x0,0x0,0x0,
0x0,0x0,0x7,0x0,0x7a,0x1,0x0,0x0,
0x0,0x0,0x0,0x0,0xcb,0x3,0x50,0x1,
0xcb,0x3,0xe0,0x1,0x54,0x0,0x0,0x0,
0x0,0x0,0x7,0x0,0x79,0x1,0x0,0x0,
0x0,0x0,0x0,0x0,0xca,0x3,0x50,0x1,
0xca,0x3,0xc0,0x1,0x5a,0x0,0x0,0x0,
0x0,0x0,0x2,0x0,0xf,0x0,0x0,0x0,
0x0,0x0,0x0,0x0,0xc9,0x3,0xf0,0x3,
0xc9,0x3,0x70,0x4,0x10,0x0,0x0,0x0,
0x0,0x0,0xa,0x0,0xa6,0x0,0x0,0x0,
0x0,0x0,0x0,0x0,0xc9,0x3,0x50,0x1,
0xc9,0x3,0xd0,0x1,0x0,0x0,0x0,0x0,
0x0,0x0,0x0,0x0,0x0,0x0,0x0,0x0,
0x0,0x0,0xff,0xff,0xff,0xff,0xff,0xff,
0x0,0x0,0x0,0x0,0x54,0x0,0x0,0x0,
0x54,0x0,0x0,0x0,0x54,0x0,0x0,0x0,
0x0,0x0,0x0,0x0,0x54,0x0,0x0,0x0,
0x54,0x0,0x0,0x0,0x0,0x0,0x2,0x0,
0x54,0x0,0x0,0x0,0x0,0x0,0x0,0x0,
0x84,0x0,0x0,0x0,0xc9,0x3,0x50,0x1,
0x0,0x0,0x0,0x0,0x84,0x0,0x0,0x0,
0x0,0x0,0x0,0x0,0x84,0x0,0x0,0x0,
0x0,0x0,0x0,0x0,0xb3,0x0,0x0,0x0,
0x0,0x0,0x2,0x0,0xb,0x0,0x0,0x0,
0x0,0x0,0x0,0x0,0xc9,0x3,0x30,0x3,
0xc9,0x3,0xc0,0x3,0x11,0x0,0x0,0x0,
0x0,0x0,0x7,0x0,0x7b,0x1,0x0,0x0,
0x0,0x0,0x0,0x0,0xc9,0x3,0xd0,0x1,
0xc9,0x3,0x30,0x2,0x0,0x0,0x0,0x0,
0x53,0x0,0x0,0x0,0x0,0x0,0x0,0x0,
0x0,0x0,0xff,0xff,0xff,0xff,0xff,0xff,
0x0,0x0,0x0,0x0,0x54,0x0,0x0,0x0,
0x54,0x0,0x0,0x0,0x54,0x0,0x0,0x0,
0x0,0x0,0x0,0x0,0x54,0x0,0x0,0x0,
0x54,0x0,0x0,0x0,0x0,0x0,0x5,0x0,
0x54,0x0,0x0,0x0,0x0,0x0,0x0,0x0,
0xcc,0x0,0x0,0x0,0xcd,0x3,0x10,0x1,
0x0,0x0,0x0,0x0,0xcc,0x0,0x0,0x0,
0x0,0x0,0x0,0x0,0xcc,0x0,0x0,0x0,
0x0,0x0,0x0,0x0,0x54,0x0,0x0,0x0,
0x0,0x0,0x7,0x0,0x7d,0x1,0x0,0x0,
0x0,0x0,0x0,0x0,0xd0,0x3,0x50,0x1,
0xd0,0x3,0xc0,0x1,0xb4,0x0,0x0,0x0,
0x0,0x0,0x7,0x0,0x7c,0x1,0x0,0x0,
0x0,0x0,0x0,0x0,0xcf,0x3,0x50,0x1,
0xcf,0x3,0xe0,0x1,0x5a,0x0,0x0,0x0,
0x0,0x0,0x2,0x0,0xf,0x0,0x0,0x0,
0x0,0x0,0x0,0x0,0xce,0x3,0xf0,0x3,
0xce,0x3,0x70,0x4,0x57,0x0,0x0,0x0,
0x0,0x0,0xa,0x0,0xa9,0x0,0x0,0x0,
0x0,0x0,0x0,0x0,0xd1,0x3,0x50,0x1,
0xd1,0x3,0xc0,0x1,0x10,0x0,0x0,0x0,
0x0,0x0,0xa,0x0,0xa8,0x0,0x0,0x0,
0x0,0x0,0x0,0x0,0xce,0x3,0x50,0x1,
0xce,0x3,0xd0,0x1,0x0,0x0,0x0,0x0,
0x0,0x0,0x0,0x0,0x0,0x0,0x0,0x0,
0x0,0x0,0xff,0xff,0xff,0xff,0xff,0xff,
0x0,0x0,0x0,0x0,0x54,0x0,0x0,0x0,
0x54,0x0,0x0,0x0,0x54,0x0,0x0,0x0,
0x0,0x0,0x0,0x0,0x54,0x0,0x0,0x0,
0x54,0x0,0x0,0x0,0x0,0x0,0x2,0x0,
0x54,0x0,0x0,0x0,0x0,0x0,0x0,0x0,
0x84,0x0,0x0,0x0,0xce,0x3,0x50,0x1,
0x0,0x0,0x0,0x0,0x84,0x0,0x0,0x0,
0x0,0x0,0x0,0x0,0x84,0x0,0x0,0x0,
0x0,0x0,0x0,0x0,0xb3,0x0,0x0,0x0,
0x0,0x0,0x2,0x0,0xb,0x0,0x0,0x0,
0x0,0x0,0x0,0x0,0xce,0x3,0x30,0x3,
0xce,0x3,0xc0,0x3,0x11,0x0,0x0,0x0,
0x0,0x0,0x7,0x0,0x7e,0x1,0x0,0x0,
0x0,0x0,0x0,0x0,0xce,0x3,0xd0,0x1,
0xce,0x3,0x30,0x2,0x0,0x0,0x0,0x0,
0x0,0x0,0x0,0x0,0x0,0x0,0x0,0x0,
0x0,0x0,0xff,0xff,0xff,0xff,0xff,0xff,
0x0,0x0,0x0,0x0,0x54,0x0,0x0,0x0,
0x54,0x0,0x0,0x0,0x54,0x0,0x0,0x0,
0x0,0x0,0x0,0x0,0x54,0x0,0x0,0x0,
0x54,0x0,0x0,0x0,0x0,0x0,0x2,0x0,
0x54,0x0,0x0,0x0,0x0,0x0,0x0,0x0,
0x84,0x0,0x0,0x0,0xd1,0x3,0x50,0x1,
0x0,0x0,0x0,0x0,0x84,0x0,0x0,0x0,
0x0,0x0,0x0,0x0,0x84,0x0,0x0,0x0,
0x0,0x0,0x0,0x0,0x54,0x0,0x0,0x0,
0x0,0x0,0x7,0x0,0x7f,0x1,0x0,0x0,
0x0,0x0,0x0,0x0,0xd2,0x3,0xc0,0x1,
0xd2,0x3,0x30,0x2,0x58,0x0,0x0,0x0,
0x0,0x0,0x2,0x0,0xc,0x0,0x0,0x0,
0x0,0x0,0x0,0x0,0xd1,0x3,0xc0,0x1,
0xd1,0x3,0x30,0x2,0x0,0x0,0x0,0x0,
0xb6,0x0,0x0,0x0,0x0,0x0,0x0,0x0,
0x0,0x0,0xff,0xff,0xff,0xff,0xff,0xff,
0x0,0x0,0x0,0x0,0x54,0x0,0x0,0x0,
0x54,0x0,0x0,0x0,0x54,0x0,0x0,0x0,
0x0,0x0,0x0,0x0,0x54,0x0,0x0,0x0,
0x54,0x0,0x0,0x0,0x0,0x0,0x6,0x0,
0x54,0x0,0x0,0x0,0x0,0x0,0x0,0x0,
0xe4,0x0,0x0,0x0,0xd5,0x3,0x10,0x1,
0x0,0x0,0x0,0x0,0xe4,0x0,0x0,0x0,
0x0,0x0,0x0,0x0,0xe4,0x0,0x0,0x0,
0x0,0x0,0x0,0x0,0x80,0x0,0x0,0x0,
0x0,0x0,0x7,0x0,0x80,0x1,0x0,0x0,
0x0,0x0,0x0,0x0,0xd8,0x3,0x50,0x1,
0xd8,0x3,0xe0,0x1,0x0,0x0,0x0,0x0,
0x0,0x0,0x8,0x0,0xac,0x0,0x0,0x0,
0x0,0x0,0x0,0x0,0xda,0x3,0x50,0x1,
0xda,0x3,0x50,0x1,0x0,0x0,0x0,0x0,
0x0,0x0,0x8,0x0,0xaf,0x0,0x0,0x0,
0x0,0x0,0x0,0x0,0xe8,0x3,0x50,0x1,
0xe8,0x3,0x50,0x1,0x0,0x0,0x0,0x0,
0x0,0x0,0x8,0x0,0xb1,0x0,0x0,0x0,
0x0,0x0,0x0,0x0,0xf1,0x3,0x50,0x1,
0xf1,0x3,0x50,0x1,0xcd,0x0,0x0,0x0,
0x0,0x0,0x9,0x0,0xb4,0x0,0x0,0x0,
0x0,0x0,0x0,0x0,0xf8,0x3,0x50,0x1,
0xf8,0x3,0xd0,0x1,0x10,0x0,0x0,0x0,
0x0,0x0,0xa,0x0,0xab,0x0,0x0,0x0,
0x0,0x0,0x0,0x0,0xd6,0x3,0x50,0x1,
0xd6,0x3,0xd0,0x1,0x0,0x0,0x0,0x0,
0x0,0x0,0x0,0x0,0x0,0x0,0x0,0x0,
0x0,0x0,0xff,0xff,0xff,0xff,0xff,0xff,
0x0,0x0,0x0,0x0,0x54,0x0,0x0,0x0,
0x54,0x0,0x0,0x0,0x54,0x0,0x0,0x0,
0x0,0x0,0x0,0x0,0x54,0x0,0x0,0x0,
0x54,0x0,0x0,0x0,0x0,0x0,0x2,0x0,
0x54,0x0,0x0,0x0,0x0,0x0,0x0,0x0,
0x84,0x0,0x0,0x0,0xd6,0x3,0x50,0x1,
0x0,0x0,0x0,0x0,0x84,0x0,0x0,0x0,
0x0,0x0,0x0,0x0,0x84,0x0,0x0,0x0,
0x0,0x0,0x0,0x0,0xb7,0x0,0x0,0x0,
0x0,0x0,0x7,0x0,0x82,0x1,0x0,0x0,
0x0,0x0,0x0,0x0,0xd7,0x3,0xd0,0x1,
0xd7,0x3,0x90,0x2,0x11,0x0,0x0,0x0,
0x0,0x0,0x7,0x0,0x81,0x1,0x0,0x0,
0x0,0x0,0x0,0x0,0xd6,0x3,0xd0,0x1,
0xd6,0x3,0x30,0x2,0x0,0x0,0x0,0x0,
0x55,0x1,0x0,0x0,0x0,0x0,0x0,0x0,
0x0,0x0,0xff,0xff,0xff,0xff,0xff,0xff,
0x0,0x0,0x0,0x0,0x54,0x0,0x0,0x0,
0x54,0x0,0x0,0x0,0x54,0x0,0x0,0x0,
0x0,0x0,0x0,0x0,0x54,0x0,0x0,0x0,
0x54,0x0,0x0,0x0,0x0,0x0,0x5,0x0,
0x54,0x0,0x0,0x0,0x0,0x0,0x0,0x0,
0xcc,0x0,0x0,0x0,0xda,0x3,0x50,0x1,
0x0,0x0,0x0,0x0,0xcc,0x0,0x0,0x0,
0x0,0x0,0x0,0x0,0xcc,0x0,0x0,0x0,
0x0,0x0,0x0,0x0,0xb4,0x0,0x0,0x0,
0x0,0x0,0x7,0x0,0x86,0x1,0x0,0x0,
0x0,0x0,0x0,0x0,0xde,0x3,0x90,0x1,
0xde,0x3,0x20,0x2,0x54,0x0,0x0,0x0,
0x0,0x0,0x7,0x0,0x85,0x1,0x0,0x0,
0x0,0x0,0x0,0x0,0xdd,0x3,0x90,0x1,
0xdd,0x3,0x0,0x2,0x57,0x1,0x0,0x0,
0x0,0x0,0x7,0x0,0x84,0x1,0x0,0x0,
0x0,0x0,0x0,0x0,0xdc,0x3,0x90,0x1,
0xdc,0x3,0x30,0x2,0x48,0x0,0x0,0x0,
0x0,0x0,0x7,0x0,0x83,0x1,0x0,0x0,
0x0,0x0,0x0,0x0,0xdb,0x3,0x90,0x1,
0xdb,0x3,0xf0,0x1,0x0,0x0,0x0,0x0,
0x0,0x0,0x8,0x0,0xad,0x0,0x0,0x0,
0x0,0x0,0x0,0x0,0xdf,0x3,0x90,0x1,
0xdf,0x3,0x90,0x1,0x0,0x0,0x0,0x0,
0xd6,0x0,0x0,0x0,0x0,0x0,0x0,0x0,
0x0,0x0,0xff,0xff,0xff,0xff,0xff,0xff,
0x0,0x0,0x0,0x0,0x54,0x0,0x0,0x0,
0x54,0x0,0x0,0x0,0x54,0x0,0x0,0x0,
0x0,0x0,0x0,0x0,0x54,0x0,0x0,0x0,
0x54,0x0,0x0,0x0,0x0,0x0,0x2,0x0,
0x54,0x0,0x0,0x0,0x0,0x0,0x0,0x0,
0x84,0x0,0x0,0x0,0xdf,0x3,0x90,0x1,
0x0,0x0,0x0,0x0,0x84,0x0,0x0,0x0,
0x0,0x0,0x0,0x0,0x84,0x0,0x0,0x0,
0x0,0x0,0x0,0x0,0xea,0x0,0x0,0x0,
0x0,0x0,0x7,0x0,0x87,0x1,0x0,0x0,
0x0,0x0,0x0,0x0,0xe1,0x3,0xd0,0x1,
0xe1,0x3,0x80,0x2,0x10,0x0,0x0,0x0,
0x0,0x0,0xa,0x0,0xae,0x0,0x0,0x0,
0x0,0x0,0x0,0x0,0xe0,0x3,0xd0,0x1,
0xe0,0x3,0x50,0x2,0x0,0x0,0x0,0x0,
0x0,0x0,0x0,0x0,0x0,0x0,0x0,0x0,
0x0,0x0,0xff,0xff,0xff,0xff,0xff,0xff,
0x0,0x0,0x0,0x0,0x54,0x0,0x0,0x0,
0x54,0x0,0x0,0x0,0x54,0x0,0x0,0x0,
0x0,0x0,0x0,0x0,0x54,0x0,0x0,0x0,
0x54,0x0,0x0,0x0,0x0,0x0,0x1,0x0,
0x54,0x0,0x0,0x0,0x0,0x0,0x0,0x0,
0x6c,0x0,0x0,0x0,0xe0,0x3,0xd0,0x1,
0x0,0x0,0x0,0x0,0x6c,0x0,0x0,0x0,
0x0,0x0,0x0,0x0,0x6c,0x0,0x0,0x0,
0x0,0x0,0x0,0x0,0x11,0x0,0x0,0x0,
0x0,0x0,0x7,0x0,0x88,0x1,0x0,0x0,
0x0,0x0,0x0,0x0,0xe0,0x3,0x50,0x2,
0xe0,0x3,0xb0,0x2,0x0,0x0,0x0,0x0,
0xbc,0x0,0x0,0x0,0x0,0x0,0x0,0x0,
0x0,0x0,0xff,0xff,0xff,0xff,0xff,0xff,
0x0,0x0,0x0,0x0,0x54,0x0,0x0,0x0,
0x54,0x0,0x0,0x0,0x54,0x0,0x0,0x0,
0x0,0x0,0x0,0x0,0x54,0x0,0x0,0x0,
0x54,0x0,0x0,0x0,0x0,0x0,0x5,0x0,
0x54,0x0,0x0,0x0,0x0,0x0,0x0,0x0,
0xcc,0x0,0x0,0x0,0xe8,0x3,0x50,0x1,
0x0,0x0,0x0,0x0,0xcc,0x0,0x0,0x0,
0x0,0x0,0x0,0x0,0xcc,0x0,0x0,0x0,
0x0,0x0,0x0,0x0,0xc3,0x0,0x0,0x0,
0x0,0x0,0x7,0x0,0x8c,0x1,0x0,0x0,
0x0,0x0,0x0,0x0,0xee,0x3,0x90,0x1,
0xee,0x3,0x40,0x2,0x17,0x0,0x0,0x0,
0x0,0x0,0x7,0x0,0x8b,0x1,0x0,0x0,
0x0,0x0,0x0,0x0,0xed,0x3,0x90,0x1,
0xed,0x3,0x0,0x2,0xc1,0x0,0x0,0x0,
0x0,0x0,0x7,0x0,0x8a,0x1,0x0,0x0,
0x0,0x0,0x0,0x0,0xec,0x3,0x90,0x1,
0xec,0x3,0x30,0x2,0xbf,0x0,0x0,0x0,
0x0,0x0,0x7,0x0,0x89,0x1,0x0,0x0,
0x0,0x0,0x0,0x0,0xeb,0x3,0x90,0x1,
0xeb,0x3,0x0,0x2,0x86,0x0,0x0,0x0,
0x0,0x0,0x9,0x0,0xb0,0x0,0x0,0x0,
0x0,0x0,0x0,0x0,0xe9,0x3,0x90,0x1,
0xe9,0x3,0x0,0x2,0x0,0x0,0x0,0x0,
0x0,0x0,0x0,0x0,0x0,0x0,0x0,0x0,
0x0,0x0,0xff,0xff,0xff,0xff,0xff,0xff,
0x0,0x0,0x0,0x0,0x54,0x0,0x0,0x0,
0x54,0x0,0x0,0x0,0x54,0x0,0x0,0x0,
0x0,0x0,0x0,0x0,0x54,0x0,0x0,0x0,
0x54,0x0,0x0,0x0,0x0,0x0,0x2,0x0,
0x54,0x0,0x0,0x0,0x0,0x0,0x0,0x0,
0x84,0x0,0x0,0x0,0xe9,0x3,0x90,0x1,
0x0,0x0,0x0,0x0,0x84,0x0,0x0,0x0,
0x0,0x0,0x0,0x0,0x84,0x0,0x0,0x0,
0x0,0x0,0x0,0x0,0xbd,0x0,0x0,0x0,
0x0,0x0,0x7,0x0,0x8e,0x1,0x0,0x0,
0x0,0x0,0x0,0x0,0xea,0x3,0x0,0x2,
0xea,0x3,0x10,0x3,0xb9,0x0,0x0,0x0,
0x0,0x0,0x7,0x0,0x8d,0x1,0x0,0x0,
0x0,0x0,0x0,0x0,0xe9,0x3,0x0,0x2,
0xe9,0x3,0x0,0x3,0x0,0x0,0x0,0x0,
0x81,0x0,0x0,0x0,0x0,0x0,0x0,0x0,
0x0,0x0,0xff,0xff,0xff,0xff,0xff,0xff,
0x0,0x0,0x0,0x0,0x54,0x0,0x0,0x0,
0x54,0x0,0x0,0x0,0x54,0x0,0x0,0x0,
0x0,0x0,0x0,0x0,0x54,0x0,0x0,0x0,
0x54,0x0,0x0,0x0,0x0,0x0,0x5,0x0,
0x54,0x0,0x0,0x0,0x0,0x0,0x0,0x0,
0xcc,0x0,0x0,0x0,0xf1,0x3,0x50,0x1,
0x0,0x0,0x0,0x0,0xcc,0x0,0x0,0x0,
0x0,0x0,0x0,0x0,0xcc,0x0,0x0,0x0,
0x0,0x0,0x0,0x0,0x54,0x0,0x0,0x0,
0x0,0x0,0x7,0x0,0x91,0x1,0x0,0x0,
0x0,0x0,0x0,0x0,0xf5,0x3,0x90,0x1,
0xf5,0x3,0x0,0x2,0xc8,0x0,0x0,0x0,
0x0,0x0,0x7,0x0,0x90,0x1,0x0,0x0,
0x0,0x0,0x0,0x0,0xf4,0x3,0x90,0x1,
0xf4,0x3,0x0,0x2,0x7e,0x0,0x0,0x0,
0x0,0x0,0x7,0x0,0x8f,0x1,0x0,0x0,
0x0,0x0,0x0,0x0,0xf2,0x3,0x90,0x1,
0xf2,0x3,0xf0,0x1,0x86,0x0,0x0,0x0,
0x0,0x0,0x9,0x0,0xb2,0x0,0x0,0x0,
0x0,0x0,0x0,0x0,0xf3,0x3,0x90,0x1,
0xf3,0x3,0x0,0x2,0x83,0x0,0x0,0x0,
0x0,0x0,0xa,0x0,0xb3,0x0,0x0,0x0,
0x0,0x0,0x0,0x0,0xf6,0x3,0x90,0x1,
0xf6,0x3,0xe0,0x1,0x0,0x0,0x0,0x0,
0x0,0x0,0x0,0x0,0x0,0x0,0x0,0x0,
0x0,0x0,0xff,0xff,0xff,0xff,0xff,0xff,
0x0,0x0,0x0,0x0,0x54,0x0,0x0,0x0,
0x54,0x0,0x0,0x0,0x54,0x0,0x0,0x0,
0x0,0x0,0x0,0x0,0x54,0x0,0x0,0x0,
0x54,0x0,0x0,0x0,0x0,0x0,0x1,0x0,
0x54,0x0,0x0,0x0,0x0,0x0,0x0,0x0,
0x6c,0x0,0x0,0x0,0xf3,0x3,0x90,0x1,
0x0,0x0,0x0,0x0,0x6c,0x0,0x0,0x0,
0x0,0x0,0x0,0x0,0x6c,0x0,0x0,0x0,
0x0,0x0,0x0,0x0,0x87,0x0,0x0,0x0,
0x0,0x0,0x1,0x0,0x1,0x0,0x0,0x0,
0x0,0x0,0x0,0x0,0xf3,0x3,0x0,0x2,
0xf3,0x3,0xb0,0x2,0x0,0x0,0x0,0x0,
0x0,0x0,0x0,0x0,0x0,0x0,0x0,0x0,
0x0,0x0,0xff,0xff,0xff,0xff,0xff,0xff,
0x0,0x0,0x0,0x0,0x54,0x0,0x0,0x0,
0x54,0x0,0x0,0x0,0x54,0x0,0x0,0x0,
0x0,0x0,0x0,0x0,0x54,0x0,0x0,0x0,
0x54,0x0,0x0,0x0,0x0,0x0,0x1,0x0,
0x54,0x0,0x0,0x0,0x0,0x0,0x0,0x0,
0x6c,0x0,0x0,0x0,0xf6,0x3,0x90,0x1,
0x0,0x0,0x0,0x0,0x6c,0x0,0x0,0x0,
0x0,0x0,0x0,0x0,0x6c,0x0,0x0,0x0,
0x0,0x0,0x0,0x0,0x84,0x0,0x0,0x0,
0x0,0x0,0x7,0x0,0x92,0x1,0x0,0x0,
0x0,0x0,0x0,0x0,0xf6,0x3,0xe0,0x1,
0xf6,0x3,0x90,0x2,0x0,0x0,0x0,0x0,
0x0,0x0,0x0,0x0,0x0,0x0,0x0,0x0,
0x0,0x0,0xff,0xff,0xff,0xff,0xff,0xff,
0x0,0x0,0x0,0x0,0x54,0x0,0x0,0x0,
0x54,0x0,0x0,0x0,0x54,0x0,0x0,0x0,
0x0,0x0,0x0,0x0,0x54,0x0,0x0,0x0,
0x54,0x0,0x0,0x0,0x0,0x0,0x2,0x0,
0x54,0x0,0x0,0x0,0x0,0x0,0x0,0x0,
0x84,0x0,0x0,0x0,0xf8,0x3,0x50,0x1,
0x0,0x0,0x0,0x0,0x84,0x0,0x0,0x0,
0x0,0x0,0x0,0x0,0x84,0x0,0x0,0x0,
0x0,0x0,0x0,0x0,0x7e,0x0,0x0,0x0,
0x0,0x0,0x7,0x0,0x94,0x1,0x0,0x0,
0x0,0x0,0x0,0x0,0xf9,0x3,0xd0,0x1,
0xf9,0x3,0x30,0x2,0xb4,0x0,0x0,0x0,
0x0,0x0,0x7,0x0,0x93,0x1,0x0,0x0,
0x0,0x0,0x0,0x0,0xf8,0x3,0xd0,0x1,
0xf8,0x3,0x60,0x2,0x0,0x0,0x0,0x0,
0xd6,0x0,0x0,0x0,0x59,0x1,0x0,0x0,
0x0,0x0,0xff,0xff,0xff,0xff,0xff,0xff,
0x0,0x0,0x0,0x0,0x54,0x0,0x0,0x0,
0x54,0x0,0x0,0x0,0x54,0x0,0x0,0x0,
0x0,0x0,0x0,0x0,0x54,0x0,0x0,0x0,
0x54,0x0,0x0,0x0,0x0,0x0,0x4,0x0,
0x54,0x0,0x0,0x0,0x0,0x0,0x0,0x0,
0xb4,0x0,0x0,0x0,0xfc,0x3,0x10,0x1,
0xfd,0x3,0x50,0x1,0xb4,0x0,0x0,0x0,
0x0,0x0,0x0,0x0,0xb4,0x0,0x0,0x0,
0x0,0x0,0x0,0x0,0xec,0x0,0x0,0x0,
0x0,0x0,0x7,0x0,0x96,0x1,0x0,0x0,
0x0,0x0,0x0,0x0,0x4,0x4,0x50,0x1,
0x4,0x4,0x60,0x2,0xea,0x0,0x0,0x0,
0x0,0x0,0x7,0x0,0x95,0x1,0x0,0x0,
0x0,0x0,0x0,0x0,0x0,0x4,0x50,0x1,
0x0,0x4,0x0,0x2,0xd8,0x0,0x0,0x0,
0x0,0x0,0x1,0x0,0x1,0x0,0x0,0x0,
0x0,0x0,0x0,0x0,0xff,0x3,0x50,0x1,
0xff,0x3,0x30,0x2,0x10,0x0,0x0,0x0,
0x0,0x0,0xa,0x0,0xb6,0x0,0x0,0x0,
0x0,0x0,0x0,0x0,0xfe,0x3,0x50,0x1,
0xfe,0x3,0xd0,0x1,0x0,0x0,0x0,0x0,
0x0,0x0,0x0,0x0,0x0,0x0,0x0,0x0,
0x0,0x0,0xff,0xff,0xff,0xff,0xff,0xff,
0x0,0x0,0x0,0x0,0x54,0x0,0x0,0x0,
0x54,0x0,0x0,0x0,0x54,0x0,0x0,0x0,
0x0,0x0,0x0,0x0,0x54,0x0,0x0,0x0,
0x54,0x0,0x0,0x0,0x0,0x0,0x1,0x0,
0x54,0x0,0x0,0x0,0x0,0x0,0x0,0x0,
0x6c,0x0,0x0,0x0,0xfe,0x3,0x50,0x1,
0x0,0x0,0x0,0x0,0x6c,0x0,0x0,0x0,
0x0,0x0,0x0,0x0,0x6c,0x0,0x0,0x0,
0x0,0x0,0x0,0x0,0x11,0x0,0x0,0x0,
0x0,0x0,0x7,0x0,0x97,0x1,0x0,0x0,
0x0,0x0,0x0,0x0,0xfe,0x3,0xd0,0x1,
0xfe,0x3,0x30,0x2,0x0,0x0,0x0,0x0,
0x1d,0x1,0x0,0x0,0x0,0x0,0x0,0x0,
0x0,0x0,0xff,0xff,0xff,0xff,0xff,0xff,
0x0,0x0,0x0,0x0,0x54,0x0,0x0,0x0,
0x54,0x0,0x0,0x0,0x54,0x0,0x0,0x0,
0x0,0x0,0x0,0x0,0x54,0x0,0x0,0x0,
0x54,0x0,0x0,0x0,0x0,0x0,0x1,0x0,
0x54,0x0,0x0,0x0,0x0,0x0,0x0,0x0,
0x6c,0x0,0x0,0x0,0x8,0x4,0x10,0x2,
0x0,0x0,0x0,0x0,0x6c,0x0,0x0,0x0,
0x0,0x0,0x0,0x0,0x6c,0x0,0x0,0x0,
0x0,0x0,0x0,0x0,0x1e,0x1,0x0,0x0,
0x0,0x0,0x7,0x0,0x98,0x1,0x0,0x0,
0x0,0x0,0x0,0x0,0x8,0x4,0xd0,0x2,
0x8,0x4,0x50,0x3,0x0,0x0,0x0,0x0,
0x0,0x0,0x0,0x0,0x0,0x0,0x0,0x0,
0x0,0x0,0xff,0xff,0xff,0xff,0xff,0xff,
0x0,0x0,0x0,0x0,0x54,0x0,0x0,0x0,
0x54,0x0,0x0,0x0,0x54,0x0,0x0,0x0,
0x0,0x0,0x0,0x0,0x54,0x0,0x0,0x0,
0x54,0x0,0x0,0x0,0x0,0x0,0x1,0x0,
0x54,0x0,0x0,0x0,0x0,0x0,0x0,0x0,
0x6c,0x0,0x0,0x0,0x8,0x4,0xd0,0x0,
0x0,0x0,0x0,0x0,0x6c,0x0,0x0,0x0,
0x0,0x0,0x0,0x0,0x6c,0x0,0x0,0x0,
0x0,0x0,0x0,0x0,0x20,0x1,0x0,0x0,
0x0,0x0,0x8,0x0,0xb7,0x0,0x0,0x0,
0x0,0x0,0x0,0x0,0x8,0x4,0x70,0x1,
0x8,0x4,0x10,0x2,0x0,0x0,0x0,0x0,
0x53,0x0,0x0,0x0,0x0,0x0,0x0,0x0,
0x0,0x0,0xff,0xff,0xff,0xff,0xff,0xff,
0x0,0x0,0x0,0x0,0x54,0x0,0x0,0x0,
0x54,0x0,0x0,0x0,0x54,0x0,0x0,0x0,
0x0,0x0,0x0,0x0,0x54,0x0,0x0,0x0,
0x54,0x0,0x0,0x0,0x0,0x0,0x6,0x0,
0x54,0x0,0x0,0x0,0x0,0x0,0x0,0x0,
0xe4,0x0,0x0,0x0,0xd,0x4,0x50,0x0,
0x0,0x0,0x0,0x0,0xe4,0x0,0x0,0x0,
0x0,0x0,0x0,0x0,0xe4,0x0,0x0,0x0,
0x0,0x0,0x0,0x0,0x5c,0x0,0x0,0x0,
0x0,0x0,0x2,0x0,0x18,0x0,0x0,0x0,
0x0,0x0,0x0,0x0,0x12,0x4,0x90,0x0,
0x12,0x4,0xc0,0x0,0xb1,0x0,0x0,0x0,
0x0,0x0,0x2,0x0,0x17,0x0,0x0,0x0,
0x0,0x0,0x0,0x0,0x11,0x4,0x90,0x0,
0x11,0x4,0x20,0x1,0xb4,0x0,0x0,0x0,
0x0,0x0,0x7,0x0,0x9a,0x1,0x0,0x0,
0x0,0x0,0x0,0x0,0x10,0x4,0x90,0x0,
0x10,0x4,0x20,0x1,0x54,0x0,0x0,0x0,
0x0,0x0,0x7,0x0,0x99,0x1,0x0,0x0,
0x0,0x0,0x0,0x0,0xf,0x4,0x90,0x0,
0xf,0x4,0x0,0x1,0x0,0x0,0x0,0x0,
0x0,0x0,0x8,0x0,0xbb,0x0,0x0,0x0,
0x0,0x0,0x0,0x0,0x14,0x4,0x90,0x0,
0x14,0x4,0x90,0x0,0x10,0x0,0x0,0x0,
0x0,0x0,0xa,0x0,0xba,0x0,0x0,0x0,
0x0,0x0,0x0,0x0,0xe,0x4,0x90,0x0,
0xe,0x4,0x10,0x1,0x0,0x0,0x0,0x0,
0x0,0x0,0x0,0x0,0x0,0x0,0x0,0x0,
0x0,0x0,0xff,0xff,0xff,0xff,0xff,0xff,
0x0,0x0,0x0,0x0,0x54,0x0,0x0,0x0,
0x54,0x0,0x0,0x0,0x54,0x0,0x0,0x0,
0x0,0x0,0x0,0x0,0x54,0x0,0x0,0x0,
0x54,0x0,0x0,0x0,0x0,0x0,0x1,0x0,
0x54,0x0,0x0,0x0,0x0,0x0,0x0,0x0,
0x6c,0x0,0x0,0x0,0xe,0x4,0x90,0x0,
0x0,0x0,0x0,0x0,0x6c,0x0,0x0,0x0,
0x0,0x0,0x0,0x0,0x6c,0x0,0x0,0x0,
0x0,0x0,0x0,0x0,0x11,0x0,0x0,0x0,
0x0,0x0,0x7,0x0,0x9b,0x1,0x0,0x0,
0x0,0x0,0x0,0x0,0xe,0x4,0x10,0x1,
0xe,0x4,0x70,0x1,0x0,0x0,0x0,0x0,
0x7f,0x0,0x0,0x0,0x0,0x0,0x0,0x0,
0x0,0x0,0xff,0xff,0xff,0xff,0xff,0xff,
0x0,0x0,0x0,0x0,0x54,0x0,0x0,0x0,
0x54,0x0,0x0,0x0,0x54,0x0,0x0,0x0,
0x0,0x0,0x0,0x0,0x54,0x0,0x0,0x0,
0x54,0x0,0x0,0x0,0x0,0x0,0x4,0x0,
0x54,0x0,0x0,0x0,0x0,0x0,0x0,0x0,
0xb4,0x0,0x0,0x0,0x14,0x4,0x90,0x0,
0x0,0x0,0x0,0x0,0xb4,0x0,0x0,0x0,
0x0,0x0,0x0,0x0,0xb4,0x0,0x0,0x0,
0x0,0x0,0x0,0x0,0x80,0x0,0x0,0x0,
0x0,0x0,0x2,0x0,0xa,0x0,0x0,0x0,
0x0,0x0,0x0,0x0,0x16,0x4,0xd0,0x0,
0x16,0x4,0x60,0x1,0x0,0x0,0x0,0x0,
0x0,0x0,0x8,0x0,0xbd,0x0,0x0,0x0,
0x0,0x0,0x0,0x0,0x17,0x4,0xd0,0x0,
0x17,0x4,0xd0,0x0,0x0,0x0,0x0,0x0,
0x0,0x0,0x8,0x0,0xbf,0x0,0x0,0x0,
0x0,0x0,0x0,0x0,0x1b,0x4,0xd0,0x0,
0x1b,0x4,0xd0,0x0,0x10,0x0,0x0,0x0,
0x0,0x0,0xa,0x0,0xbc,0x0,0x0,0x0,
0x0,0x0,0x0,0x0,0x15,0x4,0xd0,0x0,
0x15,0x4,0x50,0x1,0x0,0x0,0x0,0x0,
0x0,0x0,0x0,0x0,0x0,0x0,0x0,0x0,
0x0,0x0,0xff,0xff,0xff,0xff,0xff,0xff,
0x0,0x0,0x0,0x0,0x54,0x0,0x0,0x0,
0x54,0x0,0x0,0x0,0x54,0x0,0x0,0x0,
0x0,0x0,0x0,0x0,0x54,0x0,0x0,0x0,
0x54,0x0,0x0,0x0,0x0,0x0,0x1,0x0,
0x54,0x0,0x0,0x0,0x0,0x0,0x0,0x0,
0x6c,0x0,0x0,0x0,0x15,0x4,0xd0,0x0,
0x0,0x0,0x0,0x0,0x6c,0x0,0x0,0x0,
0x0,0x0,0x0,0x0,0x6c,0x0,0x0,0x0,
0x0,0x0,0x0,0x0,0x7a,0x0,0x0,0x0,
0x0,0x0,0x7,0x0,0x9c,0x1,0x0,0x0,
0x0,0x0,0x0,0x0,0x15,0x4,0x50,0x1,
0x15,0x4,0xf0,0x1,0x0,0x0,0x0,0x0,
0x5a,0x1,0x0,0x0,0x0,0x0,0x0,0x0,
0x0,0x0,0xff,0xff,0xff,0xff,0xff,0xff,
0x0,0x0,0x0,0x0,0x54,0x0,0x0,0x0,
0x54,0x0,0x0,0x0,0x54,0x0,0x0,0x0,
0x0,0x0,0x0,0x0,0x54,0x0,0x0,0x0,
0x54,0x0,0x0,0x0,0x0,0x0,0x2,0x0,
0x54,0x0,0x0,0x0,0x0,0x0,0x0,0x0,
0x84,0x0,0x0,0x0,0x17,0x4,0xd0,0x0,
0x0,0x0,0x0,0x0,0x84,0x0,0x0,0x0,
0x0,0x0,0x0,0x0,0x84,0x0,0x0,0x0,
0x0,0x0,0x0,0x0,0x4d,0x0,0x0,0x0,
0x0,0x0,0x7,0x0,0x9d,0x1,0x0,0x0,
0x0,0x0,0x0,0x0,0x19,0x4,0x10,0x1,
0x19,0x4,0xa0,0x1,0x86,0x0,0x0,0x0,
0x0,0x0,0x9,0x0,0xbe,0x0,0x0,0x0,
0x0,0x0,0x0,0x0,0x18,0x4,0x10,0x1,
0x18,0x4,0x80,0x1,0x0,0x0,0x0,0x0,
0x0,0x0,0x0,0x0,0x0,0x0,0x0,0x0,
0x0,0x0,0xff,0xff,0xff,0xff,0xff,0xff,
0x0,0x0,0x0,0x0,0x54,0x0,0x0,0x0,
0x54,0x0,0x0,0x0,0x54,0x0,0x0,0x0,
0x0,0x0,0x0,0x0,0x54,0x0,0x0,0x0,
0x54,0x0,0x0,0x0,0x0,0x0,0x1,0x0,
0x54,0x0,0x0,0x0,0x0,0x0,0x0,0x0,
0x6c,0x0,0x0,0x0,0x18,0x4,0x10,0x1,
0x0,0x0,0x0,0x0,0x6c,0x0,0x0,0x0,
0x0,0x0,0x0,0x0,0x6c,0x0,0x0,0x0,
0x0,0x0,0x0,0x0,0x5b,0x1,0x0,0x0,
0x0,0x0,0x7,0x0,0x9e,0x1,0x0,0x0,
0x0,0x0,0x0,0x0,0x18,0x4,0x80,0x1,
0x18,0x4,0x30,0x2,0x0,0x0,0x0,0x0,
0x81,0x0,0x0,0x0,0x0,0x0,0x0,0x0,
0x0,0x0,0xff,0xff,0xff,0xff,0xff,0xff,
0x0,0x0,0x0,0x0,0x54,0x0,0x0,0x0,
0x54,0x0,0x0,0x0,0x54,0x0,0x0,0x0,
0x0,0x0,0x0,0x0,0x54,0x0,0x0,0x0,
0x54,0x0,0x0,0x0,0x0,0x0,0x3,0x0,
0x54,0x0,0x0,0x0,0x0,0x0,0x0,0x0,
0x9c,0x0,0x0,0x0,0x1b,0x4,0xd0,0x0,
0x0,0x0,0x0,0x0,0x9c,0x0,0x0,0x0,
0x0,0x0,0x0,0x0,0x9c,0x0,0x0,0x0,
0x0,0x0,0x0,0x0,0x54,0x0,0x0,0x0,
0x0,0x0,0x7,0x0,0xa0,0x1,0x0,0x0,
0x0,0x0,0x0,0x0,0x1d,0x4,0x10,0x1,
0x1d,0x4,0x80,0x1,0x7e,0x0,0x0,0x0,
0x0,0x0,0x7,0x0,0x9f,0x1,0x0,0x0,
0x0,0x0,0x0,0x0,0x1c,0x4,0x10,0x1,
0x1c,0x4,0x70,0x1,0x83,0x0,0x0,0x0,
0x0,0x0,0xa,0x0,0xc0,0x0,0x0,0x0,
0x0,0x0,0x0,0x0,0x1e,0x4,0x10,0x1,
0x1e,0x4,0x60,0x1,0x0,0x0,0x0,0x0,
0x0,0x0,0x0,0x0,0x0,0x0,0x0,0x0,
0x0,0x0,0xff,0xff,0xff,0xff,0xff,0xff,
0x0,0x0,0x0,0x0,0x54,0x0,0x0,0x0,
0x54,0x0,0x0,0x0,0x54,0x0,0x0,0x0,
0x0,0x0,0x0,0x0,0x54,0x0,0x0,0x0,
0x54,0x0,0x0,0x0,0x0,0x0,0x1,0x0,
0x54,0x0,0x0,0x0,0x0,0x0,0x0,0x0,
0x6c,0x0,0x0,0x0,0x1e,0x4,0x10,0x1,
0x0,0x0,0x0,0x0,0x6c,0x0,0x0,0x0,
0x0,0x0,0x0,0x0,0x6c,0x0,0x0,0x0,
0x0,0x0,0x0,0x0,0x84,0x0,0x0,0x0,
0x0,0x0,0x2,0x0,0x19,0x0,0x0,0x0,
0x0,0x0,0x0,0x0,0x1e,0x4,0x60,0x1,
0x1e,0x4,0x10,0x2,0x0,0x0,0x0,0x0,
0x8,0x0,0x0,0x0,0x5d,0x1,0x0,0x0,
0x0,0x0,0xff,0xff,0xff,0xff,0xff,0xff,
0x0,0x0,0x0,0x0,0x54,0x0,0x0,0x0,
0x54,0x0,0x0,0x0,0x54,0x0,0x0,0x0,
0x0,0x0,0x0,0x0,0x54,0x0,0x0,0x0,
0x54,0x0,0x0,0x0,0x0,0x0,0x4,0x0,
0x54,0x0,0x0,0x0,0x0,0x0,0x0,0x0,
0xb4,0x0,0x0,0x0,0x24,0x4,0x50,0x0,
0x25,0x4,0x90,0x0,0xb4,0x0,0x0,0x0,
0x0,0x0,0x0,0x0,0xb4,0x0,0x0,0x0,
0x0,0x0,0x0,0x0,0x5c,0x0,0x0,0x0,
0x0,0x0,0x2,0x0,0xf,0x0,0x0,0x0,
0x0,0x0,0x0,0x0,0x28,0x4,0x90,0x0,
0x28,0x4,0xc0,0x0,0xb4,0x0,0x0,0x0,
0x0,0x0,0x7,0x0,0xa1,0x1,0x0,0x0,
0x0,0x0,0x0,0x0,0x27,0x4,0x90,0x0,
0x27,0x4,0x20,0x1,0x0,0x0,0x0,0x0,
0x0,0x0,0x8,0x0,0xc3,0x0,0x0,0x0,
0x0,0x0,0x0,0x0,0x2a,0x4,0x90,0x0,
0x2a,0x4,0x90,0x0,0x10,0x0,0x0,0x0,
0x0,0x0,0xa,0x0,0xc2,0x0,0x0,0x0,
0x0,0x0,0x0,0x0,0x26,0x4,0x90,0x0,
0x26,0x4,0x10,0x1,0x0,0x0,0x0,0x0,
0x0,0x0,0x0,0x0,0x0,0x0,0x0,0x0,
0x0,0x0,0xff,0xff,0xff,0xff,0xff,0xff,
0x0,0x0,0x0,0x0,0x54,0x0,0x0,0x0,
0x54,0x0,0x0,0x0,0x54,0x0,0x0,0x0,
0x0,0x0,0x0,0x0,0x54,0x0,0x0,0x0,
0x54,0x0,0x0,0x0,0x0,0x0,0x1,0x0,
0x54,0x0,0x0,0x0,0x0,0x0,0x0,0x0,
0x6c,0x0,0x0,0x0,0x26,0x4,0x90,0x0,
0x0,0x0,0x0,0x0,0x6c,0x0,0x0,0x0,
0x0,0x0,0x0,0x0,0x6c,0x0,0x0,0x0,
0x0,0x0,0x0,0x0,0x11,0x0,0x0,0x0,
0x0,0x0,0x7,0x0,0xa2,0x1,0x0,0x0,
0x0,0x0,0x0,0x0,0x26,0x4,0x10,0x1,
0x26,0x4,0x70,0x1,0x0,0x0,0x0,0x0,
0x7f,0x0,0x0,0x0,0x0,0x0,0x0,0x0,
0x0,0x0,0xff,0xff,0xff,0xff,0xff,0xff,
0x0,0x0,0x0,0x0,0x54,0x0,0x0,0x0,
0x54,0x0,0x0,0x0,0x54,0x0,0x0,0x0,
0x0,0x0,0x0,0x0,0x54,0x0,0x0,0x0,
0x54,0x0,0x0,0x0,0x0,0x0,0x4,0x0,
0x54,0x0,0x0,0x0,0x0,0x0,0x0,0x0,
0xb4,0x0,0x0,0x0,0x2a,0x4,0x90,0x0,
0x0,0x0,0x0,0x0,0xb4,0x0,0x0,0x0,
0x0,0x0,0x0,0x0,0xb4,0x0,0x0,0x0,
0x0,0x0,0x0,0x0,0x80,0x0,0x0,0x0,
0x0,0x0,0x2,0x0,0x1a,0x0,0x0,0x0,
0x0,0x0,0x0,0x0,0x2c,0x4,0xd0,0x0,
0x2c,0x4,0x60,0x1,0x0,0x0,0x0,0x0,
0x0,0x0,0x8,0x0,0xc5,0x0,0x0,0x0,
0x0,0x0,0x0,0x0,0x2e,0x4,0xd0,0x0,
0x2e,0x4,0xd0,0x0,0x0,0x0,0x0,0x0,
0x0,0x0,0x8,0x0,0xc7,0x0,0x0,0x0,
0x0,0x0,0x0,0x0,0x36,0x4,0xd0,0x0,
0x36,0x4,0xd0,0x0,0x10,0x0,0x0,0x0,
0x0,0x0,0xa,0x0,0xc4,0x0,0x0,0x0,
0x0,0x0,0x0,0x0,0x2b,0x4,0xd0,0x0,
0x2b,0x4,0x50,0x1,0x0,0x0,0x0,0x0,
0x0,0x0,0x0,0x0,0x0,0x0,0x0,0x0,
0x0,0x0,0xff,0xff,0xff,0xff,0xff,0xff,
0x0,0x0,0x0,0x0,0x54,0x0,0x0,0x0,
0x54,0x0,0x0,0x0,0x54,0x0,0x0,0x0,
0x0,0x0,0x0,0x0,0x54,0x0,0x0,0x0,
0x54,0x0,0x0,0x0,0x0,0x0,0x1,0x0,
0x54,0x0,0x0,0x0,0x0,0x0,0x0,0x0,
0x6c,0x0,0x0,0x0,0x2b,0x4,0xd0,0x0,
0x0,0x0,0x0,0x0,0x6c,0x0,0x0,0x0,
0x0,0x0,0x0,0x0,0x6c,0x0,0x0,0x0,
0x0,0x0,0x0,0x0,0x7a,0x0,0x0,0x0,
0x0,0x0,0x7,0x0,0xa3,0x1,0x0,0x0,
0x0,0x0,0x0,0x0,0x2b,0x4,0x50,0x1,
0x2b,0x4,0xf0,0x1,0x0,0x0,0x0,0x0,
0x55,0x1,0x0,0x0,0x0,0x0,0x0,0x0,
0x0,0x0,0xff,0xff,0xff,0xff,0xff,0xff,
0x0,0x0,0x0,0x0,0x54,0x0,0x0,0x0,
0x54,0x0,0x0,0x0,0x54,0x0,0x0,0x0,
0x0,0x0,0x0,0x0,0x54,0x0,0x0,0x0,
0x54,0x0,0x0,0x0,0x0,0x0,0x5,0x0,
0x54,0x0,0x0,0x0,0x0,0x0,0x0,0x0,
0xcc,0x0,0x0,0x0,0x2e,0x4,0xd0,0x0,
0x0,0x0,0x0,0x0,0xcc,0x0,0x0,0x0,
0x0,0x0,0x0,0x0,0xcc,0x0,0x0,0x0,
0x0,0x0,0x0,0x0,0xb1,0x0,0x0,0x0,
0x0,0x0,0x2,0x0,0x1c,0x0,0x0,0x0,
0x0,0x0,0x0,0x0,0x33,0x4,0x10,0x1,
0x33,0x4,0xa0,0x1,0x54,0x0,0x0,0x0,
0x0,0x0,0x7,0x0,0xa4,0x1,0x0,0x0,
0x0,0x0,0x0,0x0,0x32,0x4,0x10,0x1,
0x32,0x4,0x80,0x1,0x57,0x1,0x0,0x0,
0x0,0x0,0x2,0x0,0x1b,0x0,0x0,0x0,
0x0,0x0,0x0,0x0,0x31,0x4,0x10,0x1,
0x31,0x4,0xb0,0x1,0x48,0x0,0x0,0x0,
0x0,0x0,0x3,0x0,0x0,0x0,0x0,0x0,
0x5e,0x1,0x0,0x0,0x30,0x4,0x10,0x1,
0x30,0x4,0x70,0x1,0x86,0x0,0x0,0x0,
0x0,0x0,0x9,0x0,0xc6,0x0,0x0,0x0,
0x0,0x0,0x0,0x0,0x2f,0x4,0x10,0x1,
0x2f,0x4,0x80,0x1,0x0,0x0,0x0,0x0,
0x0,0x0,0x0,0x0,0x0,0x0,0x0,0x0,
0x0,0x0,0xff,0xff,0xff,0xff,0xff,0xff,
0x0,0x0,0x0,0x0,0x54,0x0,0x0,0x0,
0x54,0x0,0x0,0x0,0x54,0x0,0x0,0x0,
0x0,0x0,0x0,0x0,0x54,0x0,0x0,0x0,
0x54,0x0,0x0,0x0,0x0,0x0,0x1,0x0,
0x54,0x0,0x0,0x0,0x0,0x0,0x0,0x0,
0x6c,0x0,0x0,0x0,0x2f,0x4,0x10,0x1,
0x0,0x0,0x0,0x0,0x6c,0x0,0x0,0x0,
0x0,0x0,0x0,0x0,0x6c,0x0,0x0,0x0,
0x0,0x0,0x0,0x0,0x5b,0x1,0x0,0x0,
0x0,0x0,0x7,0x0,0xa5,0x1,0x0,0x0,
0x0,0x0,0x0,0x0,0x2f,0x4,0x80,0x1,
0x2f,0x4,0x30,0x2,0x0,0x0,0x0,0x0,
0x5f,0x1,0x0,0x0,0x0,0x0,0x0,0x0,
0x0,0x0,0xff,0xff,0xff,0xff,0xff,0xff,
0x0,0x0,0x0,0x0,0x54,0x0,0x0,0x0,
0x54,0x0,0x0,0x0,0x54,0x0,0x0,0x0,
0x0,0x0,0x0,0x0,0x54,0x0,0x0,0x0,
0x54,0x0,0x0,0x0,0x0,0x0,0x4,0x0,
0x54,0x0,0x0,0x0,0x0,0x0,0x0,0x0,
0xb4,0x0,0x0,0x0,0x36,0x4,0xd0,0x0,
0x0,0x0,0x0,0x0,0xb4,0x0,0x0,0x0,
0x0,0x0,0x0,0x0,0xb4,0x0,0x0,0x0,
0x0,0x0,0x0,0x0,0x80,0x0,0x0,0x0,
0x0,0x0,0x2,0x0,0xf,0x0,0x0,0x0,
0x0,0x0,0x0,0x0,0x38,0x4,0x10,0x1,
0x38,0x4,0xa0,0x1,0x0,0x0,0x0,0x0,
0x0,0x0,0x8,0x0,0xc9,0x0,0x0,0x0,
0x0,0x0,0x0,0x0,0x39,0x4,0x10,0x1,
0x39,0x4,0x10,0x1,0x0,0x0,0x0,0x0,
0x0,0x0,0x8,0x0,0xcc,0x0,0x0,0x0,
0x0,0x0,0x0,0x0,0x40,0x4,0x10,0x1,
0x40,0x4,0x10,0x1,0x86,0x0,0x0,0x0,
0x0,0x0,0x9,0x0,0xc8,0x0,0x0,0x0,
0x0,0x0,0x0,0x0,0x37,0x4,0x10,0x1,
0x37,0x4,0x80,0x1,0x0,0x0,0x0,0x0,
0x0,0x0,0x0,0x0,0x0,0x0,0x0,0x0,
0x0,0x0,0xff,0xff,0xff,0xff,0xff,0xff,
0x0,0x0,0x0,0x0,0x54,0x0,0x0,0x0,
0x54,0x0,0x0,0x0,0x54,0x0,0x0,0x0,
0x0,0x0,0x0,0x0,0x54,0x0,0x0,0x0,
0x54,0x0,0x0,0x0,0x0,0x0,0x1,0x0,
0x54,0x0,0x0,0x0,0x0,0x0,0x0,0x0,
0x6c,0x0,0x0,0x0,0x37,0x4,0x10,0x1,
0x0,0x0,0x0,0x0,0x6c,0x0,0x0,0x0,
0x0,0x0,0x0,0x0,0x6c,0x0,0x0,0x0,
0x0,0x0,0x0,0x0,0x5b,0x1,0x0,0x0,
0x0,0x0,0x7,0x0,0xa6,0x1,0x0,0x0,
0x0,0x0,0x0,0x0,0x37,0x4,0x80,0x1,
0x37,0x4,0x30,0x2,0x0,0x0,0x0,0x0,
0x81,0x0,0x0,0x0,0x0,0x0,0x0,0x0,
0x0,0x0,0xff,0xff,0xff,0xff,0xff,0xff,
0x0,0x0,0x0,0x0,0x54,0x0,0x0,0x0,
0x54,0x0,0x0,0x0,0x54,0x0,0x0,0x0,
0x0,0x0,0x0,0x0,0x54,0x0,0x0,0x0,
0x54,0x0,0x0,0x0,0x0,0x0,0x4,0x0,
0x54,0x0,0x0,0x0,0x0,0x0,0x0,0x0,
0xb4,0x0,0x0,0x0,0x39,0x4,0x10,0x1,
0x0,0x0,0x0,0x0,0xb4,0x0,0x0,0x0,
0x0,0x0,0x0,0x0,0xb4,0x0,0x0,0x0,
0x0,0x0,0x0,0x0,0x54,0x0,0x0,0x0,
0x0,0x0,0x7,0x0,0xa8,0x1,0x0,0x0,
0x0,0x0,0x0,0x0,0x3c,0x4,0x50,0x1,
0x3c,0x4,0xc0,0x1,0x7e,0x0,0x0,0x0,
0x0,0x0,0x7,0x0,0xa7,0x1,0x0,0x0,
0x0,0x0,0x0,0x0,0x3b,0x4,0x50,0x1,
0x3b,0x4,0xb0,0x1,0x83,0x0,0x0,0x0,
0x0,0x0,0xa,0x0,0xcb,0x0,0x0,0x0,
0x0,0x0,0x0,0x0,0x3d,0x4,0x50,0x1,
0x3d,0x4,0xa0,0x1,0x10,0x0,0x0,0x0,
0x0,0x0,0xa,0x0,0xca,0x0,0x0,0x0,
0x0,0x0,0x0,0x0,0x3a,0x4,0x50,0x1,
0x3a,0x4,0xd0,0x1,0x0,0x0,0x0,0x0,
0x0,0x0,0x0,0x0,0x0,0x0,0x0,0x0,
0x0,0x0,0xff,0xff,0xff,0xff,0xff,0xff,
0x0,0x0,0x0,0x0,0x54,0x0,0x0,0x0,
0x54,0x0,0x0,0x0,0x54,0x0,0x0,0x0,
0x0,0x0,0x0,0x0,0x54,0x0,0x0,0x0,
0x54,0x0,0x0,0x0,0x0,0x0,0x1,0x0,
0x54,0x0,0x0,0x0,0x0,0x0,0x0,0x0,
0x6c,0x0,0x0,0x0,0x3a,0x4,0x50,0x1,
0x0,0x0,0x0,0x0,0x6c,0x0,0x0,0x0,
0x0,0x0,0x0,0x0,0x6c,0x0,0x0,0x0,
0x0,0x0,0x0,0x0,0xf1,0x0,0x0,0x0,
0x0,0x0,0x7,0x0,0xa9,0x1,0x0,0x0,
0x0,0x0,0x0,0x0,0x3a,0x4,0xd0,0x1,
0x3a,0x4,0xf0,0x2,0x0,0x0,0x0,0x0,
0x0,0x0,0x0,0x0,0x0,0x0,0x0,0x0,
0x0,0x0,0xff,0xff,0xff,0xff,0xff,0xff,
0x0,0x0,0x0,0x0,0x54,0x0,0x0,0x0,
0x54,0x0,0x0,0x0,0x54,0x0,0x0,0x0,
0x0,0x0,0x0,0x0,0x54,0x0,0x0,0x0,
0x54,0x0,0x0,0x0,0x0,0x0,0x2,0x0,
0x54,0x0,0x0,0x0,0x0,0x0,0x0,0x0,
0x84,0x0,0x0,0x0,0x3d,0x4,0x50,0x1,
0x0,0x0,0x0,0x0,0x84,0x0,0x0,0x0,
0x0,0x0,0x0,0x0,0x84,0x0,0x0,0x0,
0x0,0x0,0x0,0x0,0xcb,0x0,0x0,0x0,
0x0,0x0,0x7,0x0,0xaa,0x1,0x0,0x0,
0x0,0x0,0x0,0x0,0x3e,0x4,0xa0,0x1,
0x3e,0x4,0x20,0x2,0x84,0x0,0x0,0x0,
0x0,0x0,0x2,0x0,0x1d,0x0,0x0,0x0,
0x0,0x0,0x0,0x0,0x3d,0x4,0xa0,0x1,
0x3d,0x4,0x50,0x2,0x0,0x0,0x0,0x0,
0x81,0x0,0x0,0x0,0x0,0x0,0x0,0x0,
0x0,0x0,0xff,0xff,0xff,0xff,0xff,0xff,
0x0,0x0,0x0,0x0,0x54,0x0,0x0,0x0,
0x54,0x0,0x0,0x0,0x54,0x0,0x0,0x0,
0x0,0x0,0x0,0x0,0x54,0x0,0x0,0x0,
0x54,0x0,0x0,0x0,0x0,0x0,0x4,0x0,
0x54,0x0,0x0,0x0,0x0,0x0,0x0,0x0,
0xb4,0x0,0x0,0x0,0x40,0x4,0x10,0x1,
0x0,0x0,0x0,0x0,0xb4,0x0,0x0,0x0,
0x0,0x0,0x0,0x0,0xb4,0x0,0x0,0x0,
0x0,0x0,0x0,0x0,0x54,0x0,0x0,0x0,
0x0,0x0,0x7,0x0,0xac,0x1,0x0,0x0,
0x0,0x0,0x0,0x0,0x45,0x4,0x50,0x1,
0x45,0x4,0xc0,0x1,0x7e,0x0,0x0,0x0,
0x0,0x0,0x7,0x0,0xab,0x1,0x0,0x0,
0x0,0x0,0x0,0x0,0x42,0x4,0x50,0x1,
0x42,0x4,0xb0,0x1,0x83,0x0,0x0,0x0,
0x0,0x0,0xa,0x0,0xce,0x0,0x0,0x0,
0x0,0x0,0x0,0x0,0x46,0x4,0x50,0x1,
0x46,0x4,0xa0,0x1,0x10,0x0,0x0,0x0,
0x0,0x0,0xa,0x0,0xcd,0x0,0x0,0x0,
0x0,0x0,0x0,0x0,0x41,0x4,0x50,0x1,
0x41,0x4,0xd0,0x1,0x0,0x0,0x0,0x0,
0x0,0x0,0x0,0x0,0x0,0x0,0x0,0x0,
0x0,0x0,0xff,0xff,0xff,0xff,0xff,0xff,
0x0,0x0,0x0,0x0,0x54,0x0,0x0,0x0,
0x54,0x0,0x0,0x0,0x54,0x0,0x0,0x0,
0x0,0x0,0x0,0x0,0x54,0x0,0x0,0x0,
0x54,0x0,0x0,0x0,0x0,0x0,0x1,0x0,
0x54,0x0,0x0,0x0,0x0,0x0,0x0,0x0,
0x6c,0x0,0x0,0x0,0x41,0x4,0x50,0x1,
0x0,0x0,0x0,0x0,0x6c,0x0,0x0,0x0,
0x0,0x0,0x0,0x0,0x6c,0x0,0x0,0x0,
0x0,0x0,0x0,0x0,0xf1,0x0,0x0,0x0,
0x0,0x0,0x7,0x0,0xad,0x1,0x0,0x0,
0x0,0x0,0x0,0x0,0x41,0x4,0xd0,0x1,
0x41,0x4,0xf0,0x2,0x0,0x0,0x0,0x0,
0x0,0x0,0x0,0x0,0x0,0x0,0x0,0x0,
0x0,0x0,0xff,0xff,0xff,0xff,0xff,0xff,
0x0,0x0,0x0,0x0,0x54,0x0,0x0,0x0,
0x54,0x0,0x0,0x0,0x54,0x0,0x0,0x0,
0x0,0x0,0x0,0x0,0x54,0x0,0x0,0x0,
0x54,0x0,0x0,0x0,0x0,0x0,0x1,0x0,
0x54,0x0,0x0,0x0,0x0,0x0,0x0,0x0,
0x6c,0x0,0x0,0x0,0x46,0x4,0x50,0x1,
0x0,0x0,0x0,0x0,0x6c,0x0,0x0,0x0,
0x0,0x0,0x0,0x0,0x6c,0x0,0x0,0x0,
0x0,0x0,0x0,0x0,0x84,0x0,0x0,0x0,
0x0,0x0,0x2,0x0,0x19,0x0,0x0,0x0,
0x0,0x0,0x0,0x0,0x46,0x4,0xa0,0x1,
0x46,0x4,0x50,0x2,0x0,0x0,0x0,0x0,
0x60,0x1,0x0,0x0,0x0,0x0,0x0,0x0,
0x0,0x0,0xff,0xff,0xff,0xff,0xff,0xff,
0x3,0x0,0x0,0x0,0x54,0x0,0x0,0x0,
0x60,0x0,0x0,0x0,0x60,0x0,0x0,0x0,
0x0,0x0,0x0,0x0,0x60,0x0,0x0,0x0,
0x60,0x0,0x0,0x0,0x0,0x0,0x1,0x0,
0x60,0x0,0x0,0x0,0x0,0x0,0x0,0x0,
0x78,0x0,0x0,0x0,0x4c,0x4,0x50,0x0,
0x0,0x0,0x0,0x0,0x78,0x0,0x0,0x0,
0x0,0x0,0x0,0x0,0x78,0x0,0x0,0x0,
0x0,0x0,0x0,0x0,0xaf,0x1,0x0,0x0,
0xb0,0x1,0x0,0x0,0xb1,0x1,0x0,0x0,
0xdc,0x0,0x0,0x0,0x0,0x0,0x7,0x0,
0xae,0x1,0x0,0x0,0x0,0x0,0x0,0x0,
0x4d,0x4,0x90,0x0,0x4d,0x4,0x10,0x1,
0x60,0x1,0x0,0x0,0x0,0x0,0x0,0x0,
0x0,0x0,0xff,0xff,0xff,0xff,0xff,0xff,
0x1,0x0,0x0,0x0,0x54,0x0,0x0,0x0,
0x58,0x0,0x0,0x0,0x58,0x0,0x0,0x0,
0x0,0x0,0x0,0x0,0x58,0x0,0x0,0x0,
0x58,0x0,0x0,0x0,0x0,0x0,0x1,0x0,
0x58,0x0,0x0,0x0,0x0,0x0,0x0,0x0,
0x70,0x0,0x0,0x0,0x58,0x4,0x50,0x0,
0x0,0x0,0x0,0x0,0x70,0x0,0x0,0x0,
0x0,0x0,0x0,0x0,0x70,0x0,0x0,0x0,
0x0,0x0,0x0,0x0,0xb3,0x1,0x0,0x0,
0xdc,0x0,0x0,0x0,0x0,0x0,0x7,0x0,
0xb2,0x1,0x0,0x0,0x0,0x0,0x0,0x0,
0x59,0x4,0x90,0x0,0x59,0x4,0x10,0x1,
0xd6,0x0,0x0,0x0,0x0,0x0,0x0,0x0,
0x0,0x0,0xff,0xff,0xff,0xff,0xff,0xff,
0x0,0x0,0x0,0x0,0x54,0x0,0x0,0x0,
0x54,0x0,0x0,0x0,0x54,0x0,0x0,0x0,
0x0,0x0,0x0,0x0,0x54,0x0,0x0,0x0,
0x54,0x0,0x0,0x0,0x0,0x0,0x4,0x0,
0x54,0x0,0x0,0x0,0x0,0x0,0x0,0x0,
0xb4,0x0,0x0,0x0,0x5d,0x4,0x50,0x0,
0x0,0x0,0x0,0x0,0xb4,0x0,0x0,0x0,
0x0,0x0,0x0,0x0,0xb4,0x0,0x0,0x0,
0x0,0x0,0x0,0x0,0xea,0x0,0x0,0x0,
0x0,0x2,0x7,0x0,0xb5,0x1,0x0,0x0,
0x0,0x0,0x0,0x0,0x5f,0x4,0x90,0x0,
0x5f,0x4,0x40,0x1,0xd9,0x0,0x0,0x0,
0x0,0x0,0x7,0x0,0xb4,0x1,0x0,0x0,
0x0,0x0,0x0,0x0,0x5e,0x4,0x60,0x2,
0x5e,0x4,0x70,0x3,0x5c,0x0,0x0,0x0,
0x0,0x0,0x2,0x0,0x0,0x0,0x0,0x0,
0x0,0x0,0x0,0x0,0x5e,0x4,0xf0,0x1,
0x5e,0x4,0x20,0x2,0x10,0x0,0x0,0x0,
0x0,0x0,0xa,0x0,0xd2,0x0,0x0,0x0,
0x0,0x0,0x0,0x0,0x5e,0x4,0x90,0x0,
0x5e,0x4,0x10,0x1,0x0,0x0,0x0,0x0,
0x0,0x0,0x0,0x0,0x0,0x0,0x0,0x0,
0x0,0x0,0xff,0xff,0xff,0xff,0xff,0xff,
0x0,0x0,0x0,0x0,0x54,0x0,0x0,0x0,
0x54,0x0,0x0,0x0,0x54,0x0,0x0,0x0,
0x0,0x0,0x0,0x0,0x54,0x0,0x0,0x0,
0x54,0x0,0x0,0x0,0x0,0x0,0x1,0x0,
0x54,0x0,0x0,0x0,0x0,0x0,0x0,0x0,
0x6c,0x0,0x0,0x0,0x5e,0x4,0x90,0x0,
0x0,0x0,0x0,0x0,0x6c,0x0,0x0,0x0,
0x0,0x0,0x0,0x0,0x6c,0x0,0x0,0x0,
0x0,0x0,0x0,0x0,0x11,0x0,0x0,0x0,
0x0,0x0,0x7,0x0,0xb7,0x1,0x0,0x0,
0x0,0x0,0x0,0x0,0x5e,0x4,0x10,0x1,
0x5e,0x4,0x70,0x1,0x0,0x0,0x0,0x0,
0x8,0x0,0x0,0x0,0x0,0x0,0x0,0x0,
0x0,0x0,0xff,0xff,0xff,0xff,0xff,0xff,
0x0,0x0,0x0,0x0,0x54,0x0,0x0,0x0,
0x54,0x0,0x0,0x0,0x54,0x0,0x0,0x0,
0x0,0x0,0x0,0x0,0x54,0x0,0x0,0x0,
0x54,0x0,0x0,0x0,0x0,0x0,0x4,0x0,
0x54,0x0,0x0,0x0,0x0,0x0,0x0,0x0,
0xb4,0x0,0x0,0x0,0x6b,0x4,0x50,0x0,
0x0,0x0,0x0,0x0,0xb4,0x0,0x0,0x0,
0x0,0x0,0x0,0x0,0xb4,0x0,0x0,0x0,
0x0,0x0,0x0,0x0,0x5c,0x0,0x0,0x0,
0x0,0x0,0x2,0x0,0x1e,0x0,0x0,0x0,
0x0,0x0,0x0,0x0,0x6d,0x4,0x90,0x0,
0x6d,0x4,0xc0,0x0,0x0,0x0,0x0,0x0,
0x0,0x0,0x8,0x0,0xd5,0x0,0x0,0x0,
0x0,0x0,0x0,0x0,0x6f,0x4,0x90,0x0,
0x6f,0x4,0x90,0x0,0x0,0x0,0x0,0x0,
0x0,0x0,0x8,0x0,0xd6,0x0,0x0,0x0,
0x0,0x0,0x0,0x0,0xa0,0x4,0x90,0x0,
0xa0,0x4,0x90,0x0,0x10,0x0,0x0,0x0,
0x0,0x0,0xa,0x0,0xd4,0x0,0x0,0x0,
0x0,0x0,0x0,0x0,0x6c,0x4,0x90,0x0,
0x6c,0x4,0x10,0x1,0x0,0x0,0x0,0x0,
0x0,0x0,0x0,0x0,0x0,0x0,0x0,0x0,
0x0,0x0,0xff,0xff,0xff,0xff,0xff,0xff,
0x0,0x0,0x0,0x0,0x54,0x0,0x0,0x0,
0x54,0x0,0x0,0x0,0x54,0x0,0x0,0x0,
0x0,0x0,0x0,0x0,0x54,0x0,0x0,0x0,
0x54,0x0,0x0,0x0,0x0,0x0,0x1,0x0,
0x54,0x0,0x0,0x0,0x0,0x0,0x0,0x0,
0x6c,0x0,0x0,0x0,0x6c,0x4,0x90,0x0,
0x0,0x0,0x0,0x0,0x6c,0x0,0x0,0x0,
0x0,0x0,0x0,0x0,0x6c,0x0,0x0,0x0,
0x0,0x0,0x0,0x0,0x11,0x0,0x0,0x0,
0x0,0x0,0x7,0x0,0xb8,0x1,0x0,0x0,
0x0,0x0,0x0,0x0,0x6c,0x4,0x10,0x1,
0x6c,0x4,0x70,0x1,0x0,0x0,0x0,0x0,
0x63,0x1,0x0,0x0,0x64,0x1,0x0,0x0,
0x0,0x0,0xff,0xff,0xff,0xff,0xff,0xff,
0x0,0x0,0x3,0x0,0x54,0x0,0x0,0x0,
0x54,0x0,0x0,0x0,0x78,0x0,0x0,0x0,
0x0,0x0,0x0,0x0,0x78,0x0,0x0,0x0,
0x78,0x0,0x0,0x0,0x0,0x0,0x4,0x0,
0x78,0x0,0x0,0x0,0x0,0x0,0x0,0x0,
0xd8,0x0,0x0,0x0,0x6f,0x4,0x90,0x0,
0x70,0x4,0xd0,0x0,0xd8,0x0,0x0,0x0,
0x0,0x0,0x0,0x0,0xd8,0x0,0x0,0x0,
0x0,0x0,0x0,0x0,0x65,0x1,0x0,0x0,
0x2,0x0,0x0,0x20,0x71,0x4,0xd0,0x0,
0x66,0x1,0x0,0x0,0x2,0x0,0x0,0x20,
0x72,0x4,0xd0,0x0,0x67,0x1,0x0,0x0,
0x2,0x0,0x0,0x20,0x73,0x4,0xd0,0x0,
0x68,0x1,0x0,0x0,0x0,0x2,0x7,0x0,
0xb9,0x1,0x0,0x0,0x0,0x0,0x0,0x0,
0x74,0x4,0xd0,0x0,0x74,0x4,0x60,0x1,
0x67,0x1,0x0,0x0,0x0,0x0,0x2,0x0,
0xe,0x0,0x0,0x0,0x0,0x0,0x0,0x0,
0x73,0x4,0xa0,0x1,0x73,0x4,0x80,0x2,
0x66,0x1,0x0,0x0,0x0,0x0,0x2,0x0,
0xe,0x0,0x0,0x0,0x0,0x0,0x0,0x0,
0x72,0x4,0xa0,0x1,0x72,0x4,0x80,0x2,
0x65,0x1,0x0,0x0,0x0,0x0,0x2,0x0,
0xe,0x0,0x0,0x0,0x0,0x0,0x0,0x0,
0x71,0x4,0xa0,0x1,0x71,0x4,0xb0,0x2,
0x6a,0x1,0x0,0x0,0x0,0x0,0x0,0x0,
0x0,0x0,0xff,0xff,0xff,0xff,0xff,0xff,
0x0,0x0,0x1,0x0,0x54,0x0,0x0,0x0,
0x54,0x0,0x0,0x0,0x60,0x0,0x0,0x0,
0x0,0x0,0x0,0x0,0x60,0x0,0x0,0x0,
0x60,0x0,0x0,0x0,0x0,0x0,0x5,0x0,
0x60,0x0,0x0,0x0,0x0,0x0,0x0,0x0,
0xd8,0x0,0x0,0x0,0xa0,0x4,0x90,0x0,
0x0,0x0,0x0,0x0,0xd8,0x0,0x0,0x0,
0x0,0x0,0x0,0x0,0xd8,0x0,0x0,0x0,
0x0,0x0,0x0,0x0,0x6b,0x1,0x0,0x0,
0x4,0x0,0x0,0x20,0xa2,0x4,0xd0,0x0,
0x6e,0x1,0x0,0x0,0x0,0x0,0x7,0x0,
0xbc,0x1,0x0,0x0,0x0,0x0,0x0,0x0,
0xa5,0x4,0xd0,0x0,0xa5,0x4,0xd0,0x1,
0x6c,0x1,0x0,0x0,0x0,0x0,0x7,0x0,
0xbb,0x1,0x0,0x0,0x0,0x0,0x0,0x0,
0xa4,0x4,0xd0,0x0,0xa4,0x4,0xe0,0x1,
0x9c,0x0,0x0,0x0,0x0,0x0,0x1,0x0,
0x0,0x0,0x0,0x0,0x0,0x0,0x0,0x0,
0xa3,0x4,0xd0,0x0,0xa3,0x4,0x60,0x1,
0x6b,0x1,0x0,0x0,0x0,0x0,0x2,0x0,
0x1,0x0,0x0,0x0,0x0,0x0,0x0,0x0,
0xa2,0x4,0xb0,0x1,0xa2,0x4,0x60,0x2,
0xdc,0x0,0x0,0x0,0x0,0x0,0x4,0x0,
0x0,0x0,0x0,0x0,0x0,0x0,0x0,0x0,
0xa1,0x4,0xd0,0x0,0xa1,0x4,0x50,0x1
};
extern const QQmlPrivate::AOTCompiledFunction aotBuiltFunctions[];
extern const QQmlPrivate::AOTCompiledFunction aotBuiltFunctions[] = {
{ 1, 0, [](QV4::ExecutableCompilationUnit *contextUnit, QMetaType *argTypes) {
    struct { QV4::ExecutableCompilationUnit *compilationUnit; } c { contextUnit };
    const auto *aotContext = &c;
    Q_UNUSED(aotContext);
    argTypes[0] = QMetaType::fromType<int>();
}, 
    [](const QQmlPrivate::AOTCompiledContext *aotContext, void **argv) {
Q_UNUSED(aotContext)
Q_UNUSED(argv)
// expression for pendingZoomLevel at line 39, column 5
struct Storage : QQmlPrivate::AOTTrackedLocalsStorage {
Storage(const QQmlPrivate::AOTCompiledContext *ctxt, void **a)   : aotContext(ctxt), argv(a) {}
void markObjects(QV4::MarkStack *markStack) const final {    Q_UNUSED(markStack);
}
const QQmlPrivate::AOTCompiledContext *aotContext;
void **argv;
int v2_0;
};
Storage s(aotContext, argv);
aotContext->setLocals(&s);
// generate_LoadQmlContextPropertyLookup
#ifndef QT_NO_DEBUG
aotContext->setInstructionPointer(2);
#endif
while (!aotContext->loadScopeObjectPropertyLookup(3, &s.v2_0)) {
#ifdef QT_NO_DEBUG
aotContext->setInstructionPointer(2);
#endif
aotContext->initLoadScopeObjectPropertyLookup(3);
if (aotContext->engine->hasError()) {
aotContext->setReturnValueUndefined();
if (argv[0]) {
    *static_cast<int *>(argv[0]) = int();
}
return;
}
}
{
}
{
}
// generate_Ret
if (argv[0]) {
    *static_cast<int *>(argv[0]) = s.v2_0;
}
return;
}
 },{ 2, 0, [](QV4::ExecutableCompilationUnit *contextUnit, QMetaType *argTypes) {
    struct { QV4::ExecutableCompilationUnit *compilationUnit; } c { contextUnit };
    const auto *aotContext = &c;
    Q_UNUSED(aotContext);
    argTypes[0] = QMetaType::fromType<double>();
}, 
    [](const QQmlPrivate::AOTCompiledContext *aotContext, void **argv) {
Q_UNUSED(aotContext)
Q_UNUSED(argv)
// expression for zoomScale at line 44, column 5
struct Storage : QQmlPrivate::AOTTrackedLocalsStorage {
Storage(const QQmlPrivate::AOTCompiledContext *ctxt, void **a)   : aotContext(ctxt), argv(a) {}
void markObjects(QV4::MarkStack *markStack) const final {    Q_UNUSED(markStack);
}
const QQmlPrivate::AOTCompiledContext *aotContext;
void **argv;
double v2_0;
double v2_4;
double v2_6;
};
Storage s(aotContext, argv);
aotContext->setLocals(&s);
// generate_LoadQmlContextPropertyLookup
{
int retrieved;
#ifndef QT_NO_DEBUG
aotContext->setInstructionPointer(2);
#endif
while (!aotContext->loadScopeObjectPropertyLookup(4, &retrieved)) {
#ifdef QT_NO_DEBUG
aotContext->setInstructionPointer(2);
#endif
aotContext->initLoadScopeObjectPropertyLookup(4);
if (aotContext->engine->hasError()) {
aotContext->setReturnValueUndefined();
if (argv[0]) {
    *static_cast<double *>(argv[0]) = double();
}
return;
}
}
s.v2_0 = double(std::move(retrieved));
}
{
}
// generate_StoreReg
{
}
// generate_LoadInt
s.v2_4 = double(100);
{
}
// generate_Div
QT_WARNING_PUSH
QT_WARNING_DISABLE_MSVC(4723) // potential divide by 0
s.v2_6 = (s.v2_0 / s.v2_4);
QT_WARNING_POP
{
}
{
}
// generate_Ret
if (argv[0]) {
    *static_cast<double *>(argv[0]) = s.v2_6;
}
return;
}
 },{ 7, 0, [](QV4::ExecutableCompilationUnit *contextUnit, QMetaType *argTypes) {
    struct { QV4::ExecutableCompilationUnit *compilationUnit; } c { contextUnit };
    const auto *aotContext = &c;
    Q_UNUSED(aotContext);
    argTypes[0] = QMetaType();
}, 
    [](const QQmlPrivate::AOTCompiledContext *aotContext, void **argv) {
Q_UNUSED(aotContext)
Q_UNUSED(argv)
// focusFileArea at line 65, column 5
struct Storage : QQmlPrivate::AOTTrackedLocalsStorage {
Storage(const QQmlPrivate::AOTCompiledContext *ctxt, void **a)   : aotContext(ctxt), argv(a) {}
void markObjects(QV4::MarkStack *markStack) const final {    Q_UNUSED(markStack);
    aotContext->mark(v2_0, markStack);
}
const QQmlPrivate::AOTCompiledContext *aotContext;
void **argv;
QObject *v2_0 = nullptr;
};
Storage s(aotContext, argv);
aotContext->setLocals(&s);
// generate_LoadQmlContextPropertyLookup
#ifndef QT_NO_DEBUG
aotContext->setInstructionPointer(2);
#endif
while (!aotContext->loadContextIdLookup(22, &s.v2_0)) {
#ifdef QT_NO_DEBUG
aotContext->setInstructionPointer(2);
#endif
aotContext->initLoadContextIdLookup(22);
if (aotContext->engine->hasError()) {
aotContext->setReturnValueUndefined();
return;
}
}
{
}
// generate_StoreReg
{
}
// generate_CallPropertyLookup
{
const auto doCall = [&]() {
    void *args[] = {nullptr};
    return aotContext->callObjectPropertyLookup(23, s.v2_0, args, 0);
};
const auto doInit = [&]() {
    aotContext->initCallObjectPropertyLookup(23, s.v2_0, 48);
};
#ifndef QT_NO_DEBUG
aotContext->setInstructionPointer(9);
#endif
while (!doCall()) {
#ifdef QT_NO_DEBUG
aotContext->setInstructionPointer(9);
#endif
doInit();
if (aotContext->engine->hasError()) {
aotContext->setReturnValueUndefined();
return;
}
}
}
{
}
{
}
// generate_Ret
return;
}
 },{ 8, 0, [](QV4::ExecutableCompilationUnit *contextUnit, QMetaType *argTypes) {
    struct { QV4::ExecutableCompilationUnit *compilationUnit; } c { contextUnit };
    const auto *aotContext = &c;
    Q_UNUSED(aotContext);
    argTypes[0] = QMetaType();
}, 
    [](const QQmlPrivate::AOTCompiledContext *aotContext, void **argv) {
Q_UNUSED(aotContext)
Q_UNUSED(argv)
// openCreateFolderDialog at line 69, column 5
struct Storage : QQmlPrivate::AOTTrackedLocalsStorage {
Storage(const QQmlPrivate::AOTCompiledContext *ctxt, void **a)   : aotContext(ctxt), argv(a) {}
void markObjects(QV4::MarkStack *markStack) const final {    Q_UNUSED(markStack);
    aotContext->mark(v2_0, markStack);
}
const QQmlPrivate::AOTCompiledContext *aotContext;
void **argv;
QObject *v2_0 = nullptr;
};
Storage s(aotContext, argv);
aotContext->setLocals(&s);
// generate_LoadQmlContextPropertyLookup
#ifndef QT_NO_DEBUG
aotContext->setInstructionPointer(2);
#endif
while (!aotContext->loadContextIdLookup(24, &s.v2_0)) {
#ifdef QT_NO_DEBUG
aotContext->setInstructionPointer(2);
#endif
aotContext->initLoadContextIdLookup(24);
if (aotContext->engine->hasError()) {
aotContext->setReturnValueUndefined();
return;
}
}
{
}
// generate_StoreReg
{
}
// generate_CallPropertyLookup
{
const auto doCall = [&]() {
    void *args[] = {nullptr};
    return aotContext->callObjectPropertyLookup(25, s.v2_0, args, 0);
};
const auto doInit = [&]() {
    aotContext->initCallObjectPropertyLookup(25, s.v2_0, 60);
};
#ifndef QT_NO_DEBUG
aotContext->setInstructionPointer(9);
#endif
while (!doCall()) {
#ifdef QT_NO_DEBUG
aotContext->setInstructionPointer(9);
#endif
doInit();
if (aotContext->engine->hasError()) {
aotContext->setReturnValueUndefined();
return;
}
}
}
{
}
{
}
// generate_Ret
return;
}
 },{ 28, 0, [](QV4::ExecutableCompilationUnit *contextUnit, QMetaType *argTypes) {
    struct { QV4::ExecutableCompilationUnit *compilationUnit; } c { contextUnit };
    const auto *aotContext = &c;
    Q_UNUSED(aotContext);
    argTypes[0] = []() { static const auto t = QMetaType::fromName("QQuickKeysAttached::Priority"); return t; }();
}, 
    [](const QQmlPrivate::AOTCompiledContext *aotContext, void **argv) {
Q_UNUSED(aotContext)
Q_UNUSED(argv)
// expression for priority at line 13, column 5
struct Storage : QQmlPrivate::AOTTrackedLocalsStorage {
Storage(const QQmlPrivate::AOTCompiledContext *ctxt, void **a)   : aotContext(ctxt), argv(a) {}
void markObjects(QV4::MarkStack *markStack) const final {    Q_UNUSED(markStack);
}
const QQmlPrivate::AOTCompiledContext *aotContext;
void **argv;
int v2_5;
};
Storage s(aotContext, argv);
aotContext->setLocals(&s);
{
}
// generate_GetLookup
#ifndef QT_NO_DEBUG
aotContext->setInstructionPointer(10);
#endif
while (!aotContext->getEnumLookup(234, &s.v2_5)) {
#ifdef QT_NO_DEBUG
aotContext->setInstructionPointer(10);
#endif
aotContext->initGetEnumLookup(234, []() { static const auto t = QMetaType::fromName("QQuickKeysAttached*"); return t; }().metaObject(), "Priority", "BeforeItem");
if (aotContext->engine->hasError()) {
aotContext->setReturnValueUndefined();
if (argv[0]) {
    const QMetaType returnType = []() { static const auto t = QMetaType::fromName("QQuickKeysAttached::Priority"); return t; }();
    returnType.destruct(argv[0]);
    returnType.construct(argv[0]);
 }
return;
}
}
{
}
{
}
// generate_Ret
if (argv[0]) {
    const QMetaType returnType = QMetaType::fromType<int>();
    returnType.destruct(argv[0]);
    returnType.construct(argv[0], &s.v2_5);
}
return;
}
 },{ 29, 1, [](QV4::ExecutableCompilationUnit *contextUnit, QMetaType *argTypes) {
    struct { QV4::ExecutableCompilationUnit *compilationUnit; } c { contextUnit };
    const auto *aotContext = &c;
    Q_UNUSED(aotContext);
    argTypes[0] = QMetaType();
    argTypes[1] = []() { static const auto t = QMetaType::fromName("QQuickKeyEvent*"); return t; }();
}, 
    [](const QQmlPrivate::AOTCompiledContext *aotContext, void **argv) {
Q_UNUSED(aotContext)
Q_UNUSED(argv)
// expression for onPressed at line 262, column 5
struct Storage : QQmlPrivate::AOTTrackedLocalsStorage {
Storage(const QQmlPrivate::AOTCompiledContext *ctxt, void **a)   : aotContext(ctxt), argv(a) {}
void markObjects(QV4::MarkStack *markStack) const final {    Q_UNUSED(markStack);
}
const QQmlPrivate::AOTCompiledContext *aotContext;
void **argv;
};
Storage s(aotContext, argv);
aotContext->setLocals(&s);
// generate_CreateCallContext
{
{
}
{
}
{
}
// generate_PopContext
{}
}
{
}
{
}
// generate_Ret
return;
}
 },{ 31, 1, [](QV4::ExecutableCompilationUnit *contextUnit, QMetaType *argTypes) {
    struct { QV4::ExecutableCompilationUnit *compilationUnit; } c { contextUnit };
    const auto *aotContext = &c;
    Q_UNUSED(aotContext);
    argTypes[0] = QMetaType();
    argTypes[1] = []() { static const auto t = QMetaType::fromName("QQuickDragEvent*"); return t; }();
}, 
    [](const QQmlPrivate::AOTCompiledContext *aotContext, void **argv) {
Q_UNUSED(aotContext)
Q_UNUSED(argv)
// expression for onDropped at line 17, column 9
struct Storage : QQmlPrivate::AOTTrackedLocalsStorage {
Storage(const QQmlPrivate::AOTCompiledContext *ctxt, void **a)   : aotContext(ctxt), argv(a) {}
void markObjects(QV4::MarkStack *markStack) const final {    Q_UNUSED(markStack);
}
const QQmlPrivate::AOTCompiledContext *aotContext;
void **argv;
};
Storage s(aotContext, argv);
aotContext->setLocals(&s);
// generate_CreateCallContext
{
{
}
{
}
{
}
// generate_PopContext
{}
}
{
}
{
}
// generate_Ret
return;
}
 },{ 33, 0, [](QV4::ExecutableCompilationUnit *contextUnit, QMetaType *argTypes) {
    struct { QV4::ExecutableCompilationUnit *compilationUnit; } c { contextUnit };
    const auto *aotContext = &c;
    Q_UNUSED(aotContext);
    argTypes[0] = []() { static const auto t = QMetaType::fromName("QQuickItem*"); return t; }();
}, 
    [](const QQmlPrivate::AOTCompiledContext *aotContext, void **argv) {
Q_UNUSED(aotContext)
Q_UNUSED(argv)
// expression for fill at line 16, column 9
struct Storage : QQmlPrivate::AOTTrackedLocalsStorage {
Storage(const QQmlPrivate::AOTCompiledContext *ctxt, void **a)   : aotContext(ctxt), argv(a) {}
void markObjects(QV4::MarkStack *markStack) const final {    Q_UNUSED(markStack);
    aotContext->mark(v2_0, markStack);
}
const QQmlPrivate::AOTCompiledContext *aotContext;
void **argv;
QObject *v2_0 = nullptr;
};
Storage s(aotContext, argv);
aotContext->setLocals(&s);
// generate_LoadQmlContextPropertyLookup
#ifndef QT_NO_DEBUG
aotContext->setInstructionPointer(5);
#endif
while (!aotContext->loadScopeObjectPropertyLookup(356, &s.v2_0)) {
#ifdef QT_NO_DEBUG
aotContext->setInstructionPointer(5);
#endif
aotContext->initLoadScopeObjectPropertyLookup(356);
if (aotContext->engine->hasError()) {
aotContext->setReturnValueUndefined();
if (argv[0]) {
    *static_cast<QObject * *>(argv[0]) = nullptr;
}
return;
}
}
{
}
{
}
// generate_Ret
if (argv[0]) {
    *static_cast<QObject * *>(argv[0]) = s.v2_0;
}
return;
}
 },{ 35, 0, [](QV4::ExecutableCompilationUnit *contextUnit, QMetaType *argTypes) {
    struct { QV4::ExecutableCompilationUnit *compilationUnit; } c { contextUnit };
    const auto *aotContext = &c;
    Q_UNUSED(aotContext);
    argTypes[0] = QMetaType();
}, 
    [](const QQmlPrivate::AOTCompiledContext *aotContext, void **argv) {
Q_UNUSED(aotContext)
Q_UNUSED(argv)
// expression for onTriggered at line 241, column 9
struct Storage : QQmlPrivate::AOTTrackedLocalsStorage {
Storage(const QQmlPrivate::AOTCompiledContext *ctxt, void **a)   : aotContext(ctxt), argv(a) {}
void markObjects(QV4::MarkStack *markStack) const final {    Q_UNUSED(markStack);
    aotContext->mark(v2_1, markStack);
    aotContext->mark(v2_19, markStack);
}
const QQmlPrivate::AOTCompiledContext *aotContext;
void **argv;
QObject *v2_1 = nullptr;
QObject *v2_19 = nullptr;
QString v2_8;
int v2_26;
};
Storage s(aotContext, argv);
aotContext->setLocals(&s);
// generate_CreateCallContext
{
{
}
// generate_LoadQmlContextPropertyLookup
#ifndef QT_NO_DEBUG
aotContext->setInstructionPointer(6);
#endif
while (!aotContext->loadContextIdLookup(360, &s.v2_1)) {
#ifdef QT_NO_DEBUG
aotContext->setInstructionPointer(6);
#endif
aotContext->initLoadContextIdLookup(360);
if (aotContext->engine->hasError()) {
aotContext->setReturnValueUndefined();
return;
}
}
{
}
// generate_StoreReg
{
}
// generate_LoadRuntimeString
s.v2_8 = QStringLiteral("");
{
}
// generate_SetLookup
{
#ifndef QT_NO_DEBUG
aotContext->setInstructionPointer(19);
#endif
while (!aotContext->setObjectLookup(361, s.v2_1, &s.v2_8)) {
#ifdef QT_NO_DEBUG
aotContext->setInstructionPointer(19);
#endif
aotContext->initSetObjectLookup(361, s.v2_1);
if (aotContext->engine->hasError()) {
aotContext->setReturnValueUndefined();
return;
}
}
}
{
}
// generate_LoadQmlContextPropertyLookup
#ifndef QT_NO_DEBUG
aotContext->setInstructionPointer(24);
#endif
while (!aotContext->loadContextIdLookup(362, &s.v2_19)) {
#ifdef QT_NO_DEBUG
aotContext->setInstructionPointer(24);
#endif
aotContext->initLoadContextIdLookup(362);
if (aotContext->engine->hasError()) {
aotContext->setReturnValueUndefined();
return;
}
}
{
}
// generate_StoreReg
{
}
// generate_LoadInt
s.v2_26 = -1;
{
}
{
}
// generate_SetLookup
{
#ifndef QT_NO_DEBUG
aotContext->setInstructionPointer(39);
#endif
while (!aotContext->setObjectLookup(363, s.v2_19, &s.v2_26)) {
#ifdef QT_NO_DEBUG
aotContext->setInstructionPointer(39);
#endif
aotContext->initSetObjectLookup(363, s.v2_19);
if (aotContext->engine->hasError()) {
aotContext->setReturnValueUndefined();
return;
}
}
}
{
}
{
}
// generate_PopContext
{}
}
{
}
{
}
// generate_Ret
return;
}
 },{ 36, 0, [](QV4::ExecutableCompilationUnit *contextUnit, QMetaType *argTypes) {
    struct { QV4::ExecutableCompilationUnit *compilationUnit; } c { contextUnit };
    const auto *aotContext = &c;
    Q_UNUSED(aotContext);
    argTypes[0] = QMetaType();
}, 
    [](const QQmlPrivate::AOTCompiledContext *aotContext, void **argv) {
Q_UNUSED(aotContext)
Q_UNUSED(argv)
// expression for onTriggered at line 251, column 9
struct Storage : QQmlPrivate::AOTTrackedLocalsStorage {
Storage(const QQmlPrivate::AOTCompiledContext *ctxt, void **a)   : aotContext(ctxt), argv(a) {}
void markObjects(QV4::MarkStack *markStack) const final {    Q_UNUSED(markStack);
    aotContext->mark(v2_1, markStack);
    aotContext->mark(v2_8, markStack);
}
const QQmlPrivate::AOTCompiledContext *aotContext;
void **argv;
QObject *v2_1 = nullptr;
QVariant v2_8;
};
Storage s(aotContext, argv);
aotContext->setLocals(&s);
// generate_CreateCallContext
{
{
}
// generate_LoadQmlContextPropertyLookup
#ifndef QT_NO_DEBUG
aotContext->setInstructionPointer(6);
#endif
while (!aotContext->loadContextIdLookup(364, &s.v2_1)) {
#ifdef QT_NO_DEBUG
aotContext->setInstructionPointer(6);
#endif
aotContext->initLoadContextIdLookup(364);
if (aotContext->engine->hasError()) {
aotContext->setReturnValueUndefined();
return;
}
}
{
}
// generate_StoreReg
{
}
// generate_CallPropertyLookup
{
QVariant callResult;
const auto doCall = [&]() {
    void *args[] = {&callResult};
    return aotContext->callObjectPropertyLookup(365, s.v2_1, args, 0);
};
const auto doInit = [&]() {
    aotContext->initCallObjectPropertyLookup(365, s.v2_1, 21);
};
#ifndef QT_NO_DEBUG
aotContext->setInstructionPointer(25);
#endif
while (!doCall()) {
#ifdef QT_NO_DEBUG
aotContext->setInstructionPointer(25);
#endif
doInit();
if (aotContext->engine->hasError()) {
aotContext->setReturnValueUndefined();
return;
}
}
s.v2_8 = std::move(callResult);
aotContext->setImplicitDestructible(s.v2_8);
}
{
}
{
}
// generate_PopContext
{}
}
{
}
{
}
// generate_Ret
return;
}
 },{ 38, 0, [](QV4::ExecutableCompilationUnit *contextUnit, QMetaType *argTypes) {
    struct { QV4::ExecutableCompilationUnit *compilationUnit; } c { contextUnit };
    const auto *aotContext = &c;
    Q_UNUSED(aotContext);
    argTypes[0] = QMetaType();
}, 
    [](const QQmlPrivate::AOTCompiledContext *aotContext, void **argv) {
Q_UNUSED(aotContext)
Q_UNUSED(argv)
// expression for onTriggered at line 259, column 9
struct Storage : QQmlPrivate::AOTTrackedLocalsStorage {
Storage(const QQmlPrivate::AOTCompiledContext *ctxt, void **a)   : aotContext(ctxt), argv(a) {}
void markObjects(QV4::MarkStack *markStack) const final {    Q_UNUSED(markStack);
    aotContext->mark(v2_1, markStack);
    aotContext->mark(v2_8, markStack);
}
const QQmlPrivate::AOTCompiledContext *aotContext;
void **argv;
QObject *v2_1 = nullptr;
QVariant v2_8;
};
Storage s(aotContext, argv);
aotContext->setLocals(&s);
// generate_CreateCallContext
{
{
}
// generate_LoadQmlContextPropertyLookup
#ifndef QT_NO_DEBUG
aotContext->setInstructionPointer(6);
#endif
while (!aotContext->loadContextIdLookup(369, &s.v2_1)) {
#ifdef QT_NO_DEBUG
aotContext->setInstructionPointer(6);
#endif
aotContext->initLoadContextIdLookup(369);
if (aotContext->engine->hasError()) {
aotContext->setReturnValueUndefined();
return;
}
}
{
}
// generate_StoreReg
{
}
// generate_CallPropertyLookup
{
QVariant callResult;
const auto doCall = [&]() {
    void *args[] = {&callResult};
    return aotContext->callObjectPropertyLookup(370, s.v2_1, args, 0);
};
const auto doInit = [&]() {
    aotContext->initCallObjectPropertyLookup(370, s.v2_1, 21);
};
#ifndef QT_NO_DEBUG
aotContext->setInstructionPointer(25);
#endif
while (!doCall()) {
#ifdef QT_NO_DEBUG
aotContext->setInstructionPointer(25);
#endif
doInit();
if (aotContext->engine->hasError()) {
aotContext->setReturnValueUndefined();
return;
}
}
s.v2_8 = std::move(callResult);
aotContext->setImplicitDestructible(s.v2_8);
}
{
}
{
}
// generate_PopContext
{}
}
{
}
{
}
// generate_Ret
return;
}
 },{ 40, 0, [](QV4::ExecutableCompilationUnit *contextUnit, QMetaType *argTypes) {
    struct { QV4::ExecutableCompilationUnit *compilationUnit; } c { contextUnit };
    const auto *aotContext = &c;
    Q_UNUSED(aotContext);
    argTypes[0] = []() { static const auto t = QMetaType::fromName("QQuickItem*"); return t; }();
}, 
    [](const QQmlPrivate::AOTCompiledContext *aotContext, void **argv) {
Q_UNUSED(aotContext)
Q_UNUSED(argv)
// expression for fill at line 344, column 9
struct Storage : QQmlPrivate::AOTTrackedLocalsStorage {
Storage(const QQmlPrivate::AOTCompiledContext *ctxt, void **a)   : aotContext(ctxt), argv(a) {}
void markObjects(QV4::MarkStack *markStack) const final {    Q_UNUSED(markStack);
    aotContext->mark(v2_0, markStack);
}
const QQmlPrivate::AOTCompiledContext *aotContext;
void **argv;
QObject *v2_0 = nullptr;
};
Storage s(aotContext, argv);
aotContext->setLocals(&s);
// generate_LoadQmlContextPropertyLookup
#ifndef QT_NO_DEBUG
aotContext->setInstructionPointer(5);
#endif
while (!aotContext->loadScopeObjectPropertyLookup(373, &s.v2_0)) {
#ifdef QT_NO_DEBUG
aotContext->setInstructionPointer(5);
#endif
aotContext->initLoadScopeObjectPropertyLookup(373);
if (aotContext->engine->hasError()) {
aotContext->setReturnValueUndefined();
if (argv[0]) {
    *static_cast<QObject * *>(argv[0]) = nullptr;
}
return;
}
}
{
}
{
}
// generate_Ret
if (argv[0]) {
    *static_cast<QObject * *>(argv[0]) = s.v2_0;
}
return;
}
 },{ 42, 0, [](QV4::ExecutableCompilationUnit *contextUnit, QMetaType *argTypes) {
    struct { QV4::ExecutableCompilationUnit *compilationUnit; } c { contextUnit };
    const auto *aotContext = &c;
    Q_UNUSED(aotContext);
    argTypes[0] = []() { static const auto t = QMetaType::fromName("QQuickItem*"); return t; }();
}, 
    [](const QQmlPrivate::AOTCompiledContext *aotContext, void **argv) {
Q_UNUSED(aotContext)
Q_UNUSED(argv)
// expression for fill at line 349, column 9
struct Storage : QQmlPrivate::AOTTrackedLocalsStorage {
Storage(const QQmlPrivate::AOTCompiledContext *ctxt, void **a)   : aotContext(ctxt), argv(a) {}
void markObjects(QV4::MarkStack *markStack) const final {    Q_UNUSED(markStack);
    aotContext->mark(v2_0, markStack);
}
const QQmlPrivate::AOTCompiledContext *aotContext;
void **argv;
QObject *v2_0 = nullptr;
};
Storage s(aotContext, argv);
aotContext->setLocals(&s);
// generate_LoadQmlContextPropertyLookup
#ifndef QT_NO_DEBUG
aotContext->setInstructionPointer(5);
#endif
while (!aotContext->loadScopeObjectPropertyLookup(377, &s.v2_0)) {
#ifdef QT_NO_DEBUG
aotContext->setInstructionPointer(5);
#endif
aotContext->initLoadScopeObjectPropertyLookup(377);
if (aotContext->engine->hasError()) {
aotContext->setReturnValueUndefined();
if (argv[0]) {
    *static_cast<QObject * *>(argv[0]) = nullptr;
}
return;
}
}
{
}
{
}
// generate_Ret
if (argv[0]) {
    *static_cast<QObject * *>(argv[0]) = s.v2_0;
}
return;
}
 },{ 43, 0, [](QV4::ExecutableCompilationUnit *contextUnit, QMetaType *argTypes) {
    struct { QV4::ExecutableCompilationUnit *compilationUnit; } c { contextUnit };
    const auto *aotContext = &c;
    Q_UNUSED(aotContext);
    argTypes[0] = QMetaType::fromType<double>();
}, 
    [](const QQmlPrivate::AOTCompiledContext *aotContext, void **argv) {
Q_UNUSED(aotContext)
Q_UNUSED(argv)
// expression for width at line 351, column 9
struct Storage : QQmlPrivate::AOTTrackedLocalsStorage {
Storage(const QQmlPrivate::AOTCompiledContext *ctxt, void **a)   : aotContext(ctxt), argv(a) {}
void markObjects(QV4::MarkStack *markStack) const final {    Q_UNUSED(markStack);
    aotContext->mark(v2_0, markStack);
}
const QQmlPrivate::AOTCompiledContext *aotContext;
void **argv;
QObject *v2_0 = nullptr;
bool v2_5;
double c2_17;
double v2_12;
double v2_16;
};
Storage s(aotContext, argv);
aotContext->setLocals(&s);
// generate_LoadQmlContextPropertyLookup
#ifndef QT_NO_DEBUG
aotContext->setInstructionPointer(5);
#endif
while (!aotContext->loadContextIdLookup(378, &s.v2_0)) {
#ifdef QT_NO_DEBUG
aotContext->setInstructionPointer(5);
#endif
aotContext->initLoadContextIdLookup(378);
if (aotContext->engine->hasError()) {
aotContext->setReturnValueUndefined();
if (argv[0]) {
    *static_cast<double *>(argv[0]) = double();
}
return;
}
}
{
}
// generate_GetLookup
#ifndef QT_NO_DEBUG
aotContext->setInstructionPointer(10);
#endif
while (!aotContext->getObjectLookup(379, s.v2_0, &s.v2_5)) {
#ifdef QT_NO_DEBUG
aotContext->setInstructionPointer(10);
#endif
aotContext->initGetObjectLookup(379, s.v2_0);
if (aotContext->engine->hasError()) {
aotContext->setReturnValueUndefined();
if (argv[0]) {
    *static_cast<double *>(argv[0]) = double();
}
return;
}
}
{
}
// generate_JumpFalse
if (!s.v2_5) {
    goto label_0;
}
{
}
// generate_LoadInt
s.v2_12 = double(1);
{
}
// generate_Jump
{
s.c2_17 = s.v2_12;
    goto label_1;
}
label_0:;
// generate_LoadZero
s.v2_16 = double(0);
{
s.c2_17 = s.v2_16;
}
label_1:;
{
}
// generate_Ret
if (argv[0]) {
    *static_cast<double *>(argv[0]) = s.c2_17;
}
return;
}
 },{ 54, 0, [](QV4::ExecutableCompilationUnit *contextUnit, QMetaType *argTypes) {
    struct { QV4::ExecutableCompilationUnit *compilationUnit; } c { contextUnit };
    const auto *aotContext = &c;
    Q_UNUSED(aotContext);
    argTypes[0] = []() { static const auto t = QMetaType::fromName("QPlatformDialogHelper::StandardButtons"); return t; }();
}, 
    [](const QQmlPrivate::AOTCompiledContext *aotContext, void **argv) {
Q_UNUSED(aotContext)
Q_UNUSED(argv)
// expression for standardButtons at line 407, column 9
struct Storage : QQmlPrivate::AOTTrackedLocalsStorage {
Storage(const QQmlPrivate::AOTCompiledContext *ctxt, void **a)   : aotContext(ctxt), argv(a) {}
void markObjects(QV4::MarkStack *markStack) const final {    Q_UNUSED(markStack);
}
const QQmlPrivate::AOTCompiledContext *aotContext;
void **argv;
int v2_17;
int v2_22;
int v2_5;
};
Storage s(aotContext, argv);
aotContext->setLocals(&s);
{
}
// generate_GetLookup
#ifndef QT_NO_DEBUG
aotContext->setInstructionPointer(10);
#endif
while (!aotContext->getEnumLookup(432, &s.v2_5)) {
#ifdef QT_NO_DEBUG
aotContext->setInstructionPointer(10);
#endif
aotContext->initGetEnumLookup(432, []() { static const auto t = QMetaType::fromName("QPlatformDialogHelper*"); return t; }().metaObject(), "StandardButton", "Ok");
if (aotContext->engine->hasError()) {
aotContext->setReturnValueUndefined();
if (argv[0]) {
    const QMetaType returnType = []() { static const auto t = QMetaType::fromName("QPlatformDialogHelper::StandardButtons"); return t; }();
    returnType.destruct(argv[0]);
    returnType.construct(argv[0]);
 }
return;
}
}
{
}
// generate_StoreReg
{
}
{
}
// generate_GetLookup
#ifndef QT_NO_DEBUG
aotContext->setInstructionPointer(22);
#endif
while (!aotContext->getEnumLookup(434, &s.v2_17)) {
#ifdef QT_NO_DEBUG
aotContext->setInstructionPointer(22);
#endif
aotContext->initGetEnumLookup(434, []() { static const auto t = QMetaType::fromName("QPlatformDialogHelper*"); return t; }().metaObject(), "StandardButton", "Cancel");
if (aotContext->engine->hasError()) {
aotContext->setReturnValueUndefined();
if (argv[0]) {
    const QMetaType returnType = []() { static const auto t = QMetaType::fromName("QPlatformDialogHelper::StandardButtons"); return t; }();
    returnType.destruct(argv[0]);
    returnType.construct(argv[0]);
 }
return;
}
}
{
}
// generate_BitOr
s.v2_22 = (s.v2_5 | s.v2_17);
{
}
{
}
// generate_Ret
if (argv[0]) {
    const QMetaType returnType = QMetaType::fromType<int>();
    returnType.destruct(argv[0]);
    returnType.construct(argv[0], &s.v2_22);
}
return;
}
 },{ 55, 0, [](QV4::ExecutableCompilationUnit *contextUnit, QMetaType *argTypes) {
    struct { QV4::ExecutableCompilationUnit *compilationUnit; } c { contextUnit };
    const auto *aotContext = &c;
    Q_UNUSED(aotContext);
    argTypes[0] = QMetaType();
}, 
    [](const QQmlPrivate::AOTCompiledContext *aotContext, void **argv) {
Q_UNUSED(aotContext)
Q_UNUSED(argv)
// expression for onOpened at line 424, column 9
struct Storage : QQmlPrivate::AOTTrackedLocalsStorage {
Storage(const QQmlPrivate::AOTCompiledContext *ctxt, void **a)   : aotContext(ctxt), argv(a) {}
void markObjects(QV4::MarkStack *markStack) const final {    Q_UNUSED(markStack);
    aotContext->mark(v2_1, markStack);
    aotContext->mark(v2_19, markStack);
}
const QQmlPrivate::AOTCompiledContext *aotContext;
void **argv;
QObject *v2_1 = nullptr;
QObject *v2_19 = nullptr;
QString v2_8;
};
Storage s(aotContext, argv);
aotContext->setLocals(&s);
// generate_CreateCallContext
{
{
}
// generate_LoadQmlContextPropertyLookup
#ifndef QT_NO_DEBUG
aotContext->setInstructionPointer(6);
#endif
while (!aotContext->loadContextIdLookup(435, &s.v2_1)) {
#ifdef QT_NO_DEBUG
aotContext->setInstructionPointer(6);
#endif
aotContext->initLoadContextIdLookup(435);
if (aotContext->engine->hasError()) {
aotContext->setReturnValueUndefined();
return;
}
}
{
}
// generate_StoreReg
{
}
// generate_LoadRuntimeString
s.v2_8 = QStringLiteral("");
{
}
// generate_SetLookup
{
#ifndef QT_NO_DEBUG
aotContext->setInstructionPointer(19);
#endif
while (!aotContext->setObjectLookup(436, s.v2_1, &s.v2_8)) {
#ifdef QT_NO_DEBUG
aotContext->setInstructionPointer(19);
#endif
aotContext->initSetObjectLookup(436, s.v2_1);
if (aotContext->engine->hasError()) {
aotContext->setReturnValueUndefined();
return;
}
}
}
{
}
// generate_LoadQmlContextPropertyLookup
#ifndef QT_NO_DEBUG
aotContext->setInstructionPointer(24);
#endif
while (!aotContext->loadContextIdLookup(437, &s.v2_19)) {
#ifdef QT_NO_DEBUG
aotContext->setInstructionPointer(24);
#endif
aotContext->initLoadContextIdLookup(437);
if (aotContext->engine->hasError()) {
aotContext->setReturnValueUndefined();
return;
}
}
{
}
// generate_StoreReg
{
}
// generate_CallPropertyLookup
{
const auto doCall = [&]() {
    void *args[] = {nullptr};
    return aotContext->callObjectPropertyLookup(438, s.v2_19, args, 0);
};
const auto doInit = [&]() {
    aotContext->initCallObjectPropertyLookup(438, s.v2_19, 48);
};
#ifndef QT_NO_DEBUG
aotContext->setInstructionPointer(43);
#endif
while (!doCall()) {
#ifdef QT_NO_DEBUG
aotContext->setInstructionPointer(43);
#endif
doInit();
if (aotContext->engine->hasError()) {
aotContext->setReturnValueUndefined();
return;
}
}
}
{
}
{
}
// generate_PopContext
{}
}
{
}
{
}
// generate_Ret
return;
}
 },{ 57, 0, [](QV4::ExecutableCompilationUnit *contextUnit, QMetaType *argTypes) {
    struct { QV4::ExecutableCompilationUnit *compilationUnit; } c { contextUnit };
    const auto *aotContext = &c;
    Q_UNUSED(aotContext);
    argTypes[0] = []() { static const auto t = QMetaType::fromName("QQuickItem*"); return t; }();
}, 
    [](const QQmlPrivate::AOTCompiledContext *aotContext, void **argv) {
Q_UNUSED(aotContext)
Q_UNUSED(argv)
// expression for centerIn at line 409, column 9
struct Storage : QQmlPrivate::AOTTrackedLocalsStorage {
Storage(const QQmlPrivate::AOTCompiledContext *ctxt, void **a)   : aotContext(ctxt), argv(a) {}
void markObjects(QV4::MarkStack *markStack) const final {    Q_UNUSED(markStack);
    aotContext->mark(v2_0, markStack);
}
const QQmlPrivate::AOTCompiledContext *aotContext;
void **argv;
QObject *v2_0 = nullptr;
};
Storage s(aotContext, argv);
aotContext->setLocals(&s);
// generate_LoadQmlContextPropertyLookup
#ifndef QT_NO_DEBUG
aotContext->setInstructionPointer(5);
#endif
while (!aotContext->loadScopeObjectPropertyLookup(448, &s.v2_0)) {
#ifdef QT_NO_DEBUG
aotContext->setInstructionPointer(5);
#endif
aotContext->initLoadScopeObjectPropertyLookup(448);
if (aotContext->engine->hasError()) {
aotContext->setReturnValueUndefined();
if (argv[0]) {
    *static_cast<QObject * *>(argv[0]) = nullptr;
}
return;
}
}
{
}
{
}
// generate_Ret
if (argv[0]) {
    *static_cast<QObject * *>(argv[0]) = s.v2_0;
}
return;
}
 },{ 58, 0, [](QV4::ExecutableCompilationUnit *contextUnit, QMetaType *argTypes) {
    struct { QV4::ExecutableCompilationUnit *compilationUnit; } c { contextUnit };
    const auto *aotContext = &c;
    Q_UNUSED(aotContext);
    argTypes[0] = []() { static const auto t = QMetaType::fromName("QColor"); return t; }();
}, 
    [](const QQmlPrivate::AOTCompiledContext *aotContext, void **argv) {
Q_UNUSED(aotContext)
Q_UNUSED(argv)
// expression for color at line 415, column 41
struct Storage : QQmlPrivate::AOTTrackedLocalsStorage {
Storage(const QQmlPrivate::AOTCompiledContext *ctxt, void **a)   : aotContext(ctxt), argv(a) {}
void markObjects(QV4::MarkStack *markStack) const final {    Q_UNUSED(markStack);
    aotContext->mark(v2_0, markStack);
    aotContext->mark(v2_5, markStack);
}
const QQmlPrivate::AOTCompiledContext *aotContext;
void **argv;
QObject *v2_0 = nullptr;
QVariant v2_5;
};
Storage s(aotContext, argv);
aotContext->setLocals(&s);
// generate_LoadQmlContextPropertyLookup
#ifndef QT_NO_DEBUG
aotContext->setInstructionPointer(5);
#endif
while (!aotContext->loadContextIdLookup(449, &s.v2_0)) {
#ifdef QT_NO_DEBUG
aotContext->setInstructionPointer(5);
#endif
aotContext->initLoadContextIdLookup(449);
if (aotContext->engine->hasError()) {
aotContext->setReturnValueUndefined();
if (argv[0]) {
    const QMetaType returnType = []() { static const auto t = QMetaType::fromName("QColor"); return t; }();
    returnType.destruct(argv[0]);
    returnType.construct(argv[0]);
 }
return;
}
}
{
}
// generate_GetLookup
#ifndef QT_NO_DEBUG
aotContext->setInstructionPointer(10);
#endif
s.v2_5 = QVariant(aotContext->lookupResultMetaType(450));
while (!aotContext->getObjectLookup(450, s.v2_0, s.v2_5.data())) {
#ifdef QT_NO_DEBUG
aotContext->setInstructionPointer(10);
#endif
aotContext->initGetObjectLookup(450, s.v2_0);
if (aotContext->engine->hasError()) {
aotContext->setReturnValueUndefined();
if (argv[0]) {
    const QMetaType returnType = []() { static const auto t = QMetaType::fromName("QColor"); return t; }();
    returnType.destruct(argv[0]);
    returnType.construct(argv[0]);
 }
return;
}
s.v2_5 = QVariant(aotContext->lookupResultMetaType(450));
}
{
}
{
}
// generate_Ret
if (argv[0]) {
    if (!s.v2_5.isValid())
        aotContext->setReturnValueUndefined();
    const QMetaType returnType = s.v2_5.metaType();
    returnType.destruct(argv[0]);
    returnType.construct(argv[0], s.v2_5.data());
}
return;
}
 },{ 61, 0, [](QV4::ExecutableCompilationUnit *contextUnit, QMetaType *argTypes) {
    struct { QV4::ExecutableCompilationUnit *compilationUnit; } c { contextUnit };
    const auto *aotContext = &c;
    Q_UNUSED(aotContext);
    argTypes[0] = QMetaType();
}, 
    [](const QQmlPrivate::AOTCompiledContext *aotContext, void **argv) {
Q_UNUSED(aotContext)
Q_UNUSED(argv)
// expression for onTriggered at line 438, column 40
struct Storage : QQmlPrivate::AOTTrackedLocalsStorage {
Storage(const QQmlPrivate::AOTCompiledContext *ctxt, void **a)   : aotContext(ctxt), argv(a) {}
void markObjects(QV4::MarkStack *markStack) const final {    Q_UNUSED(markStack);
    aotContext->mark(v2_1, markStack);
    aotContext->mark(v2_8, markStack);
}
const QQmlPrivate::AOTCompiledContext *aotContext;
void **argv;
QObject *v2_1 = nullptr;
QVariant v2_8;
};
Storage s(aotContext, argv);
aotContext->setLocals(&s);
// generate_CreateCallContext
{
{
}
// generate_LoadQmlContextPropertyLookup
#ifndef QT_NO_DEBUG
aotContext->setInstructionPointer(6);
#endif
while (!aotContext->loadContextIdLookup(460, &s.v2_1)) {
#ifdef QT_NO_DEBUG
aotContext->setInstructionPointer(6);
#endif
aotContext->initLoadContextIdLookup(460);
if (aotContext->engine->hasError()) {
aotContext->setReturnValueUndefined();
return;
}
}
{
}
// generate_StoreReg
{
}
// generate_CallPropertyLookup
{
QVariant callResult;
const auto doCall = [&]() {
    void *args[] = {&callResult};
    return aotContext->callObjectPropertyLookup(461, s.v2_1, args, 0);
};
const auto doInit = [&]() {
    aotContext->initCallObjectPropertyLookup(461, s.v2_1, 8);
};
#ifndef QT_NO_DEBUG
aotContext->setInstructionPointer(25);
#endif
while (!doCall()) {
#ifdef QT_NO_DEBUG
aotContext->setInstructionPointer(25);
#endif
doInit();
if (aotContext->engine->hasError()) {
aotContext->setReturnValueUndefined();
return;
}
}
s.v2_8 = std::move(callResult);
aotContext->setImplicitDestructible(s.v2_8);
}
{
}
{
}
// generate_PopContext
{}
}
{
}
{
}
// generate_Ret
return;
}
 },{ 68, 0, [](QV4::ExecutableCompilationUnit *contextUnit, QMetaType *argTypes) {
    struct { QV4::ExecutableCompilationUnit *compilationUnit; } c { contextUnit };
    const auto *aotContext = &c;
    Q_UNUSED(aotContext);
    argTypes[0] = QMetaType();
}, 
    [](const QQmlPrivate::AOTCompiledContext *aotContext, void **argv) {
Q_UNUSED(aotContext)
Q_UNUSED(argv)
// expression for onTriggered at line 446, column 13
struct Storage : QQmlPrivate::AOTTrackedLocalsStorage {
Storage(const QQmlPrivate::AOTCompiledContext *ctxt, void **a)   : aotContext(ctxt), argv(a) {}
void markObjects(QV4::MarkStack *markStack) const final {    Q_UNUSED(markStack);
    aotContext->mark(v2_1, markStack);
}
const QQmlPrivate::AOTCompiledContext *aotContext;
void **argv;
QObject *v2_1 = nullptr;
};
Storage s(aotContext, argv);
aotContext->setLocals(&s);
// generate_CreateCallContext
{
{
}
// generate_LoadQmlContextPropertyLookup
#ifndef QT_NO_DEBUG
aotContext->setInstructionPointer(6);
#endif
while (!aotContext->loadSingletonLookup(475, &s.v2_1)) {
#ifdef QT_NO_DEBUG
aotContext->setInstructionPointer(6);
#endif
aotContext->initLoadSingletonLookup(475, QQmlPrivate::AOTCompiledContext::InvalidStringId);
if (aotContext->engine->hasError()) {
aotContext->setReturnValueUndefined();
return;
}
}
{
}
// generate_StoreReg
{
}
// generate_CallPropertyLookup
{
const auto doCall = [&]() {
    void *args[] = {nullptr};
    return aotContext->callObjectPropertyLookup(476, s.v2_1, args, 0);
};
const auto doInit = [&]() {
    aotContext->initCallObjectPropertyLookup(476, s.v2_1, 83);
};
#ifndef QT_NO_DEBUG
aotContext->setInstructionPointer(25);
#endif
while (!doCall()) {
#ifdef QT_NO_DEBUG
aotContext->setInstructionPointer(25);
#endif
doInit();
if (aotContext->engine->hasError()) {
aotContext->setReturnValueUndefined();
return;
}
}
}
{
}
{
}
// generate_PopContext
{}
}
{
}
{
}
// generate_Ret
return;
}
 },{ 75, 0, [](QV4::ExecutableCompilationUnit *contextUnit, QMetaType *argTypes) {
    struct { QV4::ExecutableCompilationUnit *compilationUnit; } c { contextUnit };
    const auto *aotContext = &c;
    Q_UNUSED(aotContext);
    argTypes[0] = QMetaType::fromType<double>();
}, 
    [](const QQmlPrivate::AOTCompiledContext *aotContext, void **argv) {
Q_UNUSED(aotContext)
Q_UNUSED(argv)
// expression for opacity at line 461, column 13
struct Storage : QQmlPrivate::AOTTrackedLocalsStorage {
Storage(const QQmlPrivate::AOTCompiledContext *ctxt, void **a)   : aotContext(ctxt), argv(a) {}
void markObjects(QV4::MarkStack *markStack) const final {    Q_UNUSED(markStack);
}
const QQmlPrivate::AOTCompiledContext *aotContext;
void **argv;
bool v2_0;
double c2_13;
double v2_11;
double v2_7;
};
Storage s(aotContext, argv);
aotContext->setLocals(&s);
// generate_LoadQmlContextPropertyLookup
#ifndef QT_NO_DEBUG
aotContext->setInstructionPointer(5);
#endif
while (!aotContext->loadScopeObjectPropertyLookup(505, &s.v2_0)) {
#ifdef QT_NO_DEBUG
aotContext->setInstructionPointer(5);
#endif
aotContext->initLoadScopeObjectPropertyLookup(505);
if (aotContext->engine->hasError()) {
aotContext->setReturnValueUndefined();
if (argv[0]) {
    *static_cast<double *>(argv[0]) = double();
}
return;
}
}
{
}
// generate_JumpFalse
if (!s.v2_0) {
    goto label_0;
}
{
}
// generate_LoadConst
s.v2_7 = 0.59999999999999998;
{
}
// generate_Jump
{
s.c2_13 = s.v2_7;
    goto label_1;
}
label_0:;
// generate_LoadInt
s.v2_11 = double(1);
{
s.c2_13 = s.v2_11;
}
label_1:;
{
}
// generate_Ret
if (argv[0]) {
    *static_cast<double *>(argv[0]) = s.c2_13;
}
return;
}
 },{ 78, 0, [](QV4::ExecutableCompilationUnit *contextUnit, QMetaType *argTypes) {
    struct { QV4::ExecutableCompilationUnit *compilationUnit; } c { contextUnit };
    const auto *aotContext = &c;
    Q_UNUSED(aotContext);
    argTypes[0] = QMetaType::fromType<bool>();
}, 
    [](const QQmlPrivate::AOTCompiledContext *aotContext, void **argv) {
Q_UNUSED(aotContext)
Q_UNUSED(argv)
// expression for visible at line 466, column 17
struct Storage : QQmlPrivate::AOTTrackedLocalsStorage {
Storage(const QQmlPrivate::AOTCompiledContext *ctxt, void **a)   : aotContext(ctxt), argv(a) {}
void markObjects(QV4::MarkStack *markStack) const final {    Q_UNUSED(markStack);
    aotContext->mark(v2_0, markStack);
    aotContext->mark(v2_12, markStack);
}
const QQmlPrivate::AOTCompiledContext *aotContext;
void **argv;
QObject *v2_0 = nullptr;
QObject *v2_12 = nullptr;
bool c2_22;
bool v2_17;
bool v2_5;
};
Storage s(aotContext, argv);
aotContext->setLocals(&s);
// generate_LoadQmlContextPropertyLookup
#ifndef QT_NO_DEBUG
aotContext->setInstructionPointer(5);
#endif
while (!aotContext->loadContextIdLookup(517, &s.v2_0)) {
#ifdef QT_NO_DEBUG
aotContext->setInstructionPointer(5);
#endif
aotContext->initLoadContextIdLookup(517);
if (aotContext->engine->hasError()) {
aotContext->setReturnValueUndefined();
if (argv[0]) {
    *static_cast<bool *>(argv[0]) = bool();
}
return;
}
}
{
}
// generate_GetLookup
#ifndef QT_NO_DEBUG
aotContext->setInstructionPointer(10);
#endif
while (!aotContext->getObjectLookup(518, s.v2_0, &s.v2_5)) {
#ifdef QT_NO_DEBUG
aotContext->setInstructionPointer(10);
#endif
aotContext->initGetObjectLookup(518, s.v2_0);
if (aotContext->engine->hasError()) {
aotContext->setReturnValueUndefined();
if (argv[0]) {
    *static_cast<bool *>(argv[0]) = bool();
}
return;
}
}
{
}
// generate_JumpTrue
if (s.v2_5) {
s.c2_22 = s.v2_5;
    goto label_0;
}
{
}
// generate_LoadQmlContextPropertyLookup
#ifndef QT_NO_DEBUG
aotContext->setInstructionPointer(17);
#endif
while (!aotContext->loadContextIdLookup(519, &s.v2_12)) {
#ifdef QT_NO_DEBUG
aotContext->setInstructionPointer(17);
#endif
aotContext->initLoadContextIdLookup(519);
if (aotContext->engine->hasError()) {
aotContext->setReturnValueUndefined();
if (argv[0]) {
    *static_cast<bool *>(argv[0]) = bool();
}
return;
}
}
{
}
// generate_GetLookup
#ifndef QT_NO_DEBUG
aotContext->setInstructionPointer(22);
#endif
while (!aotContext->getObjectLookup(520, s.v2_12, &s.v2_17)) {
#ifdef QT_NO_DEBUG
aotContext->setInstructionPointer(22);
#endif
aotContext->initGetObjectLookup(520, s.v2_12);
if (aotContext->engine->hasError()) {
aotContext->setReturnValueUndefined();
if (argv[0]) {
    *static_cast<bool *>(argv[0]) = bool();
}
return;
}
}
{
s.c2_22 = s.v2_17;
}
label_0:;
{
}
// generate_Ret
if (argv[0]) {
    *static_cast<bool *>(argv[0]) = s.c2_22;
}
return;
}
 },{ 79, 0, [](QV4::ExecutableCompilationUnit *contextUnit, QMetaType *argTypes) {
    struct { QV4::ExecutableCompilationUnit *compilationUnit; } c { contextUnit };
    const auto *aotContext = &c;
    Q_UNUSED(aotContext);
    argTypes[0] = []() { static const auto t = QMetaType::fromName("QQuickItem*"); return t; }();
}, 
    [](const QQmlPrivate::AOTCompiledContext *aotContext, void **argv) {
Q_UNUSED(aotContext)
Q_UNUSED(argv)
// expression for fill at line 464, column 17
struct Storage : QQmlPrivate::AOTTrackedLocalsStorage {
Storage(const QQmlPrivate::AOTCompiledContext *ctxt, void **a)   : aotContext(ctxt), argv(a) {}
void markObjects(QV4::MarkStack *markStack) const final {    Q_UNUSED(markStack);
    aotContext->mark(v2_0, markStack);
}
const QQmlPrivate::AOTCompiledContext *aotContext;
void **argv;
QObject *v2_0 = nullptr;
};
Storage s(aotContext, argv);
aotContext->setLocals(&s);
// generate_LoadQmlContextPropertyLookup
#ifndef QT_NO_DEBUG
aotContext->setInstructionPointer(5);
#endif
while (!aotContext->loadScopeObjectPropertyLookup(521, &s.v2_0)) {
#ifdef QT_NO_DEBUG
aotContext->setInstructionPointer(5);
#endif
aotContext->initLoadScopeObjectPropertyLookup(521);
if (aotContext->engine->hasError()) {
aotContext->setReturnValueUndefined();
if (argv[0]) {
    *static_cast<QObject * *>(argv[0]) = nullptr;
}
return;
}
}
{
}
{
}
// generate_Ret
if (argv[0]) {
    *static_cast<QObject * *>(argv[0]) = s.v2_0;
}
return;
}
 },{ 81, 0, [](QV4::ExecutableCompilationUnit *contextUnit, QMetaType *argTypes) {
    struct { QV4::ExecutableCompilationUnit *compilationUnit; } c { contextUnit };
    const auto *aotContext = &c;
    Q_UNUSED(aotContext);
    argTypes[0] = QMetaType::fromType<bool>();
}, 
    [](const QQmlPrivate::AOTCompiledContext *aotContext, void **argv) {
Q_UNUSED(aotContext)
Q_UNUSED(argv)
// expression for visible at line 470, column 17
struct Storage : QQmlPrivate::AOTTrackedLocalsStorage {
Storage(const QQmlPrivate::AOTCompiledContext *ctxt, void **a)   : aotContext(ctxt), argv(a) {}
void markObjects(QV4::MarkStack *markStack) const final {    Q_UNUSED(markStack);
    aotContext->mark(v2_0, markStack);
}
const QQmlPrivate::AOTCompiledContext *aotContext;
void **argv;
QObject *v2_0 = nullptr;
bool v2_5;
};
Storage s(aotContext, argv);
aotContext->setLocals(&s);
// generate_LoadQmlContextPropertyLookup
#ifndef QT_NO_DEBUG
aotContext->setInstructionPointer(5);
#endif
while (!aotContext->loadContextIdLookup(525, &s.v2_0)) {
#ifdef QT_NO_DEBUG
aotContext->setInstructionPointer(5);
#endif
aotContext->initLoadContextIdLookup(525);
if (aotContext->engine->hasError()) {
aotContext->setReturnValueUndefined();
if (argv[0]) {
    *static_cast<bool *>(argv[0]) = bool();
}
return;
}
}
{
}
// generate_GetLookup
#ifndef QT_NO_DEBUG
aotContext->setInstructionPointer(10);
#endif
while (!aotContext->getObjectLookup(526, s.v2_0, &s.v2_5)) {
#ifdef QT_NO_DEBUG
aotContext->setInstructionPointer(10);
#endif
aotContext->initGetObjectLookup(526, s.v2_0);
if (aotContext->engine->hasError()) {
aotContext->setReturnValueUndefined();
if (argv[0]) {
    *static_cast<bool *>(argv[0]) = bool();
}
return;
}
}
{
}
{
}
// generate_Ret
if (argv[0]) {
    *static_cast<bool *>(argv[0]) = s.v2_5;
}
return;
}
 },{ 83, 0, [](QV4::ExecutableCompilationUnit *contextUnit, QMetaType *argTypes) {
    struct { QV4::ExecutableCompilationUnit *compilationUnit; } c { contextUnit };
    const auto *aotContext = &c;
    Q_UNUSED(aotContext);
    argTypes[0] = []() { static const auto t = QMetaType::fromName("QQuickItem*"); return t; }();
}, 
    [](const QQmlPrivate::AOTCompiledContext *aotContext, void **argv) {
Q_UNUSED(aotContext)
Q_UNUSED(argv)
// expression for fill at line 469, column 17
struct Storage : QQmlPrivate::AOTTrackedLocalsStorage {
Storage(const QQmlPrivate::AOTCompiledContext *ctxt, void **a)   : aotContext(ctxt), argv(a) {}
void markObjects(QV4::MarkStack *markStack) const final {    Q_UNUSED(markStack);
    aotContext->mark(v2_0, markStack);
}
const QQmlPrivate::AOTCompiledContext *aotContext;
void **argv;
QObject *v2_0 = nullptr;
};
Storage s(aotContext, argv);
aotContext->setLocals(&s);
// generate_LoadQmlContextPropertyLookup
#ifndef QT_NO_DEBUG
aotContext->setInstructionPointer(5);
#endif
while (!aotContext->loadScopeObjectPropertyLookup(533, &s.v2_0)) {
#ifdef QT_NO_DEBUG
aotContext->setInstructionPointer(5);
#endif
aotContext->initLoadScopeObjectPropertyLookup(533);
if (aotContext->engine->hasError()) {
aotContext->setReturnValueUndefined();
if (argv[0]) {
    *static_cast<QObject * *>(argv[0]) = nullptr;
}
return;
}
}
{
}
{
}
// generate_Ret
if (argv[0]) {
    *static_cast<QObject * *>(argv[0]) = s.v2_0;
}
return;
}
 },{ 85, 0, [](QV4::ExecutableCompilationUnit *contextUnit, QMetaType *argTypes) {
    struct { QV4::ExecutableCompilationUnit *compilationUnit; } c { contextUnit };
    const auto *aotContext = &c;
    Q_UNUSED(aotContext);
    argTypes[0] = []() { static const auto t = QMetaType::fromName("QQuickItem*"); return t; }();
}, 
    [](const QQmlPrivate::AOTCompiledContext *aotContext, void **argv) {
Q_UNUSED(aotContext)
Q_UNUSED(argv)
// expression for fill at line 477, column 17
struct Storage : QQmlPrivate::AOTTrackedLocalsStorage {
Storage(const QQmlPrivate::AOTCompiledContext *ctxt, void **a)   : aotContext(ctxt), argv(a) {}
void markObjects(QV4::MarkStack *markStack) const final {    Q_UNUSED(markStack);
    aotContext->mark(v2_0, markStack);
}
const QQmlPrivate::AOTCompiledContext *aotContext;
void **argv;
QObject *v2_0 = nullptr;
};
Storage s(aotContext, argv);
aotContext->setLocals(&s);
// generate_LoadQmlContextPropertyLookup
#ifndef QT_NO_DEBUG
aotContext->setInstructionPointer(5);
#endif
while (!aotContext->loadScopeObjectPropertyLookup(540, &s.v2_0)) {
#ifdef QT_NO_DEBUG
aotContext->setInstructionPointer(5);
#endif
aotContext->initLoadScopeObjectPropertyLookup(540);
if (aotContext->engine->hasError()) {
aotContext->setReturnValueUndefined();
if (argv[0]) {
    *static_cast<QObject * *>(argv[0]) = nullptr;
}
return;
}
}
{
}
{
}
// generate_Ret
if (argv[0]) {
    *static_cast<QObject * *>(argv[0]) = s.v2_0;
}
return;
}
 },{ 87, 0, [](QV4::ExecutableCompilationUnit *contextUnit, QMetaType *argTypes) {
    struct { QV4::ExecutableCompilationUnit *compilationUnit; } c { contextUnit };
    const auto *aotContext = &c;
    Q_UNUSED(aotContext);
    argTypes[0] = []() { static const auto t = QMetaType::fromName("QQuickItem*"); return t; }();
}, 
    [](const QQmlPrivate::AOTCompiledContext *aotContext, void **argv) {
Q_UNUSED(aotContext)
Q_UNUSED(argv)
// expression for fill at line 483, column 25
struct Storage : QQmlPrivate::AOTTrackedLocalsStorage {
Storage(const QQmlPrivate::AOTCompiledContext *ctxt, void **a)   : aotContext(ctxt), argv(a) {}
void markObjects(QV4::MarkStack *markStack) const final {    Q_UNUSED(markStack);
    aotContext->mark(v2_0, markStack);
}
const QQmlPrivate::AOTCompiledContext *aotContext;
void **argv;
QObject *v2_0 = nullptr;
};
Storage s(aotContext, argv);
aotContext->setLocals(&s);
// generate_LoadQmlContextPropertyLookup
#ifndef QT_NO_DEBUG
aotContext->setInstructionPointer(5);
#endif
while (!aotContext->loadScopeObjectPropertyLookup(546, &s.v2_0)) {
#ifdef QT_NO_DEBUG
aotContext->setInstructionPointer(5);
#endif
aotContext->initLoadScopeObjectPropertyLookup(546);
if (aotContext->engine->hasError()) {
aotContext->setReturnValueUndefined();
if (argv[0]) {
    *static_cast<QObject * *>(argv[0]) = nullptr;
}
return;
}
}
{
}
{
}
// generate_Ret
if (argv[0]) {
    *static_cast<QObject * *>(argv[0]) = s.v2_0;
}
return;
}
 },{ 95, 0, [](QV4::ExecutableCompilationUnit *contextUnit, QMetaType *argTypes) {
    struct { QV4::ExecutableCompilationUnit *compilationUnit; } c { contextUnit };
    const auto *aotContext = &c;
    Q_UNUSED(aotContext);
    argTypes[0] = []() { static const auto t = QMetaType::fromName("QQuickText::TextFormat"); return t; }();
}, 
    [](const QQmlPrivate::AOTCompiledContext *aotContext, void **argv) {
Q_UNUSED(aotContext)
Q_UNUSED(argv)
// expression for textFormat at line 494, column 29
struct Storage : QQmlPrivate::AOTTrackedLocalsStorage {
Storage(const QQmlPrivate::AOTCompiledContext *ctxt, void **a)   : aotContext(ctxt), argv(a) {}
void markObjects(QV4::MarkStack *markStack) const final {    Q_UNUSED(markStack);
}
const QQmlPrivate::AOTCompiledContext *aotContext;
void **argv;
int v2_5;
};
Storage s(aotContext, argv);
aotContext->setLocals(&s);
{
}
// generate_GetLookup
#ifndef QT_NO_DEBUG
aotContext->setInstructionPointer(10);
#endif
while (!aotContext->getEnumLookup(575, &s.v2_5)) {
#ifdef QT_NO_DEBUG
aotContext->setInstructionPointer(10);
#endif
aotContext->initGetEnumLookup(575, []() { static const auto t = QMetaType::fromName("QQuickText*"); return t; }().metaObject(), "TextFormat", "PlainText");
if (aotContext->engine->hasError()) {
aotContext->setReturnValueUndefined();
if (argv[0]) {
    const QMetaType returnType = []() { static const auto t = QMetaType::fromName("QQuickText::TextFormat"); return t; }();
    returnType.destruct(argv[0]);
    returnType.construct(argv[0]);
 }
return;
}
}
{
}
{
}
// generate_Ret
if (argv[0]) {
    const QMetaType returnType = QMetaType::fromType<int>();
    returnType.destruct(argv[0]);
    returnType.construct(argv[0], &s.v2_5);
}
return;
}
 },{ 96, 0, [](QV4::ExecutableCompilationUnit *contextUnit, QMetaType *argTypes) {
    struct { QV4::ExecutableCompilationUnit *compilationUnit; } c { contextUnit };
    const auto *aotContext = &c;
    Q_UNUSED(aotContext);
    argTypes[0] = []() { static const auto t = QMetaType::fromName("QQuickText::TextElideMode"); return t; }();
}, 
    [](const QQmlPrivate::AOTCompiledContext *aotContext, void **argv) {
Q_UNUSED(aotContext)
Q_UNUSED(argv)
// expression for elide at line 496, column 29
struct Storage : QQmlPrivate::AOTTrackedLocalsStorage {
Storage(const QQmlPrivate::AOTCompiledContext *ctxt, void **a)   : aotContext(ctxt), argv(a) {}
void markObjects(QV4::MarkStack *markStack) const final {    Q_UNUSED(markStack);
}
const QQmlPrivate::AOTCompiledContext *aotContext;
void **argv;
int v2_5;
};
Storage s(aotContext, argv);
aotContext->setLocals(&s);
{
}
// generate_GetLookup
#ifndef QT_NO_DEBUG
aotContext->setInstructionPointer(10);
#endif
while (!aotContext->getEnumLookup(577, &s.v2_5)) {
#ifdef QT_NO_DEBUG
aotContext->setInstructionPointer(10);
#endif
aotContext->initGetEnumLookup(577, []() { static const auto t = QMetaType::fromName("QQuickText*"); return t; }().metaObject(), "TextElideMode", "ElideRight");
if (aotContext->engine->hasError()) {
aotContext->setReturnValueUndefined();
if (argv[0]) {
    const QMetaType returnType = []() { static const auto t = QMetaType::fromName("QQuickText::TextElideMode"); return t; }();
    returnType.destruct(argv[0]);
    returnType.construct(argv[0]);
 }
return;
}
}
{
}
{
}
// generate_Ret
if (argv[0]) {
    const QMetaType returnType = QMetaType::fromType<int>();
    returnType.destruct(argv[0]);
    returnType.construct(argv[0], &s.v2_5);
}
return;
}
 },{ 99, 0, [](QV4::ExecutableCompilationUnit *contextUnit, QMetaType *argTypes) {
    struct { QV4::ExecutableCompilationUnit *compilationUnit; } c { contextUnit };
    const auto *aotContext = &c;
    Q_UNUSED(aotContext);
    argTypes[0] = QMetaType::fromType<int>();
}, 
    [](const QQmlPrivate::AOTCompiledContext *aotContext, void **argv) {
Q_UNUSED(aotContext)
Q_UNUSED(argv)
// expression for weight at line 499, column 29
struct Storage : QQmlPrivate::AOTTrackedLocalsStorage {
Storage(const QQmlPrivate::AOTCompiledContext *ctxt, void **a)   : aotContext(ctxt), argv(a) {}
void markObjects(QV4::MarkStack *markStack) const final {    Q_UNUSED(markStack);
    aotContext->mark(v2_0, markStack);
}
const QQmlPrivate::AOTCompiledContext *aotContext;
void **argv;
QObject *v2_0 = nullptr;
bool v2_5;
int c2_34;
int v2_17;
int v2_29;
};
Storage s(aotContext, argv);
aotContext->setLocals(&s);
// generate_LoadQmlContextPropertyLookup
#ifndef QT_NO_DEBUG
aotContext->setInstructionPointer(5);
#endif
while (!aotContext->loadContextIdLookup(584, &s.v2_0)) {
#ifdef QT_NO_DEBUG
aotContext->setInstructionPointer(5);
#endif
aotContext->initLoadContextIdLookup(584);
if (aotContext->engine->hasError()) {
aotContext->setReturnValueUndefined();
if (argv[0]) {
    *static_cast<int *>(argv[0]) = int();
}
return;
}
}
{
}
// generate_GetLookup
#ifndef QT_NO_DEBUG
aotContext->setInstructionPointer(10);
#endif
while (!aotContext->getObjectLookup(585, s.v2_0, &s.v2_5)) {
#ifdef QT_NO_DEBUG
aotContext->setInstructionPointer(10);
#endif
aotContext->initGetObjectLookup(585, s.v2_0);
if (aotContext->engine->hasError()) {
aotContext->setReturnValueUndefined();
if (argv[0]) {
    *static_cast<int *>(argv[0]) = int();
}
return;
}
}
{
}
// generate_JumpFalse
if (!s.v2_5) {
    goto label_0;
}
{
}
{
}
// generate_GetLookup
#ifndef QT_NO_DEBUG
aotContext->setInstructionPointer(22);
#endif
while (!aotContext->getEnumLookup(587, &s.v2_17)) {
#ifdef QT_NO_DEBUG
aotContext->setInstructionPointer(22);
#endif
aotContext->initGetEnumLookup(587, []() { static const auto t = QMetaType::fromName("QQuickFontEnums"); return t; }().metaObject(), "FontWeight", "Medium");
if (aotContext->engine->hasError()) {
aotContext->setReturnValueUndefined();
if (argv[0]) {
    *static_cast<int *>(argv[0]) = int();
}
return;
}
}
{
}
// generate_Jump
{
s.c2_34 = s.v2_17;
    goto label_1;
}
label_0:;
{
}
// generate_GetLookup
#ifndef QT_NO_DEBUG
aotContext->setInstructionPointer(34);
#endif
while (!aotContext->getEnumLookup(589, &s.v2_29)) {
#ifdef QT_NO_DEBUG
aotContext->setInstructionPointer(34);
#endif
aotContext->initGetEnumLookup(589, []() { static const auto t = QMetaType::fromName("QQuickFontEnums"); return t; }().metaObject(), "FontWeight", "Normal");
if (aotContext->engine->hasError()) {
aotContext->setReturnValueUndefined();
if (argv[0]) {
    *static_cast<int *>(argv[0]) = int();
}
return;
}
}
{
s.c2_34 = s.v2_29;
}
label_1:;
{
}
// generate_Ret
if (argv[0]) {
    *static_cast<int *>(argv[0]) = s.c2_34;
}
return;
}
 },{ 100, 0, [](QV4::ExecutableCompilationUnit *contextUnit, QMetaType *argTypes) {
    struct { QV4::ExecutableCompilationUnit *compilationUnit; } c { contextUnit };
    const auto *aotContext = &c;
    Q_UNUSED(aotContext);
    argTypes[0] = QMetaType::fromType<bool>();
}, 
    [](const QQmlPrivate::AOTCompiledContext *aotContext, void **argv) {
Q_UNUSED(aotContext)
Q_UNUSED(argv)
// expression for visible at line 501, column 25
struct Storage : QQmlPrivate::AOTTrackedLocalsStorage {
Storage(const QQmlPrivate::AOTCompiledContext *ctxt, void **a)   : aotContext(ctxt), argv(a) {}
void markObjects(QV4::MarkStack *markStack) const final {    Q_UNUSED(markStack);
    aotContext->mark(v2_0, markStack);
}
const QQmlPrivate::AOTCompiledContext *aotContext;
void **argv;
QObject *v2_0 = nullptr;
bool v2_5;
};
Storage s(aotContext, argv);
aotContext->setLocals(&s);
// generate_LoadQmlContextPropertyLookup
#ifndef QT_NO_DEBUG
aotContext->setInstructionPointer(5);
#endif
while (!aotContext->loadContextIdLookup(590, &s.v2_0)) {
#ifdef QT_NO_DEBUG
aotContext->setInstructionPointer(5);
#endif
aotContext->initLoadContextIdLookup(590);
if (aotContext->engine->hasError()) {
aotContext->setReturnValueUndefined();
if (argv[0]) {
    *static_cast<bool *>(argv[0]) = bool();
}
return;
}
}
{
}
// generate_GetLookup
#ifndef QT_NO_DEBUG
aotContext->setInstructionPointer(10);
#endif
while (!aotContext->getObjectLookup(591, s.v2_0, &s.v2_5)) {
#ifdef QT_NO_DEBUG
aotContext->setInstructionPointer(10);
#endif
aotContext->initGetObjectLookup(591, s.v2_0);
if (aotContext->engine->hasError()) {
aotContext->setReturnValueUndefined();
if (argv[0]) {
    *static_cast<bool *>(argv[0]) = bool();
}
return;
}
}
{
}
{
}
// generate_Ret
if (argv[0]) {
    *static_cast<bool *>(argv[0]) = s.v2_5;
}
return;
}
 },{ 104, 0, [](QV4::ExecutableCompilationUnit *contextUnit, QMetaType *argTypes) {
    struct { QV4::ExecutableCompilationUnit *compilationUnit; } c { contextUnit };
    const auto *aotContext = &c;
    Q_UNUSED(aotContext);
    argTypes[0] = []() { static const auto t = QMetaType::fromName("QQuickText::VAlignment"); return t; }();
}, 
    [](const QQmlPrivate::AOTCompiledContext *aotContext, void **argv) {
Q_UNUSED(aotContext)
Q_UNUSED(argv)
// expression for verticalAlignment at line 511, column 65
struct Storage : QQmlPrivate::AOTTrackedLocalsStorage {
Storage(const QQmlPrivate::AOTCompiledContext *ctxt, void **a)   : aotContext(ctxt), argv(a) {}
void markObjects(QV4::MarkStack *markStack) const final {    Q_UNUSED(markStack);
}
const QQmlPrivate::AOTCompiledContext *aotContext;
void **argv;
int v2_5;
};
Storage s(aotContext, argv);
aotContext->setLocals(&s);
{
}
// generate_GetLookup
#ifndef QT_NO_DEBUG
aotContext->setInstructionPointer(10);
#endif
while (!aotContext->getEnumLookup(606, &s.v2_5)) {
#ifdef QT_NO_DEBUG
aotContext->setInstructionPointer(10);
#endif
aotContext->initGetEnumLookup(606, []() { static const auto t = QMetaType::fromName("QQuickText*"); return t; }().metaObject(), "VAlignment", "AlignVCenter");
if (aotContext->engine->hasError()) {
aotContext->setReturnValueUndefined();
if (argv[0]) {
    const QMetaType returnType = []() { static const auto t = QMetaType::fromName("QQuickText::VAlignment"); return t; }();
    returnType.destruct(argv[0]);
    returnType.construct(argv[0]);
 }
return;
}
}
{
}
{
}
// generate_Ret
if (argv[0]) {
    const QMetaType returnType = QMetaType::fromType<int>();
    returnType.destruct(argv[0]);
    returnType.construct(argv[0], &s.v2_5);
}
return;
}
 },{ 105, 0, [](QV4::ExecutableCompilationUnit *contextUnit, QMetaType *argTypes) {
    struct { QV4::ExecutableCompilationUnit *compilationUnit; } c { contextUnit };
    const auto *aotContext = &c;
    Q_UNUSED(aotContext);
    argTypes[0] = []() { static const auto t = QMetaType::fromName("QQuickText::HAlignment"); return t; }();
}, 
    [](const QQmlPrivate::AOTCompiledContext *aotContext, void **argv) {
Q_UNUSED(aotContext)
Q_UNUSED(argv)
// expression for horizontalAlignment at line 511, column 103
struct Storage : QQmlPrivate::AOTTrackedLocalsStorage {
Storage(const QQmlPrivate::AOTCompiledContext *ctxt, void **a)   : aotContext(ctxt), argv(a) {}
void markObjects(QV4::MarkStack *markStack) const final {    Q_UNUSED(markStack);
}
const QQmlPrivate::AOTCompiledContext *aotContext;
void **argv;
int v2_5;
};
Storage s(aotContext, argv);
aotContext->setLocals(&s);
{
}
// generate_GetLookup
#ifndef QT_NO_DEBUG
aotContext->setInstructionPointer(10);
#endif
while (!aotContext->getEnumLookup(608, &s.v2_5)) {
#ifdef QT_NO_DEBUG
aotContext->setInstructionPointer(10);
#endif
aotContext->initGetEnumLookup(608, []() { static const auto t = QMetaType::fromName("QQuickText*"); return t; }().metaObject(), "HAlignment", "AlignRight");
if (aotContext->engine->hasError()) {
aotContext->setReturnValueUndefined();
if (argv[0]) {
    const QMetaType returnType = []() { static const auto t = QMetaType::fromName("QQuickText::HAlignment"); return t; }();
    returnType.destruct(argv[0]);
    returnType.construct(argv[0]);
 }
return;
}
}
{
}
{
}
// generate_Ret
if (argv[0]) {
    const QMetaType returnType = QMetaType::fromType<int>();
    returnType.destruct(argv[0]);
    returnType.construct(argv[0], &s.v2_5);
}
return;
}
 },{ 108, 0, [](QV4::ExecutableCompilationUnit *contextUnit, QMetaType *argTypes) {
    struct { QV4::ExecutableCompilationUnit *compilationUnit; } c { contextUnit };
    const auto *aotContext = &c;
    Q_UNUSED(aotContext);
    argTypes[0] = []() { static const auto t = QMetaType::fromName("QQuickItem*"); return t; }();
}, 
    [](const QQmlPrivate::AOTCompiledContext *aotContext, void **argv) {
Q_UNUSED(aotContext)
Q_UNUSED(argv)
// expression for fill at line 511, column 25
struct Storage : QQmlPrivate::AOTTrackedLocalsStorage {
Storage(const QQmlPrivate::AOTCompiledContext *ctxt, void **a)   : aotContext(ctxt), argv(a) {}
void markObjects(QV4::MarkStack *markStack) const final {    Q_UNUSED(markStack);
    aotContext->mark(v2_0, markStack);
}
const QQmlPrivate::AOTCompiledContext *aotContext;
void **argv;
QObject *v2_0 = nullptr;
};
Storage s(aotContext, argv);
aotContext->setLocals(&s);
// generate_LoadQmlContextPropertyLookup
#ifndef QT_NO_DEBUG
aotContext->setInstructionPointer(5);
#endif
while (!aotContext->loadScopeObjectPropertyLookup(615, &s.v2_0)) {
#ifdef QT_NO_DEBUG
aotContext->setInstructionPointer(5);
#endif
aotContext->initLoadScopeObjectPropertyLookup(615);
if (aotContext->engine->hasError()) {
aotContext->setReturnValueUndefined();
if (argv[0]) {
    *static_cast<QObject * *>(argv[0]) = nullptr;
}
return;
}
}
{
}
{
}
// generate_Ret
if (argv[0]) {
    *static_cast<QObject * *>(argv[0]) = s.v2_0;
}
return;
}
 },{ 112, 0, [](QV4::ExecutableCompilationUnit *contextUnit, QMetaType *argTypes) {
    struct { QV4::ExecutableCompilationUnit *compilationUnit; } c { contextUnit };
    const auto *aotContext = &c;
    Q_UNUSED(aotContext);
    argTypes[0] = []() { static const auto t = QMetaType::fromName("QQuickText::VAlignment"); return t; }();
}, 
    [](const QQmlPrivate::AOTCompiledContext *aotContext, void **argv) {
Q_UNUSED(aotContext)
Q_UNUSED(argv)
// expression for verticalAlignment at line 523, column 64
struct Storage : QQmlPrivate::AOTTrackedLocalsStorage {
Storage(const QQmlPrivate::AOTCompiledContext *ctxt, void **a)   : aotContext(ctxt), argv(a) {}
void markObjects(QV4::MarkStack *markStack) const final {    Q_UNUSED(markStack);
}
const QQmlPrivate::AOTCompiledContext *aotContext;
void **argv;
int v2_5;
};
Storage s(aotContext, argv);
aotContext->setLocals(&s);
{
}
// generate_GetLookup
#ifndef QT_NO_DEBUG
aotContext->setInstructionPointer(10);
#endif
while (!aotContext->getEnumLookup(629, &s.v2_5)) {
#ifdef QT_NO_DEBUG
aotContext->setInstructionPointer(10);
#endif
aotContext->initGetEnumLookup(629, []() { static const auto t = QMetaType::fromName("QQuickText*"); return t; }().metaObject(), "VAlignment", "AlignVCenter");
if (aotContext->engine->hasError()) {
aotContext->setReturnValueUndefined();
if (argv[0]) {
    const QMetaType returnType = []() { static const auto t = QMetaType::fromName("QQuickText::VAlignment"); return t; }();
    returnType.destruct(argv[0]);
    returnType.construct(argv[0]);
 }
return;
}
}
{
}
{
}
// generate_Ret
if (argv[0]) {
    const QMetaType returnType = QMetaType::fromType<int>();
    returnType.destruct(argv[0]);
    returnType.construct(argv[0], &s.v2_5);
}
return;
}
 },{ 114, 0, [](QV4::ExecutableCompilationUnit *contextUnit, QMetaType *argTypes) {
    struct { QV4::ExecutableCompilationUnit *compilationUnit; } c { contextUnit };
    const auto *aotContext = &c;
    Q_UNUSED(aotContext);
    argTypes[0] = []() { static const auto t = QMetaType::fromName("QQuickText::TextElideMode"); return t; }();
}, 
    [](const QQmlPrivate::AOTCompiledContext *aotContext, void **argv) {
Q_UNUSED(aotContext)
Q_UNUSED(argv)
// expression for elide at line 525, column 25
struct Storage : QQmlPrivate::AOTTrackedLocalsStorage {
Storage(const QQmlPrivate::AOTCompiledContext *ctxt, void **a)   : aotContext(ctxt), argv(a) {}
void markObjects(QV4::MarkStack *markStack) const final {    Q_UNUSED(markStack);
}
const QQmlPrivate::AOTCompiledContext *aotContext;
void **argv;
int v2_5;
};
Storage s(aotContext, argv);
aotContext->setLocals(&s);
{
}
// generate_GetLookup
#ifndef QT_NO_DEBUG
aotContext->setInstructionPointer(10);
#endif
while (!aotContext->getEnumLookup(635, &s.v2_5)) {
#ifdef QT_NO_DEBUG
aotContext->setInstructionPointer(10);
#endif
aotContext->initGetEnumLookup(635, []() { static const auto t = QMetaType::fromName("QQuickText*"); return t; }().metaObject(), "TextElideMode", "ElideRight");
if (aotContext->engine->hasError()) {
aotContext->setReturnValueUndefined();
if (argv[0]) {
    const QMetaType returnType = []() { static const auto t = QMetaType::fromName("QQuickText::TextElideMode"); return t; }();
    returnType.destruct(argv[0]);
    returnType.construct(argv[0]);
 }
return;
}
}
{
}
{
}
// generate_Ret
if (argv[0]) {
    const QMetaType returnType = QMetaType::fromType<int>();
    returnType.destruct(argv[0]);
    returnType.construct(argv[0], &s.v2_5);
}
return;
}
 },{ 116, 0, [](QV4::ExecutableCompilationUnit *contextUnit, QMetaType *argTypes) {
    struct { QV4::ExecutableCompilationUnit *compilationUnit; } c { contextUnit };
    const auto *aotContext = &c;
    Q_UNUSED(aotContext);
    argTypes[0] = []() { static const auto t = QMetaType::fromName("QQuickItem*"); return t; }();
}, 
    [](const QQmlPrivate::AOTCompiledContext *aotContext, void **argv) {
Q_UNUSED(aotContext)
Q_UNUSED(argv)
// expression for fill at line 523, column 25
struct Storage : QQmlPrivate::AOTTrackedLocalsStorage {
Storage(const QQmlPrivate::AOTCompiledContext *ctxt, void **a)   : aotContext(ctxt), argv(a) {}
void markObjects(QV4::MarkStack *markStack) const final {    Q_UNUSED(markStack);
    aotContext->mark(v2_0, markStack);
}
const QQmlPrivate::AOTCompiledContext *aotContext;
void **argv;
QObject *v2_0 = nullptr;
};
Storage s(aotContext, argv);
aotContext->setLocals(&s);
// generate_LoadQmlContextPropertyLookup
#ifndef QT_NO_DEBUG
aotContext->setInstructionPointer(5);
#endif
while (!aotContext->loadScopeObjectPropertyLookup(638, &s.v2_0)) {
#ifdef QT_NO_DEBUG
aotContext->setInstructionPointer(5);
#endif
aotContext->initLoadScopeObjectPropertyLookup(638);
if (aotContext->engine->hasError()) {
aotContext->setReturnValueUndefined();
if (argv[0]) {
    *static_cast<QObject * *>(argv[0]) = nullptr;
}
return;
}
}
{
}
{
}
// generate_Ret
if (argv[0]) {
    *static_cast<QObject * *>(argv[0]) = s.v2_0;
}
return;
}
 },{ 120, 0, [](QV4::ExecutableCompilationUnit *contextUnit, QMetaType *argTypes) {
    struct { QV4::ExecutableCompilationUnit *compilationUnit; } c { contextUnit };
    const auto *aotContext = &c;
    Q_UNUSED(aotContext);
    argTypes[0] = []() { static const auto t = QMetaType::fromName("QQuickText::VAlignment"); return t; }();
}, 
    [](const QQmlPrivate::AOTCompiledContext *aotContext, void **argv) {
Q_UNUSED(aotContext)
Q_UNUSED(argv)
// expression for verticalAlignment at line 536, column 65
struct Storage : QQmlPrivate::AOTTrackedLocalsStorage {
Storage(const QQmlPrivate::AOTCompiledContext *ctxt, void **a)   : aotContext(ctxt), argv(a) {}
void markObjects(QV4::MarkStack *markStack) const final {    Q_UNUSED(markStack);
}
const QQmlPrivate::AOTCompiledContext *aotContext;
void **argv;
int v2_5;
};
Storage s(aotContext, argv);
aotContext->setLocals(&s);
{
}
// generate_GetLookup
#ifndef QT_NO_DEBUG
aotContext->setInstructionPointer(10);
#endif
while (!aotContext->getEnumLookup(652, &s.v2_5)) {
#ifdef QT_NO_DEBUG
aotContext->setInstructionPointer(10);
#endif
aotContext->initGetEnumLookup(652, []() { static const auto t = QMetaType::fromName("QQuickText*"); return t; }().metaObject(), "VAlignment", "AlignVCenter");
if (aotContext->engine->hasError()) {
aotContext->setReturnValueUndefined();
if (argv[0]) {
    const QMetaType returnType = []() { static const auto t = QMetaType::fromName("QQuickText::VAlignment"); return t; }();
    returnType.destruct(argv[0]);
    returnType.construct(argv[0]);
 }
return;
}
}
{
}
{
}
// generate_Ret
if (argv[0]) {
    const QMetaType returnType = QMetaType::fromType<int>();
    returnType.destruct(argv[0]);
    returnType.construct(argv[0], &s.v2_5);
}
return;
}
 },{ 121, 0, [](QV4::ExecutableCompilationUnit *contextUnit, QMetaType *argTypes) {
    struct { QV4::ExecutableCompilationUnit *compilationUnit; } c { contextUnit };
    const auto *aotContext = &c;
    Q_UNUSED(aotContext);
    argTypes[0] = []() { static const auto t = QMetaType::fromName("QQuickText::HAlignment"); return t; }();
}, 
    [](const QQmlPrivate::AOTCompiledContext *aotContext, void **argv) {
Q_UNUSED(aotContext)
Q_UNUSED(argv)
// expression for horizontalAlignment at line 536, column 103
struct Storage : QQmlPrivate::AOTTrackedLocalsStorage {
Storage(const QQmlPrivate::AOTCompiledContext *ctxt, void **a)   : aotContext(ctxt), argv(a) {}
void markObjects(QV4::MarkStack *markStack) const final {    Q_UNUSED(markStack);
}
const QQmlPrivate::AOTCompiledContext *aotContext;
void **argv;
int v2_5;
};
Storage s(aotContext, argv);
aotContext->setLocals(&s);
{
}
// generate_GetLookup
#ifndef QT_NO_DEBUG
aotContext->setInstructionPointer(10);
#endif
while (!aotContext->getEnumLookup(654, &s.v2_5)) {
#ifdef QT_NO_DEBUG
aotContext->setInstructionPointer(10);
#endif
aotContext->initGetEnumLookup(654, []() { static const auto t = QMetaType::fromName("QQuickText*"); return t; }().metaObject(), "HAlignment", "AlignRight");
if (aotContext->engine->hasError()) {
aotContext->setReturnValueUndefined();
if (argv[0]) {
    const QMetaType returnType = []() { static const auto t = QMetaType::fromName("QQuickText::HAlignment"); return t; }();
    returnType.destruct(argv[0]);
    returnType.construct(argv[0]);
 }
return;
}
}
{
}
{
}
// generate_Ret
if (argv[0]) {
    const QMetaType returnType = QMetaType::fromType<int>();
    returnType.destruct(argv[0]);
    returnType.construct(argv[0], &s.v2_5);
}
return;
}
 },{ 124, 0, [](QV4::ExecutableCompilationUnit *contextUnit, QMetaType *argTypes) {
    struct { QV4::ExecutableCompilationUnit *compilationUnit; } c { contextUnit };
    const auto *aotContext = &c;
    Q_UNUSED(aotContext);
    argTypes[0] = []() { static const auto t = QMetaType::fromName("QQuickItem*"); return t; }();
}, 
    [](const QQmlPrivate::AOTCompiledContext *aotContext, void **argv) {
Q_UNUSED(aotContext)
Q_UNUSED(argv)
// expression for fill at line 536, column 25
struct Storage : QQmlPrivate::AOTTrackedLocalsStorage {
Storage(const QQmlPrivate::AOTCompiledContext *ctxt, void **a)   : aotContext(ctxt), argv(a) {}
void markObjects(QV4::MarkStack *markStack) const final {    Q_UNUSED(markStack);
    aotContext->mark(v2_0, markStack);
}
const QQmlPrivate::AOTCompiledContext *aotContext;
void **argv;
QObject *v2_0 = nullptr;
};
Storage s(aotContext, argv);
aotContext->setLocals(&s);
// generate_LoadQmlContextPropertyLookup
#ifndef QT_NO_DEBUG
aotContext->setInstructionPointer(5);
#endif
while (!aotContext->loadScopeObjectPropertyLookup(661, &s.v2_0)) {
#ifdef QT_NO_DEBUG
aotContext->setInstructionPointer(5);
#endif
aotContext->initLoadScopeObjectPropertyLookup(661);
if (aotContext->engine->hasError()) {
aotContext->setReturnValueUndefined();
if (argv[0]) {
    *static_cast<QObject * *>(argv[0]) = nullptr;
}
return;
}
}
{
}
{
}
// generate_Ret
if (argv[0]) {
    *static_cast<QObject * *>(argv[0]) = s.v2_0;
}
return;
}
 },{ 128, 0, [](QV4::ExecutableCompilationUnit *contextUnit, QMetaType *argTypes) {
    struct { QV4::ExecutableCompilationUnit *compilationUnit; } c { contextUnit };
    const auto *aotContext = &c;
    Q_UNUSED(aotContext);
    argTypes[0] = []() { static const auto t = QMetaType::fromName("QQuickText::VAlignment"); return t; }();
}, 
    [](const QQmlPrivate::AOTCompiledContext *aotContext, void **argv) {
Q_UNUSED(aotContext)
Q_UNUSED(argv)
// expression for verticalAlignment at line 548, column 65
struct Storage : QQmlPrivate::AOTTrackedLocalsStorage {
Storage(const QQmlPrivate::AOTCompiledContext *ctxt, void **a)   : aotContext(ctxt), argv(a) {}
void markObjects(QV4::MarkStack *markStack) const final {    Q_UNUSED(markStack);
}
const QQmlPrivate::AOTCompiledContext *aotContext;
void **argv;
int v2_5;
};
Storage s(aotContext, argv);
aotContext->setLocals(&s);
{
}
// generate_GetLookup
#ifndef QT_NO_DEBUG
aotContext->setInstructionPointer(10);
#endif
while (!aotContext->getEnumLookup(675, &s.v2_5)) {
#ifdef QT_NO_DEBUG
aotContext->setInstructionPointer(10);
#endif
aotContext->initGetEnumLookup(675, []() { static const auto t = QMetaType::fromName("QQuickText*"); return t; }().metaObject(), "VAlignment", "AlignVCenter");
if (aotContext->engine->hasError()) {
aotContext->setReturnValueUndefined();
if (argv[0]) {
    const QMetaType returnType = []() { static const auto t = QMetaType::fromName("QQuickText::VAlignment"); return t; }();
    returnType.destruct(argv[0]);
    returnType.construct(argv[0]);
 }
return;
}
}
{
}
{
}
// generate_Ret
if (argv[0]) {
    const QMetaType returnType = QMetaType::fromType<int>();
    returnType.destruct(argv[0]);
    returnType.construct(argv[0], &s.v2_5);
}
return;
}
 },{ 129, 0, [](QV4::ExecutableCompilationUnit *contextUnit, QMetaType *argTypes) {
    struct { QV4::ExecutableCompilationUnit *compilationUnit; } c { contextUnit };
    const auto *aotContext = &c;
    Q_UNUSED(aotContext);
    argTypes[0] = []() { static const auto t = QMetaType::fromName("QQuickText::HAlignment"); return t; }();
}, 
    [](const QQmlPrivate::AOTCompiledContext *aotContext, void **argv) {
Q_UNUSED(aotContext)
Q_UNUSED(argv)
// expression for horizontalAlignment at line 548, column 103
struct Storage : QQmlPrivate::AOTTrackedLocalsStorage {
Storage(const QQmlPrivate::AOTCompiledContext *ctxt, void **a)   : aotContext(ctxt), argv(a) {}
void markObjects(QV4::MarkStack *markStack) const final {    Q_UNUSED(markStack);
}
const QQmlPrivate::AOTCompiledContext *aotContext;
void **argv;
int v2_5;
};
Storage s(aotContext, argv);
aotContext->setLocals(&s);
{
}
// generate_GetLookup
#ifndef QT_NO_DEBUG
aotContext->setInstructionPointer(10);
#endif
while (!aotContext->getEnumLookup(677, &s.v2_5)) {
#ifdef QT_NO_DEBUG
aotContext->setInstructionPointer(10);
#endif
aotContext->initGetEnumLookup(677, []() { static const auto t = QMetaType::fromName("QQuickText*"); return t; }().metaObject(), "HAlignment", "AlignRight");
if (aotContext->engine->hasError()) {
aotContext->setReturnValueUndefined();
if (argv[0]) {
    const QMetaType returnType = []() { static const auto t = QMetaType::fromName("QQuickText::HAlignment"); return t; }();
    returnType.destruct(argv[0]);
    returnType.construct(argv[0]);
 }
return;
}
}
{
}
{
}
// generate_Ret
if (argv[0]) {
    const QMetaType returnType = QMetaType::fromType<int>();
    returnType.destruct(argv[0]);
    returnType.construct(argv[0], &s.v2_5);
}
return;
}
 },{ 132, 0, [](QV4::ExecutableCompilationUnit *contextUnit, QMetaType *argTypes) {
    struct { QV4::ExecutableCompilationUnit *compilationUnit; } c { contextUnit };
    const auto *aotContext = &c;
    Q_UNUSED(aotContext);
    argTypes[0] = []() { static const auto t = QMetaType::fromName("QQuickItem*"); return t; }();
}, 
    [](const QQmlPrivate::AOTCompiledContext *aotContext, void **argv) {
Q_UNUSED(aotContext)
Q_UNUSED(argv)
// expression for fill at line 548, column 25
struct Storage : QQmlPrivate::AOTTrackedLocalsStorage {
Storage(const QQmlPrivate::AOTCompiledContext *ctxt, void **a)   : aotContext(ctxt), argv(a) {}
void markObjects(QV4::MarkStack *markStack) const final {    Q_UNUSED(markStack);
    aotContext->mark(v2_0, markStack);
}
const QQmlPrivate::AOTCompiledContext *aotContext;
void **argv;
QObject *v2_0 = nullptr;
};
Storage s(aotContext, argv);
aotContext->setLocals(&s);
// generate_LoadQmlContextPropertyLookup
#ifndef QT_NO_DEBUG
aotContext->setInstructionPointer(5);
#endif
while (!aotContext->loadScopeObjectPropertyLookup(684, &s.v2_0)) {
#ifdef QT_NO_DEBUG
aotContext->setInstructionPointer(5);
#endif
aotContext->initLoadScopeObjectPropertyLookup(684);
if (aotContext->engine->hasError()) {
aotContext->setReturnValueUndefined();
if (argv[0]) {
    *static_cast<QObject * *>(argv[0]) = nullptr;
}
return;
}
}
{
}
{
}
// generate_Ret
if (argv[0]) {
    *static_cast<QObject * *>(argv[0]) = s.v2_0;
}
return;
}
 },{ 136, 0, [](QV4::ExecutableCompilationUnit *contextUnit, QMetaType *argTypes) {
    struct { QV4::ExecutableCompilationUnit *compilationUnit; } c { contextUnit };
    const auto *aotContext = &c;
    Q_UNUSED(aotContext);
    argTypes[0] = []() { static const auto t = QMetaType::fromName("QQuickText::VAlignment"); return t; }();
}, 
    [](const QQmlPrivate::AOTCompiledContext *aotContext, void **argv) {
Q_UNUSED(aotContext)
Q_UNUSED(argv)
// expression for verticalAlignment at line 560, column 65
struct Storage : QQmlPrivate::AOTTrackedLocalsStorage {
Storage(const QQmlPrivate::AOTCompiledContext *ctxt, void **a)   : aotContext(ctxt), argv(a) {}
void markObjects(QV4::MarkStack *markStack) const final {    Q_UNUSED(markStack);
}
const QQmlPrivate::AOTCompiledContext *aotContext;
void **argv;
int v2_5;
};
Storage s(aotContext, argv);
aotContext->setLocals(&s);
{
}
// generate_GetLookup
#ifndef QT_NO_DEBUG
aotContext->setInstructionPointer(10);
#endif
while (!aotContext->getEnumLookup(698, &s.v2_5)) {
#ifdef QT_NO_DEBUG
aotContext->setInstructionPointer(10);
#endif
aotContext->initGetEnumLookup(698, []() { static const auto t = QMetaType::fromName("QQuickText*"); return t; }().metaObject(), "VAlignment", "AlignVCenter");
if (aotContext->engine->hasError()) {
aotContext->setReturnValueUndefined();
if (argv[0]) {
    const QMetaType returnType = []() { static const auto t = QMetaType::fromName("QQuickText::VAlignment"); return t; }();
    returnType.destruct(argv[0]);
    returnType.construct(argv[0]);
 }
return;
}
}
{
}
{
}
// generate_Ret
if (argv[0]) {
    const QMetaType returnType = QMetaType::fromType<int>();
    returnType.destruct(argv[0]);
    returnType.construct(argv[0], &s.v2_5);
}
return;
}
 },{ 137, 0, [](QV4::ExecutableCompilationUnit *contextUnit, QMetaType *argTypes) {
    struct { QV4::ExecutableCompilationUnit *compilationUnit; } c { contextUnit };
    const auto *aotContext = &c;
    Q_UNUSED(aotContext);
    argTypes[0] = []() { static const auto t = QMetaType::fromName("QQuickText::HAlignment"); return t; }();
}, 
    [](const QQmlPrivate::AOTCompiledContext *aotContext, void **argv) {
Q_UNUSED(aotContext)
Q_UNUSED(argv)
// expression for horizontalAlignment at line 560, column 103
struct Storage : QQmlPrivate::AOTTrackedLocalsStorage {
Storage(const QQmlPrivate::AOTCompiledContext *ctxt, void **a)   : aotContext(ctxt), argv(a) {}
void markObjects(QV4::MarkStack *markStack) const final {    Q_UNUSED(markStack);
}
const QQmlPrivate::AOTCompiledContext *aotContext;
void **argv;
int v2_5;
};
Storage s(aotContext, argv);
aotContext->setLocals(&s);
{
}
// generate_GetLookup
#ifndef QT_NO_DEBUG
aotContext->setInstructionPointer(10);
#endif
while (!aotContext->getEnumLookup(700, &s.v2_5)) {
#ifdef QT_NO_DEBUG
aotContext->setInstructionPointer(10);
#endif
aotContext->initGetEnumLookup(700, []() { static const auto t = QMetaType::fromName("QQuickText*"); return t; }().metaObject(), "HAlignment", "AlignRight");
if (aotContext->engine->hasError()) {
aotContext->setReturnValueUndefined();
if (argv[0]) {
    const QMetaType returnType = []() { static const auto t = QMetaType::fromName("QQuickText::HAlignment"); return t; }();
    returnType.destruct(argv[0]);
    returnType.construct(argv[0]);
 }
return;
}
}
{
}
{
}
// generate_Ret
if (argv[0]) {
    const QMetaType returnType = QMetaType::fromType<int>();
    returnType.destruct(argv[0]);
    returnType.construct(argv[0], &s.v2_5);
}
return;
}
 },{ 140, 0, [](QV4::ExecutableCompilationUnit *contextUnit, QMetaType *argTypes) {
    struct { QV4::ExecutableCompilationUnit *compilationUnit; } c { contextUnit };
    const auto *aotContext = &c;
    Q_UNUSED(aotContext);
    argTypes[0] = []() { static const auto t = QMetaType::fromName("QQuickItem*"); return t; }();
}, 
    [](const QQmlPrivate::AOTCompiledContext *aotContext, void **argv) {
Q_UNUSED(aotContext)
Q_UNUSED(argv)
// expression for fill at line 560, column 25
struct Storage : QQmlPrivate::AOTTrackedLocalsStorage {
Storage(const QQmlPrivate::AOTCompiledContext *ctxt, void **a)   : aotContext(ctxt), argv(a) {}
void markObjects(QV4::MarkStack *markStack) const final {    Q_UNUSED(markStack);
    aotContext->mark(v2_0, markStack);
}
const QQmlPrivate::AOTCompiledContext *aotContext;
void **argv;
QObject *v2_0 = nullptr;
};
Storage s(aotContext, argv);
aotContext->setLocals(&s);
// generate_LoadQmlContextPropertyLookup
#ifndef QT_NO_DEBUG
aotContext->setInstructionPointer(5);
#endif
while (!aotContext->loadScopeObjectPropertyLookup(707, &s.v2_0)) {
#ifdef QT_NO_DEBUG
aotContext->setInstructionPointer(5);
#endif
aotContext->initLoadScopeObjectPropertyLookup(707);
if (aotContext->engine->hasError()) {
aotContext->setReturnValueUndefined();
if (argv[0]) {
    *static_cast<QObject * *>(argv[0]) = nullptr;
}
return;
}
}
{
}
{
}
// generate_Ret
if (argv[0]) {
    *static_cast<QObject * *>(argv[0]) = s.v2_0;
}
return;
}
 },{ 144, 0, [](QV4::ExecutableCompilationUnit *contextUnit, QMetaType *argTypes) {
    struct { QV4::ExecutableCompilationUnit *compilationUnit; } c { contextUnit };
    const auto *aotContext = &c;
    Q_UNUSED(aotContext);
    argTypes[0] = []() { static const auto t = QMetaType::fromName("QQuickText::VAlignment"); return t; }();
}, 
    [](const QQmlPrivate::AOTCompiledContext *aotContext, void **argv) {
Q_UNUSED(aotContext)
Q_UNUSED(argv)
// expression for verticalAlignment at line 572, column 64
struct Storage : QQmlPrivate::AOTTrackedLocalsStorage {
Storage(const QQmlPrivate::AOTCompiledContext *ctxt, void **a)   : aotContext(ctxt), argv(a) {}
void markObjects(QV4::MarkStack *markStack) const final {    Q_UNUSED(markStack);
}
const QQmlPrivate::AOTCompiledContext *aotContext;
void **argv;
int v2_5;
};
Storage s(aotContext, argv);
aotContext->setLocals(&s);
{
}
// generate_GetLookup
#ifndef QT_NO_DEBUG
aotContext->setInstructionPointer(10);
#endif
while (!aotContext->getEnumLookup(721, &s.v2_5)) {
#ifdef QT_NO_DEBUG
aotContext->setInstructionPointer(10);
#endif
aotContext->initGetEnumLookup(721, []() { static const auto t = QMetaType::fromName("QQuickText*"); return t; }().metaObject(), "VAlignment", "AlignVCenter");
if (aotContext->engine->hasError()) {
aotContext->setReturnValueUndefined();
if (argv[0]) {
    const QMetaType returnType = []() { static const auto t = QMetaType::fromName("QQuickText::VAlignment"); return t; }();
    returnType.destruct(argv[0]);
    returnType.construct(argv[0]);
 }
return;
}
}
{
}
{
}
// generate_Ret
if (argv[0]) {
    const QMetaType returnType = QMetaType::fromType<int>();
    returnType.destruct(argv[0]);
    returnType.construct(argv[0], &s.v2_5);
}
return;
}
 },{ 147, 0, [](QV4::ExecutableCompilationUnit *contextUnit, QMetaType *argTypes) {
    struct { QV4::ExecutableCompilationUnit *compilationUnit; } c { contextUnit };
    const auto *aotContext = &c;
    Q_UNUSED(aotContext);
    argTypes[0] = []() { static const auto t = QMetaType::fromName("QQuickItem*"); return t; }();
}, 
    [](const QQmlPrivate::AOTCompiledContext *aotContext, void **argv) {
Q_UNUSED(aotContext)
Q_UNUSED(argv)
// expression for fill at line 572, column 25
struct Storage : QQmlPrivate::AOTTrackedLocalsStorage {
Storage(const QQmlPrivate::AOTCompiledContext *ctxt, void **a)   : aotContext(ctxt), argv(a) {}
void markObjects(QV4::MarkStack *markStack) const final {    Q_UNUSED(markStack);
    aotContext->mark(v2_0, markStack);
}
const QQmlPrivate::AOTCompiledContext *aotContext;
void **argv;
QObject *v2_0 = nullptr;
};
Storage s(aotContext, argv);
aotContext->setLocals(&s);
// generate_LoadQmlContextPropertyLookup
#ifndef QT_NO_DEBUG
aotContext->setInstructionPointer(5);
#endif
while (!aotContext->loadScopeObjectPropertyLookup(728, &s.v2_0)) {
#ifdef QT_NO_DEBUG
aotContext->setInstructionPointer(5);
#endif
aotContext->initLoadScopeObjectPropertyLookup(728);
if (aotContext->engine->hasError()) {
aotContext->setReturnValueUndefined();
if (argv[0]) {
    *static_cast<QObject * *>(argv[0]) = nullptr;
}
return;
}
}
{
}
{
}
// generate_Ret
if (argv[0]) {
    *static_cast<QObject * *>(argv[0]) = s.v2_0;
}
return;
}
 },{ 151, 0, [](QV4::ExecutableCompilationUnit *contextUnit, QMetaType *argTypes) {
    struct { QV4::ExecutableCompilationUnit *compilationUnit; } c { contextUnit };
    const auto *aotContext = &c;
    Q_UNUSED(aotContext);
    argTypes[0] = []() { static const auto t = QMetaType::fromName("QQuickText::VAlignment"); return t; }();
}, 
    [](const QQmlPrivate::AOTCompiledContext *aotContext, void **argv) {
Q_UNUSED(aotContext)
Q_UNUSED(argv)
// expression for verticalAlignment at line 585, column 64
struct Storage : QQmlPrivate::AOTTrackedLocalsStorage {
Storage(const QQmlPrivate::AOTCompiledContext *ctxt, void **a)   : aotContext(ctxt), argv(a) {}
void markObjects(QV4::MarkStack *markStack) const final {    Q_UNUSED(markStack);
}
const QQmlPrivate::AOTCompiledContext *aotContext;
void **argv;
int v2_5;
};
Storage s(aotContext, argv);
aotContext->setLocals(&s);
{
}
// generate_GetLookup
#ifndef QT_NO_DEBUG
aotContext->setInstructionPointer(10);
#endif
while (!aotContext->getEnumLookup(742, &s.v2_5)) {
#ifdef QT_NO_DEBUG
aotContext->setInstructionPointer(10);
#endif
aotContext->initGetEnumLookup(742, []() { static const auto t = QMetaType::fromName("QQuickText*"); return t; }().metaObject(), "VAlignment", "AlignVCenter");
if (aotContext->engine->hasError()) {
aotContext->setReturnValueUndefined();
if (argv[0]) {
    const QMetaType returnType = []() { static const auto t = QMetaType::fromName("QQuickText::VAlignment"); return t; }();
    returnType.destruct(argv[0]);
    returnType.construct(argv[0]);
 }
return;
}
}
{
}
{
}
// generate_Ret
if (argv[0]) {
    const QMetaType returnType = QMetaType::fromType<int>();
    returnType.destruct(argv[0]);
    returnType.construct(argv[0], &s.v2_5);
}
return;
}
 },{ 153, 0, [](QV4::ExecutableCompilationUnit *contextUnit, QMetaType *argTypes) {
    struct { QV4::ExecutableCompilationUnit *compilationUnit; } c { contextUnit };
    const auto *aotContext = &c;
    Q_UNUSED(aotContext);
    argTypes[0] = []() { static const auto t = QMetaType::fromName("QQuickText::TextElideMode"); return t; }();
}, 
    [](const QQmlPrivate::AOTCompiledContext *aotContext, void **argv) {
Q_UNUSED(aotContext)
Q_UNUSED(argv)
// expression for elide at line 587, column 25
struct Storage : QQmlPrivate::AOTTrackedLocalsStorage {
Storage(const QQmlPrivate::AOTCompiledContext *ctxt, void **a)   : aotContext(ctxt), argv(a) {}
void markObjects(QV4::MarkStack *markStack) const final {    Q_UNUSED(markStack);
}
const QQmlPrivate::AOTCompiledContext *aotContext;
void **argv;
int v2_5;
};
Storage s(aotContext, argv);
aotContext->setLocals(&s);
{
}
// generate_GetLookup
#ifndef QT_NO_DEBUG
aotContext->setInstructionPointer(10);
#endif
while (!aotContext->getEnumLookup(748, &s.v2_5)) {
#ifdef QT_NO_DEBUG
aotContext->setInstructionPointer(10);
#endif
aotContext->initGetEnumLookup(748, []() { static const auto t = QMetaType::fromName("QQuickText*"); return t; }().metaObject(), "TextElideMode", "ElideRight");
if (aotContext->engine->hasError()) {
aotContext->setReturnValueUndefined();
if (argv[0]) {
    const QMetaType returnType = []() { static const auto t = QMetaType::fromName("QQuickText::TextElideMode"); return t; }();
    returnType.destruct(argv[0]);
    returnType.construct(argv[0]);
 }
return;
}
}
{
}
{
}
// generate_Ret
if (argv[0]) {
    const QMetaType returnType = QMetaType::fromType<int>();
    returnType.destruct(argv[0]);
    returnType.construct(argv[0], &s.v2_5);
}
return;
}
 },{ 155, 0, [](QV4::ExecutableCompilationUnit *contextUnit, QMetaType *argTypes) {
    struct { QV4::ExecutableCompilationUnit *compilationUnit; } c { contextUnit };
    const auto *aotContext = &c;
    Q_UNUSED(aotContext);
    argTypes[0] = []() { static const auto t = QMetaType::fromName("QQuickItem*"); return t; }();
}, 
    [](const QQmlPrivate::AOTCompiledContext *aotContext, void **argv) {
Q_UNUSED(aotContext)
Q_UNUSED(argv)
// expression for fill at line 585, column 25
struct Storage : QQmlPrivate::AOTTrackedLocalsStorage {
Storage(const QQmlPrivate::AOTCompiledContext *ctxt, void **a)   : aotContext(ctxt), argv(a) {}
void markObjects(QV4::MarkStack *markStack) const final {    Q_UNUSED(markStack);
    aotContext->mark(v2_0, markStack);
}
const QQmlPrivate::AOTCompiledContext *aotContext;
void **argv;
QObject *v2_0 = nullptr;
};
Storage s(aotContext, argv);
aotContext->setLocals(&s);
// generate_LoadQmlContextPropertyLookup
#ifndef QT_NO_DEBUG
aotContext->setInstructionPointer(5);
#endif
while (!aotContext->loadScopeObjectPropertyLookup(751, &s.v2_0)) {
#ifdef QT_NO_DEBUG
aotContext->setInstructionPointer(5);
#endif
aotContext->initLoadScopeObjectPropertyLookup(751);
if (aotContext->engine->hasError()) {
aotContext->setReturnValueUndefined();
if (argv[0]) {
    *static_cast<QObject * *>(argv[0]) = nullptr;
}
return;
}
}
{
}
{
}
// generate_Ret
if (argv[0]) {
    *static_cast<QObject * *>(argv[0]) = s.v2_0;
}
return;
}
 },{ 159, 0, [](QV4::ExecutableCompilationUnit *contextUnit, QMetaType *argTypes) {
    struct { QV4::ExecutableCompilationUnit *compilationUnit; } c { contextUnit };
    const auto *aotContext = &c;
    Q_UNUSED(aotContext);
    argTypes[0] = []() { static const auto t = QMetaType::fromName("QQuickText::VAlignment"); return t; }();
}, 
    [](const QQmlPrivate::AOTCompiledContext *aotContext, void **argv) {
Q_UNUSED(aotContext)
Q_UNUSED(argv)
// expression for verticalAlignment at line 598, column 64
struct Storage : QQmlPrivate::AOTTrackedLocalsStorage {
Storage(const QQmlPrivate::AOTCompiledContext *ctxt, void **a)   : aotContext(ctxt), argv(a) {}
void markObjects(QV4::MarkStack *markStack) const final {    Q_UNUSED(markStack);
}
const QQmlPrivate::AOTCompiledContext *aotContext;
void **argv;
int v2_5;
};
Storage s(aotContext, argv);
aotContext->setLocals(&s);
{
}
// generate_GetLookup
#ifndef QT_NO_DEBUG
aotContext->setInstructionPointer(10);
#endif
while (!aotContext->getEnumLookup(765, &s.v2_5)) {
#ifdef QT_NO_DEBUG
aotContext->setInstructionPointer(10);
#endif
aotContext->initGetEnumLookup(765, []() { static const auto t = QMetaType::fromName("QQuickText*"); return t; }().metaObject(), "VAlignment", "AlignVCenter");
if (aotContext->engine->hasError()) {
aotContext->setReturnValueUndefined();
if (argv[0]) {
    const QMetaType returnType = []() { static const auto t = QMetaType::fromName("QQuickText::VAlignment"); return t; }();
    returnType.destruct(argv[0]);
    returnType.construct(argv[0]);
 }
return;
}
}
{
}
{
}
// generate_Ret
if (argv[0]) {
    const QMetaType returnType = QMetaType::fromType<int>();
    returnType.destruct(argv[0]);
    returnType.construct(argv[0], &s.v2_5);
}
return;
}
 },{ 161, 0, [](QV4::ExecutableCompilationUnit *contextUnit, QMetaType *argTypes) {
    struct { QV4::ExecutableCompilationUnit *compilationUnit; } c { contextUnit };
    const auto *aotContext = &c;
    Q_UNUSED(aotContext);
    argTypes[0] = []() { static const auto t = QMetaType::fromName("QQuickText::TextElideMode"); return t; }();
}, 
    [](const QQmlPrivate::AOTCompiledContext *aotContext, void **argv) {
Q_UNUSED(aotContext)
Q_UNUSED(argv)
// expression for elide at line 600, column 25
struct Storage : QQmlPrivate::AOTTrackedLocalsStorage {
Storage(const QQmlPrivate::AOTCompiledContext *ctxt, void **a)   : aotContext(ctxt), argv(a) {}
void markObjects(QV4::MarkStack *markStack) const final {    Q_UNUSED(markStack);
}
const QQmlPrivate::AOTCompiledContext *aotContext;
void **argv;
int v2_5;
};
Storage s(aotContext, argv);
aotContext->setLocals(&s);
{
}
// generate_GetLookup
#ifndef QT_NO_DEBUG
aotContext->setInstructionPointer(10);
#endif
while (!aotContext->getEnumLookup(771, &s.v2_5)) {
#ifdef QT_NO_DEBUG
aotContext->setInstructionPointer(10);
#endif
aotContext->initGetEnumLookup(771, []() { static const auto t = QMetaType::fromName("QQuickText*"); return t; }().metaObject(), "TextElideMode", "ElideRight");
if (aotContext->engine->hasError()) {
aotContext->setReturnValueUndefined();
if (argv[0]) {
    const QMetaType returnType = []() { static const auto t = QMetaType::fromName("QQuickText::TextElideMode"); return t; }();
    returnType.destruct(argv[0]);
    returnType.construct(argv[0]);
 }
return;
}
}
{
}
{
}
// generate_Ret
if (argv[0]) {
    const QMetaType returnType = QMetaType::fromType<int>();
    returnType.destruct(argv[0]);
    returnType.construct(argv[0], &s.v2_5);
}
return;
}
 },{ 163, 0, [](QV4::ExecutableCompilationUnit *contextUnit, QMetaType *argTypes) {
    struct { QV4::ExecutableCompilationUnit *compilationUnit; } c { contextUnit };
    const auto *aotContext = &c;
    Q_UNUSED(aotContext);
    argTypes[0] = []() { static const auto t = QMetaType::fromName("QQuickItem*"); return t; }();
}, 
    [](const QQmlPrivate::AOTCompiledContext *aotContext, void **argv) {
Q_UNUSED(aotContext)
Q_UNUSED(argv)
// expression for fill at line 598, column 25
struct Storage : QQmlPrivate::AOTTrackedLocalsStorage {
Storage(const QQmlPrivate::AOTCompiledContext *ctxt, void **a)   : aotContext(ctxt), argv(a) {}
void markObjects(QV4::MarkStack *markStack) const final {    Q_UNUSED(markStack);
    aotContext->mark(v2_0, markStack);
}
const QQmlPrivate::AOTCompiledContext *aotContext;
void **argv;
QObject *v2_0 = nullptr;
};
Storage s(aotContext, argv);
aotContext->setLocals(&s);
// generate_LoadQmlContextPropertyLookup
#ifndef QT_NO_DEBUG
aotContext->setInstructionPointer(5);
#endif
while (!aotContext->loadScopeObjectPropertyLookup(774, &s.v2_0)) {
#ifdef QT_NO_DEBUG
aotContext->setInstructionPointer(5);
#endif
aotContext->initLoadScopeObjectPropertyLookup(774);
if (aotContext->engine->hasError()) {
aotContext->setReturnValueUndefined();
if (argv[0]) {
    *static_cast<QObject * *>(argv[0]) = nullptr;
}
return;
}
}
{
}
{
}
// generate_Ret
if (argv[0]) {
    *static_cast<QObject * *>(argv[0]) = s.v2_0;
}
return;
}
 },{ 167, 0, [](QV4::ExecutableCompilationUnit *contextUnit, QMetaType *argTypes) {
    struct { QV4::ExecutableCompilationUnit *compilationUnit; } c { contextUnit };
    const auto *aotContext = &c;
    Q_UNUSED(aotContext);
    argTypes[0] = []() { static const auto t = QMetaType::fromName("QQuickText::VAlignment"); return t; }();
}, 
    [](const QQmlPrivate::AOTCompiledContext *aotContext, void **argv) {
Q_UNUSED(aotContext)
Q_UNUSED(argv)
// expression for verticalAlignment at line 611, column 64
struct Storage : QQmlPrivate::AOTTrackedLocalsStorage {
Storage(const QQmlPrivate::AOTCompiledContext *ctxt, void **a)   : aotContext(ctxt), argv(a) {}
void markObjects(QV4::MarkStack *markStack) const final {    Q_UNUSED(markStack);
}
const QQmlPrivate::AOTCompiledContext *aotContext;
void **argv;
int v2_5;
};
Storage s(aotContext, argv);
aotContext->setLocals(&s);
{
}
// generate_GetLookup
#ifndef QT_NO_DEBUG
aotContext->setInstructionPointer(10);
#endif
while (!aotContext->getEnumLookup(788, &s.v2_5)) {
#ifdef QT_NO_DEBUG
aotContext->setInstructionPointer(10);
#endif
aotContext->initGetEnumLookup(788, []() { static const auto t = QMetaType::fromName("QQuickText*"); return t; }().metaObject(), "VAlignment", "AlignVCenter");
if (aotContext->engine->hasError()) {
aotContext->setReturnValueUndefined();
if (argv[0]) {
    const QMetaType returnType = []() { static const auto t = QMetaType::fromName("QQuickText::VAlignment"); return t; }();
    returnType.destruct(argv[0]);
    returnType.construct(argv[0]);
 }
return;
}
}
{
}
{
}
// generate_Ret
if (argv[0]) {
    const QMetaType returnType = QMetaType::fromType<int>();
    returnType.destruct(argv[0]);
    returnType.construct(argv[0], &s.v2_5);
}
return;
}
 },{ 169, 0, [](QV4::ExecutableCompilationUnit *contextUnit, QMetaType *argTypes) {
    struct { QV4::ExecutableCompilationUnit *compilationUnit; } c { contextUnit };
    const auto *aotContext = &c;
    Q_UNUSED(aotContext);
    argTypes[0] = []() { static const auto t = QMetaType::fromName("QQuickText::TextElideMode"); return t; }();
}, 
    [](const QQmlPrivate::AOTCompiledContext *aotContext, void **argv) {
Q_UNUSED(aotContext)
Q_UNUSED(argv)
// expression for elide at line 613, column 25
struct Storage : QQmlPrivate::AOTTrackedLocalsStorage {
Storage(const QQmlPrivate::AOTCompiledContext *ctxt, void **a)   : aotContext(ctxt), argv(a) {}
void markObjects(QV4::MarkStack *markStack) const final {    Q_UNUSED(markStack);
}
const QQmlPrivate::AOTCompiledContext *aotContext;
void **argv;
int v2_5;
};
Storage s(aotContext, argv);
aotContext->setLocals(&s);
{
}
// generate_GetLookup
#ifndef QT_NO_DEBUG
aotContext->setInstructionPointer(10);
#endif
while (!aotContext->getEnumLookup(794, &s.v2_5)) {
#ifdef QT_NO_DEBUG
aotContext->setInstructionPointer(10);
#endif
aotContext->initGetEnumLookup(794, []() { static const auto t = QMetaType::fromName("QQuickText*"); return t; }().metaObject(), "TextElideMode", "ElideRight");
if (aotContext->engine->hasError()) {
aotContext->setReturnValueUndefined();
if (argv[0]) {
    const QMetaType returnType = []() { static const auto t = QMetaType::fromName("QQuickText::TextElideMode"); return t; }();
    returnType.destruct(argv[0]);
    returnType.construct(argv[0]);
 }
return;
}
}
{
}
{
}
// generate_Ret
if (argv[0]) {
    const QMetaType returnType = QMetaType::fromType<int>();
    returnType.destruct(argv[0]);
    returnType.construct(argv[0], &s.v2_5);
}
return;
}
 },{ 171, 0, [](QV4::ExecutableCompilationUnit *contextUnit, QMetaType *argTypes) {
    struct { QV4::ExecutableCompilationUnit *compilationUnit; } c { contextUnit };
    const auto *aotContext = &c;
    Q_UNUSED(aotContext);
    argTypes[0] = []() { static const auto t = QMetaType::fromName("QQuickItem*"); return t; }();
}, 
    [](const QQmlPrivate::AOTCompiledContext *aotContext, void **argv) {
Q_UNUSED(aotContext)
Q_UNUSED(argv)
// expression for fill at line 611, column 25
struct Storage : QQmlPrivate::AOTTrackedLocalsStorage {
Storage(const QQmlPrivate::AOTCompiledContext *ctxt, void **a)   : aotContext(ctxt), argv(a) {}
void markObjects(QV4::MarkStack *markStack) const final {    Q_UNUSED(markStack);
    aotContext->mark(v2_0, markStack);
}
const QQmlPrivate::AOTCompiledContext *aotContext;
void **argv;
QObject *v2_0 = nullptr;
};
Storage s(aotContext, argv);
aotContext->setLocals(&s);
// generate_LoadQmlContextPropertyLookup
#ifndef QT_NO_DEBUG
aotContext->setInstructionPointer(5);
#endif
while (!aotContext->loadScopeObjectPropertyLookup(797, &s.v2_0)) {
#ifdef QT_NO_DEBUG
aotContext->setInstructionPointer(5);
#endif
aotContext->initLoadScopeObjectPropertyLookup(797);
if (aotContext->engine->hasError()) {
aotContext->setReturnValueUndefined();
if (argv[0]) {
    *static_cast<QObject * *>(argv[0]) = nullptr;
}
return;
}
}
{
}
{
}
// generate_Ret
if (argv[0]) {
    *static_cast<QObject * *>(argv[0]) = s.v2_0;
}
return;
}
 },{ 173, 0, [](QV4::ExecutableCompilationUnit *contextUnit, QMetaType *argTypes) {
    struct { QV4::ExecutableCompilationUnit *compilationUnit; } c { contextUnit };
    const auto *aotContext = &c;
    Q_UNUSED(aotContext);
    argTypes[0] = []() { static const auto t = QMetaType::fromName("Qt::MouseButtons"); return t; }();
}, 
    [](const QQmlPrivate::AOTCompiledContext *aotContext, void **argv) {
Q_UNUSED(aotContext)
Q_UNUSED(argv)
// expression for acceptedButtons at line 622, column 71
struct Storage : QQmlPrivate::AOTTrackedLocalsStorage {
Storage(const QQmlPrivate::AOTCompiledContext *ctxt, void **a)   : aotContext(ctxt), argv(a) {}
void markObjects(QV4::MarkStack *markStack) const final {    Q_UNUSED(markStack);
}
const QQmlPrivate::AOTCompiledContext *aotContext;
void **argv;
int v2_17;
int v2_22;
int v2_5;
};
Storage s(aotContext, argv);
aotContext->setLocals(&s);
{
}
// generate_GetLookup
#ifndef QT_NO_DEBUG
aotContext->setInstructionPointer(10);
#endif
while (!aotContext->getEnumLookup(803, &s.v2_5)) {
#ifdef QT_NO_DEBUG
aotContext->setInstructionPointer(10);
#endif
aotContext->initGetEnumLookup(803, []() { static const auto t = QMetaType::fromName("Qt"); return t; }().metaObject(), "MouseButton", "LeftButton");
if (aotContext->engine->hasError()) {
aotContext->setReturnValueUndefined();
if (argv[0]) {
    const QMetaType returnType = []() { static const auto t = QMetaType::fromName("Qt::MouseButtons"); return t; }();
    returnType.destruct(argv[0]);
    returnType.construct(argv[0]);
 }
return;
}
}
{
}
// generate_StoreReg
{
}
{
}
// generate_GetLookup
#ifndef QT_NO_DEBUG
aotContext->setInstructionPointer(22);
#endif
while (!aotContext->getEnumLookup(805, &s.v2_17)) {
#ifdef QT_NO_DEBUG
aotContext->setInstructionPointer(22);
#endif
aotContext->initGetEnumLookup(805, []() { static const auto t = QMetaType::fromName("Qt"); return t; }().metaObject(), "MouseButton", "RightButton");
if (aotContext->engine->hasError()) {
aotContext->setReturnValueUndefined();
if (argv[0]) {
    const QMetaType returnType = []() { static const auto t = QMetaType::fromName("Qt::MouseButtons"); return t; }();
    returnType.destruct(argv[0]);
    returnType.construct(argv[0]);
 }
return;
}
}
{
}
// generate_BitOr
s.v2_22 = (s.v2_5 | s.v2_17);
{
}
{
}
// generate_Ret
if (argv[0]) {
    const QMetaType returnType = QMetaType::fromType<int>();
    returnType.destruct(argv[0]);
    returnType.construct(argv[0], &s.v2_22);
}
return;
}
 },{ 174, 1, [](QV4::ExecutableCompilationUnit *contextUnit, QMetaType *argTypes) {
    struct { QV4::ExecutableCompilationUnit *compilationUnit; } c { contextUnit };
    const auto *aotContext = &c;
    Q_UNUSED(aotContext);
    argTypes[0] = QMetaType();
    argTypes[1] = []() { static const auto t = QMetaType::fromName("QQuickMouseEvent*"); return t; }();
}, 
    [](const QQmlPrivate::AOTCompiledContext *aotContext, void **argv) {
Q_UNUSED(aotContext)
Q_UNUSED(argv)
// expression for onPressed at line 627, column 17
struct Storage : QQmlPrivate::AOTTrackedLocalsStorage {
Storage(const QQmlPrivate::AOTCompiledContext *ctxt, void **a)   : aotContext(ctxt), argv(a) {}
void markObjects(QV4::MarkStack *markStack) const final {    Q_UNUSED(markStack);
}
const QQmlPrivate::AOTCompiledContext *aotContext;
void **argv;
};
Storage s(aotContext, argv);
aotContext->setLocals(&s);
// generate_CreateCallContext
{
{
}
{
}
{
}
// generate_PopContext
{}
}
{
}
{
}
// generate_Ret
return;
}
 },{ 176, 1, [](QV4::ExecutableCompilationUnit *contextUnit, QMetaType *argTypes) {
    struct { QV4::ExecutableCompilationUnit *compilationUnit; } c { contextUnit };
    const auto *aotContext = &c;
    Q_UNUSED(aotContext);
    argTypes[0] = QMetaType();
    argTypes[1] = []() { static const auto t = QMetaType::fromName("QQuickMouseEvent*"); return t; }();
}, 
    [](const QQmlPrivate::AOTCompiledContext *aotContext, void **argv) {
Q_UNUSED(aotContext)
Q_UNUSED(argv)
// expression for onClicked at line 642, column 17
struct Storage : QQmlPrivate::AOTTrackedLocalsStorage {
Storage(const QQmlPrivate::AOTCompiledContext *ctxt, void **a)   : aotContext(ctxt), argv(a) {}
void markObjects(QV4::MarkStack *markStack) const final {    Q_UNUSED(markStack);
}
const QQmlPrivate::AOTCompiledContext *aotContext;
void **argv;
};
Storage s(aotContext, argv);
aotContext->setLocals(&s);
// generate_CreateCallContext
{
{
}
{
}
{
}
// generate_PopContext
{}
}
{
}
{
}
// generate_Ret
return;
}
 },{ 179, 0, [](QV4::ExecutableCompilationUnit *contextUnit, QMetaType *argTypes) {
    struct { QV4::ExecutableCompilationUnit *compilationUnit; } c { contextUnit };
    const auto *aotContext = &c;
    Q_UNUSED(aotContext);
    argTypes[0] = []() { static const auto t = QMetaType::fromName("QQuickItem*"); return t; }();
}, 
    [](const QQmlPrivate::AOTCompiledContext *aotContext, void **argv) {
Q_UNUSED(aotContext)
Q_UNUSED(argv)
// expression for fill at line 622, column 29
struct Storage : QQmlPrivate::AOTTrackedLocalsStorage {
Storage(const QQmlPrivate::AOTCompiledContext *ctxt, void **a)   : aotContext(ctxt), argv(a) {}
void markObjects(QV4::MarkStack *markStack) const final {    Q_UNUSED(markStack);
    aotContext->mark(v2_0, markStack);
}
const QQmlPrivate::AOTCompiledContext *aotContext;
void **argv;
QObject *v2_0 = nullptr;
};
Storage s(aotContext, argv);
aotContext->setLocals(&s);
// generate_LoadQmlContextPropertyLookup
#ifndef QT_NO_DEBUG
aotContext->setInstructionPointer(5);
#endif
while (!aotContext->loadScopeObjectPropertyLookup(873, &s.v2_0)) {
#ifdef QT_NO_DEBUG
aotContext->setInstructionPointer(5);
#endif
aotContext->initLoadScopeObjectPropertyLookup(873);
if (aotContext->engine->hasError()) {
aotContext->setReturnValueUndefined();
if (argv[0]) {
    *static_cast<QObject * *>(argv[0]) = nullptr;
}
return;
}
}
{
}
{
}
// generate_Ret
if (argv[0]) {
    *static_cast<QObject * *>(argv[0]) = s.v2_0;
}
return;
}
 },{ 180, 0, [](QV4::ExecutableCompilationUnit *contextUnit, QMetaType *argTypes) {
    struct { QV4::ExecutableCompilationUnit *compilationUnit; } c { contextUnit };
    const auto *aotContext = &c;
    Q_UNUSED(aotContext);
    argTypes[0] = []() { static const auto t = QMetaType::fromName("QQuickItem*"); return t; }();
}, 
    [](const QQmlPrivate::AOTCompiledContext *aotContext, void **argv) {
Q_UNUSED(aotContext)
Q_UNUSED(argv)
// expression for target at line 623, column 17
struct Storage : QQmlPrivate::AOTTrackedLocalsStorage {
Storage(const QQmlPrivate::AOTCompiledContext *ctxt, void **a)   : aotContext(ctxt), argv(a) {}
void markObjects(QV4::MarkStack *markStack) const final {    Q_UNUSED(markStack);
    aotContext->mark(v2_0, markStack);
}
const QQmlPrivate::AOTCompiledContext *aotContext;
void **argv;
QObject *v2_0 = nullptr;
};
Storage s(aotContext, argv);
aotContext->setLocals(&s);
// generate_LoadQmlContextPropertyLookup
#ifndef QT_NO_DEBUG
aotContext->setInstructionPointer(5);
#endif
while (!aotContext->loadContextIdLookup(874, &s.v2_0)) {
#ifdef QT_NO_DEBUG
aotContext->setInstructionPointer(5);
#endif
aotContext->initLoadContextIdLookup(874);
if (aotContext->engine->hasError()) {
aotContext->setReturnValueUndefined();
if (argv[0]) {
    *static_cast<QObject * *>(argv[0]) = nullptr;
}
return;
}
}
{
}
{
}
// generate_Ret
if (argv[0]) {
    *static_cast<QObject * *>(argv[0]) = s.v2_0;
}
return;
}
 },{ 181, 0, [](QV4::ExecutableCompilationUnit *contextUnit, QMetaType *argTypes) {
    struct { QV4::ExecutableCompilationUnit *compilationUnit; } c { contextUnit };
    const auto *aotContext = &c;
    Q_UNUSED(aotContext);
    argTypes[0] = QMetaType::fromType<bool>();
}, 
    [](const QQmlPrivate::AOTCompiledContext *aotContext, void **argv) {
Q_UNUSED(aotContext)
Q_UNUSED(argv)
// expression for active at line 626, column 39
struct Storage : QQmlPrivate::AOTTrackedLocalsStorage {
Storage(const QQmlPrivate::AOTCompiledContext *ctxt, void **a)   : aotContext(ctxt), argv(a) {}
void markObjects(QV4::MarkStack *markStack) const final {    Q_UNUSED(markStack);
    aotContext->mark(v2_0, markStack);
    aotContext->mark(v2_5, markStack);
}
const QQmlPrivate::AOTCompiledContext *aotContext;
void **argv;
QObject *v2_0 = nullptr;
QObject *v2_5 = nullptr;
bool v2_10;
};
Storage s(aotContext, argv);
aotContext->setLocals(&s);
// generate_LoadQmlContextPropertyLookup
#ifndef QT_NO_DEBUG
aotContext->setInstructionPointer(5);
#endif
while (!aotContext->loadContextIdLookup(875, &s.v2_0)) {
#ifdef QT_NO_DEBUG
aotContext->setInstructionPointer(5);
#endif
aotContext->initLoadContextIdLookup(875);
if (aotContext->engine->hasError()) {
aotContext->setReturnValueUndefined();
if (argv[0]) {
    *static_cast<bool *>(argv[0]) = bool();
}
return;
}
}
{
}
// generate_GetLookup
#ifndef QT_NO_DEBUG
aotContext->setInstructionPointer(10);
#endif
while (!aotContext->getObjectLookup(876, s.v2_0, &s.v2_5)) {
#ifdef QT_NO_DEBUG
aotContext->setInstructionPointer(10);
#endif
aotContext->initGetObjectLookup(876, s.v2_0);
if (aotContext->engine->hasError()) {
aotContext->setReturnValueUndefined();
if (argv[0]) {
    *static_cast<bool *>(argv[0]) = bool();
}
return;
}
}
{
}
// generate_GetLookup
#ifndef QT_NO_DEBUG
aotContext->setInstructionPointer(15);
#endif
while (!aotContext->getObjectLookup(877, s.v2_5, &s.v2_10)) {
#ifdef QT_NO_DEBUG
aotContext->setInstructionPointer(15);
#endif
aotContext->initGetObjectLookup(877, s.v2_5);
if (aotContext->engine->hasError()) {
aotContext->setReturnValueUndefined();
if (argv[0]) {
    *static_cast<bool *>(argv[0]) = bool();
}
return;
}
}
{
}
{
}
// generate_Ret
if (argv[0]) {
    *static_cast<bool *>(argv[0]) = s.v2_10;
}
return;
}
 },{ 182, 0, [](QV4::ExecutableCompilationUnit *contextUnit, QMetaType *argTypes) {
    struct { QV4::ExecutableCompilationUnit *compilationUnit; } c { contextUnit };
    const auto *aotContext = &c;
    Q_UNUSED(aotContext);
    argTypes[0] = QMetaType::fromType<QObject *>();
}, 
    [](const QQmlPrivate::AOTCompiledContext *aotContext, void **argv) {
Q_UNUSED(aotContext)
Q_UNUSED(argv)
// expression for source at line 626, column 72
struct Storage : QQmlPrivate::AOTTrackedLocalsStorage {
Storage(const QQmlPrivate::AOTCompiledContext *ctxt, void **a)   : aotContext(ctxt), argv(a) {}
void markObjects(QV4::MarkStack *markStack) const final {    Q_UNUSED(markStack);
    aotContext->mark(v2_0, markStack);
}
const QQmlPrivate::AOTCompiledContext *aotContext;
void **argv;
QObject *v2_0 = nullptr;
};
Storage s(aotContext, argv);
aotContext->setLocals(&s);
// generate_LoadQmlContextPropertyLookup
#ifndef QT_NO_DEBUG
aotContext->setInstructionPointer(5);
#endif
while (!aotContext->loadContextIdLookup(878, &s.v2_0)) {
#ifdef QT_NO_DEBUG
aotContext->setInstructionPointer(5);
#endif
aotContext->initLoadContextIdLookup(878);
if (aotContext->engine->hasError()) {
aotContext->setReturnValueUndefined();
if (argv[0]) {
    *static_cast<QObject * *>(argv[0]) = nullptr;
}
return;
}
}
{
}
{
}
// generate_Ret
if (argv[0]) {
    *static_cast<QObject * *>(argv[0]) = s.v2_0;
}
return;
}
 },{ 183, 0, [](QV4::ExecutableCompilationUnit *contextUnit, QMetaType *argTypes) {
    struct { QV4::ExecutableCompilationUnit *compilationUnit; } c { contextUnit };
    const auto *aotContext = &c;
    Q_UNUSED(aotContext);
    argTypes[0] = []() { static const auto t = QMetaType::fromName("Qt::DropActions"); return t; }();
}, 
    [](const QQmlPrivate::AOTCompiledContext *aotContext, void **argv) {
Q_UNUSED(aotContext)
Q_UNUSED(argv)
// expression for supportedActions at line 626, column 95
struct Storage : QQmlPrivate::AOTTrackedLocalsStorage {
Storage(const QQmlPrivate::AOTCompiledContext *ctxt, void **a)   : aotContext(ctxt), argv(a) {}
void markObjects(QV4::MarkStack *markStack) const final {    Q_UNUSED(markStack);
}
const QQmlPrivate::AOTCompiledContext *aotContext;
void **argv;
int v2_17;
int v2_22;
int v2_5;
};
Storage s(aotContext, argv);
aotContext->setLocals(&s);
{
}
// generate_GetLookup
#ifndef QT_NO_DEBUG
aotContext->setInstructionPointer(10);
#endif
while (!aotContext->getEnumLookup(880, &s.v2_5)) {
#ifdef QT_NO_DEBUG
aotContext->setInstructionPointer(10);
#endif
aotContext->initGetEnumLookup(880, []() { static const auto t = QMetaType::fromName("Qt"); return t; }().metaObject(), "DropAction", "CopyAction");
if (aotContext->engine->hasError()) {
aotContext->setReturnValueUndefined();
if (argv[0]) {
    const QMetaType returnType = []() { static const auto t = QMetaType::fromName("Qt::DropActions"); return t; }();
    returnType.destruct(argv[0]);
    returnType.construct(argv[0]);
 }
return;
}
}
{
}
// generate_StoreReg
{
}
{
}
// generate_GetLookup
#ifndef QT_NO_DEBUG
aotContext->setInstructionPointer(22);
#endif
while (!aotContext->getEnumLookup(882, &s.v2_17)) {
#ifdef QT_NO_DEBUG
aotContext->setInstructionPointer(22);
#endif
aotContext->initGetEnumLookup(882, []() { static const auto t = QMetaType::fromName("Qt"); return t; }().metaObject(), "DropAction", "MoveAction");
if (aotContext->engine->hasError()) {
aotContext->setReturnValueUndefined();
if (argv[0]) {
    const QMetaType returnType = []() { static const auto t = QMetaType::fromName("Qt::DropActions"); return t; }();
    returnType.destruct(argv[0]);
    returnType.construct(argv[0]);
 }
return;
}
}
{
}
// generate_BitOr
s.v2_22 = (s.v2_5 | s.v2_17);
{
}
{
}
// generate_Ret
if (argv[0]) {
    const QMetaType returnType = QMetaType::fromType<int>();
    returnType.destruct(argv[0]);
    returnType.construct(argv[0], &s.v2_22);
}
return;
}
 },{ 184, 0, [](QV4::ExecutableCompilationUnit *contextUnit, QMetaType *argTypes) {
    struct { QV4::ExecutableCompilationUnit *compilationUnit; } c { contextUnit };
    const auto *aotContext = &c;
    Q_UNUSED(aotContext);
    argTypes[0] = QMetaType::fromType<QStringList>();
}, 
    [](const QQmlPrivate::AOTCompiledContext *aotContext, void **argv) {
Q_UNUSED(aotContext)
Q_UNUSED(argv)
// expression for keys at line 626, column 149
struct Storage : QQmlPrivate::AOTTrackedLocalsStorage {
Storage(const QQmlPrivate::AOTCompiledContext *ctxt, void **a)   : aotContext(ctxt), argv(a) {}
void markObjects(QV4::MarkStack *markStack) const final {    Q_UNUSED(markStack);
    for (const auto &v : std::as_const(v2_7))
        aotContext->mark(v, markStack);
}
const QQmlPrivate::AOTCompiledContext *aotContext;
void **argv;
QString v2_0;
QStringList v2_7;
};
Storage s(aotContext, argv);
aotContext->setLocals(&s);
// generate_LoadRuntimeString
s.v2_0 = QStringLiteral("text/uri-list");
{
}
// generate_StoreReg
{
}
// generate_DefineArray
s.v2_7 = QStringList{std::move(s.v2_0)};
{
}
{
}
// generate_Ret
if (argv[0]) {
    *static_cast<QStringList *>(argv[0]) = std::move(s.v2_7);
}
return;
}
 },{ 187, 1, [](QV4::ExecutableCompilationUnit *contextUnit, QMetaType *argTypes) {
    struct { QV4::ExecutableCompilationUnit *compilationUnit; } c { contextUnit };
    const auto *aotContext = &c;
    Q_UNUSED(aotContext);
    argTypes[0] = QMetaType();
    argTypes[1] = []() { static const auto t = QMetaType::fromName("QQuickDragEvent*"); return t; }();
}, 
    [](const QQmlPrivate::AOTCompiledContext *aotContext, void **argv) {
Q_UNUSED(aotContext)
Q_UNUSED(argv)
// expression for onDropped at line 658, column 17
struct Storage : QQmlPrivate::AOTTrackedLocalsStorage {
Storage(const QQmlPrivate::AOTCompiledContext *ctxt, void **a)   : aotContext(ctxt), argv(a) {}
void markObjects(QV4::MarkStack *markStack) const final {    Q_UNUSED(markStack);
}
const QQmlPrivate::AOTCompiledContext *aotContext;
void **argv;
};
Storage s(aotContext, argv);
aotContext->setLocals(&s);
// generate_CreateCallContext
{
{
}
{
}
{
}
// generate_PopContext
{}
}
{
}
{
}
// generate_Ret
return;
}
 },{ 189, 0, [](QV4::ExecutableCompilationUnit *contextUnit, QMetaType *argTypes) {
    struct { QV4::ExecutableCompilationUnit *compilationUnit; } c { contextUnit };
    const auto *aotContext = &c;
    Q_UNUSED(aotContext);
    argTypes[0] = []() { static const auto t = QMetaType::fromName("QQuickItem*"); return t; }();
}, 
    [](const QQmlPrivate::AOTCompiledContext *aotContext, void **argv) {
Q_UNUSED(aotContext)
Q_UNUSED(argv)
// expression for fill at line 656, column 17
struct Storage : QQmlPrivate::AOTTrackedLocalsStorage {
Storage(const QQmlPrivate::AOTCompiledContext *ctxt, void **a)   : aotContext(ctxt), argv(a) {}
void markObjects(QV4::MarkStack *markStack) const final {    Q_UNUSED(markStack);
    aotContext->mark(v2_0, markStack);
}
const QQmlPrivate::AOTCompiledContext *aotContext;
void **argv;
QObject *v2_0 = nullptr;
};
Storage s(aotContext, argv);
aotContext->setLocals(&s);
// generate_LoadQmlContextPropertyLookup
#ifndef QT_NO_DEBUG
aotContext->setInstructionPointer(5);
#endif
while (!aotContext->loadScopeObjectPropertyLookup(901, &s.v2_0)) {
#ifdef QT_NO_DEBUG
aotContext->setInstructionPointer(5);
#endif
aotContext->initLoadScopeObjectPropertyLookup(901);
if (aotContext->engine->hasError()) {
aotContext->setReturnValueUndefined();
if (argv[0]) {
    *static_cast<QObject * *>(argv[0]) = nullptr;
}
return;
}
}
{
}
{
}
// generate_Ret
if (argv[0]) {
    *static_cast<QObject * *>(argv[0]) = s.v2_0;
}
return;
}
 },{ 197, 0, [](QV4::ExecutableCompilationUnit *contextUnit, QMetaType *argTypes) {
    struct { QV4::ExecutableCompilationUnit *compilationUnit; } c { contextUnit };
    const auto *aotContext = &c;
    Q_UNUSED(aotContext);
    argTypes[0] = QMetaType::fromType<double>();
}, 
    [](const QQmlPrivate::AOTCompiledContext *aotContext, void **argv) {
Q_UNUSED(aotContext)
Q_UNUSED(argv)
// expression for opacity at line 683, column 13
struct Storage : QQmlPrivate::AOTTrackedLocalsStorage {
Storage(const QQmlPrivate::AOTCompiledContext *ctxt, void **a)   : aotContext(ctxt), argv(a) {}
void markObjects(QV4::MarkStack *markStack) const final {    Q_UNUSED(markStack);
}
const QQmlPrivate::AOTCompiledContext *aotContext;
void **argv;
bool v2_0;
double c2_13;
double v2_11;
double v2_7;
};
Storage s(aotContext, argv);
aotContext->setLocals(&s);
// generate_LoadQmlContextPropertyLookup
#ifndef QT_NO_DEBUG
aotContext->setInstructionPointer(5);
#endif
while (!aotContext->loadScopeObjectPropertyLookup(939, &s.v2_0)) {
#ifdef QT_NO_DEBUG
aotContext->setInstructionPointer(5);
#endif
aotContext->initLoadScopeObjectPropertyLookup(939);
if (aotContext->engine->hasError()) {
aotContext->setReturnValueUndefined();
if (argv[0]) {
    *static_cast<double *>(argv[0]) = double();
}
return;
}
}
{
}
// generate_JumpFalse
if (!s.v2_0) {
    goto label_0;
}
{
}
// generate_LoadConst
s.v2_7 = 0.59999999999999998;
{
}
// generate_Jump
{
s.c2_13 = s.v2_7;
    goto label_1;
}
label_0:;
// generate_LoadInt
s.v2_11 = double(1);
{
s.c2_13 = s.v2_11;
}
label_1:;
{
}
// generate_Ret
if (argv[0]) {
    *static_cast<double *>(argv[0]) = s.c2_13;
}
return;
}
 },{ 200, 0, [](QV4::ExecutableCompilationUnit *contextUnit, QMetaType *argTypes) {
    struct { QV4::ExecutableCompilationUnit *compilationUnit; } c { contextUnit };
    const auto *aotContext = &c;
    Q_UNUSED(aotContext);
    argTypes[0] = QMetaType::fromType<bool>();
}, 
    [](const QQmlPrivate::AOTCompiledContext *aotContext, void **argv) {
Q_UNUSED(aotContext)
Q_UNUSED(argv)
// expression for visible at line 688, column 17
struct Storage : QQmlPrivate::AOTTrackedLocalsStorage {
Storage(const QQmlPrivate::AOTCompiledContext *ctxt, void **a)   : aotContext(ctxt), argv(a) {}
void markObjects(QV4::MarkStack *markStack) const final {    Q_UNUSED(markStack);
    aotContext->mark(v2_0, markStack);
    aotContext->mark(v2_12, markStack);
}
const QQmlPrivate::AOTCompiledContext *aotContext;
void **argv;
QObject *v2_0 = nullptr;
QObject *v2_12 = nullptr;
bool c2_22;
bool v2_17;
bool v2_5;
};
Storage s(aotContext, argv);
aotContext->setLocals(&s);
// generate_LoadQmlContextPropertyLookup
#ifndef QT_NO_DEBUG
aotContext->setInstructionPointer(5);
#endif
while (!aotContext->loadContextIdLookup(951, &s.v2_0)) {
#ifdef QT_NO_DEBUG
aotContext->setInstructionPointer(5);
#endif
aotContext->initLoadContextIdLookup(951);
if (aotContext->engine->hasError()) {
aotContext->setReturnValueUndefined();
if (argv[0]) {
    *static_cast<bool *>(argv[0]) = bool();
}
return;
}
}
{
}
// generate_GetLookup
#ifndef QT_NO_DEBUG
aotContext->setInstructionPointer(10);
#endif
while (!aotContext->getObjectLookup(952, s.v2_0, &s.v2_5)) {
#ifdef QT_NO_DEBUG
aotContext->setInstructionPointer(10);
#endif
aotContext->initGetObjectLookup(952, s.v2_0);
if (aotContext->engine->hasError()) {
aotContext->setReturnValueUndefined();
if (argv[0]) {
    *static_cast<bool *>(argv[0]) = bool();
}
return;
}
}
{
}
// generate_JumpTrue
if (s.v2_5) {
s.c2_22 = s.v2_5;
    goto label_0;
}
{
}
// generate_LoadQmlContextPropertyLookup
#ifndef QT_NO_DEBUG
aotContext->setInstructionPointer(17);
#endif
while (!aotContext->loadContextIdLookup(953, &s.v2_12)) {
#ifdef QT_NO_DEBUG
aotContext->setInstructionPointer(17);
#endif
aotContext->initLoadContextIdLookup(953);
if (aotContext->engine->hasError()) {
aotContext->setReturnValueUndefined();
if (argv[0]) {
    *static_cast<bool *>(argv[0]) = bool();
}
return;
}
}
{
}
// generate_GetLookup
#ifndef QT_NO_DEBUG
aotContext->setInstructionPointer(22);
#endif
while (!aotContext->getObjectLookup(954, s.v2_12, &s.v2_17)) {
#ifdef QT_NO_DEBUG
aotContext->setInstructionPointer(22);
#endif
aotContext->initGetObjectLookup(954, s.v2_12);
if (aotContext->engine->hasError()) {
aotContext->setReturnValueUndefined();
if (argv[0]) {
    *static_cast<bool *>(argv[0]) = bool();
}
return;
}
}
{
s.c2_22 = s.v2_17;
}
label_0:;
{
}
// generate_Ret
if (argv[0]) {
    *static_cast<bool *>(argv[0]) = s.c2_22;
}
return;
}
 },{ 201, 0, [](QV4::ExecutableCompilationUnit *contextUnit, QMetaType *argTypes) {
    struct { QV4::ExecutableCompilationUnit *compilationUnit; } c { contextUnit };
    const auto *aotContext = &c;
    Q_UNUSED(aotContext);
    argTypes[0] = []() { static const auto t = QMetaType::fromName("QQuickItem*"); return t; }();
}, 
    [](const QQmlPrivate::AOTCompiledContext *aotContext, void **argv) {
Q_UNUSED(aotContext)
Q_UNUSED(argv)
// expression for fill at line 686, column 17
struct Storage : QQmlPrivate::AOTTrackedLocalsStorage {
Storage(const QQmlPrivate::AOTCompiledContext *ctxt, void **a)   : aotContext(ctxt), argv(a) {}
void markObjects(QV4::MarkStack *markStack) const final {    Q_UNUSED(markStack);
    aotContext->mark(v2_0, markStack);
}
const QQmlPrivate::AOTCompiledContext *aotContext;
void **argv;
QObject *v2_0 = nullptr;
};
Storage s(aotContext, argv);
aotContext->setLocals(&s);
// generate_LoadQmlContextPropertyLookup
#ifndef QT_NO_DEBUG
aotContext->setInstructionPointer(5);
#endif
while (!aotContext->loadScopeObjectPropertyLookup(955, &s.v2_0)) {
#ifdef QT_NO_DEBUG
aotContext->setInstructionPointer(5);
#endif
aotContext->initLoadScopeObjectPropertyLookup(955);
if (aotContext->engine->hasError()) {
aotContext->setReturnValueUndefined();
if (argv[0]) {
    *static_cast<QObject * *>(argv[0]) = nullptr;
}
return;
}
}
{
}
{
}
// generate_Ret
if (argv[0]) {
    *static_cast<QObject * *>(argv[0]) = s.v2_0;
}
return;
}
 },{ 203, 0, [](QV4::ExecutableCompilationUnit *contextUnit, QMetaType *argTypes) {
    struct { QV4::ExecutableCompilationUnit *compilationUnit; } c { contextUnit };
    const auto *aotContext = &c;
    Q_UNUSED(aotContext);
    argTypes[0] = QMetaType::fromType<bool>();
}, 
    [](const QQmlPrivate::AOTCompiledContext *aotContext, void **argv) {
Q_UNUSED(aotContext)
Q_UNUSED(argv)
// expression for visible at line 692, column 17
struct Storage : QQmlPrivate::AOTTrackedLocalsStorage {
Storage(const QQmlPrivate::AOTCompiledContext *ctxt, void **a)   : aotContext(ctxt), argv(a) {}
void markObjects(QV4::MarkStack *markStack) const final {    Q_UNUSED(markStack);
    aotContext->mark(v2_0, markStack);
}
const QQmlPrivate::AOTCompiledContext *aotContext;
void **argv;
QObject *v2_0 = nullptr;
bool v2_5;
};
Storage s(aotContext, argv);
aotContext->setLocals(&s);
// generate_LoadQmlContextPropertyLookup
#ifndef QT_NO_DEBUG
aotContext->setInstructionPointer(5);
#endif
while (!aotContext->loadContextIdLookup(959, &s.v2_0)) {
#ifdef QT_NO_DEBUG
aotContext->setInstructionPointer(5);
#endif
aotContext->initLoadContextIdLookup(959);
if (aotContext->engine->hasError()) {
aotContext->setReturnValueUndefined();
if (argv[0]) {
    *static_cast<bool *>(argv[0]) = bool();
}
return;
}
}
{
}
// generate_GetLookup
#ifndef QT_NO_DEBUG
aotContext->setInstructionPointer(10);
#endif
while (!aotContext->getObjectLookup(960, s.v2_0, &s.v2_5)) {
#ifdef QT_NO_DEBUG
aotContext->setInstructionPointer(10);
#endif
aotContext->initGetObjectLookup(960, s.v2_0);
if (aotContext->engine->hasError()) {
aotContext->setReturnValueUndefined();
if (argv[0]) {
    *static_cast<bool *>(argv[0]) = bool();
}
return;
}
}
{
}
{
}
// generate_Ret
if (argv[0]) {
    *static_cast<bool *>(argv[0]) = s.v2_5;
}
return;
}
 },{ 205, 0, [](QV4::ExecutableCompilationUnit *contextUnit, QMetaType *argTypes) {
    struct { QV4::ExecutableCompilationUnit *compilationUnit; } c { contextUnit };
    const auto *aotContext = &c;
    Q_UNUSED(aotContext);
    argTypes[0] = []() { static const auto t = QMetaType::fromName("QQuickItem*"); return t; }();
}, 
    [](const QQmlPrivate::AOTCompiledContext *aotContext, void **argv) {
Q_UNUSED(aotContext)
Q_UNUSED(argv)
// expression for fill at line 691, column 17
struct Storage : QQmlPrivate::AOTTrackedLocalsStorage {
Storage(const QQmlPrivate::AOTCompiledContext *ctxt, void **a)   : aotContext(ctxt), argv(a) {}
void markObjects(QV4::MarkStack *markStack) const final {    Q_UNUSED(markStack);
    aotContext->mark(v2_0, markStack);
}
const QQmlPrivate::AOTCompiledContext *aotContext;
void **argv;
QObject *v2_0 = nullptr;
};
Storage s(aotContext, argv);
aotContext->setLocals(&s);
// generate_LoadQmlContextPropertyLookup
#ifndef QT_NO_DEBUG
aotContext->setInstructionPointer(5);
#endif
while (!aotContext->loadScopeObjectPropertyLookup(967, &s.v2_0)) {
#ifdef QT_NO_DEBUG
aotContext->setInstructionPointer(5);
#endif
aotContext->initLoadScopeObjectPropertyLookup(967);
if (aotContext->engine->hasError()) {
aotContext->setReturnValueUndefined();
if (argv[0]) {
    *static_cast<QObject * *>(argv[0]) = nullptr;
}
return;
}
}
{
}
{
}
// generate_Ret
if (argv[0]) {
    *static_cast<QObject * *>(argv[0]) = s.v2_0;
}
return;
}
 },{ 207, 0, [](QV4::ExecutableCompilationUnit *contextUnit, QMetaType *argTypes) {
    struct { QV4::ExecutableCompilationUnit *compilationUnit; } c { contextUnit };
    const auto *aotContext = &c;
    Q_UNUSED(aotContext);
    argTypes[0] = []() { static const auto t = QMetaType::fromName("QQuickItem*"); return t; }();
}, 
    [](const QQmlPrivate::AOTCompiledContext *aotContext, void **argv) {
Q_UNUSED(aotContext)
Q_UNUSED(argv)
// expression for fill at line 699, column 17
struct Storage : QQmlPrivate::AOTTrackedLocalsStorage {
Storage(const QQmlPrivate::AOTCompiledContext *ctxt, void **a)   : aotContext(ctxt), argv(a) {}
void markObjects(QV4::MarkStack *markStack) const final {    Q_UNUSED(markStack);
    aotContext->mark(v2_0, markStack);
}
const QQmlPrivate::AOTCompiledContext *aotContext;
void **argv;
QObject *v2_0 = nullptr;
};
Storage s(aotContext, argv);
aotContext->setLocals(&s);
// generate_LoadQmlContextPropertyLookup
#ifndef QT_NO_DEBUG
aotContext->setInstructionPointer(5);
#endif
while (!aotContext->loadScopeObjectPropertyLookup(974, &s.v2_0)) {
#ifdef QT_NO_DEBUG
aotContext->setInstructionPointer(5);
#endif
aotContext->initLoadScopeObjectPropertyLookup(974);
if (aotContext->engine->hasError()) {
aotContext->setReturnValueUndefined();
if (argv[0]) {
    *static_cast<QObject * *>(argv[0]) = nullptr;
}
return;
}
}
{
}
{
}
// generate_Ret
if (argv[0]) {
    *static_cast<QObject * *>(argv[0]) = s.v2_0;
}
return;
}
 },{ 214, 0, [](QV4::ExecutableCompilationUnit *contextUnit, QMetaType *argTypes) {
    struct { QV4::ExecutableCompilationUnit *compilationUnit; } c { contextUnit };
    const auto *aotContext = &c;
    Q_UNUSED(aotContext);
    argTypes[0] = QMetaType::fromType<bool>();
}, 
    [](const QQmlPrivate::AOTCompiledContext *aotContext, void **argv) {
Q_UNUSED(aotContext)
Q_UNUSED(argv)
// expression for visible at line 710, column 25
struct Storage : QQmlPrivate::AOTTrackedLocalsStorage {
Storage(const QQmlPrivate::AOTCompiledContext *ctxt, void **a)   : aotContext(ctxt), argv(a) {}
void markObjects(QV4::MarkStack *markStack) const final {    Q_UNUSED(markStack);
    aotContext->mark(v2_0, markStack);
}
const QQmlPrivate::AOTCompiledContext *aotContext;
void **argv;
QObject *v2_0 = nullptr;
bool v2_10;
bool v2_5;
};
Storage s(aotContext, argv);
aotContext->setLocals(&s);
// generate_LoadQmlContextPropertyLookup
#ifndef QT_NO_DEBUG
aotContext->setInstructionPointer(5);
#endif
while (!aotContext->loadContextIdLookup(1000, &s.v2_0)) {
#ifdef QT_NO_DEBUG
aotContext->setInstructionPointer(5);
#endif
aotContext->initLoadContextIdLookup(1000);
if (aotContext->engine->hasError()) {
aotContext->setReturnValueUndefined();
if (argv[0]) {
    *static_cast<bool *>(argv[0]) = bool();
}
return;
}
}
{
}
// generate_GetLookup
#ifndef QT_NO_DEBUG
aotContext->setInstructionPointer(10);
#endif
while (!aotContext->getObjectLookup(1001, s.v2_0, &s.v2_5)) {
#ifdef QT_NO_DEBUG
aotContext->setInstructionPointer(10);
#endif
aotContext->initGetObjectLookup(1001, s.v2_0);
if (aotContext->engine->hasError()) {
aotContext->setReturnValueUndefined();
if (argv[0]) {
    *static_cast<bool *>(argv[0]) = bool();
}
return;
}
}
{
}
// generate_UNot
s.v2_10 = !s.v2_5;
{
}
{
}
// generate_Ret
if (argv[0]) {
    *static_cast<bool *>(argv[0]) = s.v2_10;
}
return;
}
 },{ 216, 0, [](QV4::ExecutableCompilationUnit *contextUnit, QMetaType *argTypes) {
    struct { QV4::ExecutableCompilationUnit *compilationUnit; } c { contextUnit };
    const auto *aotContext = &c;
    Q_UNUSED(aotContext);
    argTypes[0] = []() { static const auto t = QMetaType::fromName("QQuickAnchorLine"); return t; }();
}, 
    [](const QQmlPrivate::AOTCompiledContext *aotContext, void **argv) {
Q_UNUSED(aotContext)
Q_UNUSED(argv)
// expression for horizontalCenter at line 703, column 25
struct Storage : QQmlPrivate::AOTTrackedLocalsStorage {
Storage(const QQmlPrivate::AOTCompiledContext *ctxt, void **a)   : aotContext(ctxt), argv(a) {}
void markObjects(QV4::MarkStack *markStack) const final {    Q_UNUSED(markStack);
    aotContext->mark(v2_0, markStack);
    aotContext->mark(v2_5, markStack);
}
const QQmlPrivate::AOTCompiledContext *aotContext;
void **argv;
QObject *v2_0 = nullptr;
QVariant v2_5;
};
Storage s(aotContext, argv);
aotContext->setLocals(&s);
// generate_LoadQmlContextPropertyLookup
#ifndef QT_NO_DEBUG
aotContext->setInstructionPointer(5);
#endif
while (!aotContext->loadScopeObjectPropertyLookup(1009, &s.v2_0)) {
#ifdef QT_NO_DEBUG
aotContext->setInstructionPointer(5);
#endif
aotContext->initLoadScopeObjectPropertyLookup(1009);
if (aotContext->engine->hasError()) {
aotContext->setReturnValueUndefined();
if (argv[0]) {
    const QMetaType returnType = []() { static const auto t = QMetaType::fromName("QQuickAnchorLine"); return t; }();
    returnType.destruct(argv[0]);
    returnType.construct(argv[0]);
 }
return;
}
}
{
}
// generate_GetLookup
#ifndef QT_NO_DEBUG
aotContext->setInstructionPointer(10);
#endif
s.v2_5 = QVariant(aotContext->lookupResultMetaType(1010));
while (!aotContext->getObjectLookup(1010, s.v2_0, s.v2_5.data())) {
#ifdef QT_NO_DEBUG
aotContext->setInstructionPointer(10);
#endif
aotContext->initGetObjectLookup(1010, s.v2_0);
if (aotContext->engine->hasError()) {
aotContext->setReturnValueUndefined();
if (argv[0]) {
    const QMetaType returnType = []() { static const auto t = QMetaType::fromName("QQuickAnchorLine"); return t; }();
    returnType.destruct(argv[0]);
    returnType.construct(argv[0]);
 }
return;
}
s.v2_5 = QVariant(aotContext->lookupResultMetaType(1010));
}
{
}
{
}
// generate_Ret
if (argv[0]) {
    if (!s.v2_5.isValid())
        aotContext->setReturnValueUndefined();
    const QMetaType returnType = s.v2_5.metaType();
    returnType.destruct(argv[0]);
    returnType.construct(argv[0], s.v2_5.data());
}
return;
}
 },{ 217, 0, [](QV4::ExecutableCompilationUnit *contextUnit, QMetaType *argTypes) {
    struct { QV4::ExecutableCompilationUnit *compilationUnit; } c { contextUnit };
    const auto *aotContext = &c;
    Q_UNUSED(aotContext);
    argTypes[0] = []() { static const auto t = QMetaType::fromName("QQuickAnchorLine"); return t; }();
}, 
    [](const QQmlPrivate::AOTCompiledContext *aotContext, void **argv) {
Q_UNUSED(aotContext)
Q_UNUSED(argv)
// expression for bottom at line 704, column 25
struct Storage : QQmlPrivate::AOTTrackedLocalsStorage {
Storage(const QQmlPrivate::AOTCompiledContext *ctxt, void **a)   : aotContext(ctxt), argv(a) {}
void markObjects(QV4::MarkStack *markStack) const final {    Q_UNUSED(markStack);
    aotContext->mark(v2_0, markStack);
    aotContext->mark(v2_5, markStack);
}
const QQmlPrivate::AOTCompiledContext *aotContext;
void **argv;
QObject *v2_0 = nullptr;
QVariant v2_5;
};
Storage s(aotContext, argv);
aotContext->setLocals(&s);
// generate_LoadQmlContextPropertyLookup
#ifndef QT_NO_DEBUG
aotContext->setInstructionPointer(5);
#endif
while (!aotContext->loadScopeObjectPropertyLookup(1011, &s.v2_0)) {
#ifdef QT_NO_DEBUG
aotContext->setInstructionPointer(5);
#endif
aotContext->initLoadScopeObjectPropertyLookup(1011);
if (aotContext->engine->hasError()) {
aotContext->setReturnValueUndefined();
if (argv[0]) {
    const QMetaType returnType = []() { static const auto t = QMetaType::fromName("QQuickAnchorLine"); return t; }();
    returnType.destruct(argv[0]);
    returnType.construct(argv[0]);
 }
return;
}
}
{
}
// generate_GetLookup
#ifndef QT_NO_DEBUG
aotContext->setInstructionPointer(10);
#endif
s.v2_5 = QVariant(aotContext->lookupResultMetaType(1012));
while (!aotContext->getObjectLookup(1012, s.v2_0, s.v2_5.data())) {
#ifdef QT_NO_DEBUG
aotContext->setInstructionPointer(10);
#endif
aotContext->initGetObjectLookup(1012, s.v2_0);
if (aotContext->engine->hasError()) {
aotContext->setReturnValueUndefined();
if (argv[0]) {
    const QMetaType returnType = []() { static const auto t = QMetaType::fromName("QQuickAnchorLine"); return t; }();
    returnType.destruct(argv[0]);
    returnType.construct(argv[0]);
 }
return;
}
s.v2_5 = QVariant(aotContext->lookupResultMetaType(1012));
}
{
}
{
}
// generate_Ret
if (argv[0]) {
    if (!s.v2_5.isValid())
        aotContext->setReturnValueUndefined();
    const QMetaType returnType = s.v2_5.metaType();
    returnType.destruct(argv[0]);
    returnType.construct(argv[0], s.v2_5.data());
}
return;
}
 },{ 218, 0, [](QV4::ExecutableCompilationUnit *contextUnit, QMetaType *argTypes) {
    struct { QV4::ExecutableCompilationUnit *compilationUnit; } c { contextUnit };
    const auto *aotContext = &c;
    Q_UNUSED(aotContext);
    argTypes[0] = []() { static const auto t = QMetaType::fromName("QQuickImage::FillMode"); return t; }();
}, 
    [](const QQmlPrivate::AOTCompiledContext *aotContext, void **argv) {
Q_UNUSED(aotContext)
Q_UNUSED(argv)
// expression for fillMode at line 714, column 62
struct Storage : QQmlPrivate::AOTTrackedLocalsStorage {
Storage(const QQmlPrivate::AOTCompiledContext *ctxt, void **a)   : aotContext(ctxt), argv(a) {}
void markObjects(QV4::MarkStack *markStack) const final {    Q_UNUSED(markStack);
}
const QQmlPrivate::AOTCompiledContext *aotContext;
void **argv;
int v2_5;
};
Storage s(aotContext, argv);
aotContext->setLocals(&s);
{
}
// generate_GetLookup
#ifndef QT_NO_DEBUG
aotContext->setInstructionPointer(10);
#endif
while (!aotContext->getEnumLookup(1014, &s.v2_5)) {
#ifdef QT_NO_DEBUG
aotContext->setInstructionPointer(10);
#endif
aotContext->initGetEnumLookup(1014, []() { static const auto t = QMetaType::fromName("QQuickImage*"); return t; }().metaObject(), "FillMode", "PreserveAspectFit");
if (aotContext->engine->hasError()) {
aotContext->setReturnValueUndefined();
if (argv[0]) {
    const QMetaType returnType = []() { static const auto t = QMetaType::fromName("QQuickImage::FillMode"); return t; }();
    returnType.destruct(argv[0]);
    returnType.construct(argv[0]);
 }
return;
}
}
{
}
{
}
// generate_Ret
if (argv[0]) {
    const QMetaType returnType = QMetaType::fromType<int>();
    returnType.destruct(argv[0]);
    returnType.construct(argv[0], &s.v2_5);
}
return;
}
 },{ 220, 0, [](QV4::ExecutableCompilationUnit *contextUnit, QMetaType *argTypes) {
    struct { QV4::ExecutableCompilationUnit *compilationUnit; } c { contextUnit };
    const auto *aotContext = &c;
    Q_UNUSED(aotContext);
    argTypes[0] = QMetaType::fromType<bool>();
}, 
    [](const QQmlPrivate::AOTCompiledContext *aotContext, void **argv) {
Q_UNUSED(aotContext)
Q_UNUSED(argv)
// expression for visible at line 715, column 25
struct Storage : QQmlPrivate::AOTTrackedLocalsStorage {
Storage(const QQmlPrivate::AOTCompiledContext *ctxt, void **a)   : aotContext(ctxt), argv(a) {}
void markObjects(QV4::MarkStack *markStack) const final {    Q_UNUSED(markStack);
}
const QQmlPrivate::AOTCompiledContext *aotContext;
void **argv;
bool v2_17;
int v2_0;
int v2_12;
};
Storage s(aotContext, argv);
aotContext->setLocals(&s);
// generate_LoadQmlContextPropertyLookup
#ifndef QT_NO_DEBUG
aotContext->setInstructionPointer(5);
#endif
while (!aotContext->loadScopeObjectPropertyLookup(1019, &s.v2_0)) {
#ifdef QT_NO_DEBUG
aotContext->setInstructionPointer(5);
#endif
aotContext->initLoadScopeObjectPropertyLookup(1019);
if (aotContext->engine->hasError()) {
aotContext->setReturnValueUndefined();
if (argv[0]) {
    *static_cast<bool *>(argv[0]) = bool();
}
return;
}
}
{
}
// generate_StoreReg
{
}
{
}
// generate_GetLookup
#ifndef QT_NO_DEBUG
aotContext->setInstructionPointer(17);
#endif
while (!aotContext->getEnumLookup(1021, &s.v2_12)) {
#ifdef QT_NO_DEBUG
aotContext->setInstructionPointer(17);
#endif
aotContext->initGetEnumLookup(1021, []() { static const auto t = QMetaType::fromName("QQuickImageBase*"); return t; }().metaObject(), "Status", "Ready");
if (aotContext->engine->hasError()) {
aotContext->setReturnValueUndefined();
if (argv[0]) {
    *static_cast<bool *>(argv[0]) = bool();
}
return;
}
}
{
}
// generate_CmpStrictEqual
s.v2_17 = s.v2_0 == s.v2_12;
{
}
{
}
// generate_Ret
if (argv[0]) {
    *static_cast<bool *>(argv[0]) = s.v2_17;
}
return;
}
 },{ 221, 0, [](QV4::ExecutableCompilationUnit *contextUnit, QMetaType *argTypes) {
    struct { QV4::ExecutableCompilationUnit *compilationUnit; } c { contextUnit };
    const auto *aotContext = &c;
    Q_UNUSED(aotContext);
    argTypes[0] = []() { static const auto t = QMetaType::fromName("QQuickItem*"); return t; }();
}, 
    [](const QQmlPrivate::AOTCompiledContext *aotContext, void **argv) {
Q_UNUSED(aotContext)
Q_UNUSED(argv)
// expression for fill at line 714, column 40
struct Storage : QQmlPrivate::AOTTrackedLocalsStorage {
Storage(const QQmlPrivate::AOTCompiledContext *ctxt, void **a)   : aotContext(ctxt), argv(a) {}
void markObjects(QV4::MarkStack *markStack) const final {    Q_UNUSED(markStack);
    aotContext->mark(v2_0, markStack);
}
const QQmlPrivate::AOTCompiledContext *aotContext;
void **argv;
QObject *v2_0 = nullptr;
};
Storage s(aotContext, argv);
aotContext->setLocals(&s);
// generate_LoadQmlContextPropertyLookup
#ifndef QT_NO_DEBUG
aotContext->setInstructionPointer(5);
#endif
while (!aotContext->loadScopeObjectPropertyLookup(1022, &s.v2_0)) {
#ifdef QT_NO_DEBUG
aotContext->setInstructionPointer(5);
#endif
aotContext->initLoadScopeObjectPropertyLookup(1022);
if (aotContext->engine->hasError()) {
aotContext->setReturnValueUndefined();
if (argv[0]) {
    *static_cast<QObject * *>(argv[0]) = nullptr;
}
return;
}
}
{
}
{
}
// generate_Ret
if (argv[0]) {
    *static_cast<QObject * *>(argv[0]) = s.v2_0;
}
return;
}
 },{ 223, 0, [](QV4::ExecutableCompilationUnit *contextUnit, QMetaType *argTypes) {
    struct { QV4::ExecutableCompilationUnit *compilationUnit; } c { contextUnit };
    const auto *aotContext = &c;
    Q_UNUSED(aotContext);
    argTypes[0] = []() { static const auto t = QMetaType::fromName("QQuickText::TextFormat"); return t; }();
}, 
    [](const QQmlPrivate::AOTCompiledContext *aotContext, void **argv) {
Q_UNUSED(aotContext)
Q_UNUSED(argv)
// expression for textFormat at line 720, column 21
struct Storage : QQmlPrivate::AOTTrackedLocalsStorage {
Storage(const QQmlPrivate::AOTCompiledContext *ctxt, void **a)   : aotContext(ctxt), argv(a) {}
void markObjects(QV4::MarkStack *markStack) const final {    Q_UNUSED(markStack);
}
const QQmlPrivate::AOTCompiledContext *aotContext;
void **argv;
int v2_5;
};
Storage s(aotContext, argv);
aotContext->setLocals(&s);
{
}
// generate_GetLookup
#ifndef QT_NO_DEBUG
aotContext->setInstructionPointer(10);
#endif
while (!aotContext->getEnumLookup(1030, &s.v2_5)) {
#ifdef QT_NO_DEBUG
aotContext->setInstructionPointer(10);
#endif
aotContext->initGetEnumLookup(1030, []() { static const auto t = QMetaType::fromName("QQuickText*"); return t; }().metaObject(), "TextFormat", "PlainText");
if (aotContext->engine->hasError()) {
aotContext->setReturnValueUndefined();
if (argv[0]) {
    const QMetaType returnType = []() { static const auto t = QMetaType::fromName("QQuickText::TextFormat"); return t; }();
    returnType.destruct(argv[0]);
    returnType.construct(argv[0]);
 }
return;
}
}
{
}
{
}
// generate_Ret
if (argv[0]) {
    const QMetaType returnType = QMetaType::fromType<int>();
    returnType.destruct(argv[0]);
    returnType.construct(argv[0], &s.v2_5);
}
return;
}
 },{ 224, 0, [](QV4::ExecutableCompilationUnit *contextUnit, QMetaType *argTypes) {
    struct { QV4::ExecutableCompilationUnit *compilationUnit; } c { contextUnit };
    const auto *aotContext = &c;
    Q_UNUSED(aotContext);
    argTypes[0] = []() { static const auto t = QMetaType::fromName("QQuickText::HAlignment"); return t; }();
}, 
    [](const QQmlPrivate::AOTCompiledContext *aotContext, void **argv) {
Q_UNUSED(aotContext)
Q_UNUSED(argv)
// expression for horizontalAlignment at line 723, column 21
struct Storage : QQmlPrivate::AOTTrackedLocalsStorage {
Storage(const QQmlPrivate::AOTCompiledContext *ctxt, void **a)   : aotContext(ctxt), argv(a) {}
void markObjects(QV4::MarkStack *markStack) const final {    Q_UNUSED(markStack);
}
const QQmlPrivate::AOTCompiledContext *aotContext;
void **argv;
int v2_5;
};
Storage s(aotContext, argv);
aotContext->setLocals(&s);
{
}
// generate_GetLookup
#ifndef QT_NO_DEBUG
aotContext->setInstructionPointer(10);
#endif
while (!aotContext->getEnumLookup(1032, &s.v2_5)) {
#ifdef QT_NO_DEBUG
aotContext->setInstructionPointer(10);
#endif
aotContext->initGetEnumLookup(1032, []() { static const auto t = QMetaType::fromName("QQuickText*"); return t; }().metaObject(), "HAlignment", "AlignHCenter");
if (aotContext->engine->hasError()) {
aotContext->setReturnValueUndefined();
if (argv[0]) {
    const QMetaType returnType = []() { static const auto t = QMetaType::fromName("QQuickText::HAlignment"); return t; }();
    returnType.destruct(argv[0]);
    returnType.construct(argv[0]);
 }
return;
}
}
{
}
{
}
// generate_Ret
if (argv[0]) {
    const QMetaType returnType = QMetaType::fromType<int>();
    returnType.destruct(argv[0]);
    returnType.construct(argv[0], &s.v2_5);
}
return;
}
 },{ 225, 0, [](QV4::ExecutableCompilationUnit *contextUnit, QMetaType *argTypes) {
    struct { QV4::ExecutableCompilationUnit *compilationUnit; } c { contextUnit };
    const auto *aotContext = &c;
    Q_UNUSED(aotContext);
    argTypes[0] = []() { static const auto t = QMetaType::fromName("QQuickText::VAlignment"); return t; }();
}, 
    [](const QQmlPrivate::AOTCompiledContext *aotContext, void **argv) {
Q_UNUSED(aotContext)
Q_UNUSED(argv)
// expression for verticalAlignment at line 724, column 21
struct Storage : QQmlPrivate::AOTTrackedLocalsStorage {
Storage(const QQmlPrivate::AOTCompiledContext *ctxt, void **a)   : aotContext(ctxt), argv(a) {}
void markObjects(QV4::MarkStack *markStack) const final {    Q_UNUSED(markStack);
}
const QQmlPrivate::AOTCompiledContext *aotContext;
void **argv;
int v2_5;
};
Storage s(aotContext, argv);
aotContext->setLocals(&s);
{
}
// generate_GetLookup
#ifndef QT_NO_DEBUG
aotContext->setInstructionPointer(10);
#endif
while (!aotContext->getEnumLookup(1034, &s.v2_5)) {
#ifdef QT_NO_DEBUG
aotContext->setInstructionPointer(10);
#endif
aotContext->initGetEnumLookup(1034, []() { static const auto t = QMetaType::fromName("QQuickText*"); return t; }().metaObject(), "VAlignment", "AlignTop");
if (aotContext->engine->hasError()) {
aotContext->setReturnValueUndefined();
if (argv[0]) {
    const QMetaType returnType = []() { static const auto t = QMetaType::fromName("QQuickText::VAlignment"); return t; }();
    returnType.destruct(argv[0]);
    returnType.construct(argv[0]);
 }
return;
}
}
{
}
{
}
// generate_Ret
if (argv[0]) {
    const QMetaType returnType = QMetaType::fromType<int>();
    returnType.destruct(argv[0]);
    returnType.construct(argv[0], &s.v2_5);
}
return;
}
 },{ 226, 0, [](QV4::ExecutableCompilationUnit *contextUnit, QMetaType *argTypes) {
    struct { QV4::ExecutableCompilationUnit *compilationUnit; } c { contextUnit };
    const auto *aotContext = &c;
    Q_UNUSED(aotContext);
    argTypes[0] = []() { static const auto t = QMetaType::fromName("QQuickText::TextElideMode"); return t; }();
}, 
    [](const QQmlPrivate::AOTCompiledContext *aotContext, void **argv) {
Q_UNUSED(aotContext)
Q_UNUSED(argv)
// expression for elide at line 725, column 21
struct Storage : QQmlPrivate::AOTTrackedLocalsStorage {
Storage(const QQmlPrivate::AOTCompiledContext *ctxt, void **a)   : aotContext(ctxt), argv(a) {}
void markObjects(QV4::MarkStack *markStack) const final {    Q_UNUSED(markStack);
}
const QQmlPrivate::AOTCompiledContext *aotContext;
void **argv;
int v2_5;
};
Storage s(aotContext, argv);
aotContext->setLocals(&s);
{
}
// generate_GetLookup
#ifndef QT_NO_DEBUG
aotContext->setInstructionPointer(10);
#endif
while (!aotContext->getEnumLookup(1036, &s.v2_5)) {
#ifdef QT_NO_DEBUG
aotContext->setInstructionPointer(10);
#endif
aotContext->initGetEnumLookup(1036, []() { static const auto t = QMetaType::fromName("QQuickText*"); return t; }().metaObject(), "TextElideMode", "ElideRight");
if (aotContext->engine->hasError()) {
aotContext->setReturnValueUndefined();
if (argv[0]) {
    const QMetaType returnType = []() { static const auto t = QMetaType::fromName("QQuickText::TextElideMode"); return t; }();
    returnType.destruct(argv[0]);
    returnType.construct(argv[0]);
 }
return;
}
}
{
}
{
}
// generate_Ret
if (argv[0]) {
    const QMetaType returnType = QMetaType::fromType<int>();
    returnType.destruct(argv[0]);
    returnType.construct(argv[0], &s.v2_5);
}
return;
}
 },{ 227, 0, [](QV4::ExecutableCompilationUnit *contextUnit, QMetaType *argTypes) {
    struct { QV4::ExecutableCompilationUnit *compilationUnit; } c { contextUnit };
    const auto *aotContext = &c;
    Q_UNUSED(aotContext);
    argTypes[0] = []() { static const auto t = QMetaType::fromName("QQuickText::WrapMode"); return t; }();
}, 
    [](const QQmlPrivate::AOTCompiledContext *aotContext, void **argv) {
Q_UNUSED(aotContext)
Q_UNUSED(argv)
// expression for wrapMode at line 726, column 21
struct Storage : QQmlPrivate::AOTTrackedLocalsStorage {
Storage(const QQmlPrivate::AOTCompiledContext *ctxt, void **a)   : aotContext(ctxt), argv(a) {}
void markObjects(QV4::MarkStack *markStack) const final {    Q_UNUSED(markStack);
    aotContext->mark(v2_0, markStack);
}
const QQmlPrivate::AOTCompiledContext *aotContext;
void **argv;
QObject *v2_0 = nullptr;
bool v2_5;
int c2_34;
int v2_17;
int v2_29;
};
Storage s(aotContext, argv);
aotContext->setLocals(&s);
// generate_LoadQmlContextPropertyLookup
#ifndef QT_NO_DEBUG
aotContext->setInstructionPointer(5);
#endif
while (!aotContext->loadContextIdLookup(1037, &s.v2_0)) {
#ifdef QT_NO_DEBUG
aotContext->setInstructionPointer(5);
#endif
aotContext->initLoadContextIdLookup(1037);
if (aotContext->engine->hasError()) {
aotContext->setReturnValueUndefined();
if (argv[0]) {
    const QMetaType returnType = []() { static const auto t = QMetaType::fromName("QQuickText::WrapMode"); return t; }();
    returnType.destruct(argv[0]);
    returnType.construct(argv[0]);
 }
return;
}
}
{
}
// generate_GetLookup
#ifndef QT_NO_DEBUG
aotContext->setInstructionPointer(10);
#endif
while (!aotContext->getObjectLookup(1038, s.v2_0, &s.v2_5)) {
#ifdef QT_NO_DEBUG
aotContext->setInstructionPointer(10);
#endif
aotContext->initGetObjectLookup(1038, s.v2_0);
if (aotContext->engine->hasError()) {
aotContext->setReturnValueUndefined();
if (argv[0]) {
    const QMetaType returnType = []() { static const auto t = QMetaType::fromName("QQuickText::WrapMode"); return t; }();
    returnType.destruct(argv[0]);
    returnType.construct(argv[0]);
 }
return;
}
}
{
}
// generate_JumpFalse
if (!s.v2_5) {
    goto label_0;
}
{
}
{
}
// generate_GetLookup
#ifndef QT_NO_DEBUG
aotContext->setInstructionPointer(22);
#endif
while (!aotContext->getEnumLookup(1040, &s.v2_17)) {
#ifdef QT_NO_DEBUG
aotContext->setInstructionPointer(22);
#endif
aotContext->initGetEnumLookup(1040, []() { static const auto t = QMetaType::fromName("QQuickText*"); return t; }().metaObject(), "WrapMode", "WrapAnywhere");
if (aotContext->engine->hasError()) {
aotContext->setReturnValueUndefined();
if (argv[0]) {
    const QMetaType returnType = []() { static const auto t = QMetaType::fromName("QQuickText::WrapMode"); return t; }();
    returnType.destruct(argv[0]);
    returnType.construct(argv[0]);
 }
return;
}
}
{
}
// generate_Jump
{
s.c2_34 = s.v2_17;
    goto label_1;
}
label_0:;
{
}
// generate_GetLookup
#ifndef QT_NO_DEBUG
aotContext->setInstructionPointer(34);
#endif
while (!aotContext->getEnumLookup(1042, &s.v2_29)) {
#ifdef QT_NO_DEBUG
aotContext->setInstructionPointer(34);
#endif
aotContext->initGetEnumLookup(1042, []() { static const auto t = QMetaType::fromName("QQuickText*"); return t; }().metaObject(), "WrapMode", "NoWrap");
if (aotContext->engine->hasError()) {
aotContext->setReturnValueUndefined();
if (argv[0]) {
    const QMetaType returnType = []() { static const auto t = QMetaType::fromName("QQuickText::WrapMode"); return t; }();
    returnType.destruct(argv[0]);
    returnType.construct(argv[0]);
 }
return;
}
}
{
s.c2_34 = s.v2_29;
}
label_1:;
{
}
// generate_Ret
if (argv[0]) {
    const QMetaType returnType = QMetaType::fromType<int>();
    returnType.destruct(argv[0]);
    returnType.construct(argv[0], &s.c2_34);
}
return;
}
 },{ 228, 0, [](QV4::ExecutableCompilationUnit *contextUnit, QMetaType *argTypes) {
    struct { QV4::ExecutableCompilationUnit *compilationUnit; } c { contextUnit };
    const auto *aotContext = &c;
    Q_UNUSED(aotContext);
    argTypes[0] = QMetaType::fromType<int>();
}, 
    [](const QQmlPrivate::AOTCompiledContext *aotContext, void **argv) {
Q_UNUSED(aotContext)
Q_UNUSED(argv)
// expression for maximumLineCount at line 727, column 21
struct Storage : QQmlPrivate::AOTTrackedLocalsStorage {
Storage(const QQmlPrivate::AOTCompiledContext *ctxt, void **a)   : aotContext(ctxt), argv(a) {}
void markObjects(QV4::MarkStack *markStack) const final {    Q_UNUSED(markStack);
    aotContext->mark(v2_0, markStack);
}
const QQmlPrivate::AOTCompiledContext *aotContext;
void **argv;
QObject *v2_0 = nullptr;
bool v2_5;
int c2_18;
int v2_12;
int v2_16;
};
Storage s(aotContext, argv);
aotContext->setLocals(&s);
// generate_LoadQmlContextPropertyLookup
#ifndef QT_NO_DEBUG
aotContext->setInstructionPointer(5);
#endif
while (!aotContext->loadContextIdLookup(1043, &s.v2_0)) {
#ifdef QT_NO_DEBUG
aotContext->setInstructionPointer(5);
#endif
aotContext->initLoadContextIdLookup(1043);
if (aotContext->engine->hasError()) {
aotContext->setReturnValueUndefined();
if (argv[0]) {
    *static_cast<int *>(argv[0]) = int();
}
return;
}
}
{
}
// generate_GetLookup
#ifndef QT_NO_DEBUG
aotContext->setInstructionPointer(10);
#endif
while (!aotContext->getObjectLookup(1044, s.v2_0, &s.v2_5)) {
#ifdef QT_NO_DEBUG
aotContext->setInstructionPointer(10);
#endif
aotContext->initGetObjectLookup(1044, s.v2_0);
if (aotContext->engine->hasError()) {
aotContext->setReturnValueUndefined();
if (argv[0]) {
    *static_cast<int *>(argv[0]) = int();
}
return;
}
}
{
}
// generate_JumpFalse
if (!s.v2_5) {
    goto label_0;
}
{
}
// generate_LoadInt
s.v2_12 = 2;
{
}
// generate_Jump
{
s.c2_18 = s.v2_12;
    goto label_1;
}
label_0:;
// generate_LoadInt
s.v2_16 = 1;
{
s.c2_18 = s.v2_16;
}
label_1:;
{
}
// generate_Ret
if (argv[0]) {
    *static_cast<int *>(argv[0]) = s.c2_18;
}
return;
}
 },{ 230, 0, [](QV4::ExecutableCompilationUnit *contextUnit, QMetaType *argTypes) {
    struct { QV4::ExecutableCompilationUnit *compilationUnit; } c { contextUnit };
    const auto *aotContext = &c;
    Q_UNUSED(aotContext);
    argTypes[0] = QMetaType::fromType<double>();
}, 
    [](const QQmlPrivate::AOTCompiledContext *aotContext, void **argv) {
Q_UNUSED(aotContext)
Q_UNUSED(argv)
// expression for preferredHeight at line 722, column 21
struct Storage : QQmlPrivate::AOTTrackedLocalsStorage {
Storage(const QQmlPrivate::AOTCompiledContext *ctxt, void **a)   : aotContext(ctxt), argv(a) {}
void markObjects(QV4::MarkStack *markStack) const final {    Q_UNUSED(markStack);
    aotContext->mark(v2_0, markStack);
}
const QQmlPrivate::AOTCompiledContext *aotContext;
void **argv;
QVariant v2_0;
double v2_12;
double v2_14;
double v2_5;
};
Storage s(aotContext, argv);
aotContext->setLocals(&s);
// generate_LoadQmlContextPropertyLookup
#ifndef QT_NO_DEBUG
aotContext->setInstructionPointer(5);
#endif
s.v2_0 = QVariant(aotContext->lookupResultMetaType(1047));
while (!aotContext->loadScopeObjectPropertyLookup(1047, s.v2_0.data())) {
#ifdef QT_NO_DEBUG
aotContext->setInstructionPointer(5);
#endif
aotContext->initLoadScopeObjectPropertyLookup(1047);
if (aotContext->engine->hasError()) {
aotContext->setReturnValueUndefined();
if (argv[0]) {
    *static_cast<double *>(argv[0]) = double();
}
return;
}
s.v2_0 = QVariant(aotContext->lookupResultMetaType(1047));
}
{
}
// generate_GetLookup
{
int retrieved;
#ifndef QT_NO_DEBUG
aotContext->setInstructionPointer(10);
#endif
while (!aotContext->getValueLookup(1048, s.v2_0.data(), &retrieved)) {
#ifdef QT_NO_DEBUG
aotContext->setInstructionPointer(10);
#endif
aotContext->initGetValueLookup(1048, []() { static const auto t = QMetaType::fromName("QQuickFontValueType"); return t; }().metaObject());
if (aotContext->engine->hasError()) {
aotContext->setReturnValueUndefined();
if (argv[0]) {
    *static_cast<double *>(argv[0]) = double();
}
return;
}
}
s.v2_5 = double(std::move(retrieved));
}
{
}
// generate_StoreReg
{
}
// generate_LoadConst
s.v2_12 = 1.39999999999999991;
{
}
// generate_Mul
s.v2_14 = (s.v2_5 * s.v2_12);
{
}
{
}
// generate_Ret
if (argv[0]) {
    *static_cast<double *>(argv[0]) = s.v2_14;
}
return;
}
 },{ 232, 0, [](QV4::ExecutableCompilationUnit *contextUnit, QMetaType *argTypes) {
    struct { QV4::ExecutableCompilationUnit *compilationUnit; } c { contextUnit };
    const auto *aotContext = &c;
    Q_UNUSED(aotContext);
    argTypes[0] = QMetaType::fromType<int>();
}, 
    [](const QQmlPrivate::AOTCompiledContext *aotContext, void **argv) {
Q_UNUSED(aotContext)
Q_UNUSED(argv)
// expression for weight at line 728, column 96
struct Storage : QQmlPrivate::AOTTrackedLocalsStorage {
Storage(const QQmlPrivate::AOTCompiledContext *ctxt, void **a)   : aotContext(ctxt), argv(a) {}
void markObjects(QV4::MarkStack *markStack) const final {    Q_UNUSED(markStack);
    aotContext->mark(v2_0, markStack);
}
const QQmlPrivate::AOTCompiledContext *aotContext;
void **argv;
QObject *v2_0 = nullptr;
bool v2_5;
int c2_34;
int v2_17;
int v2_29;
};
Storage s(aotContext, argv);
aotContext->setLocals(&s);
// generate_LoadQmlContextPropertyLookup
#ifndef QT_NO_DEBUG
aotContext->setInstructionPointer(5);
#endif
while (!aotContext->loadContextIdLookup(1050, &s.v2_0)) {
#ifdef QT_NO_DEBUG
aotContext->setInstructionPointer(5);
#endif
aotContext->initLoadContextIdLookup(1050);
if (aotContext->engine->hasError()) {
aotContext->setReturnValueUndefined();
if (argv[0]) {
    *static_cast<int *>(argv[0]) = int();
}
return;
}
}
{
}
// generate_GetLookup
#ifndef QT_NO_DEBUG
aotContext->setInstructionPointer(10);
#endif
while (!aotContext->getObjectLookup(1051, s.v2_0, &s.v2_5)) {
#ifdef QT_NO_DEBUG
aotContext->setInstructionPointer(10);
#endif
aotContext->initGetObjectLookup(1051, s.v2_0);
if (aotContext->engine->hasError()) {
aotContext->setReturnValueUndefined();
if (argv[0]) {
    *static_cast<int *>(argv[0]) = int();
}
return;
}
}
{
}
// generate_JumpFalse
if (!s.v2_5) {
    goto label_0;
}
{
}
{
}
// generate_GetLookup
#ifndef QT_NO_DEBUG
aotContext->setInstructionPointer(22);
#endif
while (!aotContext->getEnumLookup(1053, &s.v2_17)) {
#ifdef QT_NO_DEBUG
aotContext->setInstructionPointer(22);
#endif
aotContext->initGetEnumLookup(1053, []() { static const auto t = QMetaType::fromName("QQuickFontEnums"); return t; }().metaObject(), "FontWeight", "Medium");
if (aotContext->engine->hasError()) {
aotContext->setReturnValueUndefined();
if (argv[0]) {
    *static_cast<int *>(argv[0]) = int();
}
return;
}
}
{
}
// generate_Jump
{
s.c2_34 = s.v2_17;
    goto label_1;
}
label_0:;
{
}
// generate_GetLookup
#ifndef QT_NO_DEBUG
aotContext->setInstructionPointer(34);
#endif
while (!aotContext->getEnumLookup(1055, &s.v2_29)) {
#ifdef QT_NO_DEBUG
aotContext->setInstructionPointer(34);
#endif
aotContext->initGetEnumLookup(1055, []() { static const auto t = QMetaType::fromName("QQuickFontEnums"); return t; }().metaObject(), "FontWeight", "Normal");
if (aotContext->engine->hasError()) {
aotContext->setReturnValueUndefined();
if (argv[0]) {
    *static_cast<int *>(argv[0]) = int();
}
return;
}
}
{
s.c2_34 = s.v2_29;
}
label_1:;
{
}
// generate_Ret
if (argv[0]) {
    *static_cast<int *>(argv[0]) = s.c2_34;
}
return;
}
 },{ 233, 0, [](QV4::ExecutableCompilationUnit *contextUnit, QMetaType *argTypes) {
    struct { QV4::ExecutableCompilationUnit *compilationUnit; } c { contextUnit };
    const auto *aotContext = &c;
    Q_UNUSED(aotContext);
    argTypes[0] = QMetaType::fromType<bool>();
}, 
    [](const QQmlPrivate::AOTCompiledContext *aotContext, void **argv) {
Q_UNUSED(aotContext)
Q_UNUSED(argv)
// expression for visible at line 730, column 17
struct Storage : QQmlPrivate::AOTTrackedLocalsStorage {
Storage(const QQmlPrivate::AOTCompiledContext *ctxt, void **a)   : aotContext(ctxt), argv(a) {}
void markObjects(QV4::MarkStack *markStack) const final {    Q_UNUSED(markStack);
    aotContext->mark(v2_0, markStack);
}
const QQmlPrivate::AOTCompiledContext *aotContext;
void **argv;
QObject *v2_0 = nullptr;
bool v2_5;
};
Storage s(aotContext, argv);
aotContext->setLocals(&s);
// generate_LoadQmlContextPropertyLookup
#ifndef QT_NO_DEBUG
aotContext->setInstructionPointer(5);
#endif
while (!aotContext->loadContextIdLookup(1056, &s.v2_0)) {
#ifdef QT_NO_DEBUG
aotContext->setInstructionPointer(5);
#endif
aotContext->initLoadContextIdLookup(1056);
if (aotContext->engine->hasError()) {
aotContext->setReturnValueUndefined();
if (argv[0]) {
    *static_cast<bool *>(argv[0]) = bool();
}
return;
}
}
{
}
// generate_GetLookup
#ifndef QT_NO_DEBUG
aotContext->setInstructionPointer(10);
#endif
while (!aotContext->getObjectLookup(1057, s.v2_0, &s.v2_5)) {
#ifdef QT_NO_DEBUG
aotContext->setInstructionPointer(10);
#endif
aotContext->initGetObjectLookup(1057, s.v2_0);
if (aotContext->engine->hasError()) {
aotContext->setReturnValueUndefined();
if (argv[0]) {
    *static_cast<bool *>(argv[0]) = bool();
}
return;
}
}
{
}
{
}
// generate_Ret
if (argv[0]) {
    *static_cast<bool *>(argv[0]) = s.v2_5;
}
return;
}
 },{ 235, 0, [](QV4::ExecutableCompilationUnit *contextUnit, QMetaType *argTypes) {
    struct { QV4::ExecutableCompilationUnit *compilationUnit; } c { contextUnit };
    const auto *aotContext = &c;
    Q_UNUSED(aotContext);
    argTypes[0] = []() { static const auto t = QMetaType::fromName("Qt::MouseButtons"); return t; }();
}, 
    [](const QQmlPrivate::AOTCompiledContext *aotContext, void **argv) {
Q_UNUSED(aotContext)
Q_UNUSED(argv)
// expression for acceptedButtons at line 735, column 71
struct Storage : QQmlPrivate::AOTTrackedLocalsStorage {
Storage(const QQmlPrivate::AOTCompiledContext *ctxt, void **a)   : aotContext(ctxt), argv(a) {}
void markObjects(QV4::MarkStack *markStack) const final {    Q_UNUSED(markStack);
}
const QQmlPrivate::AOTCompiledContext *aotContext;
void **argv;
int v2_17;
int v2_22;
int v2_5;
};
Storage s(aotContext, argv);
aotContext->setLocals(&s);
{
}
// generate_GetLookup
#ifndef QT_NO_DEBUG
aotContext->setInstructionPointer(10);
#endif
while (!aotContext->getEnumLookup(1064, &s.v2_5)) {
#ifdef QT_NO_DEBUG
aotContext->setInstructionPointer(10);
#endif
aotContext->initGetEnumLookup(1064, []() { static const auto t = QMetaType::fromName("Qt"); return t; }().metaObject(), "MouseButton", "LeftButton");
if (aotContext->engine->hasError()) {
aotContext->setReturnValueUndefined();
if (argv[0]) {
    const QMetaType returnType = []() { static const auto t = QMetaType::fromName("Qt::MouseButtons"); return t; }();
    returnType.destruct(argv[0]);
    returnType.construct(argv[0]);
 }
return;
}
}
{
}
// generate_StoreReg
{
}
{
}
// generate_GetLookup
#ifndef QT_NO_DEBUG
aotContext->setInstructionPointer(22);
#endif
while (!aotContext->getEnumLookup(1066, &s.v2_17)) {
#ifdef QT_NO_DEBUG
aotContext->setInstructionPointer(22);
#endif
aotContext->initGetEnumLookup(1066, []() { static const auto t = QMetaType::fromName("Qt"); return t; }().metaObject(), "MouseButton", "RightButton");
if (aotContext->engine->hasError()) {
aotContext->setReturnValueUndefined();
if (argv[0]) {
    const QMetaType returnType = []() { static const auto t = QMetaType::fromName("Qt::MouseButtons"); return t; }();
    returnType.destruct(argv[0]);
    returnType.construct(argv[0]);
 }
return;
}
}
{
}
// generate_BitOr
s.v2_22 = (s.v2_5 | s.v2_17);
{
}
{
}
// generate_Ret
if (argv[0]) {
    const QMetaType returnType = QMetaType::fromType<int>();
    returnType.destruct(argv[0]);
    returnType.construct(argv[0], &s.v2_22);
}
return;
}
 },{ 236, 1, [](QV4::ExecutableCompilationUnit *contextUnit, QMetaType *argTypes) {
    struct { QV4::ExecutableCompilationUnit *compilationUnit; } c { contextUnit };
    const auto *aotContext = &c;
    Q_UNUSED(aotContext);
    argTypes[0] = QMetaType();
    argTypes[1] = []() { static const auto t = QMetaType::fromName("QQuickMouseEvent*"); return t; }();
}, 
    [](const QQmlPrivate::AOTCompiledContext *aotContext, void **argv) {
Q_UNUSED(aotContext)
Q_UNUSED(argv)
// expression for onPressed at line 740, column 17
struct Storage : QQmlPrivate::AOTTrackedLocalsStorage {
Storage(const QQmlPrivate::AOTCompiledContext *ctxt, void **a)   : aotContext(ctxt), argv(a) {}
void markObjects(QV4::MarkStack *markStack) const final {    Q_UNUSED(markStack);
}
const QQmlPrivate::AOTCompiledContext *aotContext;
void **argv;
};
Storage s(aotContext, argv);
aotContext->setLocals(&s);
// generate_CreateCallContext
{
{
}
{
}
{
}
// generate_PopContext
{}
}
{
}
{
}
// generate_Ret
return;
}
 },{ 238, 1, [](QV4::ExecutableCompilationUnit *contextUnit, QMetaType *argTypes) {
    struct { QV4::ExecutableCompilationUnit *compilationUnit; } c { contextUnit };
    const auto *aotContext = &c;
    Q_UNUSED(aotContext);
    argTypes[0] = QMetaType();
    argTypes[1] = []() { static const auto t = QMetaType::fromName("QQuickMouseEvent*"); return t; }();
}, 
    [](const QQmlPrivate::AOTCompiledContext *aotContext, void **argv) {
Q_UNUSED(aotContext)
Q_UNUSED(argv)
// expression for onClicked at line 755, column 17
struct Storage : QQmlPrivate::AOTTrackedLocalsStorage {
Storage(const QQmlPrivate::AOTCompiledContext *ctxt, void **a)   : aotContext(ctxt), argv(a) {}
void markObjects(QV4::MarkStack *markStack) const final {    Q_UNUSED(markStack);
}
const QQmlPrivate::AOTCompiledContext *aotContext;
void **argv;
};
Storage s(aotContext, argv);
aotContext->setLocals(&s);
// generate_CreateCallContext
{
{
}
{
}
{
}
// generate_PopContext
{}
}
{
}
{
}
// generate_Ret
return;
}
 },{ 241, 0, [](QV4::ExecutableCompilationUnit *contextUnit, QMetaType *argTypes) {
    struct { QV4::ExecutableCompilationUnit *compilationUnit; } c { contextUnit };
    const auto *aotContext = &c;
    Q_UNUSED(aotContext);
    argTypes[0] = []() { static const auto t = QMetaType::fromName("QQuickItem*"); return t; }();
}, 
    [](const QQmlPrivate::AOTCompiledContext *aotContext, void **argv) {
Q_UNUSED(aotContext)
Q_UNUSED(argv)
// expression for fill at line 735, column 29
struct Storage : QQmlPrivate::AOTTrackedLocalsStorage {
Storage(const QQmlPrivate::AOTCompiledContext *ctxt, void **a)   : aotContext(ctxt), argv(a) {}
void markObjects(QV4::MarkStack *markStack) const final {    Q_UNUSED(markStack);
    aotContext->mark(v2_0, markStack);
}
const QQmlPrivate::AOTCompiledContext *aotContext;
void **argv;
QObject *v2_0 = nullptr;
};
Storage s(aotContext, argv);
aotContext->setLocals(&s);
// generate_LoadQmlContextPropertyLookup
#ifndef QT_NO_DEBUG
aotContext->setInstructionPointer(5);
#endif
while (!aotContext->loadScopeObjectPropertyLookup(1134, &s.v2_0)) {
#ifdef QT_NO_DEBUG
aotContext->setInstructionPointer(5);
#endif
aotContext->initLoadScopeObjectPropertyLookup(1134);
if (aotContext->engine->hasError()) {
aotContext->setReturnValueUndefined();
if (argv[0]) {
    *static_cast<QObject * *>(argv[0]) = nullptr;
}
return;
}
}
{
}
{
}
// generate_Ret
if (argv[0]) {
    *static_cast<QObject * *>(argv[0]) = s.v2_0;
}
return;
}
 },{ 242, 0, [](QV4::ExecutableCompilationUnit *contextUnit, QMetaType *argTypes) {
    struct { QV4::ExecutableCompilationUnit *compilationUnit; } c { contextUnit };
    const auto *aotContext = &c;
    Q_UNUSED(aotContext);
    argTypes[0] = []() { static const auto t = QMetaType::fromName("QQuickItem*"); return t; }();
}, 
    [](const QQmlPrivate::AOTCompiledContext *aotContext, void **argv) {
Q_UNUSED(aotContext)
Q_UNUSED(argv)
// expression for target at line 736, column 17
struct Storage : QQmlPrivate::AOTTrackedLocalsStorage {
Storage(const QQmlPrivate::AOTCompiledContext *ctxt, void **a)   : aotContext(ctxt), argv(a) {}
void markObjects(QV4::MarkStack *markStack) const final {    Q_UNUSED(markStack);
    aotContext->mark(v2_0, markStack);
}
const QQmlPrivate::AOTCompiledContext *aotContext;
void **argv;
QObject *v2_0 = nullptr;
};
Storage s(aotContext, argv);
aotContext->setLocals(&s);
// generate_LoadQmlContextPropertyLookup
#ifndef QT_NO_DEBUG
aotContext->setInstructionPointer(5);
#endif
while (!aotContext->loadContextIdLookup(1135, &s.v2_0)) {
#ifdef QT_NO_DEBUG
aotContext->setInstructionPointer(5);
#endif
aotContext->initLoadContextIdLookup(1135);
if (aotContext->engine->hasError()) {
aotContext->setReturnValueUndefined();
if (argv[0]) {
    *static_cast<QObject * *>(argv[0]) = nullptr;
}
return;
}
}
{
}
{
}
// generate_Ret
if (argv[0]) {
    *static_cast<QObject * *>(argv[0]) = s.v2_0;
}
return;
}
 },{ 243, 0, [](QV4::ExecutableCompilationUnit *contextUnit, QMetaType *argTypes) {
    struct { QV4::ExecutableCompilationUnit *compilationUnit; } c { contextUnit };
    const auto *aotContext = &c;
    Q_UNUSED(aotContext);
    argTypes[0] = QMetaType::fromType<bool>();
}, 
    [](const QQmlPrivate::AOTCompiledContext *aotContext, void **argv) {
Q_UNUSED(aotContext)
Q_UNUSED(argv)
// expression for active at line 739, column 43
struct Storage : QQmlPrivate::AOTTrackedLocalsStorage {
Storage(const QQmlPrivate::AOTCompiledContext *ctxt, void **a)   : aotContext(ctxt), argv(a) {}
void markObjects(QV4::MarkStack *markStack) const final {    Q_UNUSED(markStack);
    aotContext->mark(v2_0, markStack);
    aotContext->mark(v2_5, markStack);
}
const QQmlPrivate::AOTCompiledContext *aotContext;
void **argv;
QObject *v2_0 = nullptr;
QObject *v2_5 = nullptr;
bool v2_10;
};
Storage s(aotContext, argv);
aotContext->setLocals(&s);
// generate_LoadQmlContextPropertyLookup
#ifndef QT_NO_DEBUG
aotContext->setInstructionPointer(5);
#endif
while (!aotContext->loadContextIdLookup(1136, &s.v2_0)) {
#ifdef QT_NO_DEBUG
aotContext->setInstructionPointer(5);
#endif
aotContext->initLoadContextIdLookup(1136);
if (aotContext->engine->hasError()) {
aotContext->setReturnValueUndefined();
if (argv[0]) {
    *static_cast<bool *>(argv[0]) = bool();
}
return;
}
}
{
}
// generate_GetLookup
#ifndef QT_NO_DEBUG
aotContext->setInstructionPointer(10);
#endif
while (!aotContext->getObjectLookup(1137, s.v2_0, &s.v2_5)) {
#ifdef QT_NO_DEBUG
aotContext->setInstructionPointer(10);
#endif
aotContext->initGetObjectLookup(1137, s.v2_0);
if (aotContext->engine->hasError()) {
aotContext->setReturnValueUndefined();
if (argv[0]) {
    *static_cast<bool *>(argv[0]) = bool();
}
return;
}
}
{
}
// generate_GetLookup
#ifndef QT_NO_DEBUG
aotContext->setInstructionPointer(15);
#endif
while (!aotContext->getObjectLookup(1138, s.v2_5, &s.v2_10)) {
#ifdef QT_NO_DEBUG
aotContext->setInstructionPointer(15);
#endif
aotContext->initGetObjectLookup(1138, s.v2_5);
if (aotContext->engine->hasError()) {
aotContext->setReturnValueUndefined();
if (argv[0]) {
    *static_cast<bool *>(argv[0]) = bool();
}
return;
}
}
{
}
{
}
// generate_Ret
if (argv[0]) {
    *static_cast<bool *>(argv[0]) = s.v2_10;
}
return;
}
 },{ 244, 0, [](QV4::ExecutableCompilationUnit *contextUnit, QMetaType *argTypes) {
    struct { QV4::ExecutableCompilationUnit *compilationUnit; } c { contextUnit };
    const auto *aotContext = &c;
    Q_UNUSED(aotContext);
    argTypes[0] = QMetaType::fromType<QObject *>();
}, 
    [](const QQmlPrivate::AOTCompiledContext *aotContext, void **argv) {
Q_UNUSED(aotContext)
Q_UNUSED(argv)
// expression for source at line 739, column 76
struct Storage : QQmlPrivate::AOTTrackedLocalsStorage {
Storage(const QQmlPrivate::AOTCompiledContext *ctxt, void **a)   : aotContext(ctxt), argv(a) {}
void markObjects(QV4::MarkStack *markStack) const final {    Q_UNUSED(markStack);
    aotContext->mark(v2_0, markStack);
}
const QQmlPrivate::AOTCompiledContext *aotContext;
void **argv;
QObject *v2_0 = nullptr;
};
Storage s(aotContext, argv);
aotContext->setLocals(&s);
// generate_LoadQmlContextPropertyLookup
#ifndef QT_NO_DEBUG
aotContext->setInstructionPointer(5);
#endif
while (!aotContext->loadContextIdLookup(1139, &s.v2_0)) {
#ifdef QT_NO_DEBUG
aotContext->setInstructionPointer(5);
#endif
aotContext->initLoadContextIdLookup(1139);
if (aotContext->engine->hasError()) {
aotContext->setReturnValueUndefined();
if (argv[0]) {
    *static_cast<QObject * *>(argv[0]) = nullptr;
}
return;
}
}
{
}
{
}
// generate_Ret
if (argv[0]) {
    *static_cast<QObject * *>(argv[0]) = s.v2_0;
}
return;
}
 },{ 245, 0, [](QV4::ExecutableCompilationUnit *contextUnit, QMetaType *argTypes) {
    struct { QV4::ExecutableCompilationUnit *compilationUnit; } c { contextUnit };
    const auto *aotContext = &c;
    Q_UNUSED(aotContext);
    argTypes[0] = []() { static const auto t = QMetaType::fromName("Qt::DropActions"); return t; }();
}, 
    [](const QQmlPrivate::AOTCompiledContext *aotContext, void **argv) {
Q_UNUSED(aotContext)
Q_UNUSED(argv)
// expression for supportedActions at line 739, column 99
struct Storage : QQmlPrivate::AOTTrackedLocalsStorage {
Storage(const QQmlPrivate::AOTCompiledContext *ctxt, void **a)   : aotContext(ctxt), argv(a) {}
void markObjects(QV4::MarkStack *markStack) const final {    Q_UNUSED(markStack);
}
const QQmlPrivate::AOTCompiledContext *aotContext;
void **argv;
int v2_17;
int v2_22;
int v2_5;
};
Storage s(aotContext, argv);
aotContext->setLocals(&s);
{
}
// generate_GetLookup
#ifndef QT_NO_DEBUG
aotContext->setInstructionPointer(10);
#endif
while (!aotContext->getEnumLookup(1141, &s.v2_5)) {
#ifdef QT_NO_DEBUG
aotContext->setInstructionPointer(10);
#endif
aotContext->initGetEnumLookup(1141, []() { static const auto t = QMetaType::fromName("Qt"); return t; }().metaObject(), "DropAction", "CopyAction");
if (aotContext->engine->hasError()) {
aotContext->setReturnValueUndefined();
if (argv[0]) {
    const QMetaType returnType = []() { static const auto t = QMetaType::fromName("Qt::DropActions"); return t; }();
    returnType.destruct(argv[0]);
    returnType.construct(argv[0]);
 }
return;
}
}
{
}
// generate_StoreReg
{
}
{
}
// generate_GetLookup
#ifndef QT_NO_DEBUG
aotContext->setInstructionPointer(22);
#endif
while (!aotContext->getEnumLookup(1143, &s.v2_17)) {
#ifdef QT_NO_DEBUG
aotContext->setInstructionPointer(22);
#endif
aotContext->initGetEnumLookup(1143, []() { static const auto t = QMetaType::fromName("Qt"); return t; }().metaObject(), "DropAction", "MoveAction");
if (aotContext->engine->hasError()) {
aotContext->setReturnValueUndefined();
if (argv[0]) {
    const QMetaType returnType = []() { static const auto t = QMetaType::fromName("Qt::DropActions"); return t; }();
    returnType.destruct(argv[0]);
    returnType.construct(argv[0]);
 }
return;
}
}
{
}
// generate_BitOr
s.v2_22 = (s.v2_5 | s.v2_17);
{
}
{
}
// generate_Ret
if (argv[0]) {
    const QMetaType returnType = QMetaType::fromType<int>();
    returnType.destruct(argv[0]);
    returnType.construct(argv[0], &s.v2_22);
}
return;
}
 },{ 246, 0, [](QV4::ExecutableCompilationUnit *contextUnit, QMetaType *argTypes) {
    struct { QV4::ExecutableCompilationUnit *compilationUnit; } c { contextUnit };
    const auto *aotContext = &c;
    Q_UNUSED(aotContext);
    argTypes[0] = QMetaType::fromType<QStringList>();
}, 
    [](const QQmlPrivate::AOTCompiledContext *aotContext, void **argv) {
Q_UNUSED(aotContext)
Q_UNUSED(argv)
// expression for keys at line 739, column 153
struct Storage : QQmlPrivate::AOTTrackedLocalsStorage {
Storage(const QQmlPrivate::AOTCompiledContext *ctxt, void **a)   : aotContext(ctxt), argv(a) {}
void markObjects(QV4::MarkStack *markStack) const final {    Q_UNUSED(markStack);
    for (const auto &v : std::as_const(v2_7))
        aotContext->mark(v, markStack);
}
const QQmlPrivate::AOTCompiledContext *aotContext;
void **argv;
QString v2_0;
QStringList v2_7;
};
Storage s(aotContext, argv);
aotContext->setLocals(&s);
// generate_LoadRuntimeString
s.v2_0 = QStringLiteral("text/uri-list");
{
}
// generate_StoreReg
{
}
// generate_DefineArray
s.v2_7 = QStringList{std::move(s.v2_0)};
{
}
{
}
// generate_Ret
if (argv[0]) {
    *static_cast<QStringList *>(argv[0]) = std::move(s.v2_7);
}
return;
}
 },{ 249, 1, [](QV4::ExecutableCompilationUnit *contextUnit, QMetaType *argTypes) {
    struct { QV4::ExecutableCompilationUnit *compilationUnit; } c { contextUnit };
    const auto *aotContext = &c;
    Q_UNUSED(aotContext);
    argTypes[0] = QMetaType();
    argTypes[1] = []() { static const auto t = QMetaType::fromName("QQuickDragEvent*"); return t; }();
}, 
    [](const QQmlPrivate::AOTCompiledContext *aotContext, void **argv) {
Q_UNUSED(aotContext)
Q_UNUSED(argv)
// expression for onDropped at line 771, column 17
struct Storage : QQmlPrivate::AOTTrackedLocalsStorage {
Storage(const QQmlPrivate::AOTCompiledContext *ctxt, void **a)   : aotContext(ctxt), argv(a) {}
void markObjects(QV4::MarkStack *markStack) const final {    Q_UNUSED(markStack);
}
const QQmlPrivate::AOTCompiledContext *aotContext;
void **argv;
};
Storage s(aotContext, argv);
aotContext->setLocals(&s);
// generate_CreateCallContext
{
{
}
{
}
{
}
// generate_PopContext
{}
}
{
}
{
}
// generate_Ret
return;
}
 },{ 251, 0, [](QV4::ExecutableCompilationUnit *contextUnit, QMetaType *argTypes) {
    struct { QV4::ExecutableCompilationUnit *compilationUnit; } c { contextUnit };
    const auto *aotContext = &c;
    Q_UNUSED(aotContext);
    argTypes[0] = []() { static const auto t = QMetaType::fromName("QQuickItem*"); return t; }();
}, 
    [](const QQmlPrivate::AOTCompiledContext *aotContext, void **argv) {
Q_UNUSED(aotContext)
Q_UNUSED(argv)
// expression for fill at line 769, column 17
struct Storage : QQmlPrivate::AOTTrackedLocalsStorage {
Storage(const QQmlPrivate::AOTCompiledContext *ctxt, void **a)   : aotContext(ctxt), argv(a) {}
void markObjects(QV4::MarkStack *markStack) const final {    Q_UNUSED(markStack);
    aotContext->mark(v2_0, markStack);
}
const QQmlPrivate::AOTCompiledContext *aotContext;
void **argv;
QObject *v2_0 = nullptr;
};
Storage s(aotContext, argv);
aotContext->setLocals(&s);
// generate_LoadQmlContextPropertyLookup
#ifndef QT_NO_DEBUG
aotContext->setInstructionPointer(5);
#endif
while (!aotContext->loadScopeObjectPropertyLookup(1162, &s.v2_0)) {
#ifdef QT_NO_DEBUG
aotContext->setInstructionPointer(5);
#endif
aotContext->initLoadScopeObjectPropertyLookup(1162);
if (aotContext->engine->hasError()) {
aotContext->setReturnValueUndefined();
if (argv[0]) {
    *static_cast<QObject * *>(argv[0]) = nullptr;
}
return;
}
}
{
}
{
}
// generate_Ret
if (argv[0]) {
    *static_cast<QObject * *>(argv[0]) = s.v2_0;
}
return;
}
 },{ 254, 0, [](QV4::ExecutableCompilationUnit *contextUnit, QMetaType *argTypes) {
    struct { QV4::ExecutableCompilationUnit *compilationUnit; } c { contextUnit };
    const auto *aotContext = &c;
    Q_UNUSED(aotContext);
    argTypes[0] = []() { static const auto t = QMetaType::fromName("QQuickItem*"); return t; }();
}, 
    [](const QQmlPrivate::AOTCompiledContext *aotContext, void **argv) {
Q_UNUSED(aotContext)
Q_UNUSED(argv)
// expression for fill at line 791, column 9
struct Storage : QQmlPrivate::AOTTrackedLocalsStorage {
Storage(const QQmlPrivate::AOTCompiledContext *ctxt, void **a)   : aotContext(ctxt), argv(a) {}
void markObjects(QV4::MarkStack *markStack) const final {    Q_UNUSED(markStack);
    aotContext->mark(v2_0, markStack);
}
const QQmlPrivate::AOTCompiledContext *aotContext;
void **argv;
QObject *v2_0 = nullptr;
};
Storage s(aotContext, argv);
aotContext->setLocals(&s);
// generate_LoadQmlContextPropertyLookup
#ifndef QT_NO_DEBUG
aotContext->setInstructionPointer(5);
#endif
while (!aotContext->loadScopeObjectPropertyLookup(1177, &s.v2_0)) {
#ifdef QT_NO_DEBUG
aotContext->setInstructionPointer(5);
#endif
aotContext->initLoadScopeObjectPropertyLookup(1177);
if (aotContext->engine->hasError()) {
aotContext->setReturnValueUndefined();
if (argv[0]) {
    *static_cast<QObject * *>(argv[0]) = nullptr;
}
return;
}
}
{
}
{
}
// generate_Ret
if (argv[0]) {
    *static_cast<QObject * *>(argv[0]) = s.v2_0;
}
return;
}
 },{ 256, 0, [](QV4::ExecutableCompilationUnit *contextUnit, QMetaType *argTypes) {
    struct { QV4::ExecutableCompilationUnit *compilationUnit; } c { contextUnit };
    const auto *aotContext = &c;
    Q_UNUSED(aotContext);
    argTypes[0] = []() { static const auto t = QMetaType::fromName("QQmlComponent*"); return t; }();
}, 
    [](const QQmlPrivate::AOTCompiledContext *aotContext, void **argv) {
Q_UNUSED(aotContext)
Q_UNUSED(argv)
// expression for delegate at line 795, column 62
struct Storage : QQmlPrivate::AOTTrackedLocalsStorage {
Storage(const QQmlPrivate::AOTCompiledContext *ctxt, void **a)   : aotContext(ctxt), argv(a) {}
void markObjects(QV4::MarkStack *markStack) const final {    Q_UNUSED(markStack);
    aotContext->mark(v2_0, markStack);
}
const QQmlPrivate::AOTCompiledContext *aotContext;
void **argv;
QObject *v2_0 = nullptr;
};
Storage s(aotContext, argv);
aotContext->setLocals(&s);
// generate_LoadQmlContextPropertyLookup
#ifndef QT_NO_DEBUG
aotContext->setInstructionPointer(5);
#endif
while (!aotContext->loadContextIdLookup(1180, &s.v2_0)) {
#ifdef QT_NO_DEBUG
aotContext->setInstructionPointer(5);
#endif
aotContext->initLoadContextIdLookup(1180);
if (aotContext->engine->hasError()) {
aotContext->setReturnValueUndefined();
if (argv[0]) {
    *static_cast<QQmlComponent * *>(argv[0]) = nullptr;
}
return;
}
}
{
}
{
}
// generate_Ret
if (argv[0]) {
    *static_cast<QQmlComponent * *>(argv[0]) = static_cast<QQmlComponent *>(s.v2_0);
}
return;
}
 },{ 257, 0, [](QV4::ExecutableCompilationUnit *contextUnit, QMetaType *argTypes) {
    struct { QV4::ExecutableCompilationUnit *compilationUnit; } c { contextUnit };
    const auto *aotContext = &c;
    Q_UNUSED(aotContext);
    argTypes[0] = []() { static const auto t = QMetaType::fromName("QQuickFlickable::BoundsBehavior"); return t; }();
}, 
    [](const QQmlPrivate::AOTCompiledContext *aotContext, void **argv) {
Q_UNUSED(aotContext)
Q_UNUSED(argv)
// expression for boundsBehavior at line 797, column 13
struct Storage : QQmlPrivate::AOTTrackedLocalsStorage {
Storage(const QQmlPrivate::AOTCompiledContext *ctxt, void **a)   : aotContext(ctxt), argv(a) {}
void markObjects(QV4::MarkStack *markStack) const final {    Q_UNUSED(markStack);
}
const QQmlPrivate::AOTCompiledContext *aotContext;
void **argv;
int v2_5;
};
Storage s(aotContext, argv);
aotContext->setLocals(&s);
{
}
// generate_GetLookup
#ifndef QT_NO_DEBUG
aotContext->setInstructionPointer(10);
#endif
while (!aotContext->getEnumLookup(1182, &s.v2_5)) {
#ifdef QT_NO_DEBUG
aotContext->setInstructionPointer(10);
#endif
aotContext->initGetEnumLookup(1182, []() { static const auto t = QMetaType::fromName("QQuickFlickable*"); return t; }().metaObject(), "BoundsBehaviorFlag", "StopAtBounds");
if (aotContext->engine->hasError()) {
aotContext->setReturnValueUndefined();
if (argv[0]) {
    const QMetaType returnType = []() { static const auto t = QMetaType::fromName("QQuickFlickable::BoundsBehavior"); return t; }();
    returnType.destruct(argv[0]);
    returnType.construct(argv[0]);
 }
return;
}
}
{
}
{
}
// generate_Ret
if (argv[0]) {
    const QMetaType returnType = QMetaType::fromType<int>();
    returnType.destruct(argv[0]);
    returnType.construct(argv[0], &s.v2_5);
}
return;
}
 },{ 258, 0, [](QV4::ExecutableCompilationUnit *contextUnit, QMetaType *argTypes) {
    struct { QV4::ExecutableCompilationUnit *compilationUnit; } c { contextUnit };
    const auto *aotContext = &c;
    Q_UNUSED(aotContext);
    argTypes[0] = []() { static const auto t = QMetaType::fromName("QQuickFlickable::FlickableDirection"); return t; }();
}, 
    [](const QQmlPrivate::AOTCompiledContext *aotContext, void **argv) {
Q_UNUSED(aotContext)
Q_UNUSED(argv)
// expression for flickableDirection at line 801, column 13
struct Storage : QQmlPrivate::AOTTrackedLocalsStorage {
Storage(const QQmlPrivate::AOTCompiledContext *ctxt, void **a)   : aotContext(ctxt), argv(a) {}
void markObjects(QV4::MarkStack *markStack) const final {    Q_UNUSED(markStack);
}
const QQmlPrivate::AOTCompiledContext *aotContext;
void **argv;
int v2_5;
};
Storage s(aotContext, argv);
aotContext->setLocals(&s);
{
}
// generate_GetLookup
#ifndef QT_NO_DEBUG
aotContext->setInstructionPointer(10);
#endif
while (!aotContext->getEnumLookup(1184, &s.v2_5)) {
#ifdef QT_NO_DEBUG
aotContext->setInstructionPointer(10);
#endif
aotContext->initGetEnumLookup(1184, []() { static const auto t = QMetaType::fromName("QQuickFlickable*"); return t; }().metaObject(), "FlickableDirection", "AutoFlickDirection");
if (aotContext->engine->hasError()) {
aotContext->setReturnValueUndefined();
if (argv[0]) {
    const QMetaType returnType = []() { static const auto t = QMetaType::fromName("QQuickFlickable::FlickableDirection"); return t; }();
    returnType.destruct(argv[0]);
    returnType.construct(argv[0]);
 }
return;
}
}
{
}
{
}
// generate_Ret
if (argv[0]) {
    const QMetaType returnType = QMetaType::fromType<int>();
    returnType.destruct(argv[0]);
    returnType.construct(argv[0], &s.v2_5);
}
return;
}
 },{ 259, 0, [](QV4::ExecutableCompilationUnit *contextUnit, QMetaType *argTypes) {
    struct { QV4::ExecutableCompilationUnit *compilationUnit; } c { contextUnit };
    const auto *aotContext = &c;
    Q_UNUSED(aotContext);
    argTypes[0] = QMetaType();
}, 
    [](const QQmlPrivate::AOTCompiledContext *aotContext, void **argv) {
Q_UNUSED(aotContext)
Q_UNUSED(argv)
// expression for onContentYChanged at line 810, column 13
struct Storage : QQmlPrivate::AOTTrackedLocalsStorage {
Storage(const QQmlPrivate::AOTCompiledContext *ctxt, void **a)   : aotContext(ctxt), argv(a) {}
void markObjects(QV4::MarkStack *markStack) const final {    Q_UNUSED(markStack);
    aotContext->mark(v2_1, markStack);
}
const QQmlPrivate::AOTCompiledContext *aotContext;
void **argv;
QObject *v2_1 = nullptr;
};
Storage s(aotContext, argv);
aotContext->setLocals(&s);
// generate_CreateCallContext
{
{
}
// generate_LoadQmlContextPropertyLookup
#ifndef QT_NO_DEBUG
aotContext->setInstructionPointer(6);
#endif
while (!aotContext->loadContextIdLookup(1185, &s.v2_1)) {
#ifdef QT_NO_DEBUG
aotContext->setInstructionPointer(6);
#endif
aotContext->initLoadContextIdLookup(1185);
if (aotContext->engine->hasError()) {
aotContext->setReturnValueUndefined();
return;
}
}
{
}
// generate_StoreReg
{
}
// generate_CallPropertyLookup
{
const auto doCall = [&]() {
    void *args[] = {nullptr};
    return aotContext->callObjectPropertyLookup(1186, s.v2_1, args, 0);
};
const auto doInit = [&]() {
    aotContext->initCallObjectPropertyLookup(1186, s.v2_1, 7);
};
#ifndef QT_NO_DEBUG
aotContext->setInstructionPointer(25);
#endif
while (!doCall()) {
#ifdef QT_NO_DEBUG
aotContext->setInstructionPointer(25);
#endif
doInit();
if (aotContext->engine->hasError()) {
aotContext->setReturnValueUndefined();
return;
}
}
}
{
}
{
}
// generate_PopContext
{}
}
{
}
{
}
// generate_Ret
return;
}
 },{ 260, 0, [](QV4::ExecutableCompilationUnit *contextUnit, QMetaType *argTypes) {
    struct { QV4::ExecutableCompilationUnit *compilationUnit; } c { contextUnit };
    const auto *aotContext = &c;
    Q_UNUSED(aotContext);
    argTypes[0] = QMetaType();
}, 
    [](const QQmlPrivate::AOTCompiledContext *aotContext, void **argv) {
Q_UNUSED(aotContext)
Q_UNUSED(argv)
// expression for onContentXChanged at line 811, column 13
struct Storage : QQmlPrivate::AOTTrackedLocalsStorage {
Storage(const QQmlPrivate::AOTCompiledContext *ctxt, void **a)   : aotContext(ctxt), argv(a) {}
void markObjects(QV4::MarkStack *markStack) const final {    Q_UNUSED(markStack);
    aotContext->mark(v2_1, markStack);
}
const QQmlPrivate::AOTCompiledContext *aotContext;
void **argv;
QObject *v2_1 = nullptr;
};
Storage s(aotContext, argv);
aotContext->setLocals(&s);
// generate_CreateCallContext
{
{
}
// generate_LoadQmlContextPropertyLookup
#ifndef QT_NO_DEBUG
aotContext->setInstructionPointer(6);
#endif
while (!aotContext->loadContextIdLookup(1187, &s.v2_1)) {
#ifdef QT_NO_DEBUG
aotContext->setInstructionPointer(6);
#endif
aotContext->initLoadContextIdLookup(1187);
if (aotContext->engine->hasError()) {
aotContext->setReturnValueUndefined();
return;
}
}
{
}
// generate_StoreReg
{
}
// generate_CallPropertyLookup
{
const auto doCall = [&]() {
    void *args[] = {nullptr};
    return aotContext->callObjectPropertyLookup(1188, s.v2_1, args, 0);
};
const auto doInit = [&]() {
    aotContext->initCallObjectPropertyLookup(1188, s.v2_1, 7);
};
#ifndef QT_NO_DEBUG
aotContext->setInstructionPointer(25);
#endif
while (!doCall()) {
#ifdef QT_NO_DEBUG
aotContext->setInstructionPointer(25);
#endif
doInit();
if (aotContext->engine->hasError()) {
aotContext->setReturnValueUndefined();
return;
}
}
}
{
}
{
}
// generate_PopContext
{}
}
{
}
{
}
// generate_Ret
return;
}
 },{ 261, 0, [](QV4::ExecutableCompilationUnit *contextUnit, QMetaType *argTypes) {
    struct { QV4::ExecutableCompilationUnit *compilationUnit; } c { contextUnit };
    const auto *aotContext = &c;
    Q_UNUSED(aotContext);
    argTypes[0] = QMetaType();
}, 
    [](const QQmlPrivate::AOTCompiledContext *aotContext, void **argv) {
Q_UNUSED(aotContext)
Q_UNUSED(argv)
// expression for onCountChanged at line 812, column 13
struct Storage : QQmlPrivate::AOTTrackedLocalsStorage {
Storage(const QQmlPrivate::AOTCompiledContext *ctxt, void **a)   : aotContext(ctxt), argv(a) {}
void markObjects(QV4::MarkStack *markStack) const final {    Q_UNUSED(markStack);
    aotContext->mark(v2_1, markStack);
}
const QQmlPrivate::AOTCompiledContext *aotContext;
void **argv;
QObject *v2_1 = nullptr;
};
Storage s(aotContext, argv);
aotContext->setLocals(&s);
// generate_CreateCallContext
{
{
}
// generate_LoadQmlContextPropertyLookup
#ifndef QT_NO_DEBUG
aotContext->setInstructionPointer(6);
#endif
while (!aotContext->loadContextIdLookup(1189, &s.v2_1)) {
#ifdef QT_NO_DEBUG
aotContext->setInstructionPointer(6);
#endif
aotContext->initLoadContextIdLookup(1189);
if (aotContext->engine->hasError()) {
aotContext->setReturnValueUndefined();
return;
}
}
{
}
// generate_StoreReg
{
}
// generate_CallPropertyLookup
{
const auto doCall = [&]() {
    void *args[] = {nullptr};
    return aotContext->callObjectPropertyLookup(1190, s.v2_1, args, 0);
};
const auto doInit = [&]() {
    aotContext->initCallObjectPropertyLookup(1190, s.v2_1, 7);
};
#ifndef QT_NO_DEBUG
aotContext->setInstructionPointer(25);
#endif
while (!doCall()) {
#ifdef QT_NO_DEBUG
aotContext->setInstructionPointer(25);
#endif
doInit();
if (aotContext->engine->hasError()) {
aotContext->setReturnValueUndefined();
return;
}
}
}
{
}
{
}
// generate_PopContext
{}
}
{
}
{
}
// generate_Ret
return;
}
 },{ 262, 0, [](QV4::ExecutableCompilationUnit *contextUnit, QMetaType *argTypes) {
    struct { QV4::ExecutableCompilationUnit *compilationUnit; } c { contextUnit };
    const auto *aotContext = &c;
    Q_UNUSED(aotContext);
    argTypes[0] = []() { static const auto t = QMetaType::fromName("QQuickListView::HeaderPositioning"); return t; }();
}, 
    [](const QQmlPrivate::AOTCompiledContext *aotContext, void **argv) {
Q_UNUSED(aotContext)
Q_UNUSED(argv)
// expression for headerPositioning at line 816, column 13
struct Storage : QQmlPrivate::AOTTrackedLocalsStorage {
Storage(const QQmlPrivate::AOTCompiledContext *ctxt, void **a)   : aotContext(ctxt), argv(a) {}
void markObjects(QV4::MarkStack *markStack) const final {    Q_UNUSED(markStack);
}
const QQmlPrivate::AOTCompiledContext *aotContext;
void **argv;
int v2_5;
};
Storage s(aotContext, argv);
aotContext->setLocals(&s);
{
}
// generate_GetLookup
#ifndef QT_NO_DEBUG
aotContext->setInstructionPointer(10);
#endif
while (!aotContext->getEnumLookup(1192, &s.v2_5)) {
#ifdef QT_NO_DEBUG
aotContext->setInstructionPointer(10);
#endif
aotContext->initGetEnumLookup(1192, []() { static const auto t = QMetaType::fromName("QQuickListView*"); return t; }().metaObject(), "HeaderPositioning", "OverlayHeader");
if (aotContext->engine->hasError()) {
aotContext->setReturnValueUndefined();
if (argv[0]) {
    const QMetaType returnType = []() { static const auto t = QMetaType::fromName("QQuickListView::HeaderPositioning"); return t; }();
    returnType.destruct(argv[0]);
    returnType.construct(argv[0]);
 }
return;
}
}
{
}
{
}
// generate_Ret
if (argv[0]) {
    const QMetaType returnType = QMetaType::fromType<int>();
    returnType.destruct(argv[0]);
    returnType.construct(argv[0], &s.v2_5);
}
return;
}
 },{ 263, 1, [](QV4::ExecutableCompilationUnit *contextUnit, QMetaType *argTypes) {
    struct { QV4::ExecutableCompilationUnit *compilationUnit; } c { contextUnit };
    const auto *aotContext = &c;
    Q_UNUSED(aotContext);
    argTypes[0] = QMetaType();
    argTypes[1] = []() { static const auto t = QMetaType::fromName("QQuickKeyEvent*"); return t; }();
}, 
    [](const QQmlPrivate::AOTCompiledContext *aotContext, void **argv) {
Q_UNUSED(aotContext)
Q_UNUSED(argv)
// expression for onEscapePressed at line 802, column 13
struct Storage : QQmlPrivate::AOTTrackedLocalsStorage {
Storage(const QQmlPrivate::AOTCompiledContext *ctxt, void **a)   : aotContext(ctxt), argv(a) {}
void markObjects(QV4::MarkStack *markStack) const final {    Q_UNUSED(markStack);
}
const QQmlPrivate::AOTCompiledContext *aotContext;
void **argv;
};
Storage s(aotContext, argv);
aotContext->setLocals(&s);
// generate_CreateCallContext
{
{
}
{
}
{
}
// generate_PopContext
{}
}
{
}
{
}
// generate_Ret
return;
}
 },{ 265, 0, [](QV4::ExecutableCompilationUnit *contextUnit, QMetaType *argTypes) {
    struct { QV4::ExecutableCompilationUnit *compilationUnit; } c { contextUnit };
    const auto *aotContext = &c;
    Q_UNUSED(aotContext);
    argTypes[0] = []() { static const auto t = QMetaType::fromName("QQuickScrollBar::Policy"); return t; }();
}, 
    [](const QQmlPrivate::AOTCompiledContext *aotContext, void **argv) {
Q_UNUSED(aotContext)
Q_UNUSED(argv)
// expression for policy at line 813, column 45
struct Storage : QQmlPrivate::AOTTrackedLocalsStorage {
Storage(const QQmlPrivate::AOTCompiledContext *ctxt, void **a)   : aotContext(ctxt), argv(a) {}
void markObjects(QV4::MarkStack *markStack) const final {    Q_UNUSED(markStack);
}
const QQmlPrivate::AOTCompiledContext *aotContext;
void **argv;
int v2_5;
};
Storage s(aotContext, argv);
aotContext->setLocals(&s);
{
}
// generate_GetLookup
#ifndef QT_NO_DEBUG
aotContext->setInstructionPointer(10);
#endif
while (!aotContext->getEnumLookup(1198, &s.v2_5)) {
#ifdef QT_NO_DEBUG
aotContext->setInstructionPointer(10);
#endif
aotContext->initGetEnumLookup(1198, []() { static const auto t = QMetaType::fromName("QQuickScrollBar*"); return t; }().metaObject(), "Policy", "AsNeeded");
if (aotContext->engine->hasError()) {
aotContext->setReturnValueUndefined();
if (argv[0]) {
    const QMetaType returnType = []() { static const auto t = QMetaType::fromName("QQuickScrollBar::Policy"); return t; }();
    returnType.destruct(argv[0]);
    returnType.construct(argv[0]);
 }
return;
}
}
{
}
{
}
// generate_Ret
if (argv[0]) {
    const QMetaType returnType = QMetaType::fromType<int>();
    returnType.destruct(argv[0]);
    returnType.construct(argv[0], &s.v2_5);
}
return;
}
 },{ 266, 0, [](QV4::ExecutableCompilationUnit *contextUnit, QMetaType *argTypes) {
    struct { QV4::ExecutableCompilationUnit *compilationUnit; } c { contextUnit };
    const auto *aotContext = &c;
    Q_UNUSED(aotContext);
    argTypes[0] = []() { static const auto t = QMetaType::fromName("QQuickScrollBar::Policy"); return t; }();
}, 
    [](const QQmlPrivate::AOTCompiledContext *aotContext, void **argv) {
Q_UNUSED(aotContext)
Q_UNUSED(argv)
// expression for policy at line 814, column 47
struct Storage : QQmlPrivate::AOTTrackedLocalsStorage {
Storage(const QQmlPrivate::AOTCompiledContext *ctxt, void **a)   : aotContext(ctxt), argv(a) {}
void markObjects(QV4::MarkStack *markStack) const final {    Q_UNUSED(markStack);
}
const QQmlPrivate::AOTCompiledContext *aotContext;
void **argv;
int v2_5;
};
Storage s(aotContext, argv);
aotContext->setLocals(&s);
{
}
// generate_GetLookup
#ifndef QT_NO_DEBUG
aotContext->setInstructionPointer(10);
#endif
while (!aotContext->getEnumLookup(1200, &s.v2_5)) {
#ifdef QT_NO_DEBUG
aotContext->setInstructionPointer(10);
#endif
aotContext->initGetEnumLookup(1200, []() { static const auto t = QMetaType::fromName("QQuickScrollBar*"); return t; }().metaObject(), "Policy", "AsNeeded");
if (aotContext->engine->hasError()) {
aotContext->setReturnValueUndefined();
if (argv[0]) {
    const QMetaType returnType = []() { static const auto t = QMetaType::fromName("QQuickScrollBar::Policy"); return t; }();
    returnType.destruct(argv[0]);
    returnType.construct(argv[0]);
 }
return;
}
}
{
}
{
}
// generate_Ret
if (argv[0]) {
    const QMetaType returnType = QMetaType::fromType<int>();
    returnType.destruct(argv[0]);
    returnType.construct(argv[0], &s.v2_5);
}
return;
}
 },{ 269, 0, [](QV4::ExecutableCompilationUnit *contextUnit, QMetaType *argTypes) {
    struct { QV4::ExecutableCompilationUnit *compilationUnit; } c { contextUnit };
    const auto *aotContext = &c;
    Q_UNUSED(aotContext);
    argTypes[0] = []() { static const auto t = QMetaType::fromName("QQuickItem*"); return t; }();
}, 
    [](const QQmlPrivate::AOTCompiledContext *aotContext, void **argv) {
Q_UNUSED(aotContext)
Q_UNUSED(argv)
// expression for fill at line 821, column 21
struct Storage : QQmlPrivate::AOTTrackedLocalsStorage {
Storage(const QQmlPrivate::AOTCompiledContext *ctxt, void **a)   : aotContext(ctxt), argv(a) {}
void markObjects(QV4::MarkStack *markStack) const final {    Q_UNUSED(markStack);
    aotContext->mark(v2_0, markStack);
}
const QQmlPrivate::AOTCompiledContext *aotContext;
void **argv;
QObject *v2_0 = nullptr;
};
Storage s(aotContext, argv);
aotContext->setLocals(&s);
// generate_LoadQmlContextPropertyLookup
#ifndef QT_NO_DEBUG
aotContext->setInstructionPointer(5);
#endif
while (!aotContext->loadScopeObjectPropertyLookup(1205, &s.v2_0)) {
#ifdef QT_NO_DEBUG
aotContext->setInstructionPointer(5);
#endif
aotContext->initLoadScopeObjectPropertyLookup(1205);
if (aotContext->engine->hasError()) {
aotContext->setReturnValueUndefined();
if (argv[0]) {
    *static_cast<QObject * *>(argv[0]) = nullptr;
}
return;
}
}
{
}
{
}
// generate_Ret
if (argv[0]) {
    *static_cast<QObject * *>(argv[0]) = s.v2_0;
}
return;
}
 },{ 276, 1, [](QV4::ExecutableCompilationUnit *contextUnit, QMetaType *argTypes) {
    struct { QV4::ExecutableCompilationUnit *compilationUnit; } c { contextUnit };
    const auto *aotContext = &c;
    Q_UNUSED(aotContext);
    argTypes[0] = QMetaType();
    argTypes[1] = QMetaType::fromType<int>();
}, 
    [](const QQmlPrivate::AOTCompiledContext *aotContext, void **argv) {
Q_UNUSED(aotContext)
Q_UNUSED(argv)
// expression for onWidthChangedByHandle at line 830, column 25
struct Storage : QQmlPrivate::AOTTrackedLocalsStorage {
Storage(const QQmlPrivate::AOTCompiledContext *ctxt, void **a)   : aotContext(ctxt), argv(a) {}
void markObjects(QV4::MarkStack *markStack) const final {    Q_UNUSED(markStack);
}
const QQmlPrivate::AOTCompiledContext *aotContext;
void **argv;
};
Storage s(aotContext, argv);
aotContext->setLocals(&s);
// generate_CreateCallContext
{
{
}
{
}
{
}
// generate_PopContext
{}
}
{
}
{
}
// generate_Ret
return;
}
 },{ 281, 0, [](QV4::ExecutableCompilationUnit *contextUnit, QMetaType *argTypes) {
    struct { QV4::ExecutableCompilationUnit *compilationUnit; } c { contextUnit };
    const auto *aotContext = &c;
    Q_UNUSED(aotContext);
    argTypes[0] = QMetaType::fromType<int>();
}, 
    [](const QQmlPrivate::AOTCompiledContext *aotContext, void **argv) {
Q_UNUSED(aotContext)
Q_UNUSED(argv)
// expression for horizontalAlignment at line 835, column 25
struct Storage : QQmlPrivate::AOTTrackedLocalsStorage {
Storage(const QQmlPrivate::AOTCompiledContext *ctxt, void **a)   : aotContext(ctxt), argv(a) {}
void markObjects(QV4::MarkStack *markStack) const final {    Q_UNUSED(markStack);
}
const QQmlPrivate::AOTCompiledContext *aotContext;
void **argv;
int v2_5;
};
Storage s(aotContext, argv);
aotContext->setLocals(&s);
{
}
// generate_GetLookup
#ifndef QT_NO_DEBUG
aotContext->setInstructionPointer(10);
#endif
while (!aotContext->getEnumLookup(1232, &s.v2_5)) {
#ifdef QT_NO_DEBUG
aotContext->setInstructionPointer(10);
#endif
aotContext->initGetEnumLookup(1232, []() { static const auto t = QMetaType::fromName("QQuickText*"); return t; }().metaObject(), "HAlignment", "AlignRight");
if (aotContext->engine->hasError()) {
aotContext->setReturnValueUndefined();
if (argv[0]) {
    *static_cast<int *>(argv[0]) = int();
}
return;
}
}
{
}
{
}
// generate_Ret
if (argv[0]) {
    *static_cast<int *>(argv[0]) = s.v2_5;
}
return;
}
 },{ 285, 1, [](QV4::ExecutableCompilationUnit *contextUnit, QMetaType *argTypes) {
    struct { QV4::ExecutableCompilationUnit *compilationUnit; } c { contextUnit };
    const auto *aotContext = &c;
    Q_UNUSED(aotContext);
    argTypes[0] = QMetaType();
    argTypes[1] = QMetaType::fromType<int>();
}, 
    [](const QQmlPrivate::AOTCompiledContext *aotContext, void **argv) {
Q_UNUSED(aotContext)
Q_UNUSED(argv)
// expression for onWidthChangedByHandle at line 840, column 25
struct Storage : QQmlPrivate::AOTTrackedLocalsStorage {
Storage(const QQmlPrivate::AOTCompiledContext *ctxt, void **a)   : aotContext(ctxt), argv(a) {}
void markObjects(QV4::MarkStack *markStack) const final {    Q_UNUSED(markStack);
}
const QQmlPrivate::AOTCompiledContext *aotContext;
void **argv;
};
Storage s(aotContext, argv);
aotContext->setLocals(&s);
// generate_CreateCallContext
{
{
}
{
}
{
}
// generate_PopContext
{}
}
{
}
{
}
// generate_Ret
return;
}
 },{ 293, 1, [](QV4::ExecutableCompilationUnit *contextUnit, QMetaType *argTypes) {
    struct { QV4::ExecutableCompilationUnit *compilationUnit; } c { contextUnit };
    const auto *aotContext = &c;
    Q_UNUSED(aotContext);
    argTypes[0] = QMetaType();
    argTypes[1] = QMetaType::fromType<int>();
}, 
    [](const QQmlPrivate::AOTCompiledContext *aotContext, void **argv) {
Q_UNUSED(aotContext)
Q_UNUSED(argv)
// expression for onWidthChangedByHandle at line 849, column 25
struct Storage : QQmlPrivate::AOTTrackedLocalsStorage {
Storage(const QQmlPrivate::AOTCompiledContext *ctxt, void **a)   : aotContext(ctxt), argv(a) {}
void markObjects(QV4::MarkStack *markStack) const final {    Q_UNUSED(markStack);
}
const QQmlPrivate::AOTCompiledContext *aotContext;
void **argv;
};
Storage s(aotContext, argv);
aotContext->setLocals(&s);
// generate_CreateCallContext
{
{
}
{
}
{
}
// generate_PopContext
{}
}
{
}
{
}
// generate_Ret
return;
}
 },{ 298, 0, [](QV4::ExecutableCompilationUnit *contextUnit, QMetaType *argTypes) {
    struct { QV4::ExecutableCompilationUnit *compilationUnit; } c { contextUnit };
    const auto *aotContext = &c;
    Q_UNUSED(aotContext);
    argTypes[0] = QMetaType::fromType<int>();
}, 
    [](const QQmlPrivate::AOTCompiledContext *aotContext, void **argv) {
Q_UNUSED(aotContext)
Q_UNUSED(argv)
// expression for horizontalAlignment at line 854, column 25
struct Storage : QQmlPrivate::AOTTrackedLocalsStorage {
Storage(const QQmlPrivate::AOTCompiledContext *ctxt, void **a)   : aotContext(ctxt), argv(a) {}
void markObjects(QV4::MarkStack *markStack) const final {    Q_UNUSED(markStack);
}
const QQmlPrivate::AOTCompiledContext *aotContext;
void **argv;
int v2_5;
};
Storage s(aotContext, argv);
aotContext->setLocals(&s);
{
}
// generate_GetLookup
#ifndef QT_NO_DEBUG
aotContext->setInstructionPointer(10);
#endif
while (!aotContext->getEnumLookup(1268, &s.v2_5)) {
#ifdef QT_NO_DEBUG
aotContext->setInstructionPointer(10);
#endif
aotContext->initGetEnumLookup(1268, []() { static const auto t = QMetaType::fromName("QQuickText*"); return t; }().metaObject(), "HAlignment", "AlignRight");
if (aotContext->engine->hasError()) {
aotContext->setReturnValueUndefined();
if (argv[0]) {
    *static_cast<int *>(argv[0]) = int();
}
return;
}
}
{
}
{
}
// generate_Ret
if (argv[0]) {
    *static_cast<int *>(argv[0]) = s.v2_5;
}
return;
}
 },{ 302, 1, [](QV4::ExecutableCompilationUnit *contextUnit, QMetaType *argTypes) {
    struct { QV4::ExecutableCompilationUnit *compilationUnit; } c { contextUnit };
    const auto *aotContext = &c;
    Q_UNUSED(aotContext);
    argTypes[0] = QMetaType();
    argTypes[1] = QMetaType::fromType<int>();
}, 
    [](const QQmlPrivate::AOTCompiledContext *aotContext, void **argv) {
Q_UNUSED(aotContext)
Q_UNUSED(argv)
// expression for onWidthChangedByHandle at line 859, column 25
struct Storage : QQmlPrivate::AOTTrackedLocalsStorage {
Storage(const QQmlPrivate::AOTCompiledContext *ctxt, void **a)   : aotContext(ctxt), argv(a) {}
void markObjects(QV4::MarkStack *markStack) const final {    Q_UNUSED(markStack);
}
const QQmlPrivate::AOTCompiledContext *aotContext;
void **argv;
};
Storage s(aotContext, argv);
aotContext->setLocals(&s);
// generate_CreateCallContext
{
{
}
{
}
{
}
// generate_PopContext
{}
}
{
}
{
}
// generate_Ret
return;
}
 },{ 307, 0, [](QV4::ExecutableCompilationUnit *contextUnit, QMetaType *argTypes) {
    struct { QV4::ExecutableCompilationUnit *compilationUnit; } c { contextUnit };
    const auto *aotContext = &c;
    Q_UNUSED(aotContext);
    argTypes[0] = QMetaType::fromType<int>();
}, 
    [](const QQmlPrivate::AOTCompiledContext *aotContext, void **argv) {
Q_UNUSED(aotContext)
Q_UNUSED(argv)
// expression for horizontalAlignment at line 864, column 25
struct Storage : QQmlPrivate::AOTTrackedLocalsStorage {
Storage(const QQmlPrivate::AOTCompiledContext *ctxt, void **a)   : aotContext(ctxt), argv(a) {}
void markObjects(QV4::MarkStack *markStack) const final {    Q_UNUSED(markStack);
}
const QQmlPrivate::AOTCompiledContext *aotContext;
void **argv;
int v2_5;
};
Storage s(aotContext, argv);
aotContext->setLocals(&s);
{
}
// generate_GetLookup
#ifndef QT_NO_DEBUG
aotContext->setInstructionPointer(10);
#endif
while (!aotContext->getEnumLookup(1287, &s.v2_5)) {
#ifdef QT_NO_DEBUG
aotContext->setInstructionPointer(10);
#endif
aotContext->initGetEnumLookup(1287, []() { static const auto t = QMetaType::fromName("QQuickText*"); return t; }().metaObject(), "HAlignment", "AlignRight");
if (aotContext->engine->hasError()) {
aotContext->setReturnValueUndefined();
if (argv[0]) {
    *static_cast<int *>(argv[0]) = int();
}
return;
}
}
{
}
{
}
// generate_Ret
if (argv[0]) {
    *static_cast<int *>(argv[0]) = s.v2_5;
}
return;
}
 },{ 311, 1, [](QV4::ExecutableCompilationUnit *contextUnit, QMetaType *argTypes) {
    struct { QV4::ExecutableCompilationUnit *compilationUnit; } c { contextUnit };
    const auto *aotContext = &c;
    Q_UNUSED(aotContext);
    argTypes[0] = QMetaType();
    argTypes[1] = QMetaType::fromType<int>();
}, 
    [](const QQmlPrivate::AOTCompiledContext *aotContext, void **argv) {
Q_UNUSED(aotContext)
Q_UNUSED(argv)
// expression for onWidthChangedByHandle at line 869, column 25
struct Storage : QQmlPrivate::AOTTrackedLocalsStorage {
Storage(const QQmlPrivate::AOTCompiledContext *ctxt, void **a)   : aotContext(ctxt), argv(a) {}
void markObjects(QV4::MarkStack *markStack) const final {    Q_UNUSED(markStack);
}
const QQmlPrivate::AOTCompiledContext *aotContext;
void **argv;
};
Storage s(aotContext, argv);
aotContext->setLocals(&s);
// generate_CreateCallContext
{
{
}
{
}
{
}
// generate_PopContext
{}
}
{
}
{
}
// generate_Ret
return;
}
 },{ 316, 0, [](QV4::ExecutableCompilationUnit *contextUnit, QMetaType *argTypes) {
    struct { QV4::ExecutableCompilationUnit *compilationUnit; } c { contextUnit };
    const auto *aotContext = &c;
    Q_UNUSED(aotContext);
    argTypes[0] = QMetaType::fromType<int>();
}, 
    [](const QQmlPrivate::AOTCompiledContext *aotContext, void **argv) {
Q_UNUSED(aotContext)
Q_UNUSED(argv)
// expression for horizontalAlignment at line 874, column 25
struct Storage : QQmlPrivate::AOTTrackedLocalsStorage {
Storage(const QQmlPrivate::AOTCompiledContext *ctxt, void **a)   : aotContext(ctxt), argv(a) {}
void markObjects(QV4::MarkStack *markStack) const final {    Q_UNUSED(markStack);
}
const QQmlPrivate::AOTCompiledContext *aotContext;
void **argv;
int v2_5;
};
Storage s(aotContext, argv);
aotContext->setLocals(&s);
{
}
// generate_GetLookup
#ifndef QT_NO_DEBUG
aotContext->setInstructionPointer(10);
#endif
while (!aotContext->getEnumLookup(1306, &s.v2_5)) {
#ifdef QT_NO_DEBUG
aotContext->setInstructionPointer(10);
#endif
aotContext->initGetEnumLookup(1306, []() { static const auto t = QMetaType::fromName("QQuickText*"); return t; }().metaObject(), "HAlignment", "AlignRight");
if (aotContext->engine->hasError()) {
aotContext->setReturnValueUndefined();
if (argv[0]) {
    *static_cast<int *>(argv[0]) = int();
}
return;
}
}
{
}
{
}
// generate_Ret
if (argv[0]) {
    *static_cast<int *>(argv[0]) = s.v2_5;
}
return;
}
 },{ 320, 1, [](QV4::ExecutableCompilationUnit *contextUnit, QMetaType *argTypes) {
    struct { QV4::ExecutableCompilationUnit *compilationUnit; } c { contextUnit };
    const auto *aotContext = &c;
    Q_UNUSED(aotContext);
    argTypes[0] = QMetaType();
    argTypes[1] = QMetaType::fromType<int>();
}, 
    [](const QQmlPrivate::AOTCompiledContext *aotContext, void **argv) {
Q_UNUSED(aotContext)
Q_UNUSED(argv)
// expression for onWidthChangedByHandle at line 879, column 25
struct Storage : QQmlPrivate::AOTTrackedLocalsStorage {
Storage(const QQmlPrivate::AOTCompiledContext *ctxt, void **a)   : aotContext(ctxt), argv(a) {}
void markObjects(QV4::MarkStack *markStack) const final {    Q_UNUSED(markStack);
}
const QQmlPrivate::AOTCompiledContext *aotContext;
void **argv;
};
Storage s(aotContext, argv);
aotContext->setLocals(&s);
// generate_CreateCallContext
{
{
}
{
}
{
}
// generate_PopContext
{}
}
{
}
{
}
// generate_Ret
return;
}
 },{ 328, 1, [](QV4::ExecutableCompilationUnit *contextUnit, QMetaType *argTypes) {
    struct { QV4::ExecutableCompilationUnit *compilationUnit; } c { contextUnit };
    const auto *aotContext = &c;
    Q_UNUSED(aotContext);
    argTypes[0] = QMetaType();
    argTypes[1] = QMetaType::fromType<int>();
}, 
    [](const QQmlPrivate::AOTCompiledContext *aotContext, void **argv) {
Q_UNUSED(aotContext)
Q_UNUSED(argv)
// expression for onWidthChangedByHandle at line 888, column 25
struct Storage : QQmlPrivate::AOTTrackedLocalsStorage {
Storage(const QQmlPrivate::AOTCompiledContext *ctxt, void **a)   : aotContext(ctxt), argv(a) {}
void markObjects(QV4::MarkStack *markStack) const final {    Q_UNUSED(markStack);
}
const QQmlPrivate::AOTCompiledContext *aotContext;
void **argv;
};
Storage s(aotContext, argv);
aotContext->setLocals(&s);
// generate_CreateCallContext
{
{
}
{
}
{
}
// generate_PopContext
{}
}
{
}
{
}
// generate_Ret
return;
}
 },{ 336, 1, [](QV4::ExecutableCompilationUnit *contextUnit, QMetaType *argTypes) {
    struct { QV4::ExecutableCompilationUnit *compilationUnit; } c { contextUnit };
    const auto *aotContext = &c;
    Q_UNUSED(aotContext);
    argTypes[0] = QMetaType();
    argTypes[1] = QMetaType::fromType<int>();
}, 
    [](const QQmlPrivate::AOTCompiledContext *aotContext, void **argv) {
Q_UNUSED(aotContext)
Q_UNUSED(argv)
// expression for onWidthChangedByHandle at line 897, column 25
struct Storage : QQmlPrivate::AOTTrackedLocalsStorage {
Storage(const QQmlPrivate::AOTCompiledContext *ctxt, void **a)   : aotContext(ctxt), argv(a) {}
void markObjects(QV4::MarkStack *markStack) const final {    Q_UNUSED(markStack);
}
const QQmlPrivate::AOTCompiledContext *aotContext;
void **argv;
};
Storage s(aotContext, argv);
aotContext->setLocals(&s);
// generate_CreateCallContext
{
{
}
{
}
{
}
// generate_PopContext
{}
}
{
}
{
}
// generate_Ret
return;
}
 },{ 344, 1, [](QV4::ExecutableCompilationUnit *contextUnit, QMetaType *argTypes) {
    struct { QV4::ExecutableCompilationUnit *compilationUnit; } c { contextUnit };
    const auto *aotContext = &c;
    Q_UNUSED(aotContext);
    argTypes[0] = QMetaType();
    argTypes[1] = QMetaType::fromType<int>();
}, 
    [](const QQmlPrivate::AOTCompiledContext *aotContext, void **argv) {
Q_UNUSED(aotContext)
Q_UNUSED(argv)
// expression for onWidthChangedByHandle at line 906, column 25
struct Storage : QQmlPrivate::AOTTrackedLocalsStorage {
Storage(const QQmlPrivate::AOTCompiledContext *ctxt, void **a)   : aotContext(ctxt), argv(a) {}
void markObjects(QV4::MarkStack *markStack) const final {    Q_UNUSED(markStack);
}
const QQmlPrivate::AOTCompiledContext *aotContext;
void **argv;
};
Storage s(aotContext, argv);
aotContext->setLocals(&s);
// generate_CreateCallContext
{
{
}
{
}
{
}
// generate_PopContext
{}
}
{
}
{
}
// generate_Ret
return;
}
 },{ 352, 1, [](QV4::ExecutableCompilationUnit *contextUnit, QMetaType *argTypes) {
    struct { QV4::ExecutableCompilationUnit *compilationUnit; } c { contextUnit };
    const auto *aotContext = &c;
    Q_UNUSED(aotContext);
    argTypes[0] = QMetaType();
    argTypes[1] = QMetaType::fromType<int>();
}, 
    [](const QQmlPrivate::AOTCompiledContext *aotContext, void **argv) {
Q_UNUSED(aotContext)
Q_UNUSED(argv)
// expression for onWidthChangedByHandle at line 916, column 25
struct Storage : QQmlPrivate::AOTTrackedLocalsStorage {
Storage(const QQmlPrivate::AOTCompiledContext *ctxt, void **a)   : aotContext(ctxt), argv(a) {}
void markObjects(QV4::MarkStack *markStack) const final {    Q_UNUSED(markStack);
}
const QQmlPrivate::AOTCompiledContext *aotContext;
void **argv;
};
Storage s(aotContext, argv);
aotContext->setLocals(&s);
// generate_CreateCallContext
{
{
}
{
}
{
}
// generate_PopContext
{}
}
{
}
{
}
// generate_Ret
return;
}
 },{ 354, 0, [](QV4::ExecutableCompilationUnit *contextUnit, QMetaType *argTypes) {
    struct { QV4::ExecutableCompilationUnit *compilationUnit; } c { contextUnit };
    const auto *aotContext = &c;
    Q_UNUSED(aotContext);
    argTypes[0] = QMetaType::fromType<double>();
}, 
    [](const QQmlPrivate::AOTCompiledContext *aotContext, void **argv) {
Q_UNUSED(aotContext)
Q_UNUSED(argv)
// expression for width at line 922, column 60
struct Storage : QQmlPrivate::AOTTrackedLocalsStorage {
Storage(const QQmlPrivate::AOTCompiledContext *ctxt, void **a)   : aotContext(ctxt), argv(a) {}
void markObjects(QV4::MarkStack *markStack) const final {    Q_UNUSED(markStack);
    aotContext->mark(v2_0, markStack);
}
const QQmlPrivate::AOTCompiledContext *aotContext;
void **argv;
QObject *v2_0 = nullptr;
double v2_5;
};
Storage s(aotContext, argv);
aotContext->setLocals(&s);
// generate_LoadQmlContextPropertyLookup
#ifndef QT_NO_DEBUG
aotContext->setInstructionPointer(5);
#endif
while (!aotContext->loadScopeObjectPropertyLookup(1384, &s.v2_0)) {
#ifdef QT_NO_DEBUG
aotContext->setInstructionPointer(5);
#endif
aotContext->initLoadScopeObjectPropertyLookup(1384);
if (aotContext->engine->hasError()) {
aotContext->setReturnValueUndefined();
if (argv[0]) {
    *static_cast<double *>(argv[0]) = double();
}
return;
}
}
{
}
// generate_GetLookup
#ifndef QT_NO_DEBUG
aotContext->setInstructionPointer(10);
#endif
while (!aotContext->getObjectLookup(1385, s.v2_0, &s.v2_5)) {
#ifdef QT_NO_DEBUG
aotContext->setInstructionPointer(10);
#endif
aotContext->initGetObjectLookup(1385, s.v2_0);
if (aotContext->engine->hasError()) {
aotContext->setReturnValueUndefined();
if (argv[0]) {
    *static_cast<double *>(argv[0]) = double();
}
return;
}
}
{
}
{
}
// generate_Ret
if (argv[0]) {
    *static_cast<double *>(argv[0]) = s.v2_5;
}
return;
}
 },{ 356, 0, [](QV4::ExecutableCompilationUnit *contextUnit, QMetaType *argTypes) {
    struct { QV4::ExecutableCompilationUnit *compilationUnit; } c { contextUnit };
    const auto *aotContext = &c;
    Q_UNUSED(aotContext);
    argTypes[0] = []() { static const auto t = QMetaType::fromName("QQuickAnchorLine"); return t; }();
}, 
    [](const QQmlPrivate::AOTCompiledContext *aotContext, void **argv) {
Q_UNUSED(aotContext)
Q_UNUSED(argv)
// expression for bottom at line 922, column 29
struct Storage : QQmlPrivate::AOTTrackedLocalsStorage {
Storage(const QQmlPrivate::AOTCompiledContext *ctxt, void **a)   : aotContext(ctxt), argv(a) {}
void markObjects(QV4::MarkStack *markStack) const final {    Q_UNUSED(markStack);
    aotContext->mark(v2_0, markStack);
    aotContext->mark(v2_5, markStack);
}
const QQmlPrivate::AOTCompiledContext *aotContext;
void **argv;
QObject *v2_0 = nullptr;
QVariant v2_5;
};
Storage s(aotContext, argv);
aotContext->setLocals(&s);
// generate_LoadQmlContextPropertyLookup
#ifndef QT_NO_DEBUG
aotContext->setInstructionPointer(5);
#endif
while (!aotContext->loadScopeObjectPropertyLookup(1388, &s.v2_0)) {
#ifdef QT_NO_DEBUG
aotContext->setInstructionPointer(5);
#endif
aotContext->initLoadScopeObjectPropertyLookup(1388);
if (aotContext->engine->hasError()) {
aotContext->setReturnValueUndefined();
if (argv[0]) {
    const QMetaType returnType = []() { static const auto t = QMetaType::fromName("QQuickAnchorLine"); return t; }();
    returnType.destruct(argv[0]);
    returnType.construct(argv[0]);
 }
return;
}
}
{
}
// generate_GetLookup
#ifndef QT_NO_DEBUG
aotContext->setInstructionPointer(10);
#endif
s.v2_5 = QVariant(aotContext->lookupResultMetaType(1389));
while (!aotContext->getObjectLookup(1389, s.v2_0, s.v2_5.data())) {
#ifdef QT_NO_DEBUG
aotContext->setInstructionPointer(10);
#endif
aotContext->initGetObjectLookup(1389, s.v2_0);
if (aotContext->engine->hasError()) {
aotContext->setReturnValueUndefined();
if (argv[0]) {
    const QMetaType returnType = []() { static const auto t = QMetaType::fromName("QQuickAnchorLine"); return t; }();
    returnType.destruct(argv[0]);
    returnType.construct(argv[0]);
 }
return;
}
s.v2_5 = QVariant(aotContext->lookupResultMetaType(1389));
}
{
}
{
}
// generate_Ret
if (argv[0]) {
    if (!s.v2_5.isValid())
        aotContext->setReturnValueUndefined();
    const QMetaType returnType = s.v2_5.metaType();
    returnType.destruct(argv[0]);
    returnType.construct(argv[0], s.v2_5.data());
}
return;
}
 },{ 358, 0, [](QV4::ExecutableCompilationUnit *contextUnit, QMetaType *argTypes) {
    struct { QV4::ExecutableCompilationUnit *compilationUnit; } c { contextUnit };
    const auto *aotContext = &c;
    Q_UNUSED(aotContext);
    argTypes[0] = []() { static const auto t = QMetaType::fromName("QQmlComponent*"); return t; }();
}, 
    [](const QQmlPrivate::AOTCompiledContext *aotContext, void **argv) {
Q_UNUSED(aotContext)
Q_UNUSED(argv)
// expression for delegate at line 927, column 62
struct Storage : QQmlPrivate::AOTTrackedLocalsStorage {
Storage(const QQmlPrivate::AOTCompiledContext *ctxt, void **a)   : aotContext(ctxt), argv(a) {}
void markObjects(QV4::MarkStack *markStack) const final {    Q_UNUSED(markStack);
    aotContext->mark(v2_0, markStack);
}
const QQmlPrivate::AOTCompiledContext *aotContext;
void **argv;
QObject *v2_0 = nullptr;
};
Storage s(aotContext, argv);
aotContext->setLocals(&s);
// generate_LoadQmlContextPropertyLookup
#ifndef QT_NO_DEBUG
aotContext->setInstructionPointer(5);
#endif
while (!aotContext->loadContextIdLookup(1392, &s.v2_0)) {
#ifdef QT_NO_DEBUG
aotContext->setInstructionPointer(5);
#endif
aotContext->initLoadContextIdLookup(1392);
if (aotContext->engine->hasError()) {
aotContext->setReturnValueUndefined();
if (argv[0]) {
    *static_cast<QQmlComponent * *>(argv[0]) = nullptr;
}
return;
}
}
{
}
{
}
// generate_Ret
if (argv[0]) {
    *static_cast<QQmlComponent * *>(argv[0]) = static_cast<QQmlComponent *>(s.v2_0);
}
return;
}
 },{ 359, 0, [](QV4::ExecutableCompilationUnit *contextUnit, QMetaType *argTypes) {
    struct { QV4::ExecutableCompilationUnit *compilationUnit; } c { contextUnit };
    const auto *aotContext = &c;
    Q_UNUSED(aotContext);
    argTypes[0] = []() { static const auto t = QMetaType::fromName("QQuickFlickable::BoundsBehavior"); return t; }();
}, 
    [](const QQmlPrivate::AOTCompiledContext *aotContext, void **argv) {
Q_UNUSED(aotContext)
Q_UNUSED(argv)
// expression for boundsBehavior at line 929, column 13
struct Storage : QQmlPrivate::AOTTrackedLocalsStorage {
Storage(const QQmlPrivate::AOTCompiledContext *ctxt, void **a)   : aotContext(ctxt), argv(a) {}
void markObjects(QV4::MarkStack *markStack) const final {    Q_UNUSED(markStack);
}
const QQmlPrivate::AOTCompiledContext *aotContext;
void **argv;
int v2_5;
};
Storage s(aotContext, argv);
aotContext->setLocals(&s);
{
}
// generate_GetLookup
#ifndef QT_NO_DEBUG
aotContext->setInstructionPointer(10);
#endif
while (!aotContext->getEnumLookup(1394, &s.v2_5)) {
#ifdef QT_NO_DEBUG
aotContext->setInstructionPointer(10);
#endif
aotContext->initGetEnumLookup(1394, []() { static const auto t = QMetaType::fromName("QQuickFlickable*"); return t; }().metaObject(), "BoundsBehaviorFlag", "StopAtBounds");
if (aotContext->engine->hasError()) {
aotContext->setReturnValueUndefined();
if (argv[0]) {
    const QMetaType returnType = []() { static const auto t = QMetaType::fromName("QQuickFlickable::BoundsBehavior"); return t; }();
    returnType.destruct(argv[0]);
    returnType.construct(argv[0]);
 }
return;
}
}
{
}
{
}
// generate_Ret
if (argv[0]) {
    const QMetaType returnType = QMetaType::fromType<int>();
    returnType.destruct(argv[0]);
    returnType.construct(argv[0], &s.v2_5);
}
return;
}
 },{ 360, 0, [](QV4::ExecutableCompilationUnit *contextUnit, QMetaType *argTypes) {
    struct { QV4::ExecutableCompilationUnit *compilationUnit; } c { contextUnit };
    const auto *aotContext = &c;
    Q_UNUSED(aotContext);
    argTypes[0] = []() { static const auto t = QMetaType::fromName("QQuickFlickable::FlickableDirection"); return t; }();
}, 
    [](const QQmlPrivate::AOTCompiledContext *aotContext, void **argv) {
Q_UNUSED(aotContext)
Q_UNUSED(argv)
// expression for flickableDirection at line 933, column 13
struct Storage : QQmlPrivate::AOTTrackedLocalsStorage {
Storage(const QQmlPrivate::AOTCompiledContext *ctxt, void **a)   : aotContext(ctxt), argv(a) {}
void markObjects(QV4::MarkStack *markStack) const final {    Q_UNUSED(markStack);
}
const QQmlPrivate::AOTCompiledContext *aotContext;
void **argv;
int v2_5;
};
Storage s(aotContext, argv);
aotContext->setLocals(&s);
{
}
// generate_GetLookup
#ifndef QT_NO_DEBUG
aotContext->setInstructionPointer(10);
#endif
while (!aotContext->getEnumLookup(1396, &s.v2_5)) {
#ifdef QT_NO_DEBUG
aotContext->setInstructionPointer(10);
#endif
aotContext->initGetEnumLookup(1396, []() { static const auto t = QMetaType::fromName("QQuickFlickable*"); return t; }().metaObject(), "FlickableDirection", "AutoFlickDirection");
if (aotContext->engine->hasError()) {
aotContext->setReturnValueUndefined();
if (argv[0]) {
    const QMetaType returnType = []() { static const auto t = QMetaType::fromName("QQuickFlickable::FlickableDirection"); return t; }();
    returnType.destruct(argv[0]);
    returnType.construct(argv[0]);
 }
return;
}
}
{
}
{
}
// generate_Ret
if (argv[0]) {
    const QMetaType returnType = QMetaType::fromType<int>();
    returnType.destruct(argv[0]);
    returnType.construct(argv[0], &s.v2_5);
}
return;
}
 },{ 363, 0, [](QV4::ExecutableCompilationUnit *contextUnit, QMetaType *argTypes) {
    struct { QV4::ExecutableCompilationUnit *compilationUnit; } c { contextUnit };
    const auto *aotContext = &c;
    Q_UNUSED(aotContext);
    argTypes[0] = QMetaType();
}, 
    [](const QQmlPrivate::AOTCompiledContext *aotContext, void **argv) {
Q_UNUSED(aotContext)
Q_UNUSED(argv)
// expression for onContentYChanged at line 944, column 13
struct Storage : QQmlPrivate::AOTTrackedLocalsStorage {
Storage(const QQmlPrivate::AOTCompiledContext *ctxt, void **a)   : aotContext(ctxt), argv(a) {}
void markObjects(QV4::MarkStack *markStack) const final {    Q_UNUSED(markStack);
    aotContext->mark(v2_1, markStack);
}
const QQmlPrivate::AOTCompiledContext *aotContext;
void **argv;
QObject *v2_1 = nullptr;
};
Storage s(aotContext, argv);
aotContext->setLocals(&s);
// generate_CreateCallContext
{
{
}
// generate_LoadQmlContextPropertyLookup
#ifndef QT_NO_DEBUG
aotContext->setInstructionPointer(6);
#endif
while (!aotContext->loadContextIdLookup(1407, &s.v2_1)) {
#ifdef QT_NO_DEBUG
aotContext->setInstructionPointer(6);
#endif
aotContext->initLoadContextIdLookup(1407);
if (aotContext->engine->hasError()) {
aotContext->setReturnValueUndefined();
return;
}
}
{
}
// generate_StoreReg
{
}
// generate_CallPropertyLookup
{
const auto doCall = [&]() {
    void *args[] = {nullptr};
    return aotContext->callObjectPropertyLookup(1408, s.v2_1, args, 0);
};
const auto doInit = [&]() {
    aotContext->initCallObjectPropertyLookup(1408, s.v2_1, 7);
};
#ifndef QT_NO_DEBUG
aotContext->setInstructionPointer(25);
#endif
while (!doCall()) {
#ifdef QT_NO_DEBUG
aotContext->setInstructionPointer(25);
#endif
doInit();
if (aotContext->engine->hasError()) {
aotContext->setReturnValueUndefined();
return;
}
}
}
{
}
{
}
// generate_PopContext
{}
}
{
}
{
}
// generate_Ret
return;
}
 },{ 364, 0, [](QV4::ExecutableCompilationUnit *contextUnit, QMetaType *argTypes) {
    struct { QV4::ExecutableCompilationUnit *compilationUnit; } c { contextUnit };
    const auto *aotContext = &c;
    Q_UNUSED(aotContext);
    argTypes[0] = QMetaType();
}, 
    [](const QQmlPrivate::AOTCompiledContext *aotContext, void **argv) {
Q_UNUSED(aotContext)
Q_UNUSED(argv)
// expression for onContentXChanged at line 945, column 13
struct Storage : QQmlPrivate::AOTTrackedLocalsStorage {
Storage(const QQmlPrivate::AOTCompiledContext *ctxt, void **a)   : aotContext(ctxt), argv(a) {}
void markObjects(QV4::MarkStack *markStack) const final {    Q_UNUSED(markStack);
    aotContext->mark(v2_1, markStack);
}
const QQmlPrivate::AOTCompiledContext *aotContext;
void **argv;
QObject *v2_1 = nullptr;
};
Storage s(aotContext, argv);
aotContext->setLocals(&s);
// generate_CreateCallContext
{
{
}
// generate_LoadQmlContextPropertyLookup
#ifndef QT_NO_DEBUG
aotContext->setInstructionPointer(6);
#endif
while (!aotContext->loadContextIdLookup(1409, &s.v2_1)) {
#ifdef QT_NO_DEBUG
aotContext->setInstructionPointer(6);
#endif
aotContext->initLoadContextIdLookup(1409);
if (aotContext->engine->hasError()) {
aotContext->setReturnValueUndefined();
return;
}
}
{
}
// generate_StoreReg
{
}
// generate_CallPropertyLookup
{
const auto doCall = [&]() {
    void *args[] = {nullptr};
    return aotContext->callObjectPropertyLookup(1410, s.v2_1, args, 0);
};
const auto doInit = [&]() {
    aotContext->initCallObjectPropertyLookup(1410, s.v2_1, 7);
};
#ifndef QT_NO_DEBUG
aotContext->setInstructionPointer(25);
#endif
while (!doCall()) {
#ifdef QT_NO_DEBUG
aotContext->setInstructionPointer(25);
#endif
doInit();
if (aotContext->engine->hasError()) {
aotContext->setReturnValueUndefined();
return;
}
}
}
{
}
{
}
// generate_PopContext
{}
}
{
}
{
}
// generate_Ret
return;
}
 },{ 365, 0, [](QV4::ExecutableCompilationUnit *contextUnit, QMetaType *argTypes) {
    struct { QV4::ExecutableCompilationUnit *compilationUnit; } c { contextUnit };
    const auto *aotContext = &c;
    Q_UNUSED(aotContext);
    argTypes[0] = QMetaType();
}, 
    [](const QQmlPrivate::AOTCompiledContext *aotContext, void **argv) {
Q_UNUSED(aotContext)
Q_UNUSED(argv)
// expression for onCountChanged at line 946, column 13
struct Storage : QQmlPrivate::AOTTrackedLocalsStorage {
Storage(const QQmlPrivate::AOTCompiledContext *ctxt, void **a)   : aotContext(ctxt), argv(a) {}
void markObjects(QV4::MarkStack *markStack) const final {    Q_UNUSED(markStack);
    aotContext->mark(v2_1, markStack);
}
const QQmlPrivate::AOTCompiledContext *aotContext;
void **argv;
QObject *v2_1 = nullptr;
};
Storage s(aotContext, argv);
aotContext->setLocals(&s);
// generate_CreateCallContext
{
{
}
// generate_LoadQmlContextPropertyLookup
#ifndef QT_NO_DEBUG
aotContext->setInstructionPointer(6);
#endif
while (!aotContext->loadContextIdLookup(1411, &s.v2_1)) {
#ifdef QT_NO_DEBUG
aotContext->setInstructionPointer(6);
#endif
aotContext->initLoadContextIdLookup(1411);
if (aotContext->engine->hasError()) {
aotContext->setReturnValueUndefined();
return;
}
}
{
}
// generate_StoreReg
{
}
// generate_CallPropertyLookup
{
const auto doCall = [&]() {
    void *args[] = {nullptr};
    return aotContext->callObjectPropertyLookup(1412, s.v2_1, args, 0);
};
const auto doInit = [&]() {
    aotContext->initCallObjectPropertyLookup(1412, s.v2_1, 7);
};
#ifndef QT_NO_DEBUG
aotContext->setInstructionPointer(25);
#endif
while (!doCall()) {
#ifdef QT_NO_DEBUG
aotContext->setInstructionPointer(25);
#endif
doInit();
if (aotContext->engine->hasError()) {
aotContext->setReturnValueUndefined();
return;
}
}
}
{
}
{
}
// generate_PopContext
{}
}
{
}
{
}
// generate_Ret
return;
}
 },{ 366, 1, [](QV4::ExecutableCompilationUnit *contextUnit, QMetaType *argTypes) {
    struct { QV4::ExecutableCompilationUnit *compilationUnit; } c { contextUnit };
    const auto *aotContext = &c;
    Q_UNUSED(aotContext);
    argTypes[0] = QMetaType();
    argTypes[1] = []() { static const auto t = QMetaType::fromName("QQuickKeyEvent*"); return t; }();
}, 
    [](const QQmlPrivate::AOTCompiledContext *aotContext, void **argv) {
Q_UNUSED(aotContext)
Q_UNUSED(argv)
// expression for onEscapePressed at line 934, column 13
struct Storage : QQmlPrivate::AOTTrackedLocalsStorage {
Storage(const QQmlPrivate::AOTCompiledContext *ctxt, void **a)   : aotContext(ctxt), argv(a) {}
void markObjects(QV4::MarkStack *markStack) const final {    Q_UNUSED(markStack);
}
const QQmlPrivate::AOTCompiledContext *aotContext;
void **argv;
};
Storage s(aotContext, argv);
aotContext->setLocals(&s);
// generate_CreateCallContext
{
{
}
{
}
{
}
// generate_PopContext
{}
}
{
}
{
}
// generate_Ret
return;
}
 },{ 368, 0, [](QV4::ExecutableCompilationUnit *contextUnit, QMetaType *argTypes) {
    struct { QV4::ExecutableCompilationUnit *compilationUnit; } c { contextUnit };
    const auto *aotContext = &c;
    Q_UNUSED(aotContext);
    argTypes[0] = []() { static const auto t = QMetaType::fromName("QQuickScrollBar::Policy"); return t; }();
}, 
    [](const QQmlPrivate::AOTCompiledContext *aotContext, void **argv) {
Q_UNUSED(aotContext)
Q_UNUSED(argv)
// expression for policy at line 947, column 45
struct Storage : QQmlPrivate::AOTTrackedLocalsStorage {
Storage(const QQmlPrivate::AOTCompiledContext *ctxt, void **a)   : aotContext(ctxt), argv(a) {}
void markObjects(QV4::MarkStack *markStack) const final {    Q_UNUSED(markStack);
}
const QQmlPrivate::AOTCompiledContext *aotContext;
void **argv;
int v2_5;
};
Storage s(aotContext, argv);
aotContext->setLocals(&s);
{
}
// generate_GetLookup
#ifndef QT_NO_DEBUG
aotContext->setInstructionPointer(10);
#endif
while (!aotContext->getEnumLookup(1418, &s.v2_5)) {
#ifdef QT_NO_DEBUG
aotContext->setInstructionPointer(10);
#endif
aotContext->initGetEnumLookup(1418, []() { static const auto t = QMetaType::fromName("QQuickScrollBar*"); return t; }().metaObject(), "Policy", "AsNeeded");
if (aotContext->engine->hasError()) {
aotContext->setReturnValueUndefined();
if (argv[0]) {
    const QMetaType returnType = []() { static const auto t = QMetaType::fromName("QQuickScrollBar::Policy"); return t; }();
    returnType.destruct(argv[0]);
    returnType.construct(argv[0]);
 }
return;
}
}
{
}
{
}
// generate_Ret
if (argv[0]) {
    const QMetaType returnType = QMetaType::fromType<int>();
    returnType.destruct(argv[0]);
    returnType.construct(argv[0], &s.v2_5);
}
return;
}
 },{ 369, 0, [](QV4::ExecutableCompilationUnit *contextUnit, QMetaType *argTypes) {
    struct { QV4::ExecutableCompilationUnit *compilationUnit; } c { contextUnit };
    const auto *aotContext = &c;
    Q_UNUSED(aotContext);
    argTypes[0] = []() { static const auto t = QMetaType::fromName("QQuickScrollBar::Policy"); return t; }();
}, 
    [](const QQmlPrivate::AOTCompiledContext *aotContext, void **argv) {
Q_UNUSED(aotContext)
Q_UNUSED(argv)
// expression for policy at line 948, column 47
struct Storage : QQmlPrivate::AOTTrackedLocalsStorage {
Storage(const QQmlPrivate::AOTCompiledContext *ctxt, void **a)   : aotContext(ctxt), argv(a) {}
void markObjects(QV4::MarkStack *markStack) const final {    Q_UNUSED(markStack);
}
const QQmlPrivate::AOTCompiledContext *aotContext;
void **argv;
int v2_5;
};
Storage s(aotContext, argv);
aotContext->setLocals(&s);
{
}
// generate_GetLookup
#ifndef QT_NO_DEBUG
aotContext->setInstructionPointer(10);
#endif
while (!aotContext->getEnumLookup(1420, &s.v2_5)) {
#ifdef QT_NO_DEBUG
aotContext->setInstructionPointer(10);
#endif
aotContext->initGetEnumLookup(1420, []() { static const auto t = QMetaType::fromName("QQuickScrollBar*"); return t; }().metaObject(), "Policy", "AsNeeded");
if (aotContext->engine->hasError()) {
aotContext->setReturnValueUndefined();
if (argv[0]) {
    const QMetaType returnType = []() { static const auto t = QMetaType::fromName("QQuickScrollBar::Policy"); return t; }();
    returnType.destruct(argv[0]);
    returnType.construct(argv[0]);
 }
return;
}
}
{
}
{
}
// generate_Ret
if (argv[0]) {
    const QMetaType returnType = QMetaType::fromType<int>();
    returnType.destruct(argv[0]);
    returnType.construct(argv[0], &s.v2_5);
}
return;
}
 },{ 371, 0, [](QV4::ExecutableCompilationUnit *contextUnit, QMetaType *argTypes) {
    struct { QV4::ExecutableCompilationUnit *compilationUnit; } c { contextUnit };
    const auto *aotContext = &c;
    Q_UNUSED(aotContext);
    argTypes[0] = []() { static const auto t = QMetaType::fromName("QQuickFlickable::BoundsBehavior"); return t; }();
}, 
    [](const QQmlPrivate::AOTCompiledContext *aotContext, void **argv) {
Q_UNUSED(aotContext)
Q_UNUSED(argv)
// expression for boundsBehavior at line 957, column 13
struct Storage : QQmlPrivate::AOTTrackedLocalsStorage {
Storage(const QQmlPrivate::AOTCompiledContext *ctxt, void **a)   : aotContext(ctxt), argv(a) {}
void markObjects(QV4::MarkStack *markStack) const final {    Q_UNUSED(markStack);
}
const QQmlPrivate::AOTCompiledContext *aotContext;
void **argv;
int v2_5;
};
Storage s(aotContext, argv);
aotContext->setLocals(&s);
{
}
// generate_GetLookup
#ifndef QT_NO_DEBUG
aotContext->setInstructionPointer(10);
#endif
while (!aotContext->getEnumLookup(1424, &s.v2_5)) {
#ifdef QT_NO_DEBUG
aotContext->setInstructionPointer(10);
#endif
aotContext->initGetEnumLookup(1424, []() { static const auto t = QMetaType::fromName("QQuickFlickable*"); return t; }().metaObject(), "BoundsBehaviorFlag", "StopAtBounds");
if (aotContext->engine->hasError()) {
aotContext->setReturnValueUndefined();
if (argv[0]) {
    const QMetaType returnType = []() { static const auto t = QMetaType::fromName("QQuickFlickable::BoundsBehavior"); return t; }();
    returnType.destruct(argv[0]);
    returnType.construct(argv[0]);
 }
return;
}
}
{
}
{
}
// generate_Ret
if (argv[0]) {
    const QMetaType returnType = QMetaType::fromType<int>();
    returnType.destruct(argv[0]);
    returnType.construct(argv[0], &s.v2_5);
}
return;
}
 },{ 379, 0, [](QV4::ExecutableCompilationUnit *contextUnit, QMetaType *argTypes) {
    struct { QV4::ExecutableCompilationUnit *compilationUnit; } c { contextUnit };
    const auto *aotContext = &c;
    Q_UNUSED(aotContext);
    argTypes[0] = []() { static const auto t = QMetaType::fromName("QQuickItem*"); return t; }();
}, 
    [](const QQmlPrivate::AOTCompiledContext *aotContext, void **argv) {
Q_UNUSED(aotContext)
Q_UNUSED(argv)
// expression for fill at line 969, column 21
struct Storage : QQmlPrivate::AOTTrackedLocalsStorage {
Storage(const QQmlPrivate::AOTCompiledContext *ctxt, void **a)   : aotContext(ctxt), argv(a) {}
void markObjects(QV4::MarkStack *markStack) const final {    Q_UNUSED(markStack);
    aotContext->mark(v2_0, markStack);
}
const QQmlPrivate::AOTCompiledContext *aotContext;
void **argv;
QObject *v2_0 = nullptr;
};
Storage s(aotContext, argv);
aotContext->setLocals(&s);
// generate_LoadQmlContextPropertyLookup
#ifndef QT_NO_DEBUG
aotContext->setInstructionPointer(5);
#endif
while (!aotContext->loadScopeObjectPropertyLookup(1456, &s.v2_0)) {
#ifdef QT_NO_DEBUG
aotContext->setInstructionPointer(5);
#endif
aotContext->initLoadScopeObjectPropertyLookup(1456);
if (aotContext->engine->hasError()) {
aotContext->setReturnValueUndefined();
if (argv[0]) {
    *static_cast<QObject * *>(argv[0]) = nullptr;
}
return;
}
}
{
}
{
}
// generate_Ret
if (argv[0]) {
    *static_cast<QObject * *>(argv[0]) = s.v2_0;
}
return;
}
 },{ 382, 0, [](QV4::ExecutableCompilationUnit *contextUnit, QMetaType *argTypes) {
    struct { QV4::ExecutableCompilationUnit *compilationUnit; } c { contextUnit };
    const auto *aotContext = &c;
    Q_UNUSED(aotContext);
    argTypes[0] = []() { static const auto t = QMetaType::fromName("QQuickItem*"); return t; }();
}, 
    [](const QQmlPrivate::AOTCompiledContext *aotContext, void **argv) {
Q_UNUSED(aotContext)
Q_UNUSED(argv)
// expression for fill at line 974, column 21
struct Storage : QQmlPrivate::AOTTrackedLocalsStorage {
Storage(const QQmlPrivate::AOTCompiledContext *ctxt, void **a)   : aotContext(ctxt), argv(a) {}
void markObjects(QV4::MarkStack *markStack) const final {    Q_UNUSED(markStack);
    aotContext->mark(v2_0, markStack);
}
const QQmlPrivate::AOTCompiledContext *aotContext;
void **argv;
QObject *v2_0 = nullptr;
};
Storage s(aotContext, argv);
aotContext->setLocals(&s);
// generate_LoadQmlContextPropertyLookup
#ifndef QT_NO_DEBUG
aotContext->setInstructionPointer(5);
#endif
while (!aotContext->loadScopeObjectPropertyLookup(1463, &s.v2_0)) {
#ifdef QT_NO_DEBUG
aotContext->setInstructionPointer(5);
#endif
aotContext->initLoadScopeObjectPropertyLookup(1463);
if (aotContext->engine->hasError()) {
aotContext->setReturnValueUndefined();
if (argv[0]) {
    *static_cast<QObject * *>(argv[0]) = nullptr;
}
return;
}
}
{
}
{
}
// generate_Ret
if (argv[0]) {
    *static_cast<QObject * *>(argv[0]) = s.v2_0;
}
return;
}
 },{ 385, 0, [](QV4::ExecutableCompilationUnit *contextUnit, QMetaType *argTypes) {
    struct { QV4::ExecutableCompilationUnit *compilationUnit; } c { contextUnit };
    const auto *aotContext = &c;
    Q_UNUSED(aotContext);
    argTypes[0] = []() { static const auto t = QMetaType::fromName("QQuickItem*"); return t; }();
}, 
    [](const QQmlPrivate::AOTCompiledContext *aotContext, void **argv) {
Q_UNUSED(aotContext)
Q_UNUSED(argv)
// expression for fill at line 982, column 21
struct Storage : QQmlPrivate::AOTTrackedLocalsStorage {
Storage(const QQmlPrivate::AOTCompiledContext *ctxt, void **a)   : aotContext(ctxt), argv(a) {}
void markObjects(QV4::MarkStack *markStack) const final {    Q_UNUSED(markStack);
    aotContext->mark(v2_0, markStack);
}
const QQmlPrivate::AOTCompiledContext *aotContext;
void **argv;
QObject *v2_0 = nullptr;
};
Storage s(aotContext, argv);
aotContext->setLocals(&s);
// generate_LoadQmlContextPropertyLookup
#ifndef QT_NO_DEBUG
aotContext->setInstructionPointer(5);
#endif
while (!aotContext->loadScopeObjectPropertyLookup(1471, &s.v2_0)) {
#ifdef QT_NO_DEBUG
aotContext->setInstructionPointer(5);
#endif
aotContext->initLoadScopeObjectPropertyLookup(1471);
if (aotContext->engine->hasError()) {
aotContext->setReturnValueUndefined();
if (argv[0]) {
    *static_cast<QObject * *>(argv[0]) = nullptr;
}
return;
}
}
{
}
{
}
// generate_Ret
if (argv[0]) {
    *static_cast<QObject * *>(argv[0]) = s.v2_0;
}
return;
}
 },{ 392, 0, [](QV4::ExecutableCompilationUnit *contextUnit, QMetaType *argTypes) {
    struct { QV4::ExecutableCompilationUnit *compilationUnit; } c { contextUnit };
    const auto *aotContext = &c;
    Q_UNUSED(aotContext);
    argTypes[0] = []() { static const auto t = QMetaType::fromName("QQuickItem*"); return t; }();
}, 
    [](const QQmlPrivate::AOTCompiledContext *aotContext, void **argv) {
Q_UNUSED(aotContext)
Q_UNUSED(argv)
// expression for fill at line 992, column 29
struct Storage : QQmlPrivate::AOTTrackedLocalsStorage {
Storage(const QQmlPrivate::AOTCompiledContext *ctxt, void **a)   : aotContext(ctxt), argv(a) {}
void markObjects(QV4::MarkStack *markStack) const final {    Q_UNUSED(markStack);
    aotContext->mark(v2_0, markStack);
}
const QQmlPrivate::AOTCompiledContext *aotContext;
void **argv;
QObject *v2_0 = nullptr;
};
Storage s(aotContext, argv);
aotContext->setLocals(&s);
// generate_LoadQmlContextPropertyLookup
#ifndef QT_NO_DEBUG
aotContext->setInstructionPointer(5);
#endif
while (!aotContext->loadScopeObjectPropertyLookup(1496, &s.v2_0)) {
#ifdef QT_NO_DEBUG
aotContext->setInstructionPointer(5);
#endif
aotContext->initLoadScopeObjectPropertyLookup(1496);
if (aotContext->engine->hasError()) {
aotContext->setReturnValueUndefined();
if (argv[0]) {
    *static_cast<QObject * *>(argv[0]) = nullptr;
}
return;
}
}
{
}
{
}
// generate_Ret
if (argv[0]) {
    *static_cast<QObject * *>(argv[0]) = s.v2_0;
}
return;
}
 },{ 400, 0, [](QV4::ExecutableCompilationUnit *contextUnit, QMetaType *argTypes) {
    struct { QV4::ExecutableCompilationUnit *compilationUnit; } c { contextUnit };
    const auto *aotContext = &c;
    Q_UNUSED(aotContext);
    argTypes[0] = []() { static const auto t = QMetaType::fromName("QQuickText::TextElideMode"); return t; }();
}, 
    [](const QQmlPrivate::AOTCompiledContext *aotContext, void **argv) {
Q_UNUSED(aotContext)
Q_UNUSED(argv)
// expression for elide at line 1012, column 25
struct Storage : QQmlPrivate::AOTTrackedLocalsStorage {
Storage(const QQmlPrivate::AOTCompiledContext *ctxt, void **a)   : aotContext(ctxt), argv(a) {}
void markObjects(QV4::MarkStack *markStack) const final {    Q_UNUSED(markStack);
}
const QQmlPrivate::AOTCompiledContext *aotContext;
void **argv;
int v2_5;
};
Storage s(aotContext, argv);
aotContext->setLocals(&s);
{
}
// generate_GetLookup
#ifndef QT_NO_DEBUG
aotContext->setInstructionPointer(10);
#endif
while (!aotContext->getEnumLookup(1517, &s.v2_5)) {
#ifdef QT_NO_DEBUG
aotContext->setInstructionPointer(10);
#endif
aotContext->initGetEnumLookup(1517, []() { static const auto t = QMetaType::fromName("QQuickText*"); return t; }().metaObject(), "TextElideMode", "ElideRight");
if (aotContext->engine->hasError()) {
aotContext->setReturnValueUndefined();
if (argv[0]) {
    const QMetaType returnType = []() { static const auto t = QMetaType::fromName("QQuickText::TextElideMode"); return t; }();
    returnType.destruct(argv[0]);
    returnType.construct(argv[0]);
 }
return;
}
}
{
}
{
}
// generate_Ret
if (argv[0]) {
    const QMetaType returnType = QMetaType::fromType<int>();
    returnType.destruct(argv[0]);
    returnType.construct(argv[0], &s.v2_5);
}
return;
}
 },{ 403, 0, [](QV4::ExecutableCompilationUnit *contextUnit, QMetaType *argTypes) {
    struct { QV4::ExecutableCompilationUnit *compilationUnit; } c { contextUnit };
    const auto *aotContext = &c;
    Q_UNUSED(aotContext);
    argTypes[0] = QMetaType::fromType<bool>();
}, 
    [](const QQmlPrivate::AOTCompiledContext *aotContext, void **argv) {
Q_UNUSED(aotContext)
Q_UNUSED(argv)
// expression for visible at line 1016, column 21
struct Storage : QQmlPrivate::AOTTrackedLocalsStorage {
Storage(const QQmlPrivate::AOTCompiledContext *ctxt, void **a)   : aotContext(ctxt), argv(a) {}
void markObjects(QV4::MarkStack *markStack) const final {    Q_UNUSED(markStack);
    aotContext->mark(v2_0, markStack);
}
const QQmlPrivate::AOTCompiledContext *aotContext;
void **argv;
QObject *v2_0 = nullptr;
bool v2_5;
};
Storage s(aotContext, argv);
aotContext->setLocals(&s);
// generate_LoadQmlContextPropertyLookup
#ifndef QT_NO_DEBUG
aotContext->setInstructionPointer(5);
#endif
while (!aotContext->loadContextIdLookup(1526, &s.v2_0)) {
#ifdef QT_NO_DEBUG
aotContext->setInstructionPointer(5);
#endif
aotContext->initLoadContextIdLookup(1526);
if (aotContext->engine->hasError()) {
aotContext->setReturnValueUndefined();
if (argv[0]) {
    *static_cast<bool *>(argv[0]) = bool();
}
return;
}
}
{
}
// generate_GetLookup
#ifndef QT_NO_DEBUG
aotContext->setInstructionPointer(10);
#endif
while (!aotContext->getObjectLookup(1527, s.v2_0, &s.v2_5)) {
#ifdef QT_NO_DEBUG
aotContext->setInstructionPointer(10);
#endif
aotContext->initGetObjectLookup(1527, s.v2_0);
if (aotContext->engine->hasError()) {
aotContext->setReturnValueUndefined();
if (argv[0]) {
    *static_cast<bool *>(argv[0]) = bool();
}
return;
}
}
{
}
{
}
// generate_Ret
if (argv[0]) {
    *static_cast<bool *>(argv[0]) = s.v2_5;
}
return;
}
 },{ 407, 0, [](QV4::ExecutableCompilationUnit *contextUnit, QMetaType *argTypes) {
    struct { QV4::ExecutableCompilationUnit *compilationUnit; } c { contextUnit };
    const auto *aotContext = &c;
    Q_UNUSED(aotContext);
    argTypes[0] = []() { static const auto t = QMetaType::fromName("QQuickItem*"); return t; }();
}, 
    [](const QQmlPrivate::AOTCompiledContext *aotContext, void **argv) {
Q_UNUSED(aotContext)
Q_UNUSED(argv)
// expression for fill at line 1022, column 21
struct Storage : QQmlPrivate::AOTTrackedLocalsStorage {
Storage(const QQmlPrivate::AOTCompiledContext *ctxt, void **a)   : aotContext(ctxt), argv(a) {}
void markObjects(QV4::MarkStack *markStack) const final {    Q_UNUSED(markStack);
    aotContext->mark(v2_0, markStack);
}
const QQmlPrivate::AOTCompiledContext *aotContext;
void **argv;
QObject *v2_0 = nullptr;
};
Storage s(aotContext, argv);
aotContext->setLocals(&s);
// generate_LoadQmlContextPropertyLookup
#ifndef QT_NO_DEBUG
aotContext->setInstructionPointer(5);
#endif
while (!aotContext->loadScopeObjectPropertyLookup(1550, &s.v2_0)) {
#ifdef QT_NO_DEBUG
aotContext->setInstructionPointer(5);
#endif
aotContext->initLoadScopeObjectPropertyLookup(1550);
if (aotContext->engine->hasError()) {
aotContext->setReturnValueUndefined();
if (argv[0]) {
    *static_cast<QObject * *>(argv[0]) = nullptr;
}
return;
}
}
{
}
{
}
// generate_Ret
if (argv[0]) {
    *static_cast<QObject * *>(argv[0]) = s.v2_0;
}
return;
}
 },{ 408, 0, [](QV4::ExecutableCompilationUnit *contextUnit, QMetaType *argTypes) {
    struct { QV4::ExecutableCompilationUnit *compilationUnit; } c { contextUnit };
    const auto *aotContext = &c;
    Q_UNUSED(aotContext);
    argTypes[0] = []() { static const auto t = QMetaType::fromName("QQuickScrollBar::Policy"); return t; }();
}, 
    [](const QQmlPrivate::AOTCompiledContext *aotContext, void **argv) {
Q_UNUSED(aotContext)
Q_UNUSED(argv)
// expression for policy at line 1032, column 45
struct Storage : QQmlPrivate::AOTTrackedLocalsStorage {
Storage(const QQmlPrivate::AOTCompiledContext *ctxt, void **a)   : aotContext(ctxt), argv(a) {}
void markObjects(QV4::MarkStack *markStack) const final {    Q_UNUSED(markStack);
}
const QQmlPrivate::AOTCompiledContext *aotContext;
void **argv;
int v2_5;
};
Storage s(aotContext, argv);
aotContext->setLocals(&s);
{
}
// generate_GetLookup
#ifndef QT_NO_DEBUG
aotContext->setInstructionPointer(10);
#endif
while (!aotContext->getEnumLookup(1552, &s.v2_5)) {
#ifdef QT_NO_DEBUG
aotContext->setInstructionPointer(10);
#endif
aotContext->initGetEnumLookup(1552, []() { static const auto t = QMetaType::fromName("QQuickScrollBar*"); return t; }().metaObject(), "Policy", "AsNeeded");
if (aotContext->engine->hasError()) {
aotContext->setReturnValueUndefined();
if (argv[0]) {
    const QMetaType returnType = []() { static const auto t = QMetaType::fromName("QQuickScrollBar::Policy"); return t; }();
    returnType.destruct(argv[0]);
    returnType.construct(argv[0]);
 }
return;
}
}
{
}
{
}
// generate_Ret
if (argv[0]) {
    const QMetaType returnType = QMetaType::fromType<int>();
    returnType.destruct(argv[0]);
    returnType.construct(argv[0], &s.v2_5);
}
return;
}
 },{ 411, 0, [](QV4::ExecutableCompilationUnit *contextUnit, QMetaType *argTypes) {
    struct { QV4::ExecutableCompilationUnit *compilationUnit; } c { contextUnit };
    const auto *aotContext = &c;
    Q_UNUSED(aotContext);
    argTypes[0] = []() { static const auto t = QMetaType::fromName("QQuickItem*"); return t; }();
}, 
    [](const QQmlPrivate::AOTCompiledContext *aotContext, void **argv) {
Q_UNUSED(aotContext)
Q_UNUSED(argv)
// expression for fill at line 1038, column 9
struct Storage : QQmlPrivate::AOTTrackedLocalsStorage {
Storage(const QQmlPrivate::AOTCompiledContext *ctxt, void **a)   : aotContext(ctxt), argv(a) {}
void markObjects(QV4::MarkStack *markStack) const final {    Q_UNUSED(markStack);
    aotContext->mark(v2_0, markStack);
}
const QQmlPrivate::AOTCompiledContext *aotContext;
void **argv;
QObject *v2_0 = nullptr;
};
Storage s(aotContext, argv);
aotContext->setLocals(&s);
// generate_LoadQmlContextPropertyLookup
#ifndef QT_NO_DEBUG
aotContext->setInstructionPointer(5);
#endif
while (!aotContext->loadScopeObjectPropertyLookup(1559, &s.v2_0)) {
#ifdef QT_NO_DEBUG
aotContext->setInstructionPointer(5);
#endif
aotContext->initLoadScopeObjectPropertyLookup(1559);
if (aotContext->engine->hasError()) {
aotContext->setReturnValueUndefined();
if (argv[0]) {
    *static_cast<QObject * *>(argv[0]) = nullptr;
}
return;
}
}
{
}
{
}
// generate_Ret
if (argv[0]) {
    *static_cast<QObject * *>(argv[0]) = s.v2_0;
}
return;
}
 },{ 412, 0, [](QV4::ExecutableCompilationUnit *contextUnit, QMetaType *argTypes) {
    struct { QV4::ExecutableCompilationUnit *compilationUnit; } c { contextUnit };
    const auto *aotContext = &c;
    Q_UNUSED(aotContext);
    argTypes[0] = []() { static const auto t = QMetaType::fromName("QQuickItem*"); return t; }();
}, 
    [](const QQmlPrivate::AOTCompiledContext *aotContext, void **argv) {
Q_UNUSED(aotContext)
Q_UNUSED(argv)
// expression for centerIn at line 1045, column 13
struct Storage : QQmlPrivate::AOTTrackedLocalsStorage {
Storage(const QQmlPrivate::AOTCompiledContext *ctxt, void **a)   : aotContext(ctxt), argv(a) {}
void markObjects(QV4::MarkStack *markStack) const final {    Q_UNUSED(markStack);
    aotContext->mark(v2_0, markStack);
}
const QQmlPrivate::AOTCompiledContext *aotContext;
void **argv;
QObject *v2_0 = nullptr;
};
Storage s(aotContext, argv);
aotContext->setLocals(&s);
// generate_LoadQmlContextPropertyLookup
#ifndef QT_NO_DEBUG
aotContext->setInstructionPointer(5);
#endif
while (!aotContext->loadScopeObjectPropertyLookup(1560, &s.v2_0)) {
#ifdef QT_NO_DEBUG
aotContext->setInstructionPointer(5);
#endif
aotContext->initLoadScopeObjectPropertyLookup(1560);
if (aotContext->engine->hasError()) {
aotContext->setReturnValueUndefined();
if (argv[0]) {
    *static_cast<QObject * *>(argv[0]) = nullptr;
}
return;
}
}
{
}
{
}
// generate_Ret
if (argv[0]) {
    *static_cast<QObject * *>(argv[0]) = s.v2_0;
}
return;
}
 },{ 413, 0, [](QV4::ExecutableCompilationUnit *contextUnit, QMetaType *argTypes) {
    struct { QV4::ExecutableCompilationUnit *compilationUnit; } c { contextUnit };
    const auto *aotContext = &c;
    Q_UNUSED(aotContext);
    argTypes[0] = QMetaType::fromType<bool>();
}, 
    [](const QQmlPrivate::AOTCompiledContext *aotContext, void **argv) {
Q_UNUSED(aotContext)
Q_UNUSED(argv)
// expression for running at line 1049, column 17
struct Storage : QQmlPrivate::AOTTrackedLocalsStorage {
Storage(const QQmlPrivate::AOTCompiledContext *ctxt, void **a)   : aotContext(ctxt), argv(a) {}
void markObjects(QV4::MarkStack *markStack) const final {    Q_UNUSED(markStack);
    aotContext->mark(v2_0, markStack);
    aotContext->mark(v2_5, markStack);
}
const QQmlPrivate::AOTCompiledContext *aotContext;
void **argv;
QObject *v2_0 = nullptr;
QObject *v2_5 = nullptr;
bool v2_10;
};
Storage s(aotContext, argv);
aotContext->setLocals(&s);
// generate_LoadQmlContextPropertyLookup
#ifndef QT_NO_DEBUG
aotContext->setInstructionPointer(5);
#endif
while (!aotContext->loadScopeObjectPropertyLookup(1561, &s.v2_0)) {
#ifdef QT_NO_DEBUG
aotContext->setInstructionPointer(5);
#endif
aotContext->initLoadScopeObjectPropertyLookup(1561);
if (aotContext->engine->hasError()) {
aotContext->setReturnValueUndefined();
if (argv[0]) {
    *static_cast<bool *>(argv[0]) = bool();
}
return;
}
}
{
}
// generate_GetLookup
#ifndef QT_NO_DEBUG
aotContext->setInstructionPointer(10);
#endif
while (!aotContext->getObjectLookup(1562, s.v2_0, &s.v2_5)) {
#ifdef QT_NO_DEBUG
aotContext->setInstructionPointer(10);
#endif
aotContext->initGetObjectLookup(1562, s.v2_0);
if (aotContext->engine->hasError()) {
aotContext->setReturnValueUndefined();
if (argv[0]) {
    *static_cast<bool *>(argv[0]) = bool();
}
return;
}
}
{
}
// generate_GetLookup
#ifndef QT_NO_DEBUG
aotContext->setInstructionPointer(15);
#endif
while (!aotContext->getObjectLookup(1563, s.v2_5, &s.v2_10)) {
#ifdef QT_NO_DEBUG
aotContext->setInstructionPointer(15);
#endif
aotContext->initGetObjectLookup(1563, s.v2_5);
if (aotContext->engine->hasError()) {
aotContext->setReturnValueUndefined();
if (argv[0]) {
    *static_cast<bool *>(argv[0]) = bool();
}
return;
}
}
{
}
{
}
// generate_Ret
if (argv[0]) {
    *static_cast<bool *>(argv[0]) = s.v2_10;
}
return;
}
 },{ 414, 0, [](QV4::ExecutableCompilationUnit *contextUnit, QMetaType *argTypes) {
    struct { QV4::ExecutableCompilationUnit *compilationUnit; } c { contextUnit };
    const auto *aotContext = &c;
    Q_UNUSED(aotContext);
    argTypes[0] = []() { static const auto t = QMetaType::fromName("Qt::Alignment"); return t; }();
}, 
    [](const QQmlPrivate::AOTCompiledContext *aotContext, void **argv) {
Q_UNUSED(aotContext)
Q_UNUSED(argv)
// expression for alignment at line 1048, column 17
struct Storage : QQmlPrivate::AOTTrackedLocalsStorage {
Storage(const QQmlPrivate::AOTCompiledContext *ctxt, void **a)   : aotContext(ctxt), argv(a) {}
void markObjects(QV4::MarkStack *markStack) const final {    Q_UNUSED(markStack);
}
const QQmlPrivate::AOTCompiledContext *aotContext;
void **argv;
int v2_5;
};
Storage s(aotContext, argv);
aotContext->setLocals(&s);
{
}
// generate_GetLookup
#ifndef QT_NO_DEBUG
aotContext->setInstructionPointer(10);
#endif
while (!aotContext->getEnumLookup(1565, &s.v2_5)) {
#ifdef QT_NO_DEBUG
aotContext->setInstructionPointer(10);
#endif
aotContext->initGetEnumLookup(1565, []() { static const auto t = QMetaType::fromName("Qt"); return t; }().metaObject(), "AlignmentFlag", "AlignHCenter");
if (aotContext->engine->hasError()) {
aotContext->setReturnValueUndefined();
if (argv[0]) {
    const QMetaType returnType = []() { static const auto t = QMetaType::fromName("Qt::Alignment"); return t; }();
    returnType.destruct(argv[0]);
    returnType.construct(argv[0]);
 }
return;
}
}
{
}
{
}
// generate_Ret
if (argv[0]) {
    const QMetaType returnType = QMetaType::fromType<int>();
    returnType.destruct(argv[0]);
    returnType.construct(argv[0], &s.v2_5);
}
return;
}
 },{ 418, 0, [](QV4::ExecutableCompilationUnit *contextUnit, QMetaType *argTypes) {
    struct { QV4::ExecutableCompilationUnit *compilationUnit; } c { contextUnit };
    const auto *aotContext = &c;
    Q_UNUSED(aotContext);
    argTypes[0] = []() { static const auto t = QMetaType::fromName("QQuickItem*"); return t; }();
}, 
    [](const QQmlPrivate::AOTCompiledContext *aotContext, void **argv) {
Q_UNUSED(aotContext)
Q_UNUSED(argv)
// expression for fill at line 1062, column 9
struct Storage : QQmlPrivate::AOTTrackedLocalsStorage {
Storage(const QQmlPrivate::AOTCompiledContext *ctxt, void **a)   : aotContext(ctxt), argv(a) {}
void markObjects(QV4::MarkStack *markStack) const final {    Q_UNUSED(markStack);
    aotContext->mark(v2_0, markStack);
}
const QQmlPrivate::AOTCompiledContext *aotContext;
void **argv;
QObject *v2_0 = nullptr;
};
Storage s(aotContext, argv);
aotContext->setLocals(&s);
// generate_LoadQmlContextPropertyLookup
#ifndef QT_NO_DEBUG
aotContext->setInstructionPointer(5);
#endif
while (!aotContext->loadScopeObjectPropertyLookup(1577, &s.v2_0)) {
#ifdef QT_NO_DEBUG
aotContext->setInstructionPointer(5);
#endif
aotContext->initLoadScopeObjectPropertyLookup(1577);
if (aotContext->engine->hasError()) {
aotContext->setReturnValueUndefined();
if (argv[0]) {
    *static_cast<QObject * *>(argv[0]) = nullptr;
}
return;
}
}
{
}
{
}
// generate_Ret
if (argv[0]) {
    *static_cast<QObject * *>(argv[0]) = s.v2_0;
}
return;
}
 },{ 419, 0, [](QV4::ExecutableCompilationUnit *contextUnit, QMetaType *argTypes) {
    struct { QV4::ExecutableCompilationUnit *compilationUnit; } c { contextUnit };
    const auto *aotContext = &c;
    Q_UNUSED(aotContext);
    argTypes[0] = []() { static const auto t = QMetaType::fromName("QQuickItem*"); return t; }();
}, 
    [](const QQmlPrivate::AOTCompiledContext *aotContext, void **argv) {
Q_UNUSED(aotContext)
Q_UNUSED(argv)
// expression for centerIn at line 1067, column 13
struct Storage : QQmlPrivate::AOTTrackedLocalsStorage {
Storage(const QQmlPrivate::AOTCompiledContext *ctxt, void **a)   : aotContext(ctxt), argv(a) {}
void markObjects(QV4::MarkStack *markStack) const final {    Q_UNUSED(markStack);
    aotContext->mark(v2_0, markStack);
}
const QQmlPrivate::AOTCompiledContext *aotContext;
void **argv;
QObject *v2_0 = nullptr;
};
Storage s(aotContext, argv);
aotContext->setLocals(&s);
// generate_LoadQmlContextPropertyLookup
#ifndef QT_NO_DEBUG
aotContext->setInstructionPointer(5);
#endif
while (!aotContext->loadScopeObjectPropertyLookup(1578, &s.v2_0)) {
#ifdef QT_NO_DEBUG
aotContext->setInstructionPointer(5);
#endif
aotContext->initLoadScopeObjectPropertyLookup(1578);
if (aotContext->engine->hasError()) {
aotContext->setReturnValueUndefined();
if (argv[0]) {
    *static_cast<QObject * *>(argv[0]) = nullptr;
}
return;
}
}
{
}
{
}
// generate_Ret
if (argv[0]) {
    *static_cast<QObject * *>(argv[0]) = s.v2_0;
}
return;
}
 },{ 421, 0, [](QV4::ExecutableCompilationUnit *contextUnit, QMetaType *argTypes) {
    struct { QV4::ExecutableCompilationUnit *compilationUnit; } c { contextUnit };
    const auto *aotContext = &c;
    Q_UNUSED(aotContext);
    argTypes[0] = []() { static const auto t = QMetaType::fromName("Qt::Alignment"); return t; }();
}, 
    [](const QQmlPrivate::AOTCompiledContext *aotContext, void **argv) {
Q_UNUSED(aotContext)
Q_UNUSED(argv)
// expression for alignment at line 1071, column 17
struct Storage : QQmlPrivate::AOTTrackedLocalsStorage {
Storage(const QQmlPrivate::AOTCompiledContext *ctxt, void **a)   : aotContext(ctxt), argv(a) {}
void markObjects(QV4::MarkStack *markStack) const final {    Q_UNUSED(markStack);
}
const QQmlPrivate::AOTCompiledContext *aotContext;
void **argv;
int v2_5;
};
Storage s(aotContext, argv);
aotContext->setLocals(&s);
{
}
// generate_GetLookup
#ifndef QT_NO_DEBUG
aotContext->setInstructionPointer(10);
#endif
while (!aotContext->getEnumLookup(1582, &s.v2_5)) {
#ifdef QT_NO_DEBUG
aotContext->setInstructionPointer(10);
#endif
aotContext->initGetEnumLookup(1582, []() { static const auto t = QMetaType::fromName("Qt"); return t; }().metaObject(), "AlignmentFlag", "AlignHCenter");
if (aotContext->engine->hasError()) {
aotContext->setReturnValueUndefined();
if (argv[0]) {
    const QMetaType returnType = []() { static const auto t = QMetaType::fromName("Qt::Alignment"); return t; }();
    returnType.destruct(argv[0]);
    returnType.construct(argv[0]);
 }
return;
}
}
{
}
{
}
// generate_Ret
if (argv[0]) {
    const QMetaType returnType = QMetaType::fromType<int>();
    returnType.destruct(argv[0]);
    returnType.construct(argv[0], &s.v2_5);
}
return;
}
 },{ 422, 0, [](QV4::ExecutableCompilationUnit *contextUnit, QMetaType *argTypes) {
    struct { QV4::ExecutableCompilationUnit *compilationUnit; } c { contextUnit };
    const auto *aotContext = &c;
    Q_UNUSED(aotContext);
    argTypes[0] = []() { static const auto t = QMetaType::fromName("Qt::Alignment"); return t; }();
}, 
    [](const QQmlPrivate::AOTCompiledContext *aotContext, void **argv) {
Q_UNUSED(aotContext)
Q_UNUSED(argv)
// expression for alignment at line 1079, column 17
struct Storage : QQmlPrivate::AOTTrackedLocalsStorage {
Storage(const QQmlPrivate::AOTCompiledContext *ctxt, void **a)   : aotContext(ctxt), argv(a) {}
void markObjects(QV4::MarkStack *markStack) const final {    Q_UNUSED(markStack);
}
const QQmlPrivate::AOTCompiledContext *aotContext;
void **argv;
int v2_5;
};
Storage s(aotContext, argv);
aotContext->setLocals(&s);
{
}
// generate_GetLookup
#ifndef QT_NO_DEBUG
aotContext->setInstructionPointer(10);
#endif
while (!aotContext->getEnumLookup(1584, &s.v2_5)) {
#ifdef QT_NO_DEBUG
aotContext->setInstructionPointer(10);
#endif
aotContext->initGetEnumLookup(1584, []() { static const auto t = QMetaType::fromName("Qt"); return t; }().metaObject(), "AlignmentFlag", "AlignHCenter");
if (aotContext->engine->hasError()) {
aotContext->setReturnValueUndefined();
if (argv[0]) {
    const QMetaType returnType = []() { static const auto t = QMetaType::fromName("Qt::Alignment"); return t; }();
    returnType.destruct(argv[0]);
    returnType.construct(argv[0]);
 }
return;
}
}
{
}
{
}
// generate_Ret
if (argv[0]) {
    const QMetaType returnType = QMetaType::fromType<int>();
    returnType.destruct(argv[0]);
    returnType.construct(argv[0], &s.v2_5);
}
return;
}
 },{ 425, 0, [](QV4::ExecutableCompilationUnit *contextUnit, QMetaType *argTypes) {
    struct { QV4::ExecutableCompilationUnit *compilationUnit; } c { contextUnit };
    const auto *aotContext = &c;
    Q_UNUSED(aotContext);
    argTypes[0] = []() { static const auto t = QMetaType::fromName("QQuickAnchorLine"); return t; }();
}, 
    [](const QQmlPrivate::AOTCompiledContext *aotContext, void **argv) {
Q_UNUSED(aotContext)
Q_UNUSED(argv)
// expression for horizontalCenter at line 1082, column 21
struct Storage : QQmlPrivate::AOTTrackedLocalsStorage {
Storage(const QQmlPrivate::AOTCompiledContext *ctxt, void **a)   : aotContext(ctxt), argv(a) {}
void markObjects(QV4::MarkStack *markStack) const final {    Q_UNUSED(markStack);
    aotContext->mark(v2_0, markStack);
    aotContext->mark(v2_5, markStack);
}
const QQmlPrivate::AOTCompiledContext *aotContext;
void **argv;
QObject *v2_0 = nullptr;
QVariant v2_5;
};
Storage s(aotContext, argv);
aotContext->setLocals(&s);
// generate_LoadQmlContextPropertyLookup
#ifndef QT_NO_DEBUG
aotContext->setInstructionPointer(5);
#endif
while (!aotContext->loadScopeObjectPropertyLookup(1589, &s.v2_0)) {
#ifdef QT_NO_DEBUG
aotContext->setInstructionPointer(5);
#endif
aotContext->initLoadScopeObjectPropertyLookup(1589);
if (aotContext->engine->hasError()) {
aotContext->setReturnValueUndefined();
if (argv[0]) {
    const QMetaType returnType = []() { static const auto t = QMetaType::fromName("QQuickAnchorLine"); return t; }();
    returnType.destruct(argv[0]);
    returnType.construct(argv[0]);
 }
return;
}
}
{
}
// generate_GetLookup
#ifndef QT_NO_DEBUG
aotContext->setInstructionPointer(10);
#endif
s.v2_5 = QVariant(aotContext->lookupResultMetaType(1590));
while (!aotContext->getObjectLookup(1590, s.v2_0, s.v2_5.data())) {
#ifdef QT_NO_DEBUG
aotContext->setInstructionPointer(10);
#endif
aotContext->initGetObjectLookup(1590, s.v2_0);
if (aotContext->engine->hasError()) {
aotContext->setReturnValueUndefined();
if (argv[0]) {
    const QMetaType returnType = []() { static const auto t = QMetaType::fromName("QQuickAnchorLine"); return t; }();
    returnType.destruct(argv[0]);
    returnType.construct(argv[0]);
 }
return;
}
s.v2_5 = QVariant(aotContext->lookupResultMetaType(1590));
}
{
}
{
}
// generate_Ret
if (argv[0]) {
    if (!s.v2_5.isValid())
        aotContext->setReturnValueUndefined();
    const QMetaType returnType = s.v2_5.metaType();
    returnType.destruct(argv[0]);
    returnType.construct(argv[0], s.v2_5.data());
}
return;
}
 },{ 426, 0, [](QV4::ExecutableCompilationUnit *contextUnit, QMetaType *argTypes) {
    struct { QV4::ExecutableCompilationUnit *compilationUnit; } c { contextUnit };
    const auto *aotContext = &c;
    Q_UNUSED(aotContext);
    argTypes[0] = QMetaType::fromType<int>();
}, 
    [](const QQmlPrivate::AOTCompiledContext *aotContext, void **argv) {
Q_UNUSED(aotContext)
Q_UNUSED(argv)
// expression for weight at line 1086, column 21
struct Storage : QQmlPrivate::AOTTrackedLocalsStorage {
Storage(const QQmlPrivate::AOTCompiledContext *ctxt, void **a)   : aotContext(ctxt), argv(a) {}
void markObjects(QV4::MarkStack *markStack) const final {    Q_UNUSED(markStack);
}
const QQmlPrivate::AOTCompiledContext *aotContext;
void **argv;
int v2_5;
};
Storage s(aotContext, argv);
aotContext->setLocals(&s);
{
}
// generate_GetLookup
#ifndef QT_NO_DEBUG
aotContext->setInstructionPointer(10);
#endif
while (!aotContext->getEnumLookup(1592, &s.v2_5)) {
#ifdef QT_NO_DEBUG
aotContext->setInstructionPointer(10);
#endif
aotContext->initGetEnumLookup(1592, []() { static const auto t = QMetaType::fromName("QQuickFontEnums"); return t; }().metaObject(), "FontWeight", "Medium");
if (aotContext->engine->hasError()) {
aotContext->setReturnValueUndefined();
if (argv[0]) {
    *static_cast<int *>(argv[0]) = int();
}
return;
}
}
{
}
{
}
// generate_Ret
if (argv[0]) {
    *static_cast<int *>(argv[0]) = s.v2_5;
}
return;
}
 },{ 429, 0, [](QV4::ExecutableCompilationUnit *contextUnit, QMetaType *argTypes) {
    struct { QV4::ExecutableCompilationUnit *compilationUnit; } c { contextUnit };
    const auto *aotContext = &c;
    Q_UNUSED(aotContext);
    argTypes[0] = []() { static const auto t = QMetaType::fromName("QQuickAnchorLine"); return t; }();
}, 
    [](const QQmlPrivate::AOTCompiledContext *aotContext, void **argv) {
Q_UNUSED(aotContext)
Q_UNUSED(argv)
// expression for horizontalCenter at line 1089, column 21
struct Storage : QQmlPrivate::AOTTrackedLocalsStorage {
Storage(const QQmlPrivate::AOTCompiledContext *ctxt, void **a)   : aotContext(ctxt), argv(a) {}
void markObjects(QV4::MarkStack *markStack) const final {    Q_UNUSED(markStack);
    aotContext->mark(v2_0, markStack);
    aotContext->mark(v2_5, markStack);
}
const QQmlPrivate::AOTCompiledContext *aotContext;
void **argv;
QObject *v2_0 = nullptr;
QVariant v2_5;
};
Storage s(aotContext, argv);
aotContext->setLocals(&s);
// generate_LoadQmlContextPropertyLookup
#ifndef QT_NO_DEBUG
aotContext->setInstructionPointer(5);
#endif
while (!aotContext->loadScopeObjectPropertyLookup(1597, &s.v2_0)) {
#ifdef QT_NO_DEBUG
aotContext->setInstructionPointer(5);
#endif
aotContext->initLoadScopeObjectPropertyLookup(1597);
if (aotContext->engine->hasError()) {
aotContext->setReturnValueUndefined();
if (argv[0]) {
    const QMetaType returnType = []() { static const auto t = QMetaType::fromName("QQuickAnchorLine"); return t; }();
    returnType.destruct(argv[0]);
    returnType.construct(argv[0]);
 }
return;
}
}
{
}
// generate_GetLookup
#ifndef QT_NO_DEBUG
aotContext->setInstructionPointer(10);
#endif
s.v2_5 = QVariant(aotContext->lookupResultMetaType(1598));
while (!aotContext->getObjectLookup(1598, s.v2_0, s.v2_5.data())) {
#ifdef QT_NO_DEBUG
aotContext->setInstructionPointer(10);
#endif
aotContext->initGetObjectLookup(1598, s.v2_0);
if (aotContext->engine->hasError()) {
aotContext->setReturnValueUndefined();
if (argv[0]) {
    const QMetaType returnType = []() { static const auto t = QMetaType::fromName("QQuickAnchorLine"); return t; }();
    returnType.destruct(argv[0]);
    returnType.construct(argv[0]);
 }
return;
}
s.v2_5 = QVariant(aotContext->lookupResultMetaType(1598));
}
{
}
{
}
// generate_Ret
if (argv[0]) {
    if (!s.v2_5.isValid())
        aotContext->setReturnValueUndefined();
    const QMetaType returnType = s.v2_5.metaType();
    returnType.destruct(argv[0]);
    returnType.construct(argv[0], s.v2_5.data());
}
return;
}
 },{ 431, 0, [](QV4::ExecutableCompilationUnit *contextUnit, QMetaType *argTypes) {
    struct { QV4::ExecutableCompilationUnit *compilationUnit; } c { contextUnit };
    const auto *aotContext = &c;
    Q_UNUSED(aotContext);
    argTypes[0] = QMetaType();
}, 
    [](const QQmlPrivate::AOTCompiledContext *aotContext, void **argv) {
Q_UNUSED(aotContext)
Q_UNUSED(argv)
// onViewModeChanged at line 1102, column 9
struct Storage : QQmlPrivate::AOTTrackedLocalsStorage {
Storage(const QQmlPrivate::AOTCompiledContext *ctxt, void **a)   : aotContext(ctxt), argv(a) {}
void markObjects(QV4::MarkStack *markStack) const final {    Q_UNUSED(markStack);
    aotContext->mark(v2_0, markStack);
}
const QQmlPrivate::AOTCompiledContext *aotContext;
void **argv;
QObject *v2_0 = nullptr;
};
Storage s(aotContext, argv);
aotContext->setLocals(&s);
// generate_LoadQmlContextPropertyLookup
#ifndef QT_NO_DEBUG
aotContext->setInstructionPointer(5);
#endif
while (!aotContext->loadContextIdLookup(1600, &s.v2_0)) {
#ifdef QT_NO_DEBUG
aotContext->setInstructionPointer(5);
#endif
aotContext->initLoadContextIdLookup(1600);
if (aotContext->engine->hasError()) {
aotContext->setReturnValueUndefined();
return;
}
}
{
}
// generate_StoreReg
{
}
// generate_CallPropertyLookup
{
const auto doCall = [&]() {
    void *args[] = {nullptr};
    return aotContext->callObjectPropertyLookup(1601, s.v2_0, args, 0);
};
const auto doInit = [&]() {
    aotContext->initCallObjectPropertyLookup(1601, s.v2_0, 7);
};
#ifndef QT_NO_DEBUG
aotContext->setInstructionPointer(24);
#endif
while (!doCall()) {
#ifdef QT_NO_DEBUG
aotContext->setInstructionPointer(24);
#endif
doInit();
if (aotContext->engine->hasError()) {
aotContext->setReturnValueUndefined();
return;
}
}
}
{
}
{
}
// generate_Ret
return;
}
 },{ 435, 0, [](QV4::ExecutableCompilationUnit *contextUnit, QMetaType *argTypes) {
    struct { QV4::ExecutableCompilationUnit *compilationUnit; } c { contextUnit };
    const auto *aotContext = &c;
    Q_UNUSED(aotContext);
    argTypes[0] = QMetaType();
}, 
    [](const QQmlPrivate::AOTCompiledContext *aotContext, void **argv) {
Q_UNUSED(aotContext)
Q_UNUSED(argv)
// onCountChanged at line 1114, column 9
struct Storage : QQmlPrivate::AOTTrackedLocalsStorage {
Storage(const QQmlPrivate::AOTCompiledContext *ctxt, void **a)   : aotContext(ctxt), argv(a) {}
void markObjects(QV4::MarkStack *markStack) const final {    Q_UNUSED(markStack);
    aotContext->mark(v2_0, markStack);
}
const QQmlPrivate::AOTCompiledContext *aotContext;
void **argv;
QObject *v2_0 = nullptr;
};
Storage s(aotContext, argv);
aotContext->setLocals(&s);
// generate_LoadQmlContextPropertyLookup
#ifndef QT_NO_DEBUG
aotContext->setInstructionPointer(5);
#endif
while (!aotContext->loadContextIdLookup(1618, &s.v2_0)) {
#ifdef QT_NO_DEBUG
aotContext->setInstructionPointer(5);
#endif
aotContext->initLoadContextIdLookup(1618);
if (aotContext->engine->hasError()) {
aotContext->setReturnValueUndefined();
return;
}
}
{
}
// generate_StoreReg
{
}
// generate_CallPropertyLookup
{
const auto doCall = [&]() {
    void *args[] = {nullptr};
    return aotContext->callObjectPropertyLookup(1619, s.v2_0, args, 0);
};
const auto doInit = [&]() {
    aotContext->initCallObjectPropertyLookup(1619, s.v2_0, 7);
};
#ifndef QT_NO_DEBUG
aotContext->setInstructionPointer(24);
#endif
while (!doCall()) {
#ifdef QT_NO_DEBUG
aotContext->setInstructionPointer(24);
#endif
doInit();
if (aotContext->engine->hasError()) {
aotContext->setReturnValueUndefined();
return;
}
}
}
{
}
{
}
// generate_Ret
return;
}
 },{ 436, 0, [](QV4::ExecutableCompilationUnit *contextUnit, QMetaType *argTypes) {
    struct { QV4::ExecutableCompilationUnit *compilationUnit; } c { contextUnit };
    const auto *aotContext = &c;
    Q_UNUSED(aotContext);
    argTypes[0] = []() { static const auto t = QMetaType::fromName("Qt::MouseButtons"); return t; }();
}, 
    [](const QQmlPrivate::AOTCompiledContext *aotContext, void **argv) {
Q_UNUSED(aotContext)
Q_UNUSED(argv)
// expression for acceptedButtons at line 1118, column 38
struct Storage : QQmlPrivate::AOTTrackedLocalsStorage {
Storage(const QQmlPrivate::AOTCompiledContext *ctxt, void **a)   : aotContext(ctxt), argv(a) {}
void markObjects(QV4::MarkStack *markStack) const final {    Q_UNUSED(markStack);
}
const QQmlPrivate::AOTCompiledContext *aotContext;
void **argv;
int v2_17;
int v2_22;
int v2_31;
int v2_36;
int v2_45;
int v2_50;
int v2_5;
};
Storage s(aotContext, argv);
aotContext->setLocals(&s);
{
}
// generate_GetLookup
#ifndef QT_NO_DEBUG
aotContext->setInstructionPointer(10);
#endif
while (!aotContext->getEnumLookup(1621, &s.v2_5)) {
#ifdef QT_NO_DEBUG
aotContext->setInstructionPointer(10);
#endif
aotContext->initGetEnumLookup(1621, []() { static const auto t = QMetaType::fromName("Qt"); return t; }().metaObject(), "MouseButton", "RightButton");
if (aotContext->engine->hasError()) {
aotContext->setReturnValueUndefined();
if (argv[0]) {
    const QMetaType returnType = []() { static const auto t = QMetaType::fromName("Qt::MouseButtons"); return t; }();
    returnType.destruct(argv[0]);
    returnType.construct(argv[0]);
 }
return;
}
}
{
}
// generate_StoreReg
{
}
{
}
// generate_GetLookup
#ifndef QT_NO_DEBUG
aotContext->setInstructionPointer(22);
#endif
while (!aotContext->getEnumLookup(1623, &s.v2_17)) {
#ifdef QT_NO_DEBUG
aotContext->setInstructionPointer(22);
#endif
aotContext->initGetEnumLookup(1623, []() { static const auto t = QMetaType::fromName("Qt"); return t; }().metaObject(), "MouseButton", "BackButton");
if (aotContext->engine->hasError()) {
aotContext->setReturnValueUndefined();
if (argv[0]) {
    const QMetaType returnType = []() { static const auto t = QMetaType::fromName("Qt::MouseButtons"); return t; }();
    returnType.destruct(argv[0]);
    returnType.construct(argv[0]);
 }
return;
}
}
{
}
// generate_BitOr
s.v2_22 = (s.v2_5 | s.v2_17);
{
}
// generate_StoreReg
{
}
{
}
// generate_GetLookup
#ifndef QT_NO_DEBUG
aotContext->setInstructionPointer(36);
#endif
while (!aotContext->getEnumLookup(1625, &s.v2_31)) {
#ifdef QT_NO_DEBUG
aotContext->setInstructionPointer(36);
#endif
aotContext->initGetEnumLookup(1625, []() { static const auto t = QMetaType::fromName("Qt"); return t; }().metaObject(), "MouseButton", "ForwardButton");
if (aotContext->engine->hasError()) {
aotContext->setReturnValueUndefined();
if (argv[0]) {
    const QMetaType returnType = []() { static const auto t = QMetaType::fromName("Qt::MouseButtons"); return t; }();
    returnType.destruct(argv[0]);
    returnType.construct(argv[0]);
 }
return;
}
}
{
}
// generate_BitOr
s.v2_36 = (s.v2_22 | s.v2_31);
{
}
// generate_StoreReg
{
}
{
}
// generate_GetLookup
#ifndef QT_NO_DEBUG
aotContext->setInstructionPointer(50);
#endif
while (!aotContext->getEnumLookup(1627, &s.v2_45)) {
#ifdef QT_NO_DEBUG
aotContext->setInstructionPointer(50);
#endif
aotContext->initGetEnumLookup(1627, []() { static const auto t = QMetaType::fromName("Qt"); return t; }().metaObject(), "MouseButton", "LeftButton");
if (aotContext->engine->hasError()) {
aotContext->setReturnValueUndefined();
if (argv[0]) {
    const QMetaType returnType = []() { static const auto t = QMetaType::fromName("Qt::MouseButtons"); return t; }();
    returnType.destruct(argv[0]);
    returnType.construct(argv[0]);
 }
return;
}
}
{
}
// generate_BitOr
s.v2_50 = (s.v2_36 | s.v2_45);
{
}
{
}
// generate_Ret
if (argv[0]) {
    const QMetaType returnType = QMetaType::fromType<int>();
    returnType.destruct(argv[0]);
    returnType.construct(argv[0], &s.v2_50);
}
return;
}
 },{ 437, 1, [](QV4::ExecutableCompilationUnit *contextUnit, QMetaType *argTypes) {
    struct { QV4::ExecutableCompilationUnit *compilationUnit; } c { contextUnit };
    const auto *aotContext = &c;
    Q_UNUSED(aotContext);
    argTypes[0] = QMetaType();
    argTypes[1] = []() { static const auto t = QMetaType::fromName("QQuickMouseEvent*"); return t; }();
}, 
    [](const QQmlPrivate::AOTCompiledContext *aotContext, void **argv) {
Q_UNUSED(aotContext)
Q_UNUSED(argv)
// expression for onClicked at line 1119, column 9
struct Storage : QQmlPrivate::AOTTrackedLocalsStorage {
Storage(const QQmlPrivate::AOTCompiledContext *ctxt, void **a)   : aotContext(ctxt), argv(a) {}
void markObjects(QV4::MarkStack *markStack) const final {    Q_UNUSED(markStack);
}
const QQmlPrivate::AOTCompiledContext *aotContext;
void **argv;
};
Storage s(aotContext, argv);
aotContext->setLocals(&s);
// generate_CreateCallContext
{
{
}
{
}
{
}
// generate_PopContext
{}
}
{
}
{
}
// generate_Ret
return;
}
 },{ 439, 0, [](QV4::ExecutableCompilationUnit *contextUnit, QMetaType *argTypes) {
    struct { QV4::ExecutableCompilationUnit *compilationUnit; } c { contextUnit };
    const auto *aotContext = &c;
    Q_UNUSED(aotContext);
    argTypes[0] = []() { static const auto t = QMetaType::fromName("QQuickItem*"); return t; }();
}, 
    [](const QQmlPrivate::AOTCompiledContext *aotContext, void **argv) {
Q_UNUSED(aotContext)
Q_UNUSED(argv)
// expression for fill at line 1118, column 9
struct Storage : QQmlPrivate::AOTTrackedLocalsStorage {
Storage(const QQmlPrivate::AOTCompiledContext *ctxt, void **a)   : aotContext(ctxt), argv(a) {}
void markObjects(QV4::MarkStack *markStack) const final {    Q_UNUSED(markStack);
    aotContext->mark(v2_0, markStack);
}
const QQmlPrivate::AOTCompiledContext *aotContext;
void **argv;
QObject *v2_0 = nullptr;
};
Storage s(aotContext, argv);
aotContext->setLocals(&s);
// generate_LoadQmlContextPropertyLookup
#ifndef QT_NO_DEBUG
aotContext->setInstructionPointer(5);
#endif
while (!aotContext->loadScopeObjectPropertyLookup(1650, &s.v2_0)) {
#ifdef QT_NO_DEBUG
aotContext->setInstructionPointer(5);
#endif
aotContext->initLoadScopeObjectPropertyLookup(1650);
if (aotContext->engine->hasError()) {
aotContext->setReturnValueUndefined();
if (argv[0]) {
    *static_cast<QObject * *>(argv[0]) = nullptr;
}
return;
}
}
{
}
{
}
// generate_Ret
if (argv[0]) {
    *static_cast<QObject * *>(argv[0]) = s.v2_0;
}
return;
}
 },{ 440, 0, [](QV4::ExecutableCompilationUnit *contextUnit, QMetaType *argTypes) {
    struct { QV4::ExecutableCompilationUnit *compilationUnit; } c { contextUnit };
    const auto *aotContext = &c;
    Q_UNUSED(aotContext);
    argTypes[0] = []() { static const auto t = QMetaType::fromName("QQuickItem*"); return t; }();
}, 
    [](const QQmlPrivate::AOTCompiledContext *aotContext, void **argv) {
Q_UNUSED(aotContext)
Q_UNUSED(argv)
// expression for fill at line 1132, column 9
struct Storage : QQmlPrivate::AOTTrackedLocalsStorage {
Storage(const QQmlPrivate::AOTCompiledContext *ctxt, void **a)   : aotContext(ctxt), argv(a) {}
void markObjects(QV4::MarkStack *markStack) const final {    Q_UNUSED(markStack);
    aotContext->mark(v2_0, markStack);
}
const QQmlPrivate::AOTCompiledContext *aotContext;
void **argv;
QObject *v2_0 = nullptr;
};
Storage s(aotContext, argv);
aotContext->setLocals(&s);
// generate_LoadQmlContextPropertyLookup
#ifndef QT_NO_DEBUG
aotContext->setInstructionPointer(5);
#endif
while (!aotContext->loadScopeObjectPropertyLookup(1651, &s.v2_0)) {
#ifdef QT_NO_DEBUG
aotContext->setInstructionPointer(5);
#endif
aotContext->initLoadScopeObjectPropertyLookup(1651);
if (aotContext->engine->hasError()) {
aotContext->setReturnValueUndefined();
if (argv[0]) {
    *static_cast<QObject * *>(argv[0]) = nullptr;
}
return;
}
}
{
}
{
}
// generate_Ret
if (argv[0]) {
    *static_cast<QObject * *>(argv[0]) = s.v2_0;
}
return;
}
 },{ 441, 1, [](QV4::ExecutableCompilationUnit *contextUnit, QMetaType *argTypes) {
    struct { QV4::ExecutableCompilationUnit *compilationUnit; } c { contextUnit };
    const auto *aotContext = &c;
    Q_UNUSED(aotContext);
    argTypes[0] = QMetaType();
    argTypes[1] = []() { static const auto t = QMetaType::fromName("QQuickWheelEvent*"); return t; }();
}, 
    [](const QQmlPrivate::AOTCompiledContext *aotContext, void **argv) {
Q_UNUSED(aotContext)
Q_UNUSED(argv)
// expression for onWheel at line 1140, column 13
struct Storage : QQmlPrivate::AOTTrackedLocalsStorage {
Storage(const QQmlPrivate::AOTCompiledContext *ctxt, void **a)   : aotContext(ctxt), argv(a) {}
void markObjects(QV4::MarkStack *markStack) const final {    Q_UNUSED(markStack);
}
const QQmlPrivate::AOTCompiledContext *aotContext;
void **argv;
};
Storage s(aotContext, argv);
aotContext->setLocals(&s);
// generate_CreateCallContext
{
{
}
{
}
{
}
// generate_PopContext
{}
}
{
}
{
}
// generate_Ret
return;
}
 },{ 443, 0, [](QV4::ExecutableCompilationUnit *contextUnit, QMetaType *argTypes) {
    struct { QV4::ExecutableCompilationUnit *compilationUnit; } c { contextUnit };
    const auto *aotContext = &c;
    Q_UNUSED(aotContext);
    argTypes[0] = QMetaType();
}, 
    [](const QQmlPrivate::AOTCompiledContext *aotContext, void **argv) {
Q_UNUSED(aotContext)
Q_UNUSED(argv)
// expression for onActiveChanged at line 1188, column 13
struct Storage : QQmlPrivate::AOTTrackedLocalsStorage {
Storage(const QQmlPrivate::AOTCompiledContext *ctxt, void **a)   : aotContext(ctxt), argv(a) {}
void markObjects(QV4::MarkStack *markStack) const final {    Q_UNUSED(markStack);
    aotContext->mark(v2_8, markStack);
}
const QQmlPrivate::AOTCompiledContext *aotContext;
void **argv;
QObject *v2_8 = nullptr;
bool v2_1;
double v2_13;
};
Storage s(aotContext, argv);
aotContext->setLocals(&s);
// generate_CreateCallContext
{
{
}
// generate_LoadQmlContextPropertyLookup
#ifndef QT_NO_DEBUG
aotContext->setInstructionPointer(6);
#endif
while (!aotContext->loadScopeObjectPropertyLookup(1720, &s.v2_1)) {
#ifdef QT_NO_DEBUG
aotContext->setInstructionPointer(6);
#endif
aotContext->initLoadScopeObjectPropertyLookup(1720);
if (aotContext->engine->hasError()) {
aotContext->setReturnValueUndefined();
return;
}
}
{
}
// generate_JumpFalse
if (!s.v2_1) {
    goto label_0;
}
{
}
// generate_LoadQmlContextPropertyLookup
#ifndef QT_NO_DEBUG
aotContext->setInstructionPointer(13);
#endif
while (!aotContext->loadContextIdLookup(1721, &s.v2_8)) {
#ifdef QT_NO_DEBUG
aotContext->setInstructionPointer(13);
#endif
aotContext->initLoadContextIdLookup(1721);
if (aotContext->engine->hasError()) {
aotContext->setReturnValueUndefined();
return;
}
}
{
}
// generate_GetLookup
{
int retrieved;
#ifndef QT_NO_DEBUG
aotContext->setInstructionPointer(18);
#endif
while (!aotContext->getObjectLookup(1722, s.v2_8, &retrieved)) {
#ifdef QT_NO_DEBUG
aotContext->setInstructionPointer(18);
#endif
aotContext->initGetObjectLookup(1722, s.v2_8);
if (aotContext->engine->hasError()) {
aotContext->setReturnValueUndefined();
return;
}
}
s.v2_13 = double(std::move(retrieved));
}
{
}
{
}
// generate_StoreNameSloppy
aotContext->storeNameSloppy(363, &s.v2_13, QMetaType::fromType<double>());
{
}
{
}
label_0:;
// generate_PopContext
{}
}
{
}
{
}
// generate_Ret
return;
}
 },{ 0, 0, nullptr, nullptr }};
}
}
